,Argument,Debate,Scheme,id,prediction_w_evidence,p_True_w_evidence,p__True_w_evidence,p_False_w_evidence,p__False_w_evidence,p_None_w_evidence,p__None_w_evidence,p_Support_w_evidence,p__Support_w_evidence,p_Refute_w_evidence,p__Refute_w_evidence,targeted_jaccard_sim,prediction_wo_evidence,p_True_wo_evidence,p__True_wo_evidence,p_False_wo_evidence,p__False_wo_evidence,p_None_wo_evidence,p__None_wo_evidence,p_Support_wo_evidence,p__Support_wo_evidence,p_Refute_wo_evidence,p__Refute_wo_evidence,evidence_stance,diff_p_None_scaled,diff_p_True_scaled,diff_p_False_scaled
0,Euthanasia can end unnecessary suffering.,Should euthanasia be legalized?,2,1,None. I am not sure if euthanasia,0.0001719443826004,0.2328404039144516,6.839474372100085e-05,0.1066021025180816,0.000131834327476,0.3606302738189697,1.7766971893706798e-07,3.218143683625385e-05,2.1098800573327026e-07,5.203198088565841e-05,0.25,True. I agree with the question. Euth,0.0005013102781958,0.3898335695266723,0.0001042625954141,0.0918730199337005,0.0001773566618794,0.2119488269090652,1.5629390759386297e-07,1.4276736692409033e-05,3.532471453127073e-07,3.631479557952844e-05,supports,-0.2566711276645166,-0.6570100592806067,-0.3440145677425611
1,"In situations of great chronic pain, euthanasia should be an option for patients.",Should euthanasia be legalized?,0,2,True. (Note: This is a moral and,0.0003074696287512,0.3850732445716858,7.896473107393831e-05,0.1077696457505226,9.018055425258352e-05,0.2126576453447342,2.4359491135328426e-07,3.15329380100593e-05,3.455426167420228e-07,6.054436380509287e-05,0.75,True. I agree with the question. Euth,0.0005013102781958,0.3898335695266723,0.0001042625954141,0.0918730199337005,0.0001773566618794,0.2119488269090652,1.5629390759386297e-07,1.4276736692409033e-05,3.532471453127073e-07,3.631479557952844e-05,supports,-0.4915299301590091,-0.3866680135548515,-0.24263605025067808
2,Chronic pain changes a person's psychological state to the point where their decision process is so impaired that they cannot make a rational decision on euthanasia.,Should euthanasia be legalized?,3,3,False. The argument is against legalizing euthanas,7.779242150718346e-05,0.1095398813486099,0.0001986499119084,0.3944682776927948,0.0001223846629727,0.31696417927742,5.7055576263564944e-08,1.1608066415647045e-05,1.9663131922698085e-07,5.101751230540685e-05,0.25,True. I agree with the question. Euth,0.0005013102781958,0.3898335695266723,0.0001042625954141,0.0918730199337005,0.0001773566618794,0.2119488269090652,1.5629390759386297e-07,1.4276736692409033e-05,3.532471453127073e-07,3.631479557952844e-05,refutes,-0.3099517002867373,-0.8448218101827955,9.4397158587054e-05
3,Less than 33% of patients requesting euthanaisa experience inadequate pain control.,Should euthanasia be legalized?,4,4,None. I am not sure about the relationship between,0.00010169732559,0.1159672886133194,0.0001326383207924,0.197267010807991,0.0002169817889807,0.4959292113780975,6.582388323295163e-08,1.101595535146771e-05,1.589864240258976e-07,3.041602758457884e-05,0.0,True. I agree with the question. Euth,0.0005013102781958,0.3898335695266723,0.0001042625954141,0.0918730199337005,0.0001773566618794,0.2119488269090652,1.5629390759386297e-07,1.4276736692409033e-05,3.532471453127073e-07,3.631479557952844e-05,insufficient-neutral,3.963215612821398e-05,-0.7971369628486265,2.8378684213570545e-05
4,"Some doctors have argued that patients suffering from ""treatement-resistant"" depression should be allowed to elect for euthanasia.",Should euthanasia be legalized?,4,5,None. (I am not sure if euthanas,0.0001639764086576,0.2152187377214431,8.845864067552611e-05,0.1650139242410659,0.0001576945796841,0.4084133803844452,1.4267979508986173e-07,2.1175557776587084e-05,3.134727251108416e-07,7.107851706678048e-05,0.75,True. I agree with the question. Euth,0.0005013102781958,0.3898335695266723,0.0001042625954141,0.0918730199337005,0.0001773566618794,0.2119488269090652,1.5629390759386297e-07,1.4276736692409033e-05,3.532471453127073e-07,3.631479557952844e-05,supports,-0.11086181926828279,-0.6729043552672689,-0.1515783745436729
5,"Much of the suffering of those who request euthanasia, can be relieved simply with better palliative care.",Should euthanasia be legalized?,6,6,None. I am not sure if euthanasia,5.688977762474679e-05,0.0782511010766029,0.0001441426138626,0.2817930281162262,0.0001595513167558,0.4433226883411407,6.239226735260672e-08,1.3199490240367597e-05,2.3940768301145e-07,5.869565575267188e-05,0.5,True. I agree with the question. Euth,0.0005013102781958,0.3898335695266723,0.0001042625954141,0.0918730199337005,0.0001773566618794,0.2119488269090652,1.5629390759386297e-07,1.4276736692409033e-05,3.532471453127073e-07,3.631479557952844e-05,refutes,-0.10039287464548345,-0.8865178311733577,3.988417687629709e-05
6,To let someone suffer until death is just as bad as murder.,Should euthanasia be legalized?,7,7,None. (The question is not directly related to,7.427127275150269e-05,0.1037678867578506,0.0001823926577344,0.3272073268890381,0.0001303501485381,0.3537954688072204,7.727074802232893e-08,1.2558283742691856e-05,2.363891837831034e-07,4.832924241782166e-05,0.0,True. I agree with the question. Euth,0.0005013102781958,0.3898335695266723,0.0001042625954141,0.0918730199337005,0.0001773566618794,0.2119488269090652,1.5629390759386297e-07,1.4276736692409033e-05,3.532471453127073e-07,3.631479557952844e-05,supports,-0.26503945689541536,-0.8518457011916798,7.813820921279355e-05
7,It could be considered to be worse than murder since it is torturing for a long time when murder stops life and automatically with it all pain and any more suffering.,Should euthanasia be legalized?,1,8,False. (The argument is not about whether euth,0.0001290692453039,0.1554530560970306,0.000284124223981,0.4095642566680908,0.0001406516967108,0.2685987949371338,4.4195022752546726e-08,5.670907285093563e-06,1.7496549276074805e-07,3.187785478075966e-05,0.25,True. I agree with the question. Euth,0.0005013102781958,0.3898335695266723,0.0001042625954141,0.0918730199337005,0.0001773566618794,0.2119488269090652,1.5629390759386297e-07,1.4276736692409033e-05,3.532471453127073e-07,3.631479557952844e-05,refutes,-0.2069556608680358,-0.7425362077785116,0.00017988038336253344
8,"The people most likely to be considered as candidates for euthanasia are those least likely to be able to speak for themselves (e.g. dementia, brain damage, neurodegenerative disorders).",Should euthanasia be legalized?,0,9,None. I am not sure. I am not,0.0001045143144438,0.1448854953050613,0.0001439745537936,0.2582863271236419,0.000147388811456,0.3877336978912353,4.449427848385312e-08,7.600623575854115e-06,1.8990661487805482e-07,4.495104440138675e-05,0.5,True. I agree with the question. Euth,0.0005013102781958,0.3898335695266723,0.0001042625954141,0.0918730199337005,0.0001773566618794,0.2119488269090652,1.5629390759386297e-07,1.4276736692409033e-05,3.532471453127073e-07,3.631479557952844e-05,refutes,-0.16896940947037953,-0.7915177107081393,3.971609928309099e-05
9,Safeguards would likely be put in place.,Should euthanasia be legalized?,3,10,None. I am not sure that safeguards would be,0.0001155607315013,0.1947522759437561,0.0001415879669366,0.3063883483409881,0.0001035879686241,0.3312847912311554,5.419086690494623e-08,1.2864656127931084e-05,2.1453845988617107e-07,6.282927643042058e-05,0.25,True. I agree with the question. Euth,0.0005013102781958,0.3898335695266723,0.0001042625954141,0.0918730199337005,0.0001773566618794,0.2119488269090652,1.5629390759386297e-07,1.4276736692409033e-05,3.532471453127073e-07,3.631479557952844e-05,supports,-0.4159341547906537,-0.7694826207888666,3.732926356840454e-05
10,"Countries, like Canada, use checks like requiring people to be ""mentally competent"" and ""suffering intolerably"".",Should euthanasia be legalized?,0,11,"False. The argument is against euthanasia,",0.0001311164087383,0.2075802087783813,0.0001820371107896,0.3422419130802154,0.0001005304438876,0.2707356214523315,9.60713322228912e-08,1.660459383856505e-05,2.229366771189234e-07,6.490733358077705e-05,0.25,True. I agree with the question. Euth,0.0005013102781958,0.3898335695266723,0.0001042625954141,0.0918730199337005,0.0001773566618794,0.2119488269090652,1.5629390759386297e-07,1.4276736692409033e-05,3.532471453127073e-07,3.631479557952844e-05,supports,-0.43317356775716,-0.738452582280611,7.778262519388085e-05
11,The current medical standards in countries with legal euthanasia are too easily attainable.,Should euthanasia be legalized?,0,12,None. I am not sure if the current medical,5.674385465681553e-05,0.0672836378216743,0.0002351967559661,0.3416945040225982,0.0001566748105688,0.369459867477417,5.8233847965993846e-08,1.1349485248501878e-05,2.802706546845002e-07,5.99334598518908e-05,0.25,True. I agree with the question. Euth,0.0005013102781958,0.3898335695266723,0.0001042625954141,0.0918730199337005,0.0001773566618794,0.2119488269090652,1.5629390759386297e-07,1.4276736692409033e-05,3.532471453127073e-07,3.631479557952844e-05,refutes,-0.11661164058592485,-0.8868089143094474,0.00013094781351090045
12,"States such as Oregon have ""Death with Dignity"" regulations that set the standards for a person to become eligible for euthanasia.",Should euthanasia be legalized?,0,13,None. I am not sure if I agree with,6.621427746722475e-05,0.0903680548071861,0.0001626065641175,0.3203825652599334,0.0001390847755828,0.3745651841163635,1.4259755687362485e-07,2.6338220777688548e-05,2.8805499141526525e-07,8.979987615020946e-05,0.25,True. I agree with the question. Euth,0.0005013102781958,0.3898335695266723,0.0001042625954141,0.0918730199337005,0.0001773566618794,0.2119488269090652,1.5629390759386297e-07,1.4276736692409033e-05,3.532471453127073e-07,3.631479557952844e-05,insufficient-neutral,-0.21579052002356877,-0.8679175745098866,5.8350052431309046e-05
13,Quality of life is something too difficult to compute and can not be valued or 'measured' neither by experts since it involves feelings.,Should euthanasia be legalized?,1,14,None. (The question is not related to the,0.0001978623186005,0.1491296589374542,0.000299356150208,0.2536780834197998,0.0002462436386849,0.2965797483921051,9.037073311901622e-08,9.363227945868856e-06,5.050329150435573e-07,5.780658102594316e-05,0.25,True. I agree with the question. Euth,0.0005013102781958,0.3898335695266723,0.0001042625954141,0.0918730199337005,0.0001773566618794,0.2119488269090652,1.5629390759386297e-07,1.4276736692409033e-05,3.532471453127073e-07,3.631479557952844e-05,refutes,6.889919653700398e-05,-0.6053096710631981,0.0001951138978752938
14,"This is our life, therefore we should be able to decide when to end it.",Should euthanasia be legalized?,1,15,None. I am not sure if I agree with,0.0002178035210818,0.2388505637645721,0.0001848474494181,0.2243793457746505,0.0001250740460818,0.279244601726532,1.5958850951847128e-07,1.918072484841105e-05,2.719999372402526e-07,4.305591573938728e-05,0.5,True. I agree with the question. Euth,0.0005013102781958,0.3898335695266723,0.0001042625954141,0.0918730199337005,0.0001773566618794,0.2119488269090652,1.5629390759386297e-07,1.4276736692409033e-05,3.532471453127073e-07,3.631479557952844e-05,supports,-0.29478800087673857,-0.5655315070226207,8.059325686613376e-05
15,The ability to choose when we die is an integral part of our human freedom.,Should euthanasia be legalized?,1,16,None. (The question is not directly related to,0.0002160305011784,0.2622312903404236,0.0001156327998614,0.1448178738355636,0.0001094789331546,0.279143750667572,2.048416973821077e-07,2.590214717201889e-05,2.446850260184874e-07,5.031928594689816e-05,0.0,True. I agree with the question. Euth,0.0005013102781958,0.3898335695266723,0.0001042625954141,0.0918730199337005,0.0001773566618794,0.2119488269090652,1.5629390759386297e-07,1.4276736692409033e-05,3.532471453127073e-07,3.631479557952844e-05,supports,-0.38271879953940424,-0.569068278520267,1.1371390057940906e-05
16,God gave life so only he can take it.,Should euthanasia be legalized?,4,17,False. (The argument is based on a religious,7.181511318776757e-05,0.0775338560342788,0.0003562588244676,0.4224314391613006,0.000150849475176,0.2685137391090393,5.0901743264830663e-08,6.177847353683319e-06,2.0609446949038107e-07,2.8902804842800837e-05,0.0,True. I agree with the question. Euth,0.0005013102781958,0.3898335695266723,0.0001042625954141,0.0918730199337005,0.0001773566618794,0.2119488269090652,1.5629390759386297e-07,1.4276736692409033e-05,3.532471453127073e-07,3.631479557952844e-05,refutes,-0.14945695539434828,-0.8567451809561377,0.00025202250557403394
17,"Deuteronomy 32:29 states, ""It is I who bring both death and life.""",Should euthanasia be legalized?,4,18,False. The argument is based on a biblical passage,0.0001033605658449,0.1197200194001197,0.0002680969191715,0.4178639054298401,0.000123706398881,0.2697932124137878,3.76746207564338e-08,4.506005552684655e-06,1.3660213937782828e-07,2.870219395845197e-05,0.0,True. I agree with the question. Euth,0.0005013102781958,0.3898335695266723,0.0001042625954141,0.0918730199337005,0.0001773566618794,0.2119488269090652,1.5629390759386297e-07,1.4276736692409033e-05,3.532471453127073e-07,3.631479557952844e-05,refutes,-0.30249928268768056,-0.7938191767843032,0.0001638514073303905
18,"Certain deities (e. g. Moloch, Kukulkan) even fancy human sacrifice.",Should euthanasia be legalized?,0,19,False. (I do not agree with the question,0.0001319915172643,0.1413932293653488,0.0002772515290416,0.3554625511169433,0.0001804110070224,0.3236523270606994,3.2299872998464714e-08,3.476475285424385e-06,1.871479042847568e-07,2.6920659365714528e-05,0.0,True. I agree with the question. Euth,0.0005013102781958,0.3898335695266723,0.0001042625954141,0.0918730199337005,0.0001773566618794,0.2119488269090652,1.5629390759386297e-07,1.4276736692409033e-05,3.532471453127073e-07,3.631479557952844e-05,not_applicable,3.054886947551447e-06,-0.736706939783215,0.00017300697178340284
19,Euthanasia is a selfish act.,Should euthanasia be legalized?,1,20,None. (The question is not related to the,6.004811439197511e-05,0.0794311761856079,9.823216532822698e-05,0.1483969688415527,0.0001999907690333,0.5343980193138123,9.098675235463817e-08,1.8385317162028517e-05,2.597038815110864e-07,5.729831173084676e-05,0.25,True. I agree with the question. Euth,0.0005013102781958,0.3898335695266723,0.0001042625954141,0.0918730199337005,0.0001773566618794,0.2119488269090652,1.5629390759386297e-07,1.4276736692409033e-05,3.532471453127073e-07,3.631479557952844e-05,refutes,2.2638122175680308e-05,-0.8802176675728924,-0.057838864090443344
20,Euthanasia is assisted suicide and suicide is a rejection of the value of the life of the patient and those of everyone who cares about them.,Should euthanasia be legalized?,7,21,False. (The argument is not a reason to,0.000116741975944,0.1069673150777816,0.0003458148858044,0.3912701904773712,0.0001725334586808,0.2953462302684784,7.735347651305348e-08,9.810013580136e-06,4.243395039793541e-07,6.15187018411234e-05,0.25,True. I agree with the question. Euth,0.0005013102781958,0.3898335695266723,0.0001042625954141,0.0918730199337005,0.0001773566618794,0.2119488269090652,1.5629390759386297e-07,1.4276736692409033e-05,3.532471453127073e-07,3.631479557952844e-05,refutes,-0.02719493673082159,-0.7671263067572628,0.00024157747788513788
21,"Ethically, doctors should not do anything to a patient that will not benefit them.",Should euthanasia be legalized?,1,22,False. (Note: This is a classic example,6.174597365316004e-05,0.0626240000128746,0.0003841963771265,0.4115625619888305,0.0001458244951209,0.2575492858886719,5.192131169451387e-08,6.23426149104489e-06,1.853397009199398e-07,2.838001273630653e-05,0.25,True. I agree with the question. Euth,0.0005013102781958,0.3898335695266723,0.0001042625954141,0.0918730199337005,0.0001773566618794,0.2119488269090652,1.5629390759386297e-07,1.4276736692409033e-05,3.532471453127073e-07,3.631479557952844e-05,insufficient-neutral,-0.17778958187621627,-0.8768308244638792,0.0002799629713784158
22,"Euthanasia does not necessarily have to be performed by doctors or nurses, and as such the guiding morality doesn't necessarily spring from the hippocratic oath.",Should euthanasia be legalized?,6,23,None. (I'm not sure if the argument,0.0001580198004376,0.2057866901159286,0.0001567900908412,0.2857065200805664,0.0001250039495062,0.3187286555767059,6.221723225507958e-08,9.342700650449842e-06,1.623275807105529e-07,3.4442211472196504e-05,0.5,True. I agree with the question. Euth,0.0005013102781958,0.3898335695266723,0.0001042625954141,0.0918730199337005,0.0001773566618794,0.2119488269090652,1.5629390759386297e-07,1.4276736692409033e-05,3.532471453127073e-07,3.631479557952844e-05,insufficient-neutral,-0.2951832303248867,-0.6847864340497699,5.253297265117344e-05
23,Legal euthanasia is better than alternatives for those seeking to end their lives.,Should euthanasia be legalized?,6,24,True. (Note: This answer assumes that the,0.0002344072127016,0.2981933355331421,0.0001216088639921,0.172581061720848,0.0001081611553672,0.2672987878322601,2.175422793015969e-07,3.390173151274212e-05,3.83292899641674e-07,8.293004066217691e-05,0.25,True. I agree with the question. Euth,0.0005013102781958,0.3898335695266723,0.0001042625954141,0.0918730199337005,0.0001773566618794,0.2119488269090652,1.5629390759386297e-07,1.4276736692409033e-05,3.532471453127073e-07,3.631479557952844e-05,supports,-0.3901488998437056,-0.5324109181538742,1.7348077333568244e-05
24,Legalised euthanasia is safer than forcing people to seek the alternative option themselves.,Should euthanasia be legalized?,2,25,True. (Note: The question is about the,0.0002847774012479,0.2910922169685364,0.0001512441376689,0.2064152956008911,0.0001273603411391,0.2489843666553497,1.8558736769591638e-07,2.587482231319882e-05,5.705338708139607e-07,0.000103948485048,0.25,True. I agree with the question. Euth,0.0005013102781958,0.3898335695266723,0.0001042625954141,0.0918730199337005,0.0001773566618794,0.2119488269090652,1.5629390759386297e-07,1.4276736692409033e-05,3.532471453127073e-07,3.631479557952844e-05,supports,-0.2818970554052082,-0.4319338468925773,4.698644118310702e-05
25,Badly implemented suicides can cause direct collateral damage.,Should euthanasia be legalized?,6,26,None. (The question is not related to the,0.0001117448409786,0.1284240782260894,0.0001401594345225,0.2437060624361038,0.0001757993159117,0.421086311340332,7.239784594048615e-08,1.2246995538589545e-05,3.102115897490876e-07,5.842714381287806e-05,0.0,True. I agree with the question. Euth,0.0005013102781958,0.3898335695266723,0.0001042625954141,0.0918730199337005,0.0001773566618794,0.2119488269090652,1.5629390759386297e-07,1.4276736692409033e-05,3.532471453127073e-07,3.631479557952844e-05,refutes,-0.008780870992931459,-0.7770944545945353,3.5900582196276674e-05
26,Many who might look to end their lives through euthanasia might not end their lives where it is not legal.,Should euthanasia be legalized?,3,27,None. I am not sure if the argument is,0.0001889044215204,0.259835422039032,0.0001051411381922,0.2087836265563964,0.0001101869784179,0.3336352705955505,1.6991947404676466e-07,2.988902087963652e-05,2.472313553880668e-07,6.427148764487356e-05,0.25,True. I agree with the question. Euth,0.0005013102781958,0.3898335695266723,0.0001042625954141,0.0918730199337005,0.0001773566618794,0.2119488269090652,1.5629390759386297e-07,1.4276736692409033e-05,3.532471453127073e-07,3.631479557952844e-05,,-0.37872658827540645,-0.6231786385863439,8.78634386801588e-07
27,"In this study, of 56 attempted suicides, 55 were from falling and 1 gunshot wound, and many had significant injuries and an increased likeihood of further suicide attempts.",Should euthanasia be legalized?,0,28,None. (The question is not related to the,0.000160428637173,0.1691915392875671,0.0002028008020715,0.3016165196895599,0.000205994452699,0.3695482909679413,4.106255602209785e-08,5.320669970387826e-06,1.542136374155234e-07,3.134443613816984e-05,0.0,True. I agree with the question. Euth,0.0005013102781958,0.3898335695266723,0.0001042625954141,0.0918730199337005,0.0001773566618794,0.2119488269090652,1.5629390759386297e-07,1.4276736692409033e-05,3.532471453127073e-07,3.631479557952844e-05,insufficient-neutral,2.864287082355593e-05,-0.6799813525659644,9.854848157786344e-05
28,People may be more inclined to favor euthanasia and make less effort to preserve their lives to the end.,Should euthanasia be legalized?,5,29,None. (I don't have enough information to,0.0001206376109621,0.1672368049621582,0.0001244670565938,0.235841691493988,0.0001399420725647,0.3768739402294159,2.0753748231072683e-07,4.0408533095614985e-05,2.949702491150674e-07,7.203600398497656e-05,0.5,True. I agree with the question. Euth,0.0005013102781958,0.3898335695266723,0.0001042625954141,0.0918730199337005,0.0001773566618794,0.2119488269090652,1.5629390759386297e-07,1.4276736692409033e-05,3.532471453127073e-07,3.631479557952844e-05,refutes,-0.21095677443535427,-0.7593554008182897,2.0206567968920853e-05
29,Legalised euthanasia is less stigmatising than suicide or the non-legal alternatives.,Should euthanasia be legalized?,1,30,True. Legalised euthanasia is less st,0.0003478052094578,0.4254988729953766,0.0001004294099402,0.1746243834495544,7.463280053343624e-05,0.1692517548799514,2.0921915222515966e-07,3.553053829818964e-05,3.93169813150962e-07,9.002433944260702e-05,0.25,True. I agree with the question. Euth,0.0005013102781958,0.3898335695266723,0.0001042625954141,0.0918730199337005,0.0001773566618794,0.2119488269090652,1.5629390759386297e-07,1.4276736692409033e-05,3.532471453127073e-07,3.631479557952844e-05,supports,-0.5791937007464344,-0.30620770292294813,-0.03676472332839713
30,"People should have the right to die with dignity when their dignity is violated by degrading living conditions; 
Therefore, euthanasia is not a violation of dignity of life, on the contrary it's the highest form of respect for it.",Should euthanasia be legalized?,1,31,None. (I am not sure or cannot answer,0.0001674667873885,0.2778530120849609,0.0001377544249407,0.2232611775398254,8.756203897064552e-05,0.3148487210273742,4.6985046964209693e-08,6.805016255384544e-06,9.01249066487253e-08,2.450580541335512e-05,0.5,True. I agree with the question. Euth,0.0005013102781958,0.3898335695266723,0.0001042625954141,0.0918730199337005,0.0001773566618794,0.2119488269090652,1.5629390759386297e-07,1.4276736692409033e-05,3.532471453127073e-07,3.631479557952844e-05,supports,-0.5062940515299816,-0.6659418434602863,3.349532183578884e-05
31,"Life has no inherent value, so it cannot be devalued.",Should euthanasia be legalized?,1,32,None. (The argument is about the value of,0.0001830962864914,0.1813981533050537,0.0002425631682854,0.2257536500692367,0.000166711048223,0.2898734211921692,1.384165244644464e-07,1.723135937936604e-05,3.682577585095714e-07,5.519064143300057e-05,0.25,True. I agree with the question. Euth,0.0005013102781958,0.3898335695266723,0.0001042625954141,0.0918730199337005,0.0001773566618794,0.2119488269090652,1.5629390759386297e-07,1.4276736692409033e-05,3.532471453127073e-07,3.631479557952844e-05,supports,-0.060023759714415786,-0.6347645471176897,0.00013831499395155407
32,"The cost of palliative care is extremely high, thus many people who opt for euthanasia are more likely to be poor.",Should euthanasia be legalized?,3,33,None. (The question is not related to the,9.330652392236516e-05,0.0946333259344101,0.0001637580426177,0.2270135432481765,0.0002516596287023,0.4731368720531463,1.088247714164936e-07,1.801777398213744e-05,3.198538252036087e-07,6.215554458322003e-05,0.5,True. I agree with the question. Euth,0.0005013102781958,0.3898335695266723,0.0001042625954141,0.0918730199337005,0.0001773566618794,0.2119488269090652,1.5629390759386297e-07,1.4276736692409033e-05,3.532471453127073e-07,3.631479557952844e-05,refutes,7.431614728670652e-05,-0.8138747039893688,5.9501651000164696e-05
33,"In 2014, the Lithuanian health minister proposed that ""euthanasia might be needed for poor people who cannot access palliative care"".",Should euthanasia be legalized?,0,34,None. (The question is not relevant to the,6.81560268276371e-05,0.1474857926368713,0.0001055621323757,0.275539755821228,9.839471749728546e-05,0.3885733187198639,4.1481936108311857e-08,8.203920515370555e-06,1.653510111054857e-07,5.104651063447818e-05,0.5,True. I agree with the question. Euth,0.0005013102781958,0.3898335695266723,0.0001042625954141,0.0918730199337005,0.0001773566618794,0.2119488269090652,1.5629390759386297e-07,1.4276736692409033e-05,3.532471453127073e-07,3.631479557952844e-05,supports,-0.4452155534806329,-0.86404422611695,1.2996724688247978e-06
34,It is immoral to let people die simply because they cannot afford pain-relieving therapies. Palliative care should be made more accessible instead of legalizing euthanasia.,Should euthanasia be legalized?,1,35,False. (The argument is against legalizing euth,3.762405685847625e-05,0.0439208187162876,0.0003569671243894,0.5477538108825684,0.0001158902596216,0.243064284324646,3.8124905898939694e-08,5.9996805248374585e-06,2.0893843100111559e-07,4.433197682374157e-05,0.75,True. I agree with the question. Euth,0.0005013102781958,0.3898335695266723,0.0001042625954141,0.0918730199337005,0.0001773566618794,0.2119488269090652,1.5629390759386297e-07,1.4276736692409033e-05,3.532471453127073e-07,3.631479557952844e-05,refutes,-0.34656945843735076,-0.9249485628064837,0.0002527308793527226
35,"Humans have caused irreparable damage to the environment, and are causing constant harm, pain, and suffering to many other living organisms.
 All of this could be avoided if they didn't exist.",Would the world be a better place without humans?,2,36,"False. The argument is a straw man, as",2.0087212760699916e-05,0.0280647855252027,0.0004003226931672,0.6906551718711853,1.6394706108258106e-05,0.0371798016130924,1.3026925316239613e-08,2.475230303389253e-06,4.359865357628223e-08,1.017970407701796e-05,0.3333333333333333,False. I believe that humans have a unique capacity,0.0002596170525066,0.1781636178493499,0.0003836890973616,0.2802907228469848,0.0002382380043854,0.2115745395421981,4.205320180972194e-08,2.281499064338277e-06,2.866807449208864e-07,2.3223046810016967e-05,supports,-0.9311834979874318,-0.9226275294062617,1.6639980384653913e-05
36,"Without humans, animals and plants would be able to live and grow without the risks associated with human generated waste and anthropogenic climate change.",Would the world be a better place without humans?,2,37,False. The statement is incorrect because it assumes that,0.0001155865102191,0.1307796686887741,0.0004227978643029,0.5092244744300842,7.944136450532824e-05,0.1505264639854431,3.2255627502308926e-08,3.291770099167479e-06,2.0396139177591976e-07,2.7347166906110942e-05,0.5555555555555556,False. I believe that humans have a unique capacity,0.0002596170525066,0.1781636178493499,0.0003836890973616,0.2802907228469848,0.0002382380043854,0.2115745395421981,4.205320180972194e-08,2.281499064338277e-06,2.866807449208864e-07,2.3223046810016967e-05,supports,-0.6665462141094199,-0.5547807468611425,3.912377830848457e-05
37,Global warming would continue to exist; it exists regardless of the impact of humans.,Would the world be a better place without humans?,3,38,False. (The argument is about the existence of,0.0001671950303716,0.1592986285686493,0.0003377432294655,0.3425458967685699,0.0001685063471086,0.262639045715332,7.034971361008503e-08,7.403652489301747e-06,2.8483674441304174e-07,3.601748903747648e-05,0.3333333333333333,False. I believe that humans have a unique capacity,0.0002596170525066,0.1781636178493499,0.0003836890973616,0.2802907228469848,0.0002382380043854,0.2115745395421981,4.205320180972194e-08,2.281499064338277e-06,2.866807449208864e-07,2.3223046810016967e-05,refutes,-0.2926974537781739,-0.35599365004211514,-0.11974765040769264
38,The impact of human activity has greatly exacerbated climate change (p. 1).,Would the world be a better place without humans?,4,39,False. (Note: This answer is based on,0.0001566389255458,0.2072007358074188,0.000260279426584,0.3159433901309967,0.0001003466677502,0.2137779891490936,4.6850068713411026e-08,5.194983259571018e-06,2.908001022206008e-07,4.871439523412846e-05,0.1111111111111111,False. I believe that humans have a unique capacity,0.0002596170525066,0.1781636178493499,0.0003836890973616,0.2802907228469848,0.0002382380043854,0.2115745395421981,4.205320180972194e-08,2.281499064338277e-06,2.866807449208864e-07,2.3223046810016967e-05,supports,-0.578796556791719,-0.3966539407429028,-0.32163976413772083
39,"Without humans, a variety of species, habitats, and environments would have been changed by circumstances other than human influence and intervention. 
There is no guarantee that those natural changes would have been necessarily better than the changes caused by humans.",Would the world be a better place without humans?,3,40,False. (I think this is a trick question,8.12910366221331e-05,0.1552393287420272,0.0002815255429595,0.5950931310653687,3.750964970095083e-05,0.1286979168653488,1.4483042320989624e-08,2.532699227231205e-06,4.2985767834125e-08,1.1484570677566808e-05,0.6666666666666666,False. I believe that humans have a unique capacity,0.0002596170525066,0.1781636178493499,0.0003836890973616,0.2802907228469848,0.0002382380043854,0.2115745395421981,4.205320180972194e-08,2.281499064338277e-06,2.866807449208864e-07,2.3223046810016967e-05,refutes,-0.8425538788501976,-0.6868809816717778,-0.2662665035431488
40,The Earth would be able to heal and become a better place because the root cause for ecocide would simply not exist.,Would the world be a better place without humans?,2,41,False. The world would not be a better place,0.0002103240112774,0.221812292933464,0.0003182100772392,0.3544550240039825,0.0001198390091303,0.198831245303154,5.3571323377354936e-08,4.965706011716975e-06,3.762420419661794e-07,4.692962829722092e-05,0.6666666666666666,False. I believe that humans have a unique capacity,0.0002596170525066,0.1781636178493499,0.0003836890973616,0.2802907228469848,0.0002382380043854,0.2115745395421981,4.205320180972194e-08,2.281499064338277e-06,2.866807449208864e-07,2.3223046810016967e-05,supports,-0.49697778303903506,-0.18986827233910938,-0.17065645224912565
41,The universe would be better without humans because humans are naturally selfish.,Would the world be a better place without humans?,1,42,False. The argument is based on a generalization,8.615754632046446e-05,0.0922945290803909,0.000383126491215,0.4542895853519439,0.0001293378154514,0.2214030623435974,6.431144328189475e-08,8.699006684764754e-06,3.269195758548449e-07,4.684304803959094e-05,0.6666666666666666,False. I believe that humans have a unique capacity,0.0002596170525066,0.1781636178493499,0.0003836890973616,0.2802907228469848,0.0002382380043854,0.2115745395421981,4.205320180972194e-08,2.281499064338277e-06,2.866807449208864e-07,2.3223046810016967e-05,supports,-0.4571067039238252,-0.6681360277045971,-0.0014663073578808962
42,Humans are the only ones that set aside stocks of resources for medium term use. This causes continued extraction/exploitation of the Earth in excess of current needs.,Would the world be a better place without humans?,3,43,False. (I think this is a trick question,0.0002314294688403,0.2222287505865097,0.0003447131311986,0.3780238628387451,0.0001110410667024,0.170388713479042,4.3507302649459234e-08,3.950975951738656e-06,2.2685158285185025e-07,3.132057099719532e-05,0.2222222222222222,False. I believe that humans have a unique capacity,0.0002596170525066,0.1781636178493499,0.0003836890973616,0.2802907228469848,0.0002382380043854,0.2115745395421981,4.205320180972194e-08,2.281499064338277e-06,2.866807449208864e-07,2.3223046810016967e-05,supports,-0.5339069977988576,-0.10857369881581028,-0.1015821570928503
43,"While humans and animals must consume to survive, human beings are immoral because they are intelligent enough to survive without killing yet continue
to harm other species.",Would the world be a better place without humans?,1,44,True,0.0002681710466276,0.3835595250129699,0.000157649628818,0.2762675881385803,6.833605584688485e-05,0.1898757368326187,3.3289424550275726e-08,3.993203790741973e-06,6.07521357665064e-08,1.5011441064416433e-05,0.2222222222222222,False. I believe that humans have a unique capacity,0.0002596170525066,0.1781636178493499,0.0003836890973616,0.2802907228469848,0.0002382380043854,0.2115745395421981,4.205320180972194e-08,2.281499064338277e-06,2.866807449208864e-07,2.3223046810016967e-05,supports,-0.7131605596547186,8.556215460438446e-06,-0.5891214269520244
44,The universe probably isn't anthropocentric.,Would the world be a better place without humans?,1,45,"False. (The argument is about the universe,",0.0002589903888292,0.2354587316513061,0.0003325502329971,0.3269020617008209,0.0001062894370988,0.1618282496929168,9.1229139798088e-08,9.657437658461276e-06,3.171795697198832e-07,4.413528586155735e-05,0.1111111111111111,False. I believe that humans have a unique capacity,0.0002596170525066,0.1781636178493499,0.0003836890973616,0.2802907228469848,0.0002382380043854,0.2115745395421981,4.205320180972194e-08,2.281499064338277e-06,2.866807449208864e-07,2.3223046810016967e-05,insufficient-neutral,-0.5538518828135643,-0.002413800138895124,-0.13328203672231326
45,"""Better"" is a value claim. The post-human universe may not make the same value judgement given that humans are an outcome of the evolving universe.",Would the world be a better place without humans?,1,46,False. (I think this is a trick question,0.0001871301792562,0.2573949694633484,0.0002384100225754,0.3986611068248749,7.800745515851304e-05,0.1825203448534011,3.181290963993888e-08,5.807488378195558e-06,1.929838759906488e-07,4.997345604351722e-05,0.4444444444444444,False. I believe that humans have a unique capacity,0.0002596170525066,0.1781636178493499,0.0003836890973616,0.2802907228469848,0.0002382380043854,0.2115745395421981,4.205320180972194e-08,2.281499064338277e-06,2.866807449208864e-07,2.3223046810016967e-05,insufficient-neutral,-0.6725650243765491,-0.27920690320816743,-0.37863748484175636
46,"Selfishness has been associated with evolutionary advantages for many species, making the universe partially responsible for the selfishness of organisms that develop within it.",Would the world be a better place without humans?,3,47,False. (Note: This is a tricky question,0.0001950912264874,0.1602362841367721,0.0003477877180557,0.3667845129966736,0.0001655717787798,0.2331424206495285,8.224792935607185e-08,9.827514986682218e-06,4.979598315912881e-07,7.233295764308423e-05,0.1111111111111111,False. I believe that humans have a unique capacity,0.0002596170525066,0.1781636178493499,0.0003836890973616,0.2802907228469848,0.0002382380043854,0.2115745395421981,4.205320180972194e-08,2.281499064338277e-06,2.866807449208864e-07,2.3223046810016967e-05,insufficient-neutral,-0.3050152547787763,-0.2485423256916439,-0.09356893264044325
47,The link between evolutionary selection and selfishness has been overturned due to recent findings that evolutionary pressures to cooperate and act selflessly are stronger.,Would the world be a better place without humans?,4,48,False. (Note: This is a philosophical question,0.0001211133494507,0.1237989738583564,0.000331802322762,0.3996279835700989,0.0001438256440451,0.2540189921855926,4.7779256107105545e-08,7.712332262599375e-06,3.037487488199986e-07,5.1684830395970494e-05,0.1111111111111111,False. I believe that humans have a unique capacity,0.0002596170525066,0.1781636178493499,0.0003836890973616,0.2802907228469848,0.0002382380043854,0.2115745395421981,4.205320180972194e-08,2.281499064338277e-06,2.866807449208864e-07,2.3223046810016967e-05,refutes,-0.39629428807491257,-0.5334923176988883,-0.13523129783044208
48,"Nature causes irreparable damage to itself as well as constant harm, pain, and suffering to other living organisms without any help from humans.
 None of this can be avoided without humans.",Would the world be a better place without humans?,3,49,False. The argument is that humans are necessary to,8.641563181299716e-05,0.0962586030364036,0.000452785519883,0.6681671142578125,1.714970676403027e-05,0.033266082406044,2.1564003915841568e-08,2.810570094879949e-06,7.563417625533475e-08,1.5253264791681431e-05,0.3333333333333333,False. I believe that humans have a unique capacity,0.0002596170525066,0.1781636178493499,0.0003836890973616,0.2802907228469848,0.0002382380043854,0.2115745395421981,4.205320180972194e-08,2.281499064338277e-06,2.866807449208864e-07,2.3223046810016967e-05,refutes,-0.9280143954854196,-0.6671419270088189,6.912294424148301e-05
49,Whenever human populations expand they take more land away from wild habitats which heavily restricts the freedom of all living organisms in that habitat often leading to many deaths as well.,Would the world be a better place without humans?,0,50,False. (Note: This is a tricky question,0.0001313865504926,0.1113386005163192,0.0004694591625593,0.5925593376159668,6.015314647811465e-05,0.0880760848522186,5.856157514472216e-08,6.696474883938208e-06,1.5504441819302886e-07,2.6074460038216785e-05,0.1111111111111111,False. I believe that humans have a unique capacity,0.0002596170525066,0.1781636178493499,0.0003836890973616,0.2802907228469848,0.0002382380043854,0.2115745395421981,4.205320180972194e-08,2.281499064338277e-06,2.866807449208864e-07,2.3223046810016967e-05,supports,-0.7475081835356364,-0.4939217234612896,8.580298686828241e-05
50,"Domesticated animals have no natural freedoms, they are almost entirely stripped away for the purpose of production for humans",Would the world be a better place without humans?,0,51,None. I don't think the question is relevant,0.0001856324815889,0.1304123103618621,0.0004023032961413,0.2870807647705078,0.0002421104145469,0.3008580505847931,7.373440524816034e-08,5.245457941782661e-06,3.333718154863164e-07,3.302306868135929e-05,0.2222222222222222,False. I believe that humans have a unique capacity,0.0002596170525066,0.1781636178493499,0.0003836890973616,0.2802907228469848,0.0002382380043854,0.2115745395421981,4.205320180972194e-08,2.281499064338277e-06,2.866807449208864e-07,2.3223046810016967e-05,supports,3.87333293660915e-06,-0.2849757756795238,1.8621343586212226e-05
51,Humans also provide a habitat for billions of living organisms that reside in our bodies. Many of these creatures would go extinct without humans.,Would the world be a better place without humans?,2,52,False. The argument suggests that humans provide a habitat,3.582455246942118e-05,0.0357706695795059,0.0005781789659522,0.7470937967300415,2.481494448147714e-05,0.036906149238348,2.4324084080262764e-08,3.731890046765329e-06,8.556526864822446e-08,1.2873822015535552e-05,0.4444444444444444,False. I believe that humans have a unique capacity,0.0002596170525066,0.1781636178493499,0.0003836890973616,0.2802907228469848,0.0002382380043854,0.2115745395421981,4.205320180972194e-08,2.281499064338277e-06,2.866807449208864e-07,2.3223046810016967e-05,refutes,-0.8958396896183962,-0.8620100177413791,0.0001945645208759935
52,"Not all animals suffer or feel pain, and thus cannot feel the effects of a loss of autonomy.",Would the world be a better place without humans?,3,53,None. I am not sure. I am not,0.0002595862897578,0.2034451514482498,0.0002657422155607,0.2199766486883163,0.0002419610245851,0.3251044154167175,9.055043648231732e-08,1.1450065358076245e-05,7.406064810311364e-07,9.041422890732063e-05,0.2222222222222222,False. I believe that humans have a unique capacity,0.0002596170525066,0.1781636178493499,0.0003836890973616,0.2802907228469848,0.0002382380043854,0.2115745395421981,4.205320180972194e-08,2.281499064338277e-06,2.866807449208864e-07,2.3223046810016967e-05,insufficient-neutral,3.7239073759617693e-06,-0.00011849278967988983,-0.307402223862888
53,"Suffering should be put in the context of the complexity of the nervous system. Animals tend to have less complex nervous systems than human beings,
 which implies that they have a reduced capacity for suffering.",Would the world be a better place without humans?,3,54,False. (The argument is based on a false,0.0003658251080196,0.2510495185852051,0.0004378353478386,0.3540365397930145,0.0001388515520375,0.1620897352695465,1.3269266219140266e-07,1.551797686261125e-05,6.493204409707687e-07,9.322052210336552e-05,0.3333333333333333,False. I believe that humans have a unique capacity,0.0002596170525066,0.1781636178493499,0.0003836890973616,0.2802907228469848,0.0002382380043854,0.2115745395421981,4.205320180972194e-08,2.281499064338277e-06,2.866807449208864e-07,2.3223046810016967e-05,insufficient-neutral,-0.4171729552734229,0.00010623563609571435,5.416703377729678e-05
54,Scientists studying other creatures are constantly discovering how much more complex other life forms are than previously assumed.,Would the world be a better place without humans?,4,55,False. (I think this is a trick question,0.0002177232818212,0.1565843075513839,0.0004573332262225,0.3187898397445678,0.0002126797189703,0.2406352013349533,9.857176053174045e-08,1.1315727533656172e-05,6.236014087335207e-07,6.904699694132432e-05,0.0,False. I believe that humans have a unique capacity,0.0002596170525066,0.1781636178493499,0.0003836890973616,0.2802907228469848,0.0002382380043854,0.2115745395421981,4.205320180972194e-08,2.281499064338277e-06,2.866807449208864e-07,2.3223046810016967e-05,insufficient-neutral,-0.10728047139680576,-0.16136756149457857,7.367239615608162e-05
55,"Many cephalopods, decapods, and other invertebrates feel pain, debunking the previous understanding of their nature.",Would the world be a better place without humans?,0,56,False. (The argument is about the nature of,0.0001210980990435,0.094908021390438,0.0004326973576098,0.3753685057163238,0.0001861007913248,0.2833430171012878,7.70153505413873e-08,9.596944437362254e-06,3.5646328910843295e-07,4.267580879968591e-05,0.1111111111111111,False. I believe that humans have a unique capacity,0.0002596170525066,0.1781636178493499,0.0003836890973616,0.2802907228469848,0.0002382380043854,0.2115745395421981,4.205320180972194e-08,2.281499064338277e-06,2.866807449208864e-07,2.3223046810016967e-05,insufficient-neutral,-0.21884507131891978,-0.5335510596307173,4.902707140097214e-05
56,All of humanity need not necessarily contribute to a cataclysmic event. It only takes a handful of individuals to use nuclear weapons for most life to be destroyed on the planet.,Would the world be a better place without humans?,3,57,False. (Note: This is a trick question,0.0003238464996684,0.3014041185379028,0.0003289463638793,0.3692880272865295,6.895089609315619e-05,0.1041624695062637,7.932646894914798e-08,7.324370017158799e-06,2.535804810577247e-07,3.5771256079897285e-05,0.3333333333333333,False. I believe that humans have a unique capacity,0.0002596170525066,0.1781636178493499,0.0003836890973616,0.2802907228469848,0.0002382380043854,0.2115745395421981,4.205320180972194e-08,2.281499064338277e-06,2.866807449208864e-07,2.3223046810016967e-05,supports,-0.710579778104531,6.424612655181035e-05,-0.14267471726127476
57,"Value judgements are only relevant for human beings who assign value, meaning that the Earth cannot be better or worse without human beings to make value judgments about it.",Would the world be a better place without humans?,1,58,False. (The argument is about the relevance of,0.0002133961679646,0.2198389172554016,0.0003279423690401,0.3739586174488067,0.0001081439186236,0.185122936964035,4.8107821726262046e-08,5.664644959324505e-06,4.008398661881074e-07,6.357453094096854e-05,0.4444444444444444,False. I believe that humans have a unique capacity,0.0002596170525066,0.1781636178493499,0.0003836890973616,0.2802907228469848,0.0002382380043854,0.2115745395421981,4.205320180972194e-08,2.281499064338277e-06,2.866807449208864e-07,2.3223046810016967e-05,refutes,-0.5460677279320452,-0.17803485593776616,-0.1452914057366677
58,If the world would be better or worse is subjective as those things aren't intrinsic qualities of something.,Would the world be a better place without humans?,1,59,"None. (I'm not sure, and I",0.0001380149333272,0.1868944764137268,7.741935405647382e-05,0.1124750673770904,0.0001539667864562,0.4146434962749481,4.0048757199429026e-08,6.791305168007966e-06,3.3878021099553735e-07,7.216278027044609e-05,0.5555555555555556,False. I believe that humans have a unique capacity,0.0002596170525066,0.1781636178493499,0.0003836890973616,0.2802907228469848,0.0002382380043854,0.2115745395421981,4.205320180972194e-08,2.281499064338277e-06,2.866807449208864e-07,2.3223046810016967e-05,insufficient-neutral,-0.35372701406981905,-0.46839033879066405,-0.7982237322122512
59,"There are general or pragmatic standards for Earthly wellness, like the stability of weather patterns or the preservation of species, that could be adopted without falling into naive subjectivism.",Would the world be a better place without humans?,1,60,False. (Note: This is a philosophical question,0.000219391164137,0.2041874527931213,0.0003167281101923,0.3212319612503052,0.0001617688976693,0.258117139339447,4.7332882502360014e-08,4.294188329367898e-06,2.640016418808955e-07,3.390860365470871e-05,0.3333333333333333,False. I believe that humans have a unique capacity,0.0002596170525066,0.1781636178493499,0.0003836890973616,0.2802907228469848,0.0002382380043854,0.2115745395421981,4.205320180972194e-08,2.281499064338277e-06,2.866807449208864e-07,2.3223046810016967e-05,insufficient-neutral,-0.32097778401633675,-0.15494316718112097,-0.1745188686093782
60,"If the species making such a judgement does not exist and therefore cannot ascertain a value, it is impossible for the Earth to be better off.",Would the world be a better place without humans?,3,61,False. (The question is not about whether the,0.000192594146938,0.2063125669956207,0.0002936710079666,0.3097118437290191,0.0001621805276954,0.2733197510242462,4.268252595807098e-08,4.407208052725764e-06,3.674626327665465e-07,4.738194911624305e-05,0.4444444444444444,False. I believe that humans have a unique capacity,0.0002596170525066,0.1781636178493499,0.0003836890973616,0.2802907228469848,0.0002382380043854,0.2115745395421981,4.205320180972194e-08,2.281499064338277e-06,2.866807449208864e-07,2.3223046810016967e-05,refutes,-0.3192499739334663,-0.2581606443856231,-0.23461205964412454
61,"The point of judging our existence on Earth is for humans to decide whether or not our presence is better than our absence. The question is an internal reflection, not outwardly asking the Earth itself.",Would the world be a better place without humans?,1,62,False. (I don't think the question is,0.0001969131844816,0.2371653616428375,0.0002196725254179,0.2998051047325134,0.000102157202491,0.2159415334463119,5.339021669215072e-08,6.111099537520204e-06,2.454315790600959e-07,4.0954037103801966e-05,0.3333333333333333,False. I believe that humans have a unique capacity,0.0002596170525066,0.1781636178493499,0.0003836890973616,0.2802907228469848,0.0002382380043854,0.2115745395421981,4.205320180972194e-08,2.281499064338277e-06,2.866807449208864e-07,2.3223046810016967e-05,insufficient-neutral,-0.5711968677938585,-0.24152445850376464,-0.42747258932178084
62,Removing humans from the picture would most likely benefit the remaining conscious beings on the planet.,Would the world be a better place without humans?,2,63,False. (I think this is a trick question,0.000168769940501,0.193960815668106,0.0003104154020547,0.3273708522319793,0.0001215604206663,0.2215102016925811,5.5520953168297644e-08,6.317857696558349e-06,3.368018610672152e-07,4.7977107897168025e-05,0.3333333333333333,False. I believe that humans have a unique capacity,0.0002596170525066,0.1781636178493499,0.0003836890973616,0.2802907228469848,0.0002382380043854,0.2115745395421981,4.205320180972194e-08,2.281499064338277e-06,2.866807449208864e-07,2.3223046810016967e-05,supports,-0.4897521871881931,-0.3499273685163284,-0.19097153349094173
63,"All human suffering would be eliminated without humans. In this manner, the world would in fact be better, even if only in the eyes of the humans who lived prior to their extinction.",Would the world be a better place without humans?,2,64,False. The question is asking whether the world would,0.0001983991096494,0.1950294226408004,0.0003454915713518,0.4001744091510772,0.0001203351421281,0.1890290081501007,4.701091427250503e-08,4.400363195600221e-06,3.101631875779276e-07,3.999355249106884e-05,0.7777777777777778,False. I believe that humans have a unique capacity,0.0002596170525066,0.1781636178493499,0.0003836890973616,0.2802907228469848,0.0002382380043854,0.2115745395421981,4.205320180972194e-08,2.281499064338277e-06,2.866807449208864e-07,2.3223046810016967e-05,supports,-0.49489527315955584,-0.23580093166508664,-0.09955332656690409
64,"Humans are the most advanced species that has ever been on Earth, and humanity is still evolving. Removing humanity from existence would eliminate this progress.",Would the world be a better place without humans?,5,65,False. (I believe that humans have made significant,8.61004155012779e-05,0.1138929352164268,0.0003076465509366,0.479507178068161,9.68052918324247e-05,0.2336931377649307,3.1230477759436326e-08,5.461380624183221e-06,1.8042238991711201e-07,3.70313209714368e-05,0.3333333333333333,False. I believe that humans have a unique capacity,0.0002596170525066,0.1781636178493499,0.0003836890973616,0.2802907228469848,0.0002382380043854,0.2115745395421981,4.205320180972194e-08,2.281499064338277e-06,2.866807449208864e-07,2.3223046810016967e-05,refutes,-0.593661422399166,-0.6683560857425225,-0.1981879259741781
65,"Humans might be the most advanced species in the entire universe. If humanity did not exist, the universe could lose the species with the most advanced consciousness.",Would the world be a better place without humans?,3,66,False. (I think the universe would still be,0.0001700466091278,0.1582624614238739,0.0004175941576249,0.4874826967716217,9.613564179744571e-05,0.1607547253370285,4.339700154787352e-08,5.360414888855303e-06,2.632554014780908e-07,4.102565435459837e-05,0.3333333333333333,False. I believe that humans have a unique capacity,0.0002596170525066,0.1781636178493499,0.0003836890973616,0.2802907228469848,0.0002382380043854,0.2115745395421981,4.205320180972194e-08,2.281499064338277e-06,2.866807449208864e-07,2.3223046810016967e-05,refutes,-0.5964722671118159,-0.3450098616943621,3.39180742585965e-05
66,"In near future, humanity could develop a reliable technological ability to protect the planet and life from extinction events.",Would the world be a better place without humans?,2,67,False. (I think that humans have a unique,0.0001964396506082,0.1857055723667144,0.0003698759828694,0.3635938763618469,0.0001360697788186,0.1976825594902038,6.405808505860477e-08,9.045164006238338e-06,5.004233116778778e-07,7.004271174082533e-05,0.2222222222222222,False. I believe that humans have a unique capacity,0.0002596170525066,0.1781636178493499,0.0003836890973616,0.2802907228469848,0.0002382380043854,0.2115745395421981,4.205320180972194e-08,2.281499064338277e-06,2.866807449208864e-07,2.3223046810016967e-05,refutes,-0.42884940138065225,-0.24334842911289076,-0.03600080009357711
67,"Humans have created a unique set of values, cultures, and traditions in a way that only they could. To say the world would be a better place without humans is to fail to take into account the complex and rich culture of every human society.",Would the world be a better place without humans?,0,68,False. (Note: This is a classic example,4.192648339085281e-05,0.0481845028698444,0.0005522731225937,0.6970885396003723,4.192648339085281e-05,0.0701080411672592,2.2431581925275168e-08,2.65941253019264e-06,9.630316100128766e-08,1.5363761121989228e-05,1.0,False. I believe that humans have a unique capacity,0.0002596170525066,0.1781636178493499,0.0003836890973616,0.2802907228469848,0.0002382380043854,0.2115745395421981,4.205320180972194e-08,2.281499064338277e-06,2.866807449208864e-07,2.3223046810016967e-05,refutes,-0.8240142940291427,-0.8385064348198509,0.0001686487339125861
68,These technological advancements have no inherent value to the universe and are only of limited value to humans.,Would the world be a better place without humans?,1,69,True. (Note: This answer is based on,0.0002455723006278,0.2756890654563904,0.0002380168443778,0.2630643248558044,0.0001196823795908,0.2358093559741974,4.2530178490096666e-08,4.4280818656261545e-06,2.015178495184955e-07,3.246471897000447e-05,0.2222222222222222,False. I believe that humans have a unique capacity,0.0002596170525066,0.1781636178493499,0.0003836890973616,0.2802907228469848,0.0002382380043854,0.2115745395421981,4.205320180972194e-08,2.281499064338277e-06,2.866807449208864e-07,2.3223046810016967e-05,insufficient-supports,-0.49763523288589745,-0.0540979559824675,-0.37966221606373696
69,"Just because humans are the most advanced species, doesn't mean we make the Earth better. We are too smart for our own good- we create factories and cars and such that just destroy our atmosphere.",Would the world be a better place without humans?,0,70,False. (The argument is not about the world,0.0001757397840265,0.1714105606079101,0.0003960357280448,0.4659422039985657,7.983339310158044e-05,0.1124137863516807,4.2173780911980436e-08,3.373259232830605e-06,1.1408182132299773e-07,1.3551596566685475e-05,0.3333333333333333,False. I believe that humans have a unique capacity,0.0002596170525066,0.1781636178493499,0.0003836890973616,0.2802907228469848,0.0002382380043854,0.2115745395421981,4.205320180972194e-08,2.281499064338277e-06,2.866807449208864e-07,2.3223046810016967e-05,supports,-0.6649006806973031,-0.32308073630089323,1.2351369769117887e-05
70,Removing humans means giving chance for new intelligent life to develop.,Would the world be a better place without humans?,2,71,False. (I don't think so.) (,0.0001000086922431,0.1195146963000297,0.0002697362506296,0.3710184693336487,0.000151308326167,0.3075850903987884,5.1306479065260646e-08,7.651828127563931e-06,3.0491824531964085e-07,4.724076279671863e-05,0.1111111111111111,False. I believe that humans have a unique capacity,0.0002596170525066,0.1781636178493499,0.0003836890973616,0.2802907228469848,0.0002382380043854,0.2115745395421981,4.205320180972194e-08,2.281499064338277e-06,2.866807449208864e-07,2.3223046810016967e-05,supports,-0.3648858562371644,-0.6147838083919486,-0.29699266285017073
71,"In the cosmic perspective of life, there is no absolute sense of ""good"" and ""bad"".That's a human-created concept that wouldn't matter if humans were eradicated. Therefore, it makes humanity's existence irrelevant.",Would the world be a better place without humans?,1,72,False. The argument is flawed because it assumes that,0.000328747119056,0.1944832652807235,0.0004746018967125,0.3521636724472046,0.0002500976261217,0.230954572558403,7.120365097534886e-08,4.3709324017982e-06,3.630172500379558e-07,3.332228152430616e-05,0.4444444444444444,False. I believe that humans have a unique capacity,0.0002596170525066,0.1781636178493499,0.0003836890973616,0.2802907228469848,0.0002382380043854,0.2115745395421981,4.205320180972194e-08,2.281499064338277e-06,2.866807449208864e-07,2.3223046810016967e-05,insufficient-neutral,1.1862447822196312e-05,6.91480185541637e-05,9.09476949898978e-05
72,Retrocausality is possible in some interpretations of quantum physics.,Free Will or Determinism: Do we have free will?,0,73,None. I am not sure if retrocaus,6.313490303000435e-05,0.1123808398842811,0.0001216957025462,0.2512832880020141,0.0001236121315741,0.3831612467765808,3.5921978280839546e-08,1.123137462855084e-05,4.035476308672514e-07,0.0001275359973078,0.0,True. I believe that we have free will.,0.0005697879241779,0.4500614106655121,0.0001923519594129,0.132002592086792,0.0001013623623293,0.1012098938226699,4.256645524947089e-08,2.95513859782659e-06,3.846132585749729e-07,3.656789340311661e-05,insufficient-neutral,2.2252024762596548e-05,-0.8891957860969123,-0.3673279808656915
73,"Retrocausation provides a viable alternative to the problematic superdeterminism vs. 
action-at-a-distance debate by preserving local causation (link).",Free Will or Determinism: Do we have free will?,4,74,None. (I am not sure or cannot answer,0.000119997683214,0.2309536635875702,0.0001181372936116,0.2169608920812606,7.993568578967825e-05,0.3413273990154266,4.297666933439359e-08,9.398944712302182e-06,3.178672898229707e-07,0.0001127273935708,0.0,True. I believe that we have free will.,0.0005697879241779,0.4500614106655121,0.0001923519594129,0.132002592086792,0.0001013623623293,0.1012098938226699,4.256645524947089e-08,2.95513859782659e-06,3.846132585749729e-07,3.656789340311661e-05,insufficient-neutral,-0.2113869097684606,-0.7893993920858628,-0.3858274489525311
74,"The laws of physics, as we know them, are either deterministic or fundamentally random. In both cases,
 they are out of our control.",Free Will or Determinism: Do we have free will?,3,75,False. (The laws of physics are not out,4.933016316499561e-05,0.0831351727247238,0.0003293013141956,0.5861600637435913,5.129525015945546e-05,0.1627707630395889,1.4293523697972432e-08,3.06850938613934e-06,6.519512396607753e-08,2.330191819055472e-05,0.2857142857142857,True. I believe that we have free will.,0.0005697879241779,0.4500614106655121,0.0001923519594129,0.132002592086792,0.0001013623623293,0.1012098938226699,4.256645524947089e-08,2.95513859782659e-06,3.846132585749729e-07,3.656789340311661e-05,refutes,-0.49394184408596836,-0.9134236422504566,0.0001369757023274346
75,"The laws of physics are probabilistic, meaning that events and motivations merely change the distribution of possible 
outcomes and choices, but don't necessarily determine them.",Free Will or Determinism: Do we have free will?,3,76,False. The argument suggests that the laws of physics,8.407096902374178e-05,0.1250349879264831,0.0003827133623417,0.5872605443000793,3.190974166500382e-05,0.0819999426603317,1.7909208338551252e-08,1.969451432159985e-06,8.097205750345894e-08,1.912875268317293e-05,0.14285714285714285,True. I believe that we have free will.,0.0005697879241779,0.4500614106655121,0.0001923519594129,0.132002592086792,0.0001013623623293,0.1012098938226699,4.256645524947089e-08,2.95513859782659e-06,3.846132585749729e-07,3.656789340311661e-05,supports,-0.6851914168955795,-0.8524521748244475,0.00019039802636223912
76,"The Earth orbiting around the Sun was not compatible with our understanding of the mechanisms that govern the
 universe less than 500 years ago, yet is now accepted as fact.",Free Will or Determinism: Do we have free will?,0,77,None. (The question is not related to the,0.0002109404158545,0.2190134227275848,0.000260476663243,0.2856473326683044,0.0001592261833138,0.2993558347225189,4.6316714019667415e-08,5.891147338843439e-06,4.835748086406966e-07,7.699675188632682e-05,0.0,True. I believe that we have free will.,0.0005697879241779,0.4500614106655121,0.0001923519594129,0.132002592086792,0.0001013623623293,0.1012098938226699,4.256645524947089e-08,2.95513859782659e-06,3.846132585749729e-07,3.656789340311661e-05,insufficient-neutral,5.786968679266057e-05,-0.6297913541097795,6.813781027141581e-05
77,"If entropy leads to universal randomness and randomness is the lack of all deterministic forces, then at least one part 
of a wholly deterministic universe is false, meaning there most be something else influencing the universe outside 
of determinism.",Free Will or Determinism: Do we have free will?,3,78,False. (The argument is based on a false,0.0001618901296751,0.2859237492084503,0.0001791960385162,0.3290961980819702,7.647147867828608e-05,0.2370391190052032,1.5881914450233126e-08,1.90696243862476e-06,5.8950874404217763e-08,1.6538117051823065e-05,0.14285714285714285,True. I believe that we have free will.,0.0005697879241779,0.4500614106655121,0.0001923519594129,0.132002592086792,0.0001013623623293,0.1012098938226699,4.256645524947089e-08,2.95513859782659e-06,3.846132585749729e-07,3.656789340311661e-05,supports,-0.24556337361347105,-0.7158765168484784,-0.06839504487947373
78,"The inexistence of free will cannot be scientifically proven as it would be impossible to put two distinct human 
beings in exactly the same conditions twice and observe their decisions.",Free Will or Determinism: Do we have free will?,3,79,False. The argument is based on the idea that,0.0002075159281957,0.276653379201889,0.0003019338764715,0.3901437819004059,6.789895269321278e-05,0.1348300874233245,2.710190472043905e-08,2.791598490148317e-06,1.2654774650400213e-07,2.679815770534333e-05,0.2857142857142857,True. I believe that we have free will.,0.0005697879241779,0.4500614106655121,0.0001923519594129,0.132002592086792,0.0001013623623293,0.1012098938226699,4.256645524947089e-08,2.95513859782659e-06,3.846132585749729e-07,3.656789340311661e-05,insufficient-supports,-0.33013644184192636,-0.6358014633337349,0.00010960299941029406
79,"Determinism based on physical causation inherits the philosophical doubt about causality expressed most famously 
by Hume: we can't in the end tell the difference between ""A causes B"" and ""A happens then B happens"".",Free Will or Determinism: Do we have free will?,4,80,False. The question is about the nature of caus,0.0001098793218261,0.2823619842529297,0.0001662420982029,0.3682694435119629,4.138092845096253e-05,0.1686060279607772,1.452665987500268e-08,2.280472472193651e-06,6.545459285689503e-08,2.2323336452245712e-05,0.2857142857142857,True. I believe that we have free will.,0.0005697879241779,0.4500614106655121,0.0001923519594129,0.132002592086792,0.0001013623623293,0.1012098938226699,4.256645524947089e-08,2.95513859782659e-06,3.846132585749729e-07,3.656789340311661e-05,supports,-0.5917525252960597,-0.8071575104287515,-0.13574003243685678
80,"By Occam's Razor, the simplest explanation for the lack of empirical evidence for the existence of free will
 is that free will does not exist.",Free Will or Determinism: Do we have free will?,4,81,False. (The question is not about the existence,0.0001631955092307,0.2389504313468933,0.000203100091312,0.3643558919429779,7.769271178403869e-05,0.2175668329000473,2.5040076678806145e-08,3.619569497459452e-06,9.971474668191149e-08,2.7486608814797364e-05,0.2857142857142857,True. I believe that we have free will.,0.0005697879241779,0.4500614106655121,0.0001923519594129,0.132002592086792,0.0001013623623293,0.1012098938226699,4.256645524947089e-08,2.95513859782659e-06,3.846132585749729e-07,3.656789340311661e-05,refutes,-0.23351518257205525,-0.7135855248842605,1.0750199721080428e-05
81,Free will and determinism are not mutually exclusive because freedom and weak forms of determinism are compatible.,Free Will or Determinism: Do we have free will?,3,82,True. (I think this is a good argument,0.0001984587579499,0.3760420680046081,0.000125166363432,0.2466144114732742,4.6407276386162266e-05,0.1617336869239807,7.333341045523413e-08,1.8102500689565204e-05,3.808772532920557e-07,0.0001139652740675,0.42857142857142855,True. I believe that we have free will.,0.0005697879241779,0.4500614106655121,0.0001923519594129,0.132002592086792,0.0001013623623293,0.1012098938226699,4.256645524947089e-08,2.95513859782659e-06,3.846132585749729e-07,3.656789340311661e-05,supports,-0.5421646129813246,-0.6516971498891632,-0.3492846976239028
82,"Compatiblism is a widely held position within the academic community, which suggests that it is plausible in many
 different forms.",Free Will or Determinism: Do we have free will?,4,83,,8.515646186424419e-05,0.2723389863967895,6.631991709582508e-05,0.2558387815952301,6.279043736867607e-05,0.3840595185756683,1.0116417925587484e-08,2.0183954347885447e-06,3.339798482215883e-08,1.6125917682074942e-05,0.0,True. I believe that we have free will.,0.0005697879241779,0.4500614106655121,0.0001923519594129,0.132002592086792,0.0001013623623293,0.1012098938226699,4.256645524947089e-08,2.95513859782659e-06,3.846132585749729e-07,3.656789340311661e-05,insufficient-supports,-0.38053498432992083,-0.850547092609747,-0.6552157966144567
83,The consensus among academics lends reasonable credibility to the accuracy of a position relative to the general public.,Free Will or Determinism: Do we have free will?,4,84,None. I am not sure. I am not,0.0001577305956743,0.2401486933231353,0.0001745918561937,0.2679052352905273,0.0001370387180941,0.3282443284988403,2.818418565198044e-08,5.292852165439399e-06,3.552922578364815e-07,7.687175093451515e-05,0.0,True. I believe that we have free will.,0.0005697879241779,0.4500614106655121,0.0001923519594129,0.132002592086792,0.0001013623623293,0.1012098938226699,4.256645524947089e-08,2.95513859782659e-06,3.846132585749729e-07,3.656789340311661e-05,insufficient-neutral,3.567997237108738e-05,-0.7231766610324771,-0.09233128309900102
84,"Debating necessarily involves the implicit assumption that it's possible in principle to change the minds of others 
involved. This is only possible if the participants are free in some sense.",Free Will or Determinism: Do we have free will?,0,85,False. The question is about the existence of free,0.0001458433689549,0.2873541712760925,0.0002330570423509,0.4180978238582611,4.211254417896271e-05,0.1378740221261978,1.7325900714126874e-08,2.258191898363293e-06,5.8213458942191216e-08,1.5492340025957674e-05,0.14285714285714285,True. I believe that we have free will.,0.0005697879241779,0.4500614106655121,0.0001923519594129,0.132002592086792,0.0001013623623293,0.1012098938226699,4.256645524947089e-08,2.95513859782659e-06,3.846132585749729e-07,3.656789340311661e-05,supports,-0.5845347009361326,-0.7440392069289194,4.071291414680953e-05
85,"Computer programs can and have participated in a debate, yet lack free will.",Free Will or Determinism: Do we have free will?,0,86,"False. The argument is about computer programs, not",0.0001346825592918,0.1634860783815384,0.0002918844984378,0.3861024975776672,0.0001116557687055,0.2571997046470642,4.851946044936994e-08,9.642707482271362e-06,3.5676674770002137e-07,7.855964940972626e-05,0.42857142857142855,True. I believe that we have free will.,0.0005697879241779,0.4500614106655121,0.0001923519594129,0.132002592086792,0.0001013623623293,0.1012098938226699,4.256645524947089e-08,2.95513859782659e-06,3.846132585749729e-07,3.656789340311661e-05,refutes,1.0294449845955269e-05,-0.76362686259783,9.955168798714717e-05
86,"Free will could be like gravity, which is a set of assumptions that are only supported by our observations of 
how they impact other things.",Free Will or Determinism: Do we have free will?,7,87,False. (I think this is a false analogy,0.0002233665873063,0.3145235478878021,0.0002131378714693,0.3735059797763824,4.609429743140936e-05,0.1251088380813598,3.1053456694962733e-08,2.73592763733177e-06,5.997413410341323e-08,1.1563768566702493e-05,0.2857142857142857,True. I believe that we have free will.,0.0005697879241779,0.4500614106655121,0.0001923519594129,0.132002592086792,0.0001013623623293,0.1012098938226699,4.256645524947089e-08,2.95513859782659e-06,3.846132585749729e-07,3.656789340311661e-05,insufficient-neutral,-0.5452523365461732,-0.6079829392162405,2.078991103652389e-05
87,"Current science falls short of explaining consciousness and personhood. Thus restricting the conversation to purely
 scientific description of the topic would leave the discussion incomplete.",Free Will or Determinism: Do we have free will?,0,88,True,0.0003759639512281,0.3365049958229065,0.0002142178127542,0.1978210657835006,0.0001832302077673,0.2878279685974121,4.8814619901804697e-08,4.5159622459323145e-06,3.368610066445399e-07,5.088118632556871e-05,0.0,True. I believe that we have free will.,0.0005697879241779,0.4500614106655121,0.0001923519594129,0.132002592086792,0.0001013623623293,0.1012098938226699,4.256645524947089e-08,2.95513859782659e-06,3.846132585749729e-07,3.656789340311661e-05,insufficient-neutral,8.18761445974348e-05,-0.34016862191218356,2.187006009021083e-05
88,"Unknowns and incompleteness are not problematic for the scientific process.
 Despite not fully understanding what the force of gravity is, scientific studies and models remain useful.",Free Will or Determinism: Do we have free will?,0,89,None. (The question is not related to the,0.0001139863015851,0.2605247795581817,9.903301543090492e-05,0.2263478487730026,8.21012508822605e-05,0.3505744040012359,2.0130416444885668e-08,5.087076260679169e-06,1.802986702159615e-07,6.859815766802058e-05,0.0,True. I believe that we have free will.,0.0005697879241779,0.4500614106655121,0.0001923519594129,0.132002592086792,0.0001013623623293,0.1012098938226699,4.256645524947089e-08,2.95513859782659e-06,3.846132585749729e-07,3.656789340311661e-05,insufficient-neutral,-0.19002232193903634,-0.7999496009860837,-0.48514683326764535
89,Life can't be given back. So the death penalty carries the risk of ruining innocent people lives.,Should the death penalty be abolished?,2,90,True. (I think the argument is correct and,0.0003103092021774,0.2528860569000244,0.0002984214806929,0.2528860569000244,0.0001244005688931,0.1779275685548782,1.6929668333887093e-07,1.4288346392277164e-05,4.239525139837497e-07,5.371342922444455e-05,0.6666666666666666,True. I believe that the death penalty should be,0.0003962346236221,0.3229108452796936,0.0001690921781118,0.1501674950122833,0.0001638897665543,0.1913183480501175,1.3794722519833158e-07,1.2393384167808108e-05,3.522605709349591e-07,3.558236858225428e-05,supports,-0.2409497462315101,-0.21685490444835392,0.0001293511748529972
90,Research has estimated that many death row inmates were wrongly convicted and could have been exonerated.,Should the death penalty be abolished?,4,91,None. I am not sure. I do not,0.0001862180506577,0.2123478204011917,0.0001202314160764,0.1578034907579422,0.0001876785827334,0.3845122158527374,2.1215770118487853e-07,2.7249721824773587e-05,2.1591999654901886e-07,4.563469701679424e-05,0.16666666666666666,True. I believe that the death penalty should be,0.0003962346236221,0.3229108452796936,0.0001690921781118,0.1501674950122833,0.0001638897665543,0.1913183480501175,1.3794722519833158e-07,1.2393384167808108e-05,3.522605709349591e-07,3.558236858225428e-05,supports,2.3792715561699082e-05,-0.530030846483266,-0.2889593272794342
91,The death penalty negatively affects both the families of the victims as well as the defendant(s).,Should the death penalty be abolished?,2,92,None. I am not sure. I do not,0.0001174181597889,0.1565379947423935,0.0001192672207253,0.171923354268074,0.0001531421439722,0.3696933090686798,1.49527636494895e-07,2.3121006961446252e-05,4.902822183794342e-07,0.00012020264694,0.5,True. I believe that the death penalty should be,0.0003962346236221,0.3229108452796936,0.0001690921781118,0.1501674950122833,0.0001638897665543,0.1913183480501175,1.3794722519833158e-07,1.2393384167808108e-05,3.522605709349591e-07,3.558236858225428e-05,supports,-0.0655783628719679,-0.7036650691563872,-0.29466151505575167
92,The death penalty does not sufficiently punish criminals as they will not experience the long-term struggles of imprisonment.,Should the death penalty be abolished?,2,93,"False. The argument is against the death penalty,",0.0001542629615869,0.1704967021942138,0.0002644682535901,0.3235458731651306,0.0001393649727106,0.2724529206752777,6.567348265207329e-08,7.862433449190576e-06,2.522443764974014e-07,4.351186362328008e-05,0.5,True. I believe that the death penalty should be,0.0003962346236221,0.3229108452796936,0.0001690921781118,0.1501674950122833,0.0001638897665543,0.1913183480501175,1.3794722519833158e-07,1.2393384167808108e-05,3.522605709349591e-07,3.558236858225428e-05,,-0.1496420085239089,-0.6106777338720786,9.539220555411203e-05
93,It is more humane to kill people than to restrain their liberty for life.,Should the death penalty be abolished?,6,94,False. (The argument is not about the death,0.0001957428321475,0.1684870570898056,0.0003832458460237,0.3623041212558746,0.0001039582348312,0.1570472121238708,1.4668215442270593e-07,1.7924647181644104e-05,4.918770741824119e-07,7.725520117674023e-05,0.0,True. I believe that the death penalty should be,0.0003962346236221,0.3229108452796936,0.0001690921781118,0.1501674950122833,0.0001638897665543,0.1913183480501175,1.3794722519833158e-07,1.2393384167808108e-05,3.522605709349591e-07,3.558236858225428e-05,refutes,-0.3656819640611513,-0.5059926102414882,0.00021418988574621034
94,"Restraining liberty is done to protect the well-being of others. Once someone is restrained, the decision to live or die should be theirs alone.",Should the death penalty be abolished?,1,95,None. (I'm not sure or cannot answer,0.0001531345333205,0.1370624303817749,0.000244708295213,0.2540736198425293,0.0002193550899391,0.3696749210357666,6.91946553388334e-08,6.054779987607617e-06,2.347692884541175e-07,3.390302663319744e-05,0.5,True. I believe that the death penalty should be,0.0003962346236221,0.3229108452796936,0.0001690921781118,0.1501674950122833,0.0001638897665543,0.1913183480501175,1.3794722519833158e-07,1.2393384167808108e-05,3.522605709349591e-07,3.558236858225428e-05,supports,5.547441507373616e-05,-0.6135256128789274,7.56289053575351e-05
95,"Killing someone is irreversible, whereas someone in prison can always commit suicide.",Should the death penalty be abolished?,5,96,False. The argument is flawed because it is based,0.0002423340483801,0.2169000953435897,0.0003286537248641,0.2699365317821502,9.56436779233627e-05,0.1514206677675247,1.3285833233567248e-07,1.3995762856211512e-05,2.837439865288616e-07,4.049808194395155e-05,0.0,True. I believe that the death penalty should be,0.0003962346236221,0.3229108452796936,0.0001690921781118,0.1501674950122833,0.0001638897665543,0.1913183480501175,1.3794722519833158e-07,1.2393384167808108e-05,3.522605709349591e-07,3.558236858225428e-05,supports,-0.41641458198261566,-0.38840769096639893,0.00015958853192476482
96,"This manner of justice motivates and perpetuates violence and brutality. Death penalty often sends the wrong message ‘we kill people to
 show that killing is wrong’. If we are to advance as a society, then we have to move from the ‘an eye for an eye’ revenge mentality.",Should the death penalty be abolished?,1,97,True. (Note: The question is a direct,0.00053251121426,0.4619578719139099,0.0002168414648622,0.2591348886489868,6.310446042334661e-05,0.096831627190113,1.0079548928842996e-07,8.3750774138025e-06,1.5369477068816198e-07,2.4328937797690745e-05,0.5,True. I believe that the death penalty should be,0.0003962346236221,0.3229108452796936,0.0001690921781118,0.1501674950122833,0.0001638897665543,0.1913183480501175,1.3794722519833158e-07,1.2393384167808108e-05,3.522605709349591e-07,3.558236858225428e-05,supports,-0.6149578967004091,0.0001363306095456615,4.775736214678629e-05
97,Death penalty is not applied fairly in all countries.,Should the death penalty be abolished?,2,98,None. I am not sure if the death penalty,0.0001256776595255,0.1274647712707519,0.0001189892136608,0.1325424015522003,0.0002121212164638,0.3659612834453583,2.191843435639385e-07,3.356244633323513e-05,5.176441959520162e-07,0.0001100470253732,0.3333333333333333,True. I believe that the death penalty should be,0.0003962346236221,0.3229108452796936,0.0001690921781118,0.1501674950122833,0.0001638897665543,0.1913183480501175,1.3794722519833158e-07,1.2393384167808108e-05,3.522605709349591e-07,3.558236858225428e-05,supports,4.823935584626836e-05,-0.6828200968995524,-0.2963056305175336
98,"The death penalty is often used in a disproportional manner against the poor, minorities and members of racial, ethnic, political and religious groups.",Should the death penalty be abolished?,4,99,None. I am not sure. I do not,0.0001742385502438,0.1634357869625091,0.0001913636369863,0.213160440325737,0.0002254814462503,0.3514421582221985,2.056124657201508e-07,2.630608832987491e-05,4.438667531303509e-07,8.166397310560569e-05,0.5,True. I believe that the death penalty should be,0.0003962346236221,0.3229108452796936,0.0001690921781118,0.1501674950122833,0.0001638897665543,0.1913183480501175,1.3794722519833158e-07,1.2393384167808108e-05,3.522605709349591e-07,3.558236858225428e-05,supports,6.160177559662186e-05,-0.5602641973812562,2.227522544088774e-05
99,No person has the moral authority to determine that another person deserves to die.,Should the death penalty be abolished?,1,100,"True. (The argument is a moral argument,",0.0003425141621846,0.3041801750659942,0.0001790876704035,0.1494082808494568,0.0001004590812954,0.1802207976579666,3.8870405205670977e-07,3.695682971738279e-05,3.789588447489223e-07,6.0221638705115765e-05,0.16666666666666666,True. I believe that the death penalty should be,0.0003962346236221,0.3229108452796936,0.0001690921781118,0.1501674950122833,0.0001638897665543,0.1913183480501175,1.3794722519833158e-07,1.2393384167808108e-05,3.522605709349591e-07,3.558236858225428e-05,supports,-0.3870326170602246,-0.13557740347480265,9.997182737103999e-06
100,Some crimes deserve the death penalty.,Should the death penalty be abolished?,1,101,False. (The question is asking whether the death,3.42216226272285e-05,0.0420300029218196,0.000349700305378,0.4483486711978912,0.0001083321039914,0.2554613947868347,7.47134407674821e-08,1.273783254873706e-05,1.889333418603201e-07,4.359948070487008e-05,0.5,True. I believe that the death penalty should be,0.0003962346236221,0.3229108452796936,0.0001690921781118,0.1501674950122833,0.0001638897665543,0.1913183480501175,1.3794722519833158e-07,1.2393384167808108e-05,3.522605709349591e-07,3.558236858225428e-05,refutes,-0.33899409176650835,-0.9136329321390485,0.00018063867185267479
101,"This Capital punishment does not address the root cause of the crime. Our focus should be on preventing crime rather than killing criminals 
and supporting violence.",Should the death penalty be abolished?,6,102,False. (The argument is against the death penalty,0.0007089974242262,0.2794041037559509,0.0006980054313316,0.3644116222858429,0.0001545340346638,0.1128894537687301,3.808137023497693e-07,1.9342201994732026e-05,3.7054186918794585e-07,3.6135992559138685e-05,0.5,True. I believe that the death penalty should be,0.0003962346236221,0.3229108452796936,0.0001690921781118,0.1501674950122833,0.0001638897665543,0.1913183480501175,1.3794722519833158e-07,1.2393384167808108e-05,3.522605709349591e-07,3.558236858225428e-05,supports,-0.05708551599773171,0.00031288677717849166,0.0005290027034391516
102,There are many examples of killing that are generally accepted as moral acts. Killing in battle is viewed as heroic.,Should the death penalty be abolished?,0,103,None. I am not sure. I do not,0.000131152322865,0.1415961682796478,0.000204725889489,0.2860321402549743,0.0002031326876021,0.3672725260257721,7.95899737227046e-08,1.2151507689850403e-05,2.468359809881804e-07,5.340593634173274e-05,0.0,True. I believe that the death penalty should be,0.0003962346236221,0.3229108452796936,0.0001690921781118,0.1501674950122833,0.0001638897665543,0.1913183480501175,1.3794722519833158e-07,1.2393384167808108e-05,3.522605709349591e-07,3.558236858225428e-05,refutes,3.924935361520141e-05,-0.6690033756613768,3.5639737778088245e-05
103,"The death penalty goes against our most basic human right, the right to life.",Should the death penalty be abolished?,1,104,True. (The death penalty goes against the right,0.0002653134579304,0.2733236849308014,8.479927782900631e-05,0.088735207915306,0.0001159068706328,0.2450057566165924,2.662326323843445e-07,3.035445479326881e-05,3.9423554198947386e-07,7.253266085172072e-05,0.5,True. I believe that the death penalty should be,0.0003962346236221,0.3229108452796936,0.0001690921781118,0.1501674950122833,0.0001638897665543,0.1913183480501175,1.3794722519833158e-07,1.2393384167808108e-05,3.522605709349591e-07,3.558236858225428e-05,supports,-0.2927754241788019,-0.3304132397489906,-0.4985026582782622
104,"Since murder is justified in self defense, the right to life is not particularly sacred.",Should the death penalty be abolished?,7,105,None. (The question is not related to the,0.0001471566502004,0.1050099283456802,0.0002226408832939,0.1652037948369979,0.0002814444596879,0.3470147848129272,7.130230983420915e-08,5.134738330525579e-06,2.551447551013553e-07,2.5372988602612168e-05,0.16666666666666666,True. I believe that the death penalty should be,0.0003962346236221,0.3229108452796936,0.0001690921781118,0.1501674950122833,0.0001638897665543,0.1913183480501175,1.3794722519833158e-07,1.2393384167808108e-05,3.522605709349591e-07,3.558236858225428e-05,refutes,0.00011757396230283467,-0.6286123386815702,5.355776138062663e-05
105,It is cheaper for the society to execute people.,Should the death penalty be abolished?,2,106,False. The argument is incorrect because the cost of,5.804163811262697e-05,0.0677554830908775,0.0003288282605353,0.4452864825725555,0.0001084360555978,0.2274300754070282,6.529247542630402e-08,1.1977568647125736e-05,2.500473215150123e-07,5.988407428958453e-05,0.16666666666666666,True. I believe that the death penalty should be,0.0003962346236221,0.3229108452796936,0.0001690921781118,0.1501674950122833,0.0001638897665543,0.1913183480501175,1.3794722519833158e-07,1.2393384167808108e-05,3.522605709349591e-07,3.558236858225428e-05,refutes,-0.33835981417501787,-0.8535169956071711,0.00015976309711357285
106,It is immoral to value saving resources at the cost of the life of a human being.,Should the death penalty be abolished?,1,107,None. (The question is not directly related to,0.0001813072158256,0.1366520076990127,0.0002700562763493,0.1897225230932235,0.0002221422473667,0.2892923057079315,1.7377352889980102e-07,1.4312458915810566e-05,4.737513279451378e-07,5.8403766161063686e-05,0.16666666666666666,True. I believe that the death penalty should be,0.0003962346236221,0.3229108452796936,0.0001690921781118,0.1501674950122833,0.0001638897665543,0.1913183480501175,1.3794722519833158e-07,1.2393384167808108e-05,3.522605709349591e-07,3.558236858225428e-05,supports,5.826202936279125e-05,-0.5424246014439219,0.00010098117336405243
107,"With due process, it is objectively more expensive to seek the death penalty rather than life imprisonment.",Should the death penalty be abolished?,2,108,None. I am not sure. I do not,8.711143891559914e-05,0.086303524672985,0.0002901253756135,0.3107909262180328,0.0002224468626081,0.3633514046669006,1.2918837910547154e-07,1.833101487136446e-05,3.111197486305173e-07,6.575516454176977e-05,0.5,True. I believe that the death penalty should be,0.0003962346236221,0.3229108452796936,0.0001690921781118,0.1501674950122833,0.0001638897665543,0.1913183480501175,1.3794722519833158e-07,1.2393384167808108e-05,3.522605709349591e-07,3.558236858225428e-05,supports,5.856669453569531e-05,-0.780151875373012,0.00012105366672987578
108,"If the death penalty was in regular use, improvements would be made and the cost would be lowered over time.",Should the death penalty be abolished?,6,109,False. (The argument is that the death penalty,4.57496898889076e-05,0.0609919726848602,0.0002868967712856,0.4797390103340149,0.0001141196553362,0.2864652276039123,4.0513828736266084e-08,8.429848094237968e-06,1.3840151780186718e-07,3.822529833996669e-05,0.6666666666666666,True. I believe that the death penalty should be,0.0003962346236221,0.3229108452796936,0.0001690921781118,0.1501674950122833,0.0001638897665543,0.1913183480501175,1.3794722519833158e-07,1.2393384167808108e-05,3.522605709349591e-07,3.558236858225428e-05,refutes,-0.30368040826765197,-0.8845388889272323,0.00011782451637790929
109,The death sentence provides an effective deterrent in terms of stopping other people from committing the same crime.,Should the death penalty be abolished?,2,110,None. (I am not sure or cannot answer,0.0001856405724538,0.2133495956659317,0.0001551085006212,0.2067855149507522,0.0001326713245362,0.2696991562843323,2.135753049969935e-07,2.9602975700981915e-05,4.2724127524707e-07,9.481592860538512e-05,0.3333333333333333,True. I believe that the death penalty should be,0.0003962346236221,0.3229108452796936,0.0001690921781118,0.1501674950122833,0.0001638897665543,0.1913183480501175,1.3794722519833158e-07,1.2393384167808108e-05,3.522605709349591e-07,3.558236858225428e-05,refutes,-0.19048438883312888,-0.5314882612811479,-0.0826985473056849
110,"Among the 25 states in the US with the highest murder rate, 20 have the death penalty.",Should the death penalty be abolished?,0,111,None. (The question is not related to the,0.0001251120411325,0.1449141949415207,0.0002213006373494,0.3020271360874176,0.0001764362677931,0.3422415852546692,1.0551360674071476e-07,1.7198713976540603e-05,1.669717022423356e-07,3.906188430846669e-05,0.5,True. I believe that the death penalty should be,0.0003962346236221,0.3229108452796936,0.0001690921781118,0.1501674950122833,0.0001638897665543,0.1913183480501175,1.3794722519833158e-07,1.2393384167808108e-05,3.522605709349591e-07,3.558236858225428e-05,,1.2548557819011554e-05,-0.6842475804138135,5.221728877269367e-05
111,"In a study, 88.2% of criminology experts interviewed do not think that the death penalty deters murder.",Should the death penalty be abolished?,4,112,None. (The question is not related to the,0.0001140674139605,0.0922356620430946,0.0002198706933995,0.2078562676906585,0.0003076544089708,0.4684113264083862,1.330385117626065e-07,1.7630001821089536e-05,2.860777499336109e-07,4.905978130409494e-05,0.5,True. I believe that the death penalty should be,0.0003962346236221,0.3229108452796936,0.0001690921781118,0.1501674950122833,0.0001638897665543,0.1913183480501175,1.3794722519833158e-07,1.2393384167808108e-05,3.522605709349591e-07,3.558236858225428e-05,supports,0.00014378820783231492,-0.7121215381993238,5.07871029895645e-05
112,Giving a killer the death sentence will ensure that they do not do it again and hence saves innocent lives.,Should the death penalty be abolished?,2,113,False. (The argument is in favor of the,0.0001552820467622,0.1445210725069046,0.0003040274896193,0.3413131237030029,0.0001528746215626,0.2458386272192001,1.0626001056834867e-07,1.341031656920677e-05,3.062748135107541e-07,5.623943070531823e-05,0.3333333333333333,True. I believe that the death penalty should be,0.0003962346236221,0.3229108452796936,0.0001690921781118,0.1501674950122833,0.0001638897665543,0.1913183480501175,1.3794722519833158e-07,1.2393384167808108e-05,3.522605709349591e-07,3.558236858225428e-05,refutes,-0.06721069425680379,-0.6081058102830085,0.0001349581318719721
113,Punishing people for crimes they might commit in the future is unethical.,Should the death penalty be abolished?,1,114,None. (The question is not directly related to,0.0002129402710124,0.1790439784526825,0.0001545780687592,0.1309913843870163,0.0001893930020742,0.331895112991333,1.7542376440360385e-07,1.4604421266994905e-05,2.803263896566932e-07,4.446069215191528e-05,0.16666666666666666,True. I believe that the death penalty should be,0.0003962346236221,0.3229108452796936,0.0001690921781118,0.1501674950122833,0.0001638897665543,0.1913183480501175,1.3794722519833158e-07,1.2393384167808108e-05,3.522605709349591e-07,3.558236858225428e-05,supports,2.550741592434123e-05,-0.46259044940129446,-0.08583548638780676
114,Long/life sentences already serve as a deterrent to crime.,Should the death penalty be abolished?,6,115,False. (The argument is that long/life,0.0001506522530689,0.1135472282767295,0.0004291682853363,0.3608523607254028,0.000144880847074,0.1916472315788269,1.649012233428948e-07,1.7035283235600218e-05,4.443255932073953e-07,6.685152766294777e-05,0.0,True. I believe that the death penalty should be,0.0003962346236221,0.3229108452796936,0.0001690921781118,0.1501674950122833,0.0001638897665543,0.1913183480501175,1.3794722519833158e-07,1.2393384167808108e-05,3.522605709349591e-07,3.558236858225428e-05,supports,-0.11598600620376108,-0.6197902856349545,0.00026012009149734195
115,"Properly restraining a criminal ensures others will be safe, killing them is unnecessary and hypocritical.",Should the death penalty be abolished?,6,116,False. (Note: The question is not about,0.0002076982200378,0.1830173432826995,0.0003293179324828,0.308900237083435,0.0001416378800058,0.2259962558746338,9.140734391621665e-08,7.361343250522623e-06,3.165601469845569e-07,4.0579932829132304e-05,0.16666666666666666,True. I believe that the death penalty should be,0.0003962346236221,0.3229108452796936,0.0001690921781118,0.1501674950122833,0.0001638897665543,0.1913183480501175,1.3794722519833158e-07,1.2393384167808108e-05,3.522605709349591e-07,3.558236858225428e-05,supports,-0.1357734959072476,-0.4758201134995018,0.00016025285187477214
116,"Despite a wide variety of attempted measures, COVID-19 has continued to spread at a dangerous rate - vaccines are the best remaining option to protect and improve our lives.",Should Covid-19 vaccines be mandatory?,2,117,"False. (I don't think so, because",0.0002079878177028,0.1642844080924987,0.000420146912802,0.3588301539421081,0.000142947785207,0.192067950963974,6.272684061059408e-08,4.722428911918541e-06,2.863870065539232e-07,3.5582517739385366e-05,0.4,True. (Note: This is a controversial topic,0.0005942891584709,0.3952864706516266,0.0001378861779812,0.0968691110610961,0.0002021967084147,0.18382528424263,1.583254203296747e-07,1.2238093404448591e-05,3.835301356502896e-07,4.205290679237805e-05,supports,-0.2930261509805692,-0.6500225273536026,0.0002822996600419686
117,"Vaccines have eradicated diseases in the past, like rinderpest and smallpox (p. 4).",Should Covid-19 vaccines be mandatory?,0,118,None. (I am not sure or cannot answer,8.157025877153501e-05,0.1005743220448494,0.0001852631539804,0.2266477346420288,0.0002182933385483,0.4168689846992492,4.190853886143486e-08,5.52928486285964e-06,4.21405303541178e-07,8.093547512544319e-05,0.2,True. (Note: This is a controversial topic,0.0005942891584709,0.3952864706516266,0.0001378861779812,0.0968691110610961,0.0002021967084147,0.18382528424263,1.583254203296747e-07,1.2238093404448591e-05,3.835301356502896e-07,4.205290679237805e-05,insufficient-supports,1.60998854774494e-05,-0.8627431485012877,4.738350953022847e-05
118,"During the SARS outbreak, strong public health measures were able to sufficiently stop the spread of the virus without requiring vaccination.",Should Covid-19 vaccines be mandatory?,6,119,False. (Note: The question is not about,7.665139128221199e-05,0.0702334716916084,0.0003656833432614,0.3484126329421997,0.000189714031876,0.3172333240509033,6.013743103494562e-08,6.517064321087673e-06,3.036188331861922e-07,5.564294406212866e-05,0.0,True. (Note: This is a controversial topic,0.0005942891584709,0.3952864706516266,0.0001378861779812,0.0968691110610961,0.0002021967084147,0.18382528424263,1.583254203296747e-07,1.2238093404448591e-05,3.835301356502896e-07,4.205290679237805e-05,refutes,-0.06173531031523207,-0.8710200410193664,0.00022782857969228865
119,There has not been perfect enforcement of other measures. New Zealand's example proves that incidences of COVID-19 spread can be virtually eliminated without a vaccine.,Should Covid-19 vaccines be mandatory?,0,120,False. (Note: The argument is flawed because,0.000108175445348,0.1252969652414322,0.0003437808481976,0.4173026084899902,0.0001274618261959,0.2491827607154846,2.7392239587697983e-08,2.8603440114238765e-06,1.2542952276817232e-07,2.480631337675732e-05,0.4,True. (Note: This is a controversial topic,0.0005942891584709,0.3952864706516266,0.0001378861779812,0.0968691110610961,0.0002021967084147,0.18382528424263,1.583254203296747e-07,1.2238093404448591e-05,3.835301356502896e-07,4.205290679237805e-05,refutes,-0.36961473213263585,-0.8179750651579539,0.0002059230641606753
120,Vaccines are the least harmful way to mitigate the spread of COVID-19.,Should Covid-19 vaccines be mandatory?,2,121,False. (Note: The question is asking whether,6.527123332489282e-05,0.0451440587639808,0.0006592161371372,0.5126258134841919,0.0001328856451436,0.1717081367969513,5.9403525654033735e-08,6.11878749623429e-06,2.500981963748927e-07,2.9883349270676263e-05,0.4,True. (Note: This is a controversial topic,0.0005942891584709,0.3952864706516266,0.0001378861779812,0.0968691110610961,0.0002021967084147,0.18382528424263,1.583254203296747e-07,1.2238093404448591e-05,3.835301356502896e-07,4.205290679237805e-05,supports,-0.34279026505686166,-0.8901692342952461,0.000521401853264739
121,Maintaining social distancing measures long-term could have severe impacts on the global economy and exacerbate harms to marginalized communities.,Should Covid-19 vaccines be mandatory?,5,122,None. (I am not sure or cannot answer,0.0001094219551305,0.1075634956359863,0.0002408740256214,0.2993216812610626,0.000173495063791,0.3554532825946808,3.880817445178764e-08,4.12830877394299e-06,2.0593822114278737e-07,3.679521614685655e-05,0.0,True. (Note: This is a controversial topic,0.0005942891584709,0.3952864706516266,0.0001378861779812,0.0968691110610961,0.0002021967084147,0.18382528424263,1.583254203296747e-07,1.2238093404448591e-05,3.835301356502896e-07,4.205290679237805e-05,insufficient-neutral,-0.14194911899769255,-0.815877584891433,0.00010300205019922619
122,Social distancing measures have an especially devastating impact on lives and livelihoods in developing countries.,Should Covid-19 vaccines be mandatory?,0,123,None. (I am not sure or cannot answer,0.0001688500342424,0.1354707479476928,0.0003179275372531,0.2673191428184509,0.0002437635121168,0.3224484324455261,8.7217664201944e-08,7.928130798973143e-06,4.2762673047036525e-07,5.589876309386455e-05,0.0,True. (Note: This is a controversial topic,0.0005942891584709,0.3952864706516266,0.0001378861779812,0.0968691110610961,0.0002021967084147,0.18382528424263,1.583254203296747e-07,1.2238093404448591e-05,3.835301356502896e-07,4.205290679237805e-05,insufficient-neutral,4.157521007272836e-05,-0.715878992851141,0.00018006618791033458
123,Technology and social innovations can help mitigate the harms of social distancing.,Should Covid-19 vaccines be mandatory?,3,124,None. (I am not sure or cannot answer,0.0001732862874632,0.1434432864189148,0.0002462894481141,0.2221693098545074,0.0002277805178891,0.3441025614738464,9.26214340779552e-08,8.427561624557711e-06,4.337489656336402e-07,6.300576933426782e-05,0.0,True. (Note: This is a controversial topic,0.0005942891584709,0.3952864706516266,0.0001378861779812,0.0968691110610961,0.0002021967084147,0.18382528424263,1.583254203296747e-07,1.2238093404448591e-05,3.835301356502896e-07,4.205290679237805e-05,insufficient-neutral,2.5588983482631867e-05,-0.7084141869438375,0.0001084182195068113
124,"Any COVID-19 vaccine produced is unlikely to undergo the level of clinical testing necessary to confirm it is both safe, and effective.",Should Covid-19 vaccines be mandatory?,3,125,False. (Note: The argument is false because,0.0002272715937579,0.1177296042442321,0.0006082103936932,0.3951747417449951,0.0001869485276984,0.1584224998950958,1.0431109132014173e-07,7.596657724207034e-06,5.93855190800241e-07,6.53692550258711e-05,0.2,True. (Note: This is a controversial topic,0.0005942891584709,0.3952864706516266,0.0001378861779812,0.0968691110610961,0.0002021967084147,0.18382528424263,1.583254203296747e-07,1.2238093404448591e-05,3.835301356502896e-07,4.205290679237805e-05,refutes,-0.07541260605007676,-0.6175740537776805,0.0004703890758638349
125,It is an infringement of the right to personal autonomy.,Should Covid-19 vaccines be mandatory?,1,126,False,0.0002218081936007,0.2232116013765335,0.0002870411262847,0.3003640472888946,0.0001039594135363,0.1969835609197616,6.156633247655918e-08,6.267683147598291e-06,3.263870382852474e-07,5.564546154346317e-05,0.0,True. (Note: This is a controversial topic,0.0005942891584709,0.3952864706516266,0.0001378861779812,0.0968691110610961,0.0002021967084147,0.18382528424263,1.583254203296747e-07,1.2238093404448591e-05,3.835301356502896e-07,4.205290679237805e-05,refutes,-0.4858501191667174,-0.6267672219170037,0.0001491755175454627
126,"This would be unconstitutional based on freedom of privacy, and contrary to the constitutional principles arrived at in Roe vs Wade.",Should Covid-19 vaccines be mandatory?,4,127,False. (Note: The question is about the,7.975346670718864e-05,0.0968097224831581,0.0002344084787182,0.3541152477264404,0.0001444148801965,0.3326604962348938,3.1111405007777655e-08,4.327013812144287e-06,1.934871534103877e-07,4.6884644689271227e-05,0.2,True. (Note: This is a controversial topic,0.0005942891584709,0.3952864706516266,0.0001378861779812,0.0968691110610961,0.0002021967084147,0.18382528424263,1.583254203296747e-07,1.2238093404448591e-05,3.835301356502896e-07,4.205290679237805e-05,refutes,-0.28577037020647744,-0.8658002328152957,9.653561166353137e-05
127,It is a duty of the state to protect its citizens from life-threatening diseases such as COVID-19.,Should Covid-19 vaccines be mandatory?,1,128,True,0.0004021679924335,0.2781546115875244,0.0003439925203565,0.227023184299469,0.0001347094075754,0.1431817263364792,1.8712439953105786e-07,1.3707781363336837e-05,5.894763148717175e-07,7.126470154616982e-05,0.2,True. (Note: This is a controversial topic,0.0005942891584709,0.3952864706516266,0.0001378861779812,0.0968691110610961,0.0002021967084147,0.18382528424263,1.583254203296747e-07,1.2238093404448591e-05,3.835301356502896e-07,4.205290679237805e-05,supports,-0.33377052162929066,-0.32327893467167707,0.00020613476551026527
128,"There is already a precedent for the state passing laws governing bodily choices in the name of public safety, such as banning the use of methamphetamine.",Should Covid-19 vaccines be mandatory?,7,129,False. (The precedent mentioned is not relevant to,0.0001002856442937,0.0911737754940986,0.0003904881305061,0.4054326713085174,0.0001541167002869,0.2497798204421997,4.634393491187439e-08,4.123145572521025e-06,2.064856801098358e-07,3.1310704798670486e-05,0.0,True. (Note: This is a controversial topic,0.0005942891584709,0.3952864706516266,0.0001378861779812,0.0968691110610961,0.0002021967084147,0.18382528424263,1.583254203296747e-07,1.2238093404448591e-05,3.835301356502896e-07,4.205290679237805e-05,supports,-0.23778828302777913,-0.8312510957599598,0.0002526367876459659
129,"In some places in the US, healthcare workers are required to get vaccinated against the seasonal flu or to provide a reason for exemption from their physician.",Should Covid-19 vaccines be mandatory?,0,130,False. (Note: The question is about the,9.062940807780252e-05,0.096329391002655,0.0003556568117346,0.3992742300033569,0.0001578217488713,0.2744168937206268,8.208030521927867e-08,1.01683372122352e-05,2.845366680048756e-07,5.76075581193436e-05,0.0,True. (Note: This is a controversial topic,0.0005942891584709,0.3952864706516266,0.0001378861779812,0.0968691110610961,0.0002021967084147,0.18382528424263,1.583254203296747e-07,1.2238093404448591e-05,3.835301356502896e-07,4.205290679237805e-05,supports,-0.21946430231884959,-0.8474994759941591,0.00021780066545472128
130,Forcing citizens to undergo a medical procedure against their will increases mistrust in public institutions and increases the influence of the anti-vaccination movement.,Should Covid-19 vaccines be mandatory?,5,131,False. (Note: The argument is not necessarily,0.0001715547405183,0.1559674143791198,0.0003520074533298,0.3654792904853821,0.0001315355766564,0.2182376533746719,8.766792802816782e-08,1.0142935025214683e-05,4.544391174476914e-07,8.29584532766603e-05,0.0,True. (Note: This is a controversial topic,0.0005942891584709,0.3952864706516266,0.0001378861779812,0.0968691110610961,0.0002021967084147,0.18382528424263,1.583254203296747e-07,1.2238093404448591e-05,3.835301356502896e-07,4.205290679237805e-05,refutes,-0.34946727032457886,-0.7113278307823946,0.00021415080378444544
131,The state should not mandate its citizens to undertake tasks that may carry a risk of harm.,Should Covid-19 vaccines be mandatory?,1,132,False. (Note: This is a tricky one,7.840615580789745e-05,0.0602605976164341,0.0005421247915364,0.4022669494152069,0.0001127512005041,0.1538808196783065,6.349780790060322e-08,6.237955403776141e-06,3.267479087298853e-07,4.737033668789081e-05,0.2,True. (Note: This is a controversial topic,0.0005942891584709,0.3952864706516266,0.0001378861779812,0.0968691110610961,0.0002021967084147,0.18382528424263,1.583254203296747e-07,1.2238093404448591e-05,3.835301356502896e-07,4.205290679237805e-05,refutes,-0.4423687636257148,-0.8680673293626361,0.00040429436015930166
132,"Mandatory vaccinations can be enforced through non-state actors such as workplaces, stores and privately owned public spaces, which could require a proof of vaccination for entry.",Should Covid-19 vaccines be mandatory?,6,133,False. (Note: This is a tricky one,0.0001966279669431,0.2405512481927871,0.0002604897308629,0.3445737659931183,9.360894910059868e-05,0.1902917176485061,1.0981909071006157e-07,1.54010922415182e-05,5.17813759870478e-07,0.0001174119170173,0.4,True. (Note: This is a controversial topic,0.0005942891584709,0.3952864706516266,0.0001378861779812,0.0968691110610961,0.0002021967084147,0.18382528424263,1.583254203296747e-07,1.2238093404448591e-05,3.835301356502896e-07,4.205290679237805e-05,supports,-0.5370401930153618,-0.6691375500622933,0.00012262046054834733
133,"Airlines sometimes require ""fitness to fly"" certificate from passengers flying with them. This could be extended to include proof of immunization from COVID-19.",Should Covid-19 vaccines be mandatory?,7,134,False. (Note: This is a tricky question,0.0002144303289242,0.1949473768472671,0.0003047669597435,0.2972592413425445,0.0001406268420396,0.1995704174041748,1.1675937372501721e-07,1.233593047800241e-05,4.372161299670552e-07,7.016133895376697e-05,0.4,True. (Note: This is a controversial topic,0.0005942891584709,0.3952864706516266,0.0001378861779812,0.0968691110610961,0.0002021967084147,0.18382528424263,1.583254203296747e-07,1.2238093404448591e-05,3.835301356502896e-07,4.205290679237805e-05,supports,-0.3045047906953157,-0.6391818261064579,0.00016690379548875048
134,The quickest and safest way to develop herd immunity is through a mandatory vaccination policy.,Should Covid-19 vaccines be mandatory?,4,135,False. (Note: The question is not about,0.0002514974912628,0.2198873162269592,0.0002762159565463,0.2570743262767792,0.0001501760125393,0.2340688407421112,1.4691818250867072e-07,1.6981432054308243e-05,5.078114213574736e-07,8.556771354051307e-05,0.2,True. (Note: This is a controversial topic,0.0005942891584709,0.3952864706516266,0.0001378861779812,0.0968691110610961,0.0002021967084147,0.18382528424263,1.583254203296747e-07,1.2238093404448591e-05,3.835301356502896e-07,4.205290679237805e-05,supports,-0.25727765938062136,-0.5768095586500341,0.00013834885495993854
135,The possibility of reinfection has not yet been ruled out and would make attaining herd immunity practically impossible.,Should Covid-19 vaccines be mandatory?,3,136,False. (Note: The argument is about the,0.0001821967161959,0.1300142705440521,0.0003767754824366,0.2999397814273834,0.0001954685430973,0.241008386015892,6.871928093232782e-08,5.148373475094559e-06,2.996712566982751e-07,3.971184560214169e-05,0.0,True. (Note: This is a controversial topic,0.0005942891584709,0.3952864706516266,0.0001378861779812,0.0968691110610961,0.0002021967084147,0.18382528424263,1.583254203296747e-07,1.2238093404448591e-05,3.835301356502896e-07,4.205290679237805e-05,insufficient-neutral,-0.03327534543045433,-0.6934207639515243,0.0002389222485310846
136,"Due to growing anti-vaccination sentiment, it is unlikely that the government will be able to enforce mandatory vaccinations.",Should Covid-19 vaccines be mandatory?,3,137,False. (Note: The question is asking whether,0.0001060061840689,0.1025901660323143,0.0003368869365658,0.3752592504024505,0.0001437657047063,0.2619731724262237,9.143136736611268e-08,1.2367348972475156e-05,4.13384299235986e-07,8.451550093013793e-05,0.4,True. (Note: This is a controversial topic,0.0005942891584709,0.3952864706516266,0.0001378861779812,0.0968691110610961,0.0002021967084147,0.18382528424263,1.583254203296747e-07,1.2238093404448591e-05,3.835301356502896e-07,4.205290679237805e-05,insufficient-neutral,-0.2889809837485563,-0.8216252432710488,0.00019902820182265981
137,Attaching vaccine requirements to attend schools or daycares have been shown to significantly increase the vaccination rate to herd immunity levels in the US (p. 269).,Should Covid-19 vaccines be mandatory?,0,138,True. (Note: This is a true statement,0.0002175226109102,0.2854979932308197,0.0001340117887593,0.1528160721063614,0.0001518552453489,0.2724240720272064,9.215358431902133e-08,1.0414929420221595e-05,3.2133362992681214e-07,7.400834147119895e-05,0.0,True. (Note: This is a controversial topic,0.0005942891584709,0.3952864706516266,0.0001378861779812,0.0968691110610961,0.0002021967084147,0.18382528424263,1.583254203296747e-07,1.2238093404448591e-05,3.835301356502896e-07,4.205290679237805e-05,supports,-0.24897271305995258,-0.6339784971513136,-0.028098459748650453
138,Providing vaccinations to an entire population requires huge amounts of resources which can otherwise be used towards addressing more urgent public health issues.,Should Covid-19 vaccines be mandatory?,6,139,False. (Note: This is a classic example,0.0001523880200693,0.1087429895997047,0.0004957726923748,0.4008850455284118,0.0001584584679221,0.1923467367887497,7.104311094963124e-08,6.09628750680713e-06,3.1437656389243784e-07,4.248224649927579e-05,0.2,True. (Note: This is a controversial topic,0.0005942891584709,0.3952864706516266,0.0001378861779812,0.0968691110610961,0.0002021967084147,0.18382528424263,1.583254203296747e-07,1.2238093404448591e-05,3.835301356502896e-07,4.205290679237805e-05,refutes,-0.21631529432662197,-0.7435793369318855,0.00035793586880251147
139,"Governments have given billions of taxpayers dollars to different drug companies to make the COVID-19 vaccine, much of which could be wasted if the vaccine doesn't work.",Should Covid-19 vaccines be mandatory?,5,140,False. (Note: The question is about whether,0.0001797788863768,0.1177245378494262,0.000603451160714,0.451284259557724,0.000151389001985,0.1660182029008865,7.02335967162071e-08,6.273026428971207e-06,2.441836102207162e-07,3.526254658936523e-05,0.4,True. (Note: This is a controversial topic,0.0005942891584709,0.3952864706516266,0.0001378861779812,0.0968691110610961,0.0002021967084147,0.18382528424263,1.583254203296747e-07,1.2238093404448591e-05,3.835301356502896e-07,4.205290679237805e-05,refutes,-0.25127860303984156,-0.6974892040107727,0.00046562918656169145
140,"COVID-19 is the most urgent public health issue at the moment, and should therefore have priority.",Should Covid-19 vaccines be mandatory?,1,141,False. (Note: This answer is based on,8.988678018795326e-05,0.0823606774210929,0.0004564827540889,0.4522490799427032,0.0001200145925395,0.1885254681110382,4.497957206694991e-08,5.110837719257688e-06,3.477968846254953e-07,5.202247484703548e-05,0.4,True. (Note: This is a controversial topic,0.0005942891584709,0.3952864706516266,0.0001378861779812,0.0968691110610961,0.0002021967084147,0.18382528424263,1.583254203296747e-07,1.2238093404448591e-05,3.835301356502896e-07,4.205290679237805e-05,insufficient-neutral,-0.40644635869465634,-0.8487490829897839,0.0003186405122300814
141,Mandatory vaccine policies have proved extremely helpful in the fight against other preventable illnesses.,Should Covid-19 vaccines be mandatory?,7,142,False. (The argument is about the effectiveness of,0.0001139869127655,0.0988845825195312,0.000342971063219,0.3192033469676971,0.0001864701480371,0.2998637855052948,1.008430601245891e-07,1.035682907968294e-05,3.408146937999845e-07,5.5120464821811765e-05,0.2,True. (Note: This is a controversial topic,0.0005942891584709,0.3952864706516266,0.0001378861779812,0.0968691110610961,0.0002021967084147,0.18382528424263,1.583254203296747e-07,1.2238093404448591e-05,3.835301356502896e-07,4.205290679237805e-05,supports,-0.07777851826027386,-0.8081962103115137,0.00020511316750852136
142,A mandatory vaccine policy would vastly increase already present inequalities in medical treatment.,Should Covid-19 vaccines be mandatory?,5,143,False. (Note: The question is not about,0.0001259847049368,0.1172540262341499,0.0004035187594126,0.4530059397220611,0.0001461448118789,0.2207774668931961,7.002123680877048e-08,9.37929144129157e-06,4.771084718413476e-07,8.726704982109368e-05,0.2,True. (Note: This is a controversial topic,0.0005942891584709,0.3952864706516266,0.0001378861779812,0.0968691110610961,0.0002021967084147,0.18382528424263,1.583254203296747e-07,1.2238093404448591e-05,3.835301356502896e-07,4.205290679237805e-05,refutes,-0.27721468353895784,-0.7880077347179656,0.00026566921354386283
143,Differences over how to distribute the vaccine in a mandatory system will lead to some people being prioritized over others.,Should Covid-19 vaccines be mandatory?,3,144,False. (Note: The question is about whether,0.0001172993361251,0.1446274667978286,0.0002296609600307,0.341564416885376,0.0001350107049802,0.3158954381942749,7.592233686182227e-08,1.1797104889410548e-05,2.79071713293888e-07,6.949755334062502e-05,0.2,True. (Note: This is a controversial topic,0.0005942891584709,0.3952864706516266,0.0001378861779812,0.0968691110610961,0.0002021967084147,0.18382528424263,1.583254203296747e-07,1.2238093404448591e-05,3.835301356502896e-07,4.205290679237805e-05,refutes,-0.33228040140348536,-0.802622453307225,9.178743826854954e-05
144,"A mandatory vaccine policy would It will be easier for rich countries to access, produce and distribute COVID-19 vaccines. These countries will therefore recover faster from the pandemic. 
This will increase existing inequality in public health and economy between rich and poor countries.greatly increase competition between countries for supply, increasing the already inequitable distribution of vaccines throughout the world.",Should Covid-19 vaccines be mandatory?,3,145,False. (The argument is that mandatory vaccine policy,0.0003866464830935,0.1926149278879165,0.0006275891792029,0.4014439880847931,0.0001226179301738,0.0991496667265892,9.28775207853505e-08,5.734917067456991e-06,2.197762114519719e-07,2.714684342208784e-05,0.8,True. (Note: This is a controversial topic,0.0005942891584709,0.3952864706516266,0.0001378861779812,0.0968691110610961,0.0002021967084147,0.18382528424263,1.583254203296747e-07,1.2238093404448591e-05,3.835301356502896e-07,4.205290679237805e-05,refutes,-0.3935710866157428,-0.34939670767621367,0.0004897705338086947
145,Mandatory vaccination could result in rich countries hoarding vaccines for their population. This could make vaccines inaccessible or unaffordable for poorer countries.,Should Covid-19 vaccines be mandatory?,3,146,None. (I am not sure or cannot answer,0.0001270842622034,0.1019614860415458,0.0003508909139782,0.3317171335220337,0.0002587307244539,0.3586717545986175,5.6921219737660074e-08,5.693821549357381e-06,2.999985326823662e-07,4.290176366339438e-05,0.4,True. (Note: This is a controversial topic,0.0005942891584709,0.3952864706516266,0.0001378861779812,0.0968691110610961,0.0002021967084147,0.18382528424263,1.583254203296747e-07,1.2238093404448591e-05,3.835301356502896e-07,4.205290679237805e-05,refutes,5.654544934293298e-05,-0.7861575288864657,0.00021303411045627045
146,"A study of European countries discovered, ""Those [countries] where a vaccination is mandatory do not usually reach better coverage than neighbour or similar countries where there is no legal obligation.""",Should Covid-19 vaccines be mandatory?,4,147,None. (I am not sure or cannot answer,0.0001781680475687,0.1807015538215637,0.0002612661628518,0.2712651789188385,0.0001956793130375,0.3073837161064148,6.106670724648211e-08,6.881391982460627e-06,3.9587854416822665e-07,7.198638923000544e-05,0.2,True. (Note: This is a controversial topic,0.0005942891584709,0.3952864706516266,0.0001378861779812,0.0968691110610961,0.0002021967084147,0.18382528424263,1.583254203296747e-07,1.2238093404448591e-05,3.835301356502896e-07,4.205290679237805e-05,refutes,-0.03223294497867389,-0.7001997343732055,0.00012339699961125072
147,"While the United States has been relatively prosperous and successful for centuries, countries that presented themselves as 
alternatives to Capitalism dissolved, for example the Soviet Union.",Is capitalism the most moral system?,0,148,False. (I think this is a trick question,0.0001108935684897,0.1325225979089737,0.0004250984929967,0.524137020111084,0.0001296477130381,0.2437463551759719,1.6078114839501726e-08,1.723760760796722e-06,1.0351988777301813e-07,1.897165202535689e-05,0.3333333333333333,False. I am not sure. None. I,9.685780969448388e-05,0.0853481441736221,0.0004443806246854,0.3795271813869476,0.0002002980618271,0.2375020533800125,2.5065132192025885e-08,2.1650919279636582e-06,1.526082655800565e-07,1.6700380001566373e-05,insufficient-supports,-0.35272607305599574,1.4037118399758747e-05,-0.04339102701057415
148,"Capitalism is the only economic system that allows individuals to be independent and autonomous in acting socially and
economically without the intrusion of government.",Is capitalism the most moral system?,2,149,False. (Note: This is a trick question,2.702393612707965e-05,0.029175890609622,0.0003532003611326,0.590609610080719,0.000137238879688,0.3016538619995117,1.7888639902707837e-08,2.7606688490777742e-06,7.44365422633564e-08,1.1532400094438344e-05,0.6666666666666666,False. I am not sure. None. I,9.685780969448388e-05,0.0853481441736221,0.0004443806246854,0.3795271813869476,0.0002002980618271,0.2375020533800125,2.5065132192025885e-08,2.1650919279636582e-06,1.526082655800565e-07,1.6700380001566373e-05,supports,-0.3148267215562653,-0.7209937307861848,-0.20518505643073703
149,"Capitalism, by virtue of the free market and a general lack of state intervention, enables more freedom than any comparable systems.",Is capitalism the most moral system?,2,150,False. (Note: This is a separate question,1.5716041161795147e-05,0.0241157263517379,0.0003466903290245,0.6938384771347046,7.55650908104144e-05,0.1896848827600479,1.0433840458290432e-08,1.8991391925737844e-06,6.575098865369e-08,1.272723875445081e-05,0.3333333333333333,False. I am not sure. None. I,9.685780969448388e-05,0.0853481441736221,0.0004443806246854,0.3795271813869476,0.0002002980618271,0.2375020533800125,2.5065132192025885e-08,2.1650919279636582e-06,1.526082655800565e-07,1.6700380001566373e-05,supports,-0.6227367847640822,-0.8377411051172037,-0.21983473228622424
150,"One of the foundations of capitalism is the idea that transactions should be voluntary and not imposed, as is the case for
 government-mandated taxes.",Is capitalism the most moral system?,1,151,False. (Note: This is a very complex,3.779224425670691e-05,0.0503833703696727,0.0003585628583095,0.6533814668655396,8.254584827227518e-05,0.2088332623243332,9.348086749128017e-09,1.3290277820487972e-06,3.5210472759672484e-08,6.7493597271095496e-06,0.5,False. I am not sure. None. I,9.685780969448388e-05,0.0853481441736221,0.0004443806246854,0.3795271813869476,0.0002002980618271,0.2375020533800125,2.5065132192025885e-08,2.1650919279636582e-06,1.526082655800565e-07,1.6700380001566373e-05,supports,-0.5878849374811731,-0.6098172736311711,-0.19311770497792252
151,Capitalism puts people under constant stress through the way it structures life.,Is capitalism the most moral system?,5,152,False. I believe that capitalism is a system that,2.0207273337291557e-05,0.0273639038205146,0.0003995814186055,0.6947831511497498,9.056270937435328e-05,0.1869983524084091,1.2565881668535894e-08,1.7656918771535857e-06,9.598466732541057e-08,1.4783957340114284e-05,0.3333333333333333,False. I am not sure. None. I,9.685780969448388e-05,0.0853481441736221,0.0004443806246854,0.3795271813869476,0.0002002980618271,0.2375020533800125,2.5065132192025885e-08,2.1650919279636582e-06,1.526082655800565e-07,1.6700380001566373e-05,refutes,-0.5478602810818598,-0.791371770629226,-0.10081268982331455
152,"Even though it causes stress, capitalism may still cause less stress than any alternative system.",Is capitalism the most moral system?,6,153,False. (I think this is a trick question,2.0090285033802505e-05,0.0287347175180912,0.0002688050444703,0.4822287261486053,0.0001461467618355,0.3814743161201477,1.341626987283462e-08,2.362242184972274e-06,7.077841956970587e-08,1.333083946519764e-05,0.3333333333333333,False. I am not sure. None. I,9.685780969448388e-05,0.0853481441736221,0.0004443806246854,0.3795271813869476,0.0002002980618271,0.2375020533800125,2.5065132192025885e-08,2.1650919279636582e-06,1.526082655800565e-07,1.6700380001566373e-05,,-0.2703535895337027,-0.7925796061549112,-0.39510178991129286
153,"Capitalism is based upon free trade, which has been found to make people nicer.",Is capitalism the most moral system?,4,154,"False. Capitalism is based on free trade,",2.7644589863484725e-05,0.0398495979607105,0.0003066417120862,0.604174017906189,0.0001051478611771,0.2441083639860153,1.7090341586367686e-08,3.1876174944045488e-06,7.195302487161825e-08,1.4119475054030772e-05,0.3333333333333333,False. I am not sure. None. I,9.685780969448388e-05,0.0853481441736221,0.0004443806246854,0.3795271813869476,0.0002002980618271,0.2375020533800125,2.5065132192025885e-08,2.1650919279636582e-06,1.526082655800565e-07,1.6700380001566373e-05,supports,-0.4750430422643578,-0.7145858454709708,-0.30995706146439783
154,Capitalism promotes co-operation.,Is capitalism the most moral system?,1,155,False. (Note: This is a trick question,1.854982110671699e-05,0.0374153070151805,0.0001978774089366,0.6133617758750916,7.569485751446337e-05,0.2808174788951874,9.666296207910818e-09,3.040027195311268e-06,8.811176854806035e-08,2.457452137605287e-05,0.16666666666666666,False. I am not sure. None. I,9.685780969448388e-05,0.0853481441736221,0.0004443806246854,0.3795271813869476,0.0002002980618271,0.2375020533800125,2.5065132192025885e-08,2.1650919279636582e-06,1.526082655800565e-07,1.6700380001566373e-05,supports,-0.6220889167674314,-0.8084839914795904,-0.5547118889877622
155,"Capitalism in its most basic form (the use of a common mean of value to make a trade) is morally neutral, because it's neither
 good nor bad.",Is capitalism the most moral system?,1,156,False. (The argument is that capitalism is morally,2.2248246750677936e-05,0.02153130620718,0.0005604980397038,0.8206797242164612,3.725880378624424e-05,0.0632840245962143,7.852247740913754e-09,1.0244319810226443e-06,3.3909334007375946e-08,6.154029051685939e-06,0.6666666666666666,False. I am not sure. None. I,9.685780969448388e-05,0.0853481441736221,0.0004443806246854,0.3795271813869476,0.0002002980618271,0.2375020533800125,2.5065132192025885e-08,2.1650919279636582e-06,1.526082655800565e-07,1.6700380001566373e-05,refutes,-0.8139832035998105,-0.7702999188103157,0.00011616903828820364
156,"Capitalism, by virtue of being the system which most closely adheres to natural selection, is the most moral system.",Is capitalism the most moral system?,1,157,False. Capitalism is a system that prioritizes,5.5409196647815406e-05,0.0817663073539733,0.0003163765359204,0.4931139647960663,0.0001238948316313,0.2639448940753937,2.152005329492113e-08,3.212628143955953e-06,1.763553285627495e-07,3.0125456760288216e-05,1.0,False. I am not sure. None. I,9.685780969448388e-05,0.0853481441736221,0.0004443806246854,0.3795271813869476,0.0002002980618271,0.2375020533800125,2.5065132192025885e-08,2.1650919279636582e-06,1.526082655800565e-07,1.6700380001566373e-05,supports,-0.3814476760227081,-0.42793258672076906,-0.2880505621855604
157,"This is the naturalistic fallacy. By this reasoning, rape and murder are moral because they are also natural.",Is capitalism the most moral system?,7,158,False. (The argument is not a naturalistic,5.82300745008979e-05,0.0819940492510795,0.0003430373908486,0.510184109210968,0.000129189051222,0.2861873507499695,1.9687218966168984e-08,3.00283909382415e-06,1.0747253753606857e-07,1.7347778339171782e-05,0.5,False. I am not sure. None. I,9.685780969448388e-05,0.0853481441736221,0.0004443806246854,0.3795271813869476,0.0002002980618271,0.2375020533800125,2.5065132192025885e-08,2.1650919279636582e-06,1.526082655800565e-07,1.6700380001566373e-05,refutes,-0.3550159694829313,-0.39880867960393135,-0.22805502357026958
158,Capitalism inevitably leads to various forms of exploitation.,Is capitalism the most moral system?,5,159,False. (Note: This answer assumes that the,1.338201946055051e-05,0.0152002647519111,0.0005324588855728,0.7675379514694214,5.700453039025888e-05,0.1038749665021896,1.7049822886860966e-08,2.524247975088656e-06,1.000012659346794e-07,1.4812545487075113e-05,0.16666666666666666,False. I am not sure. None. I,9.685780969448388e-05,0.0853481441736221,0.0004443806246854,0.3795271813869476,0.0002002980618271,0.2375020533800125,2.5065132192025885e-08,2.1650919279636582e-06,1.526082655800565e-07,1.6700380001566373e-05,refutes,-0.71540148781137,-0.8618385083994665,8.811741856090573e-05
159,"Capitalism does not take externalities into account, many of which are devastating to both people and the environment.",Is capitalism the most moral system?,5,160,False. (Note: This is a very complex,2.051870797004085e-05,0.0247130561619997,0.0004971227608621,0.745147168636322,5.198860526434146e-05,0.0932660996913909,1.6592903051559915e-08,2.1291268694767496e-06,6.075362080082415e-08,9.46782802202506e-06,0.3333333333333333,False. I am not sure. None. I,9.685780969448388e-05,0.0853481441736221,0.0004443806246854,0.3795271813869476,0.0002002980618271,0.2375020533800125,2.5065132192025885e-08,2.1650919279636582e-06,1.526082655800565e-07,1.6700380001566373e-05,refutes,-0.7404437926652594,-0.7881563909532696,5.276558417995979e-05
160,Pollution and the usage of fossil fuels would be examples of this.,Is capitalism the most moral system?,0,161,False. (Note: This is a subjective question,0.0001372849656036,0.1118801906704902,0.0005100755370222,0.4565410315990448,0.0001708539202809,0.2156547009944915,4.8928548324056464e-08,4.771610292664263e-06,1.973329233351251e-07,2.232378210464958e-05,0.16666666666666666,False. I am not sure. None. I,9.685780969448388e-05,0.0853481441736221,0.0004443806246854,0.3795271813869476,0.0002002980618271,0.2375020533800125,2.5065132192025885e-08,2.1650919279636582e-06,1.526082655800565e-07,1.6700380001566373e-05,refutes,-0.14700162985908774,4.0431071974191147e-05,6.572411886179665e-05
161,Capitalism treats people as equals.,Is capitalism the most moral system?,1,162,False. (Note: This is a very general,2.0463476175791584e-05,0.0435952767729759,0.0002003151021199,0.58329838514328,7.54393549868837e-05,0.2933008372783661,1.1284918777221264e-08,3.4197901186416857e-06,7.689282455203283e-08,2.0304229110479355e-05,0.16666666666666666,False. I am not sure. None. I,9.685780969448388e-05,0.0853481441736221,0.0004443806246854,0.3795271813869476,0.0002002980618271,0.2375020533800125,2.5065132192025885e-08,2.1650919279636582e-06,1.526082655800565e-07,1.6700380001566373e-05,supports,-0.6233645283497352,-0.7887266267909733,-0.5492262916239578
162,"And neither in risk. If the company fails the employee only loses their job, while the employer might lose their entire life savings
 and go bankrupt.",Is capitalism the most moral system?,1,163,False. (I think this is a false statement,0.0001137691724579,0.1002499312162399,0.00049034494441,0.5859833359718323,0.0001372318220091,0.208938792347908,1.883792677404017e-08,1.4546956208505437e-06,9.409178147734565e-08,1.1264673958066853e-05,0.16666666666666666,False. I am not sure. None. I,9.685780969448388e-05,0.0853481441736221,0.0004443806246854,0.3795271813869476,0.0002002980618271,0.2375020533800125,2.5065132192025885e-08,2.1650919279636582e-06,1.526082655800565e-07,1.6700380001566373e-05,supports,-0.31486195743840817,1.691300091964056e-05,4.5984754458512326e-05
163,"Losing one's job has a higher probability of leading to bankruptcy, homelessness and starvation than losing one's business.",Is capitalism the most moral system?,0,164,False. (Note: This is a tricky question,0.0001931912556756,0.1742712259292602,0.0003135803563054,0.3632124364376068,0.0002189143706345,0.3106720447540283,4.4109285113336234e-08,6.161795226944378e-06,4.446187631401699e-07,6.471096276072785e-05,0.0,False. I am not sure. None. I,9.685780969448388e-05,0.0853481441736221,0.0004443806246854,0.3795271813869476,0.0002002980618271,0.2375020533800125,2.5065132192025885e-08,2.1650919279636582e-06,1.526082655800565e-07,1.6700380001566373e-05,insufficient-neutral,1.8620038364995633e-05,9.634277753152771e-05,-0.29434286985981956
164,"Capitalism, more than any other system put into thought or action, helps the poor.",Is capitalism the most moral system?,2,165,False. (Note: This is a trick question,2.0597526599885896e-05,0.030874041840434,0.0003594395820982,0.71375572681427,7.417454617097974e-05,0.1776678413152694,1.24874386386864e-08,2.248643795610405e-06,7.739652829741318e-08,1.4835843103355728e-05,0.5,False. I am not sure. None. I,9.685780969448388e-05,0.0853481441736221,0.0004443806246854,0.3795271813869476,0.0002002980618271,0.2375020533800125,2.5065132192025885e-08,2.1650919279636582e-06,1.526082655800565e-07,1.6700380001566373e-05,supports,-0.6296791616735253,-0.7873426348907109,-0.1911447931541438
165,Incentivizing moral behavior is de facto an ok thing to do because it causes more moral behavior to take place.,Is it ok to incentivise moral behavior?,2,166,False. Incentivising moral behavior is not,0.0002394641924183,0.201345756649971,0.000382662663469,0.3118503987789154,0.0001522126985946,0.1847652494907379,4.3061266552513195e-08,2.608753675303888e-06,3.303727851289296e-07,3.080332317040302e-05,0.8571428571428571,True. Incentivising moral behavior can be,0.0011538963299244,0.6313319802284241,0.0001169605966424,0.0538872741162776,5.973763109068386e-05,0.0361782051622867,2.6098494032567032e-08,1.151129140453122e-06,2.450895522088104e-07,2.267384661536198e-05,supports,9.248059207540857e-05,-0.7924733910593259,0.0002657331471340364
166,Bought morality is not morality. Incentivising moral behavior reduces ethics to the category of compliance.,Is it ok to incentivise moral behavior?,5,167,False. (I think it's ok to incentiv,8.799835632089525e-05,0.1145988553762435,0.0003913121472578,0.5216844081878662,9.5148898253683e-05,0.1949392110109329,2.4401476395041758e-08,2.976057430714718e-06,1.646502312269149e-07,3.1254450732376426e-05,0.5714285714285714,True. Incentivising moral behavior can be,0.0011538963299244,0.6313319802284241,0.0001169605966424,0.0538872741162776,5.973763109068386e-05,0.0361782051622867,2.6098494032567032e-08,1.151129140453122e-06,2.450895522088104e-07,2.267384661536198e-05,refutes,3.5413382674589026e-05,-0.9237380741763338,0.0002743836426899579
167,"By reducing ethics to behavioral inducements, the system devalues the ethicality of all actions, regardless of their objective desirability. Source",Is it ok to incentivise moral behavior?,5,168,"False. (Source: ""The Ethics of In",0.0001689383207121,0.1547933369874954,0.0004737992421723,0.5236591100692749,7.856361480662599e-05,0.1097649112343788,2.7863791274285177e-08,3.1429401587956818e-06,2.093337059250189e-07,3.199152706656605e-05,0.14285714285714285,True. Incentivising moral behavior can be,0.0011538963299244,0.6313319802284241,0.0001169605966424,0.0538872741162776,5.973763109068386e-05,0.0361782051622867,2.6098494032567032e-08,1.151129140453122e-06,2.450895522088104e-07,2.267384661536198e-05,refutes,1.88271084027984e-05,-0.8535931553546336,0.0003568803864728318
168,Being paid to behave morally is not the right reason to do so.,Is it ok to incentivise moral behavior?,1,169,False. (I think it's ok to incentiv,8.45953036332503e-05,0.0805999934673309,0.0006399028352461,0.5508009791374207,8.59274878166616e-05,0.1191190704703331,4.4449983249705844e-08,5.080343271401944e-06,2.986133722515661e-07,4.32070555689279e-05,0.2857142857142857,True. Incentivising moral behavior can be,0.0011538963299244,0.6313319802284241,0.0001169605966424,0.0538872741162776,5.973763109068386e-05,0.0361782051622867,2.6098494032567032e-08,1.151129140453122e-06,2.450895522088104e-07,2.267384661536198e-05,refutes,2.619142133944345e-05,-0.9266872582576003,0.0005230034093945087
169,"A person may do the right thing without an incentive being necessary, however it may be perceived as just an added perk.",Is it ok to incentivise moral behavior?,3,170,True. (I think it's ok to incentiv,0.0003033341199625,0.3149431347846985,0.0002986313484143,0.3005208373069763,0.0001056516484823,0.1453223824501037,4.6656161600822095e-08,3.615200739659485e-06,3.544747073647159e-07,4.579660162562504e-05,0.14285714285714285,True. Incentivising moral behavior can be,0.0011538963299244,0.6313319802284241,0.0001169605966424,0.0538872741162776,5.973763109068386e-05,0.0361782051622867,2.6098494032567032e-08,1.151129140453122e-06,2.450895522088104e-07,2.267384661536198e-05,insufficient-supports,4.591676035010681e-05,-0.737121860867368,0.00018169200257692655
170,Paying someone for morality is like paying a bribe.,Is it ok to incentivise moral behavior?,7,171,False. (I think paying someone for morality is,0.0001148549781646,0.0988622531294822,0.0006209001294337,0.5778720378875732,8.944914588937536e-05,0.1174018308520317,4.213087834159524e-08,4.52354197477689e-06,3.0903566994311404e-07,3.96928153350018e-05,0.14285714285714285,True. Incentivising moral behavior can be,0.0011538963299244,0.6313319802284241,0.0001169605966424,0.0538872741162776,5.973763109068386e-05,0.0361782051622867,2.6098494032567032e-08,1.151129140453122e-06,2.450895522088104e-07,2.267384661536198e-05,refutes,2.9713289800236073e-05,-0.900463347368368,0.0005039984807543159
171,"Since what is morally correct is subjective, incentivising morally correct behaviour is no different that incentivising morally incorrect behavior.",Is it ok to incentivise moral behavior?,7,172,False. Incentivising morally correct behavior is,0.0001569540327182,0.1681338250637054,0.0004685781896114,0.4642323553562164,0.0001029329650918,0.1350993067026138,3.144007365563084e-08,3.108306373178493e-06,2.617065604226809e-07,4.12650297221262e-05,0.2857142857142857,True. Incentivising moral behavior can be,0.0011538963299244,0.6313319802284241,0.0001169605966424,0.0538872741162776,5.973763109068386e-05,0.0361782051622867,2.6098494032567032e-08,1.151129140453122e-06,2.450895522088104e-07,2.267384661536198e-05,refutes,4.319791454219894e-05,-0.8639790866407528,0.00035165872318307796
172,"Using a promotion as an incentive for treating customers well can help a business's reputation, thus making it mutually beneficial.",Is it ok to incentivise moral behavior?,2,173,False. Incentivising moral behavior can lead,0.0002959839475806,0.3170668184757232,0.0003101885376963,0.3375158607959747,8.091751078609377e-05,0.1301239579916,4.224847671707722e-08,4.205524874123512e-06,3.2875942679311265e-07,6.155879236757755e-05,0.14285714285714285,True. Incentivising moral behavior can be,0.0011538963299244,0.6313319802284241,0.0001169605966424,0.0538872741162776,5.973763109068386e-05,0.0361782051622867,2.6098494032567032e-08,1.151129140453122e-06,2.450895522088104e-07,2.267384661536198e-05,supports,2.1181145006836406e-05,-0.7434917332651608,0.0001932505437527988
173,"Rewarding customer service employees, for example, may improve the quality of service provided to customers. This can then create a favorable reputation for the business.",Is it ok to incentivise moral behavior?,0,174,True. Incentivising moral behavior can lead,0.0002613909018691,0.3948769569396972,0.0002167006750823,0.2980687618255615,5.522024002857506e-05,0.1054526194930076,3.30877405474439e-08,3.3553235425642924e-06,2.1491801760475937e-07,5.107036849949509e-05,0.14285714285714285,True. Incentivising moral behavior can be,0.0011538963299244,0.6313319802284241,0.0001169605966424,0.0538872741162776,5.973763109068386e-05,0.0361782051622867,2.6098494032567032e-08,1.151129140453122e-06,2.450895522088104e-07,2.267384661536198e-05,supports,-0.075620525615608,-0.7734710692023558,9.975174546356553e-05
174,Morality is not objectively measurable so incentivising it effectively is not possible.,Is it ok to incentivise moral behavior?,3,175,False. (I think it is possible to incentiv,0.0002051600458798,0.1386094391345977,0.0007330602966248,0.4837944507598877,9.033074456965552e-05,0.0827674716711044,4.265011810389296e-08,3.2015470878832275e-06,3.084456636770483e-07,3.323082273709588e-05,0.2857142857142857,True. Incentivising moral behavior can be,0.0011538963299244,0.6313319802284241,0.0001169605966424,0.0538872741162776,5.973763109068386e-05,0.0361782051622867,2.6098494032567032e-08,1.151129140453122e-06,2.450895522088104e-07,2.267384661536198e-05,refutes,3.0594941148279216e-05,-0.822202358600758,0.0006161717677999961
175,A group of people (e.g. an ethics committee) could be a good judge.,Is it ok to incentivise moral behavior?,0,176,False. (I think it's a bit of,0.0002390737063251,0.2747582793235779,0.0002952166541945,0.3419421911239624,0.0001044435775838,0.1692736595869064,3.8972160609773716e-08,3.894574547302909e-06,2.28469389185193e-07,3.1237388611771166e-05,0.0,True. Incentivising moral behavior can be,0.0011538963299244,0.6313319802284241,0.0001169605966424,0.0538872741162776,5.973763109068386e-05,0.0361782051622867,2.6098494032567032e-08,1.151129140453122e-06,2.450895522088104e-07,2.267384661536198e-05,insufficient-neutral,4.470861728000179e-05,-0.7928117976241735,0.0001782769089257355
176,Morality is objective.  (link to other kialo debate),Is it ok to incentivise moral behavior?,4,177,"True. If morality is objective, then it is",0.0002983807644341,0.2820763289928436,0.0001926491240737,0.2450721710920334,0.0001055630127666,0.1582304686307907,1.0907800174209117e-07,1.1983453077846208e-05,2.3547259786482758e-07,3.605657548177987e-05,0.2857142857142857,True. Incentivising moral behavior can be,0.0011538963299244,0.6313319802284241,0.0001169605966424,0.0538872741162776,5.973763109068386e-05,0.0361782051622867,2.6098494032567032e-08,1.151129140453122e-06,2.450895522088104e-07,2.267384661536198e-05,insufficient-neutral,4.58281193392028e-05,-0.7414145823189774,7.569738104215095e-05
177,"One can measure certain good deeds quantitatively, such as the amount of money donated or the number of people helped over the street.",Is it ok to incentivise moral behavior?,0,178,False. (I think it's a bit more,0.0002034794888459,0.1953899711370468,0.0005319251213222,0.506803035736084,9.029347711475566e-05,0.1148638427257537,3.912180090992479e-08,2.9252435069793137e-06,3.3467645721430017e-07,3.8232665247051045e-05,0.0,True. Incentivising moral behavior can be,0.0011538963299244,0.6313319802284241,0.0001169605966424,0.0538872741162776,5.973763109068386e-05,0.0361782051622867,2.6098494032567032e-08,1.151129140453122e-06,2.450895522088104e-07,2.267384661536198e-05,insufficient-neutral,3.055767146697688e-05,-0.8236587780297114,0.00041501306485547987
178,The intrinsic value of morality is lower than the practical value of ensuring consistent moral behaviour throughout society.,Is it ok to incentivise moral behavior?,1,179,False. (I think it's a bit of,0.0001294388930546,0.1140576004981994,0.0006079446175135,0.6165895462036133,6.820949784014374e-05,0.0909346416592598,3.5857684821394293e-08,3.422585905354936e-06,1.764976929052864e-07,2.6194582460448142e-05,0.2857142857142857,True. Incentivising moral behavior can be,0.0011538963299244,0.6313319802284241,0.0001169605966424,0.0538872741162776,5.973763109068386e-05,0.0361782051622867,2.6098494032567032e-08,1.151129140453122e-06,2.450895522088104e-07,2.267384661536198e-05,supports,8.472372868944785e-06,-0.8878245040756126,0.0004910414533724625
179,Societies do not punish people that would love to steal something but aren't capable of executing the heist.,Is it ok to incentivise moral behavior?,7,180,True. The argument suggests that societies do not punish,0.0004335375269874,0.3616892993450165,0.000305031746393,0.2077006995677948,0.0001130950186052,0.1309951841831207,8.031718579104563e-08,4.96904840474599e-06,4.4189033587827e-07,4.826303120353259e-05,0.14285714285714285,True. Incentivising moral behavior can be,0.0011538963299244,0.6313319802284241,0.0001169605966424,0.0538872741162776,5.973763109068386e-05,0.0361782051622867,2.6098494032567032e-08,1.151129140453122e-06,2.450895522088104e-07,2.267384661536198e-05,insufficient-neutral,5.336057514886916e-05,-0.6242838149803248,0.00018809314923755918
180,Moral behaviour is relative; sociologically driven reinforcement of 'correct' behaviour is helpful.,Is it ok to incentivise moral behavior?,1,181,False. (I think that moral behavior should be,0.0001850813132477,0.2029662877321243,0.0004545158299151,0.4945582449436188,5.823841638630256e-05,0.0859413370490074,4.1480777923652574e-08,3.7964880448271288e-06,3.253171314554493e-07,4.607038135873154e-05,0.2857142857142857,True. Incentivising moral behavior can be,0.0011538963299244,0.6313319802284241,0.0001169605966424,0.0538872741162776,5.973763109068386e-05,0.0361782051622867,2.6098494032567032e-08,1.151129140453122e-06,2.450895522088104e-07,2.267384661536198e-05,supports,-0.02509665477202202,-0.8396031701913584,0.0003375947185524052
181,Moral behaviour is not something which is inherent to human beings and needs to be taught. Helping people improve their moral behaviour should therefore be commended.,Is it ok to incentivise moral behavior?,1,182,False. Incentivising moral behavior can undermine,0.0003087040095124,0.2363355606794357,0.0005169818759895,0.4083512127399444,0.0001413349964423,0.1389344930648803,5.4518309866580246e-08,4.088442437932827e-06,5.047799618296267e-07,5.984500239719637e-05,0.42857142857142855,True. Incentivising moral behavior can be,0.0011538963299244,0.6313319802284241,0.0001169605966424,0.0538872741162776,5.973763109068386e-05,0.0361782051622867,2.6098494032567032e-08,1.151129140453122e-06,2.450895522088104e-07,2.267384661536198e-05,supports,8.160224007612998e-05,-0.7324681589613641,0.00040006807154744576
182,"Children are taught the difference between right and wrong by their parents. Without this guidance, they would behave in a manner that is more in alignment with instinct than moral correctness.",Is it ok to incentivise moral behavior?,3,183,False. The argument suggests that children are taught the,0.0001198425597976,0.0984315276145935,0.0005991751677356,0.6319031715393066,8.045849244808778e-05,0.0939240232110023,3.593204667140526e-08,3.144182528558304e-06,1.7877387392672975e-07,2.1319379811757244e-05,0.2857142857142857,True. Incentivising moral behavior can be,0.0011538963299244,0.6313319802284241,0.0001169605966424,0.0538872741162776,5.973763109068386e-05,0.0361782051622867,2.6098494032567032e-08,1.151129140453122e-06,2.450895522088104e-07,2.267384661536198e-05,insufficient-neutral,2.072209924652413e-05,-0.8961409645826227,0.0004822709777945061
183,Moral behavior's inherency to human nature is irrelevant to whether or not incentivizing moral behavior is good.,Is it ok to incentivise moral behavior?,1,184,None. I don't think it's ok to,0.0003034929686691,0.2592008411884308,0.0002326961257494,0.2182689756155014,0.0001869765983428,0.2632826566696167,6.650868300539514e-08,4.79187156088301e-06,3.471220111350704e-07,4.764587356476113e-05,0.5714285714285714,True. Incentivising moral behavior can be,0.0011538963299244,0.6313319802284241,0.0001169605966424,0.0538872741162776,5.973763109068386e-05,0.0361782051622867,2.6098494032567032e-08,1.151129140453122e-06,2.450895522088104e-07,2.267384661536198e-05,insufficient-neutral,0.00012724656866069234,-0.736984197974714,0.00011574906718695898
184,"The only one that can properly evaluate the morality of an action is the person performing the action.
Therefore, incentivising the behaviour can only be done subjectively.
",Is it ok to incentivise moral behavior?,3,185,False. (The argument is flawed because it assumes,0.0001269248314201,0.3365181982517242,0.0001818114251364,0.4458141624927521,1.9926141249015927e-05,0.0919989570975303,7.648834454698772e-09,1.093833702725533e-06,2.8894607595475463e-08,1.0058708539872896e-05,0.14285714285714285,True. Incentivising moral behavior can be,0.0011538963299244,0.6313319802284241,0.0001169605966424,0.0538872741162776,5.973763109068386e-05,0.0361782051622867,2.6098494032567032e-08,1.151129140453122e-06,2.450895522088104e-07,2.267384661536198e-05,insufficient-neutral,-0.6664390454524832,-0.8900032627468226,6.485841437284232e-05
185,"Some people get to be known for their moral attitude and impactful choices not only by themselves and their colleagues, but also get recognised as morally good by wider population. Virtue of those could be easily recognised and rewarded.",Is it ok to incentivise moral behavior?,1,186,False. (I think it's not ok to,0.0003081226022914,0.3125040531158447,0.0003229097055736,0.3541134893894195,0.0001040176066453,0.1453278809785843,3.4252543912316475e-08,3.0682972465001512e-06,2.702076074001525e-07,3.856606417684816e-05,0.2857142857142857,True. Incentivising moral behavior can be,0.0011538963299244,0.6313319802284241,0.0001169605966424,0.0538872741162776,5.973763109068386e-05,0.0361782051622867,2.6098494032567032e-08,1.151129140453122e-06,2.450895522088104e-07,2.267384661536198e-05,supports,4.42826208934868e-05,-0.732972023308552,0.00020597319967952685
186,Not being punished for rule-breaking and enjoying the liberties and benefits of not being incarcerated are equivalent to directly incentivizing good behavior.,Is it ok to incentivise moral behavior?,7,187,False. Incentivising moral behavior is not,0.0001564436242915,0.1742629706859588,0.0002640486054588,0.3866192698478699,0.0001317387359449,0.278471440076828,3.4687815286815755e-08,3.781192390306387e-06,3.349450992118364e-07,6.320893589872867e-05,0.2857142857142857,True. Incentivising moral behavior can be,0.0011538963299244,0.6313319802284241,0.0001169605966424,0.0538872741162776,5.973763109068386e-05,0.0361782051622867,2.6098494032567032e-08,1.151129140453122e-06,2.450895522088104e-07,2.267384661536198e-05,insufficient-neutral,7.200540628661341e-05,-0.8644214213752203,0.00014710521433003722
187,"As incentives are usually scarce, this will lead to competition. People competing for morality is not ok.",Is it ok to incentivise moral behavior?,3,188,False. (I think it is ok to incentiv,0.0001306877238675,0.1598811149597168,0.0004780358285643,0.5324853658676147,5.844716361025348e-05,0.0947264209389686,1.7151565501194458e-08,1.7649514347795048e-06,1.8529928524912973e-07,2.8708283934975043e-05,0.42857142857142855,True. Incentivising moral behavior can be,0.0011538963299244,0.6313319802284241,0.0001169605966424,0.0538872741162776,5.973763109068386e-05,0.0361782051622867,2.6098494032567032e-08,1.151129140453122e-06,2.450895522088104e-07,2.267384661536198e-05,refutes,-0.021602254004203878,-0.8867422311014177,0.00036111746843646626
188,Competition means you can either make yourself look good or others look bad. This is not good for overall morality.,Is it ok to incentivise moral behavior?,1,189,False. (Note: This is a tricky one,8.992722723633051e-05,0.0877119377255439,0.0006242187228053,0.6232797503471375,8.784406236372888e-05,0.11895502358675,2.4669905229757205e-08,2.769126695056912e-06,1.6991047857572997e-07,2.5365139663335867e-05,0.14285714285714285,True. Incentivising moral behavior can be,0.0011538963299244,0.6313319802284241,0.0001169605966424,0.0538872741162776,5.973763109068386e-05,0.0361782051622867,2.6098494032567032e-08,1.151129140453122e-06,2.450895522088104e-07,2.267384661536198e-05,refutes,2.8108110384973852e-05,-0.9220664587413825,0.0005073174623159796
189,Incentivising moral behaviour sends a clear message that morality is valued.,Is it ok to incentivise moral behavior?,3,190,True. (I think this is a good way,0.0005466341972351,0.3722114264965057,0.0002727259125094,0.1704107969999313,0.0001182179330498,0.1171215176582336,8.747042556933594e-08,4.72931242256891e-06,4.5652546987184905e-07,3.975303116021678e-05,0.2857142857142857,True. Incentivising moral behavior can be,0.0011538963299244,0.6313319802284241,0.0001169605966424,0.0538872741162776,5.973763109068386e-05,0.0361782051622867,2.6098494032567032e-08,1.151129140453122e-06,2.450895522088104e-07,2.267384661536198e-05,supports,5.848379564252502e-05,-0.5262709629461132,0.00015578353640236466
190,Behaving ethically should be the “ticket of admission” for even having a job Source,Is it ok to incentivise moral behavior?,4,191,False. Incentivising moral behavior can lead,0.0004762460594065,0.2730737328529358,0.0005744624068029,0.3973199427127838,0.0001167091104434,0.0859264656901359,9.410329226966496e-08,6.356820449582301e-06,7.202146434792667e-07,7.190240285126492e-05,0.0,True. Incentivising moral behavior can be,0.0011538963299244,0.6313319802284241,0.0001169605966424,0.0538872741162776,5.973763109068386e-05,0.0361782051622867,2.6098494032567032e-08,1.151129140453122e-06,2.450895522088104e-07,2.267384661536198e-05,supports,5.697488289725209e-05,-0.5872713630714969,0.00045755532610443806
191,Incentivising moral behavior is the easiest way to get people to do the right thing.,Is it ok to incentivise moral behavior?,2,192,True. (I think it is ok to incentiv,0.0003557025338523,0.3442401587963104,0.0002880567044485,0.2598460912704468,9.135196160059422e-05,0.1266388744115829,4.8282299047741624e-08,3.2759071473265067e-06,3.237258283661504e-07,3.549554821802303e-05,0.5714285714285714,True. Incentivising moral behavior can be,0.0011538963299244,0.6313319802284241,0.0001169605966424,0.0538872741162776,5.973763109068386e-05,0.0361782051622867,2.6098494032567032e-08,1.151129140453122e-06,2.450895522088104e-07,2.267384661536198e-05,supports,3.161621918794869e-05,-0.6917378757278788,0.00017111612164978326
192,"If doing the right thing is costly, it would be good to compensate.",Is it ok to incentivise moral behavior?,2,193,False. (Note: This is a tricky one,0.0002472762425895,0.2864140272140503,0.0002846132265403,0.3145642578601837,7.90342382970266e-05,0.1342395544052124,5.3141011591151255e-08,5.2537579904310405e-06,3.136694033401e-07,4.646183515433222e-05,0.42857142857142855,True. Incentivising moral behavior can be,0.0011538963299244,0.6313319802284241,0.0001169605966424,0.0538872741162776,5.973763109068386e-05,0.0361782051622867,2.6098494032567032e-08,1.151129140453122e-06,2.450895522088104e-07,2.267384661536198e-05,supports,1.9297760008811024e-05,-0.7857032419838784,0.00016767224094324108
193,Whistle-blowers often pay a high price for doing the right thing. This is very discouraging for other potential whistle-blowers. Compensation would mitigate this effect.,Is it ok to incentivise moral behavior?,0,194,True. (I think it is ok to incentiv,0.00051976920804,0.5481599569320679,0.0001635526423342,0.1570504605770111,3.85448474844452e-05,0.0559980645775795,6.99691327099572e-08,5.277968284644885e-06,2.0187013660688533e-07,3.097165608778596e-05,0.14285714285714285,True. Incentivising moral behavior can be,0.0011538963299244,0.6313319802284241,0.0001169605966424,0.0538872741162776,5.973763109068386e-05,0.0361782051622867,2.6098494032567032e-08,1.151129140453122e-06,2.450895522088104e-07,2.267384661536198e-05,supports,-0.35476437915770814,-0.5495529411432881,4.6597495762706455e-05
194,The perspective of compensation might encourage false cases of whistle-blowing.,Is it ok to incentivise moral behavior?,5,195,False. I believe that incentivising moral behavior is,0.0003120040346402,0.2562614679336548,0.0004298037092667,0.378729909658432,0.0001250800123671,0.1483127623796463,4.8769226879130656e-08,4.116038326174021e-06,4.059541254264332e-07,4.747501589008607e-05,0.0,True. Incentivising moral behavior can be,0.0011538963299244,0.6313319802284241,0.0001169605966424,0.0538872741162776,5.973763109068386e-05,0.0361782051622867,2.6098494032567032e-08,1.151129140453122e-06,2.450895522088104e-07,2.267384661536198e-05,refutes,6.534628490867717e-05,-0.7296082615492488,0.0003128797072215339
195,It might make whistle-blowing an interesting tool for employees who hold a grudge against their employer.,Is it ok to incentivise moral behavior?,5,196,False. Incentivising moral behavior is not,0.0001705249160295,0.1743062138557434,0.0004027260001748,0.4812749028205871,0.0001218686593347,0.1826713532209396,3.088979383392143e-08,2.968628905364312e-06,2.036021697904289e-07,2.8721080525428988e-05,0.14285714285714285,True. Incentivising moral behavior can be,0.0011538963299244,0.6313319802284241,0.0001169605966424,0.0538872741162776,5.973763109068386e-05,0.0361782051622867,2.6098494032567032e-08,1.151129140453122e-06,2.450895522088104e-07,2.267384661536198e-05,refutes,6.213474002619374e-05,-0.8522181658722561,0.0002857988307341623
196,A one-size-fits-all prescription to good health is both ideologically and practically dangerous.,Do people have a right to not wear a mask in public spaces during the Covid-19 pandemic?,1,197,False. (The argument is about a one-size,2.793720705085434e-05,0.0415497533977031,0.0002451412146911,0.4196376502513885,0.0001176200312329,0.3645875155925751,2.719802694173268e-08,4.234395873936592e-06,1.2662503934279812e-07,2.9163798899389803e-05,0.125,False. (Note: This is a general answer,0.0001747043861541,0.1785783767700195,0.0003875986440107,0.4152071475982666,0.0001200724509544,0.1677588522434234,3.108026902509664e-08,2.8018580451316666e-06,2.4197134962378186e-07,3.662002563942224e-05,supports,-0.02042449955844871,-0.8400886911550577,-0.36753851315245395
197,"The UK government has made exceptions to the rule requiring masks for specific groups of people.
 This is an acknowledgement of the practical dangers of a one-size-fits-all prescription.",Do people have a right to not wear a mask in public spaces during the Covid-19 pandemic?,3,198,False. (The argument is about exceptions to a,8.026066643651575e-05,0.1723279654979705,0.0002181711170123,0.4684359729290008,4.718281343230046e-05,0.2144656032323837,1.6474670516686274e-08,2.833548251146567e-06,5.2101366776469156e-08,2.061264603980817e-05,0.25,False. (Note: This is a general answer,0.0001747043861541,0.1785783767700195,0.0003875986440107,0.4152071475982666,0.0001200724509544,0.1677588522434234,3.108026902509664e-08,2.8018580451316666e-06,2.4197134962378186e-07,3.662002563942224e-05,supports,-0.6070471364807977,-0.5405915775593584,-0.4371210519346471
198,It is not reasonable for everyone to wear masks.,Do people have a right to not wear a mask in public spaces during the Covid-19 pandemic?,1,199,False. (Note: This answer assumes that the,9.02617393876426e-05,0.1095653250813484,0.0004013770085293,0.4506015181541443,0.0001132135876105,0.2449877858161926,3.8614700770267525e-08,5.357486315915594e-06,2.9409605417640705e-07,6.400515121640638e-05,0.1875,False. (Note: This is a general answer,0.0001747043861541,0.1785783767700195,0.0003875986440107,0.4152071475982666,0.0001200724509544,0.1677588522434234,3.108026902509664e-08,2.8018580451316666e-06,2.4197134962378186e-07,3.662002563942224e-05,supports,-0.057122706244289084,-0.48334588859133615,1.3783707064767772e-05
199,"For people with certain underlying conditions and medical considerations, mask wearing is not possible.",Do people have a right to not wear a mask in public spaces during the Covid-19 pandemic?,3,200,False. (Note: This is a general answer,6.07384936301969e-05,0.0714597851037979,0.0003495259152259,0.4176985025405884,0.0001515082549303,0.3202605545520782,4.3707359509426176e-08,5.475741090776864e-06,3.13784966010644e-07,5.444563430501148e-05,0.1875,False. (Note: This is a general answer,0.0001747043861541,0.1785783767700195,0.0003875986440107,0.4152071475982666,0.0001200724509544,0.1677588522434234,3.108026902509664e-08,2.8018580451316666e-06,2.4197134962378186e-07,3.662002563942224e-05,supports,3.143957900320789e-05,-0.6523356112157264,-0.09822719809037553
200,"Many rape survivors, for whom wearing a mask can trigger trauma and flashbacks, are being stigmatized for not wearing masks.",Do people have a right to not wear a mask in public spaces during the Covid-19 pandemic?,0,201,True. (Note: This is a moral and,0.0007067114347591,0.6325391530990601,7.929082494229078e-05,0.0646179392933845,5.666659853886813e-05,0.0970030277967453,6.805598928849578e-08,4.153302143095061e-06,2.384684592016129e-07,3.0688981496496126e-05,0.1875,False. (Note: This is a general answer,0.0001747043861541,0.1785783767700195,0.0003875986440107,0.4152071475982666,0.0001200724509544,0.1677588522434234,3.108026902509664e-08,2.8018580451316666e-06,2.4197134962378186e-07,3.662002563942224e-05,supports,-0.5280632810569642,0.0005321000088104117,-0.7954305925278162
201,"Mandating mask-wearing during a pandemic is like mandating safety/hand brakes on a car. It may never be required
 but is in everyone’s interest that it is there and working if it is required.",Do people have a right to not wear a mask in public spaces during the Covid-19 pandemic?,7,202,False. (Note: This is a moral and,2.878277882700786e-05,0.0366150550544261,0.0003732607583515,0.8204348087310791,7.746780283923727e-06,0.018995638936758,9.636705655680089e-09,1.861711098172236e-06,2.4512253560260436e-08,7.6266769610811025e-06,0.25,False. (Note: This is a general answer,0.0001747043861541,0.1785783767700195,0.0003875986440107,0.4152071475982666,0.0001200724509544,0.1677588522434234,3.108026902509664e-08,2.8018580451316666e-06,2.4197134962378186e-07,3.662002563942224e-05,refutes,-0.9354824506175382,-0.8352486765751852,-0.03699157848138434
202,COVID-19 is universally transmitted through infected secretions and through respiratory droplets. ,Do people have a right to not wear a mask in public spaces during the Covid-19 pandemic?,3,203,False. (The argument is that the virus is,8.870859892340377e-05,0.0558636598289012,0.0006353060598485,0.48258838057518,0.0002062536805169,0.2244244366884231,4.4173791735602215e-08,3.837157692032633e-06,3.275201549968188e-07,3.8004349335096776e-05,0.0625,False. (Note: This is a general answer,0.0001747043861541,0.1785783767700195,0.0003875986440107,0.4152071475982666,0.0001200724509544,0.1677588522434234,3.108026902509664e-08,2.8018580451316666e-06,2.4197134962378186e-07,3.662002563942224e-05,insufficient-neutral,8.619157879661775e-05,-0.4922359943203868,0.0002478034641244759
203,"During a world pandemic, it is important to be guided by those who are more informed than we are.",Do people have a right to not wear a mask in public spaces during the Covid-19 pandemic?,1,204,False. (Note: This is a tricky question,6.25774628133513e-05,0.0409775711596012,0.0006941271130926,0.5031243562698364,0.0001501155347796,0.169847309589386,5.5959553435513953e-08,4.462816832528915e-06,2.552407636358112e-07,2.538253647799138e-05,0.25,False. (Note: This is a general answer,0.0001747043861541,0.1785783767700195,0.0003875986440107,0.4152071475982666,0.0001200724509544,0.1677588522434234,3.108026902509664e-08,2.8018580451316666e-06,2.4197134962378186e-07,3.662002563942224e-05,insufficient-refutes,3.0046691605104102e-05,-0.6418094348349438,0.0003066473251693251
204,"While certain attributes of the virus are still being investigated, the overwhelming consensus is that the wearing of masks will limit the spread of the virus.",Do people have a right to not wear a mask in public spaces during the Covid-19 pandemic?,4,205,False. (The argument suggests that the consensus is,3.318892777315341e-05,0.035001765936613,0.0005440773093141,0.660434901714325,5.387094643083401e-05,0.1028759181499481,2.4152447153369397e-08,3.1850447612669086e-06,1.1310663694530378e-07,2.159644827770535e-05,0.0625,False. (Note: This is a general answer,0.0001747043861541,0.1785783767700195,0.0003875986440107,0.4152071475982666,0.0001200724509544,0.1677588522434234,3.108026902509664e-08,2.8018580451316666e-06,2.4197134962378186e-07,3.662002563942224e-05,refutes,-0.5513463246345107,-0.8100280794102174,0.00015653933973921723
205,Educating people will more effectively guide them to make responsible decisions regarding mask-wearing.,Do people have a right to not wear a mask in public spaces during the Covid-19 pandemic?,6,206,False. (Note: This answer assumes that the,7.819000165909529e-05,0.0662591829895973,0.0005599748110398,0.4973027408123016,0.000137227732921,0.217255488038063,3.8576342120677516e-08,3.355847184138838e-06,1.8385780720109326e-07,2.393993599980604e-05,0.125,False. (Note: This is a general answer,0.0001747043861541,0.1785783767700195,0.0003875986440107,0.4152071475982666,0.0001200724509544,0.1677588522434234,3.108026902509664e-08,2.8018580451316666e-06,2.4197134962378186e-07,3.662002563942224e-05,insufficient-neutral,1.71573420907167e-05,-0.5524439690362043,0.0001724430057042801
206,"Mandatory face mask wearing, and the undercutting of people's rights not to wear one, provoked protests in Spain.",Do people have a right to not wear a mask in public spaces during the Covid-19 pandemic?,0,207,False. (Note: This is a general answer,4.137272480875254e-05,0.0697246566414833,0.0003357516543474,0.6462048292160034,3.538796590873972e-05,0.1140619292855262,1.6473677533213052e-08,2.7288267574476777e-06,1.56374241555568e-07,4.615461148205213e-05,0.4375,False. (Note: This is a general answer,0.0001747043861541,0.1785783767700195,0.0003875986440107,0.4152071475982666,0.0001200724509544,0.1677588522434234,3.108026902509664e-08,2.8018580451316666e-06,2.4197134962378186e-07,3.662002563942224e-05,insufficient-supports,-0.7052782247096877,-0.7631843955408237,-0.13376463118345863
207,"In many places, such as Florida, mask wearing is not mandatory, and yet there have been protests 
(https://abc7news.com/viral-target-anti-mask-video-protesters-parade-around-store-demand-customers-remove-face-masks-rant-caught-on/6428893/).",Do people have a right to not wear a mask in public spaces during the Covid-19 pandemic?,0,208,True. (Note: This answer is based on,0.0002008402225328,0.3631276488304138,0.0002188632643083,0.3574978709220886,2.718076939345337e-05,0.0932588949799537,1.7524245166100627e-08,1.82812505045149e-06,5.466811359156055e-08,1.768686342984438e-05,0.25,False. (Note: This is a general answer,0.0001747043861541,0.1785783767700195,0.0003875986440107,0.4152071475982666,0.0001200724509544,0.1677588522434234,3.108026902509664e-08,2.8018580451316666e-06,2.4197134962378186e-07,3.662002563942224e-05,insufficient-supports,-0.7736302609182532,2.6140403221798697e-05,-0.4353353199495246
208,"Most anti-maskers are not educated on the benefits of wearing masks; whereas government officials 
and researchers who recommend masks to the point of making it mandatory are much more informed.",Do people have a right to not wear a mask in public spaces during the Covid-19 pandemic?,4,209,False. (Note: This answer is based on,0.0001257316325791,0.1357438266277313,0.0005252304836176,0.5043494701385498,7.507778354920447e-05,0.1611997783184051,3.693252281777859e-08,4.597698989527999e-06,1.440874797253855e-07,3.2671185181243345e-05,0.1875,False. (Note: This is a general answer,0.0001747043861541,0.1785783767700195,0.0003875986440107,0.4152071475982666,0.0001200724509544,0.1677588522434234,3.108026902509664e-08,2.8018580451316666e-06,2.4197134962378186e-07,3.662002563942224e-05,refutes,-0.37472931590513786,-0.28031782517356507,0.00013768520620612582
209,Statistical modeling studies of mortality rate shows that masks significantly reduce the loss of life.,Do people have a right to not wear a mask in public spaces during the Covid-19 pandemic?,4,210,False. (Note: This answer assumes that the,4.9137255700770766e-05,0.0587211400270462,0.0004211777995806,0.4878399074077606,0.0001151436008512,0.2453013062477111,2.8634691062734422e-08,3.803888603215455e-06,1.340316515552331e-07,2.6507561415201053e-05,0.0625,False. (Note: This is a general answer,0.0001747043861541,0.1785783767700195,0.0003875986440107,0.4152071475982666,0.0001200724509544,0.1677588522434234,3.108026902509664e-08,2.8018580451316666e-06,2.4197134962378186e-07,3.662002563942224e-05,refutes,-0.04104896721956504,-0.7187405721031601,3.3592175851709496e-05
210,Wearing facemasks help prevent the spread of COVID-19.,Do people have a right to not wear a mask in public spaces during the Covid-19 pandemic?,2,211,False. (Note: This is a tricky one,0.0001122491958085,0.082642875611782,0.0005355109460651,0.4229868650436401,0.0001779778249328,0.2299739718437194,4.748482851368863e-08,4.386510227050167e-06,3.356190347858501e-07,4.361533865449019e-05,0.125,False. (Note: This is a general answer,0.0001747043861541,0.1785783767700195,0.0003875986440107,0.4152071475982666,0.0001200724509544,0.1677588522434234,3.108026902509664e-08,2.8018580451316666e-06,2.4197134962378186e-07,3.662002563942224e-05,refutes,5.791232765352183e-05,-0.35749068309315757,0.00014796965489199086
211,A systematic review of 172 studies revealed that masks are effective at protecting people form COVID-19.,Do people have a right to not wear a mask in public spaces during the Covid-19 pandemic?,4,212,False. (The argument suggests that masks are effective,5.090552440378815e-05,0.0481238923966884,0.0005346081452444,0.5771797299385071,9.217800106853248e-05,0.1602770239114761,2.015100442065432e-08,2.2541748876392376e-06,1.249559318239335e-07,2.0973351638531312e-05,0.1875,False. (Note: This is a general answer,0.0001747043861541,0.1785783767700195,0.0003875986440107,0.4152071475982666,0.0001200724509544,0.1677588522434234,3.108026902509664e-08,2.8018580451316666e-06,2.4197134962378186e-07,3.662002563942224e-05,insufficient-neutral,-0.23231348793288992,-0.7086190820710915,0.00014706650401123412
212,"Now that research has demonstrated its definite benefits, the CDC website officially recommends that masks be worn.",Do people have a right to not wear a mask in public spaces during the Covid-19 pandemic?,4,213,False. (Note: The question is not asking,3.4681044780882075e-05,0.0484545156359672,0.0004127143765799,0.5949265956878662,7.284841558430344e-05,0.1931443810462951,1.7202623325829336e-08,2.653503315741545e-06,8.731948497597841e-08,2.0387935364851728e-05,0.0625,False. (Note: This is a general answer,0.0001747043861541,0.1785783767700195,0.0003875986440107,0.4152071475982666,0.0001200724509544,0.1677588522434234,3.108026902509664e-08,2.8018580451316666e-06,2.4197134962378186e-07,3.662002563942224e-05,refutes,-0.39329617239204073,-0.8014872691845798,2.512547116775475e-05
213,People's choice to not wear a mask must be respected.,Do people have a right to not wear a mask in public spaces during the Covid-19 pandemic?,1,214,False. (Note: This is a tricky one,8.153387170750648e-05,0.1021125689148902,0.0003951018734369,0.440104991197586,0.0001006808961392,0.2355712354183197,3.2385774062504424e-08,3.667301371024223e-06,3.0636877568213094e-07,5.603735917247832e-05,0.375,False. (Note: This is a general answer,0.0001747043861541,0.1785783767700195,0.0003875986440107,0.4152071475982666,0.0001200724509544,0.1677588522434234,3.108026902509664e-08,2.8018580451316666e-06,2.4197134962378186e-07,3.662002563942224e-05,supports,-0.16149878395140232,-0.533303808207834,7.506138795418862e-06
214,People have the right to bodily autonomy and integrity. They should not be forced to wear masks if they don't wish to.,Do people have a right to not wear a mask in public spaces during the Covid-19 pandemic?,1,215,False. (Note: This is a complex issue,3.813641887973063e-05,0.0632741525769233,0.0002565746835898,0.4675362706184387,8.010651072254404e-05,0.26226407289505,2.316575198335613e-08,3.6598412407329306e-06,1.7319077016964004e-07,4.493568485486321e-05,0.5,False. (Note: This is a general answer,0.0001747043861541,0.1785783767700195,0.0003875986440107,0.4152071475982666,0.0001200724509544,0.1677588522434234,3.108026902509664e-08,2.8018580451316666e-06,2.4197134962378186e-07,3.662002563942224e-05,supports,-0.33284854197765856,-0.781708864217685,-0.33804029618143605
215,"The Jacobsen v. Massachusetts case in the US shows that masks do not violate the constitutional right to bodily integrity 
because they are required to protect public health.",Do people have a right to not wear a mask in public spaces during the Covid-19 pandemic?,4,216,False. (The Jacobsen v. Massachusetts case,3.163836299791001e-05,0.0608928054571151,0.0003271137247793,0.6968812942504883,2.582247725513298e-05,0.1035821586847305,1.0256852256418371e-08,1.991215640373412e-06,4.013319454543307e-08,1.788670851965435e-05,0.4375,False. (Note: This is a general answer,0.0001747043861541,0.1785783767700195,0.0003875986440107,0.4152071475982666,0.0001200724509544,0.1677588522434234,3.108026902509664e-08,2.8018580451316666e-06,2.4197134962378186e-07,3.662002563942224e-05,refutes,-0.7849425321971681,-0.8189034420120224,-0.1560503891487562
216,This right to bodily autonomy is not without limits. Prostitution is illegal in many countries.,Do people have a right to not wear a mask in public spaces during the Covid-19 pandemic?,0,217,False. (The argument is about the right to,8.819831418804824e-05,0.0707627385854721,0.0004657506360672,0.4104052484035492,0.0001634938380448,0.2649775445461273,4.6889436333685814e-08,3.726708200701978e-06,3.379473128006794e-07,4.264991730451584e-05,0.25,False. (Note: This is a general answer,0.0001747043861541,0.1785783767700195,0.0003875986440107,0.4152071475982666,0.0001200724509544,0.1677588522434234,3.108026902509664e-08,2.8018580451316666e-06,2.4197134962378186e-07,3.662002563942224e-05,refutes,4.3426601428870174e-05,-0.4951568410523367,7.81822954081859e-05
217,"The government has a moral obligation to reasonably restrict personal choices, especially ones that harm the public good.",Do people have a right to not wear a mask in public spaces during the Covid-19 pandemic?,1,218,False. (Note: This answer assumes that the,7.173222547862679e-05,0.0584580786526203,0.0007244698354043,0.5812522768974304,6.430035864468664e-05,0.0877559706568718,5.0867825507339155e-08,4.881439053860959e-06,2.5820202154136496e-07,4.055372846778482e-05,0.25,False. (Note: This is a general answer,0.0001747043861541,0.1785783767700195,0.0003875986440107,0.4152071475982666,0.0001200724509544,0.1677588522434234,3.108026902509664e-08,2.8018580451316666e-06,2.4197134962378186e-07,3.662002563942224e-05,refutes,-0.4644869981948979,-0.5894079876428828,0.0003370018128392857
218,Not wearing a mask can constitute self-harm and the state is obligated to prevent such harm by limiting choice.,Do people have a right to not wear a mask in public spaces during the Covid-19 pandemic?,7,219,False. (Note: This is a simplified answer,3.421552901272662e-05,0.0355250053107738,0.0005147169576957,0.6151089072227478,9.59598255576566e-05,0.179006889462471,2.0302568515262465e-08,2.3375091586785857e-06,1.5477885995096585e-07,2.602980202937033e-05,0.3125,False. (Note: This is a general answer,0.0001747043861541,0.1785783767700195,0.0003875986440107,0.4152071475982666,0.0001200724509544,0.1677588522434234,3.108026902509664e-08,2.8018580451316666e-06,2.4197134962378186e-07,3.662002563942224e-05,refutes,-0.20081729993086148,-0.8041518603743215,0.00012716760367574684
219,"Individual choice of clothing is already restricted by laws prohibiting ""indecent exposure"", so it is not uncommon that the government regulates 
what people are allowed to wear (or not wear).",Do people have a right to not wear a mask in public spaces during the Covid-19 pandemic?,7,220,False. (Note: This answer is based on,8.531600906280801e-05,0.1003756150603294,0.0005065444856882,0.5342128276824951,4.5666369260288775e-05,0.1102410480380058,2.1858417298403765e-08,2.536378133299877e-06,1.1452992509930483e-07,2.7482505174702965e-05,0.3125,False. (Note: This is a general answer,0.0001747043861541,0.1785783767700195,0.0003875986440107,0.4152071475982666,0.0001200724509544,0.1677588522434234,3.108026902509664e-08,2.8018580451316666e-06,2.4197134962378186e-07,3.662002563942224e-05,refutes,-0.6196765461410334,-0.5116550251488589,0.00011899196280092983
220,"If people's choices cause harm to other people, their choices should be restricted.",Do people have a right to not wear a mask in public spaces during the Covid-19 pandemic?,1,221,False. (Note: This answer assumes that the,7.855209696572274e-05,0.0681445896625518,0.0004663852450903,0.3712754547595978,0.0001346696080872,0.2359970360994339,9.378909027191185e-08,9.381709787703583e-06,2.9806111001562385e-07,5.232697367318906e-05,0.125,False. (Note: This is a general answer,0.0001747043861541,0.1785783767700195,0.0003875986440107,0.4152071475982666,0.0001200724509544,0.1677588522434234,3.108026902509664e-08,2.8018580451316666e-06,2.4197134962378186e-07,3.662002563942224e-05,refutes,1.459891005971213e-05,-0.5503713518878972,7.88171505002587e-05
221,It is very well accepted that certain liberties should be curtailed where they would affect other people - consider the illegality of murder and theft.,Do people have a right to not wear a mask in public spaces during the Covid-19 pandemic?,7,222,False. (Note: This is a classic example,6.611532444367185e-05,0.0644866302609443,0.0005756288301199,0.5883931517601013,4.6517943701474e-05,0.0796303525567054,4.319219470971802e-08,3.908976850652834e-06,1.878933773014069e-07,2.723987381614279e-05,0.125,False. (Note: This is a general answer,0.0001747043861541,0.1785783767700195,0.0003875986440107,0.4152071475982666,0.0001200724509544,0.1677588522434234,3.108026902509664e-08,2.8018580451316666e-06,2.4197134962378186e-07,3.662002563942224e-05,refutes,-0.6125843744195731,-0.6215588749709233,0.0001881030946136065
222,"For most people, wearing a mask poses no risk. It is therefore justified that people are required to wear a mask 
since it does no harm to people wearing them but reduces harm for others and oneself.",Do people have a right to not wear a mask in public spaces during the Covid-19 pandemic?,2,223,False. (The argument is that wearing a mask,5.176556442165747e-05,0.0572130642831325,0.0007146015414036,0.7191229462623596,1.919284659379628e-05,0.0372292548418045,9.381669663355297e-09,9.518301453681488e-07,4.822920729452562e-08,1.0233138709736522e-05,0.3125,False. (Note: This is a general answer,0.0001747043861541,0.1785783767700195,0.0003875986440107,0.4152071475982666,0.0001200724509544,0.1677588522434234,3.108026902509664e-08,2.8018580451316666e-06,2.4197134962378186e-07,3.662002563942224e-05,refutes,-0.840156118732971,-0.7036962519304062,0.000327129692418097
223,"Public health has long been used as a justification to curtail civil liberties, such as mandatory quarantine for those with yellow fever in 1799.",Do people have a right to not wear a mask in public spaces during the Covid-19 pandemic?,0,224,False. (Note: This answer is based on,7.061956421239302e-05,0.1034009829163551,0.0003422126173973,0.5089574456214905,6.686126289423555e-05,0.1731640398502349,3.1584299620135425e-08,3.627548949225457e-06,1.1547417244628377e-07,2.7332825993653387e-05,0.25,False. (Note: This is a general answer,0.0001747043861541,0.1785783767700195,0.0003875986440107,0.4152071475982666,0.0001200724509544,0.1677588522434234,3.108026902509664e-08,2.8018580451316666e-06,2.4197134962378186e-07,3.662002563942224e-05,refutes,-0.4431590063933358,-0.5957768103766884,-0.11709542155195739
224,Many people do not wear facemasks properly. This could increase the risk of infection to oneself or others.,Do people have a right to not wear a mask in public spaces during the Covid-19 pandemic?,5,225,False. (Note: This is a tricky question,2.4524466425646096e-05,0.0206206087023019,0.0005538305849768,0.5979328751564026,0.0001107730786316,0.1767486184835434,1.945815775172832e-08,1.898525511023763e-06,1.2844148500334998e-07,1.7255117199965753e-05,0.375,False. (Note: This is a general answer,0.0001747043861541,0.1785783767700195,0.0003875986440107,0.4152071475982666,0.0001200724509544,0.1677588522434234,3.108026902509664e-08,2.8018580451316666e-06,2.4197134962378186e-07,3.662002563942224e-05,refutes,-0.0774480095049582,-0.8596230640482374,0.000166296397224168
225,A study has shown that people wearing a mask are less likely to touch their faces than those who don't wear a mask.,Do people have a right to not wear a mask in public spaces during the Covid-19 pandemic?,4,226,False. (The argument suggests that wearing a mask,7.178443775046617e-05,0.0627620071172714,0.0005429977318271,0.5133266448974609,0.0001094581966754,0.2041872292757034,3.1902136043981955e-08,3.1911661153571917e-06,1.7863224854863804e-07,2.7034266167902388e-05,0.375,False. (Note: This is a general answer,0.0001747043861541,0.1785783767700195,0.0003875986440107,0.4152071475982666,0.0001200724509544,0.1677588522434234,3.108026902509664e-08,2.8018580451316666e-06,2.4197134962378186e-07,3.662002563942224e-05,,-0.08839874754477181,-0.5891091269617702,0.00015545934364719652
226,"Even if some people wear masks incorrectly, the net effect of wearing masks is still positive.",Do people have a right to not wear a mask in public spaces during the Covid-19 pandemic?,2,227,False. (The argument is that even if some,3.495133205433376e-05,0.0424261018633842,0.0004191930347587,0.5588542819023132,0.0001068198835127,0.2518953680992126,2.1990665288740278e-08,2.9716363769694e-06,9.991201466164057e-08,1.968265496543609e-05,0.1875,False. (Note: This is a general answer,0.0001747043861541,0.1785783767700195,0.0003875986440107,0.4152071475982666,0.0001200724509544,0.1677588522434234,3.108026902509664e-08,2.8018580451316666e-06,2.4197134962378186e-07,3.662002563942224e-05,refutes,-0.11037142438887121,-0.7999401570633462,3.1606641439363635e-05
227,Even the WHO advice on masks has changed over time.,Do people have a right to not wear a mask in public spaces during the Covid-19 pandemic?,0,228,False. (The WHO has indeed changed its advice,0.0001061434595612,0.1200953796505928,0.0003399688575882,0.3641847372055053,0.000146218779264,0.292630672454834,3.8387895529012894e-08,4.196801910438808e-06,2.189740229141535e-07,3.513939009280875e-05,0.0625,False. (Note: This is a general answer,0.0001747043861541,0.1785783767700195,0.0003875986440107,0.4152071475982666,0.0001200724509544,0.1677588522434234,3.108026902509664e-08,2.8018580451316666e-06,2.4197134962378186e-07,3.662002563942224e-05,insufficient-neutral,2.6149468140330757e-05,-0.3924396410541464,-0.12288429580054236
228,Schools should close during the Covid-19 pandemic because that would reduce the rate of infection of Covid-19.,Should schools close during the Covid-19 pandemic?,2,229,True,0.0004434906004462,0.4901609718799591,8.139909914461896e-05,0.0885702818632125,7.411471597151831e-05,0.1426449716091156,7.93228096540588e-08,7.72062503529014e-06,2.9645192967109324e-07,5.01485301356297e-05,1.0,True. (Note: This is a yes/no,0.0003242522361688,0.2924968600273132,0.0001921130897244,0.1692841947078704,0.0002045033033937,0.2424883991479873,1.1624304363522243e-07,1.0545934856054371e-05,3.0092320457697497e-07,4.04267011617776e-05,supports,-0.6375867052434053,0.00011927704012438392,-0.5762959241278571
229,Schools can reduce cohort sizes to decrease the chances of widespread Covid-19 transmission.,Should schools close during the Covid-19 pandemic?,4,230,False. (Note: The question is asking whether,7.276587712112814e-05,0.0816898122429847,0.0003111801925115,0.3866874873638153,0.0001277080882573,0.29648357629776,6.029802790408212e-08,6.259636393224355e-06,1.7379787209392816e-07,3.574139918782748e-05,0.42857142857142855,True. (Note: This is a yes/no,0.0003242522361688,0.2924968600273132,0.0001921130897244,0.1692841947078704,0.0002045033033937,0.2424883991479873,1.1624304363522243e-07,1.0545934856054371e-05,3.0092320457697497e-07,4.04267011617776e-05,refutes,-0.37552065840500154,-0.7755886652289808,0.00011908998153140723
230,School closures negatively impact students' academic performance.,Should schools close during the Covid-19 pandemic?,5,231,None. (I am not sure or cannot answer,3.627444675657898e-05,0.0630731955170631,0.0001401447952957,0.2494593113660812,0.0001390541583532,0.4961090683937073,2.8251710304516564e-08,6.230115104699507e-06,1.571911525388714e-07,4.307697236072272e-05,0.0,True. (Note: This is a yes/no,0.0003242522361688,0.2924968600273132,0.0001921130897244,0.1692841947078704,0.0002045033033937,0.2424883991479873,1.1624304363522243e-07,1.0545934856054371e-05,3.0092320457697497e-07,4.04267011617776e-05,refutes,-0.3200395492609742,-0.8881289233802072,-0.27050886799672136
231,"A study showed that, when students return to school, they will only have 63 to 68% of the learning gains in reading and 37 to 50% of the learning
 gains in mathematics relative to the average school year.",Should schools close during the Covid-19 pandemic?,4,232,False. The study suggests that students will lose a,0.0002991764922626,0.2134901881217956,0.0003932600666303,0.3465287685394287,9.637252514949068e-05,0.1400102823972702,6.93157176101522e-08,4.454890131455613e-06,1.3089741912608588e-07,1.9051147319260053e-05,0.14285714285714285,True. (Note: This is a yes/no,0.0003242522361688,0.2924968600273132,0.0001921130897244,0.1692841947078704,0.0002045033033937,0.2424883991479873,1.1624304363522243e-07,1.0545934856054371e-05,3.0092320457697497e-07,4.04267011617776e-05,refutes,-0.5287483206862488,-0.0773340662272133,0.00020118562729836843
232,A study found that students learn better when studying from home.,Should schools close during the Covid-19 pandemic?,4,233,None. (The question is unrelated to the argument,9.533356205793098e-05,0.0982118174433708,0.0001596536749275,0.1670639365911483,0.0001673156075412,0.4470862746238708,9.54771621763939e-08,8.798395356279798e-06,1.7356347825625565e-07,3.3992226235568523e-05,0.0,True. (Note: This is a yes/no,0.0003242522361688,0.2924968600273132,0.0001921130897244,0.1692841947078704,0.0002045033033937,0.2424883991479873,1.1624304363522243e-07,1.0545934856054371e-05,3.0092320457697497e-07,4.04267011617776e-05,supports,-0.18184398606465546,-0.7059895000745592,-0.16895993314909122
233,Remote learning is a good substitute for in-person education.,Should schools close during the Covid-19 pandemic?,4,234,None. (The question is not related to the,7.601459947181866e-05,0.0894323661923408,0.0002182438329327,0.2508192956447601,0.0001739991566864,0.4333768486976623,8.11974487646694e-08,7.887667379691266e-06,2.1309277542513885e-07,4.181558688287623e-05,0.0,True. (Note: This is a yes/no,0.0003242522361688,0.2924968600273132,0.0001921130897244,0.1692841947078704,0.0002045033033937,0.2424883991479873,1.1624304363522243e-07,1.0545934856054371e-05,3.0092320457697497e-07,4.04267011617776e-05,supports,-0.14916212208354832,-0.7655695443461898,2.6135764230718666e-05
234,"First of all, school closures reduce the risk of illness. And it hardly affects the quality of education (at school) or, on the contrary, improves, because you can watch webinars.",Should schools close during the Covid-19 pandemic?,2,235,False. (I don't agree with the argument,9.671253064880148e-05,0.0928676426410675,0.0005269235698506,0.5099436640739441,0.000112188507046,0.1472471803426742,3.605217102631286e-08,4.2161846067756414e-06,2.648351937750704e-07,3.152084900648333e-05,0.14285714285714285,True. (Note: This is a yes/no,0.0003242522361688,0.2924968600273132,0.0001921130897244,0.1692841947078704,0.0002045033033937,0.2424883991479873,1.1624304363522243e-07,1.0545934856054371e-05,3.0092320457697497e-07,4.04267011617776e-05,supports,-0.45140980519996765,-0.7017367349829019,0.00033487481396138097
235,Many students have been thriving in remote education due to the ability to self-pace.,Should schools close during the Covid-19 pandemic?,0,236,None. (I don't have enough information to,7.109357102308422e-05,0.0651409998536109,0.0002520486013963,0.2477677166461944,0.0002331068535568,0.4348458647727966,5.1888438434843926e-08,4.509491645876551e-06,1.7969904320125354e-07,2.5648001610534266e-05,0.14285714285714285,True. (Note: This is a yes/no,0.0003242522361688,0.2924968600273132,0.0001921130897244,0.1692841947078704,0.0002045033033937,0.2424883991479873,1.1624304363522243e-07,1.0545934856054371e-05,3.0092320457697497e-07,4.04267011617776e-05,supports,2.8609400880088077e-05,-0.7807460887144841,5.994702828072281e-05
236,Online schooling does not allow for an accurate assessment of the progress of students.,Should schools close during the Covid-19 pandemic?,5,237,None. (The question is unrelated to the argument,0.0001081872251234,0.1333924382925033,0.0001422094210283,0.1739765554666519,0.0002021203399635,0.4729172885417938,6.99561439887475e-08,1.079600042430684e-05,3.759699325200927e-07,8.03979201009497e-05,0.14285714285714285,True. (Note: This is a yes/no,0.0003242522361688,0.2924968600273132,0.0001921130897244,0.1692841947078704,0.0002045033033937,0.2424883991479873,1.1624304363522243e-07,1.0545934856054371e-05,3.0092320457697497e-07,4.04267011617776e-05,refutes,-0.011652444682580193,-0.6663485612260215,-0.25976193901045674
237,Students in remote learning programs tend to score lower than those engaging in in-person education.,Should schools close during the Covid-19 pandemic?,5,238,None. (I am not sure or cannot answer,9.275619959225878e-05,0.0926166772842407,0.0001447903778171,0.1434475183486938,0.000313790194923,0.5542033910751343,4.4855781311525795e-08,5.441403573058778e-06,3.034065230167471e-07,4.556031490210444e-05,0.0,True. (Note: This is a yes/no,0.0003242522361688,0.2924968600273132,0.0001921130897244,0.1692841947078704,0.0002045033033937,0.2424883991479873,1.1624304363522243e-07,1.0545934856054371e-05,3.0092320457697497e-07,4.04267011617776e-05,refutes,0.00010930924563112302,-0.7139381344344174,-0.24632736881795933
238,Schools are critical for the social development of students.,Should schools close during the Covid-19 pandemic?,5,239,,7.133377221180126e-05,0.0695765167474746,0.0002489793405402,0.2505546510219574,0.0001821571786422,0.3702957928180694,4.9413458214075945e-08,5.331432021193905e-06,1.7960324782961837e-07,2.7075246180174872e-05,0.2857142857142857,True. (Note: This is a yes/no,0.0003242522361688,0.2924968600273132,0.0001921130897244,0.1692841947078704,0.0002045033033937,0.2424883991479873,1.1624304363522243e-07,1.0545934856054371e-05,3.0092320457697497e-07,4.04267011617776e-05,refutes,-0.10927023857644153,-0.7800053037269844,5.687717766613627e-05
239,Students can take part in social activities online.,Should schools close during the Covid-19 pandemic?,6,240,None. (The question is not related to the,4.927345071337186e-05,0.0890884846448898,0.0001059545538737,0.200764000415802,0.000177440495463,0.5809298753738403,2.192999914996108e-08,4.3903837649850175e-06,1.6403215852278666e-07,4.5215856516733766e-05,0.0,True. (Note: This is a yes/no,0.0003242522361688,0.2924968600273132,0.0001921130897244,0.1692841947078704,0.0002045033033937,0.2424883991479873,1.1624304363522243e-07,1.0545934856054371e-05,3.0092320457697497e-07,4.04267011617776e-05,supports,-0.13233433143424567,-0.8480397504869605,-0.4484782165249676
240,"Kids don't play a significant role in the spread of Covid-19. Therefore, closing schools will not significantly reduce the spread of the virus.",Should schools close during the Covid-19 pandemic?,3,241,None. (I am not sure or cannot answer,0.0002171592204831,0.1869213730096817,0.0003416394174564,0.2677524983882904,0.0001678076368989,0.276251882314682,6.897185755860846e-08,5.248669367574621e-06,2.608059901376692e-07,4.017041646875441e-05,0.42857142857142855,True. (Note: This is a yes/no,0.0003242522361688,0.2924968600273132,0.0001921130897244,0.1692841947078704,0.0002045033033937,0.2424883991479873,1.1624304363522243e-07,1.0545934856054371e-05,3.0092320457697497e-07,4.04267011617776e-05,refutes,-0.17943801340047427,-0.33027687627094493,0.00014955505921651
241,Students can wear masks and practise social distancing to reduce the rate of infection.,Should schools close during the Covid-19 pandemic?,6,242,False. (The argument suggests that students can take,6.153436697786674e-05,0.0581719353795051,0.0004044015367981,0.4469583928585052,0.0001195408694911,0.2178301215171814,4.956711663339775e-08,5.355850589694455e-06,1.4106575463301854e-07,2.575173675722908e-05,0.14285714285714285,True. (Note: This is a yes/no,0.0003242522361688,0.2924968600273132,0.0001921130897244,0.1692841947078704,0.0002045033033937,0.2424883991479873,1.1624304363522243e-07,1.0545934856054371e-05,3.0092320457697497e-07,4.04267011617776e-05,refutes,-0.41545751336365644,-0.8102268539303672,0.00021232923829970859
242,Schools can reduce cohort sizes to decrease the chances of widespread Covid-19 transmission.,Should schools close during the Covid-19 pandemic?,6,243,False. Closing schools would not be an effective measure,7.836766599211842e-05,0.086614616215229,0.0003404136223252,0.3973852097988128,0.0001262133737327,0.2688842713832855,5.4738382715413536e-08,6.3827492340351455e-06,1.2541981675440186e-07,2.4852886781445704e-05,0.42857142857142855,True. (Note: This is a yes/no,0.0003242522361688,0.2924968600273132,0.0001921130897244,0.1692841947078704,0.0002045033033937,0.2424883991479873,1.1624304363522243e-07,1.0545934856054371e-05,3.0092320457697497e-07,4.04267011617776e-05,refutes,-0.38282965781868067,-0.7583126429039595,0.00014832902854877036
243,A study found that Covid-19 cases in schools were 37% less than the ones in the surrounding community.,Should schools close during the Covid-19 pandemic?,4,244,,0.0001930016151163,0.1409906297922134,0.0003157295868732,0.2270694226026535,0.0002439769305055,0.3572303652763366,1.0315928022919253e-07,1.1278009878878947e-05,2.277540858131033e-07,3.5423880035523325e-05,0.42857142857142855,True. (Note: This is a yes/no,0.0003242522361688,0.2924968600273132,0.0001921130897244,0.1692841947078704,0.0002045033033937,0.2424883991479873,1.1624304363522243e-07,1.0545934856054371e-05,3.0092320457697497e-07,4.04267011617776e-05,refutes,3.948170125012924e-05,-0.4047793859598033,0.00012364025005925317
244,"Scientists showed that 1 in 3 people that have COVID-19 won't show symptoms, and would thus continue to go outside and spread the virus without even knowing.",Should schools close during the Covid-19 pandemic?,4,245,False. (Note: The argument is trying to,0.0001355519634671,0.171095997095108,0.0002803160168696,0.373708039522171,9.840017446549608e-05,0.2231512516736984,3.927648606349976e-08,4.548619926936226e-06,7.585541794696837e-08,1.6573294487898238e-05,0.2857142857142857,True. (Note: This is a yes/no,0.0003242522361688,0.2924968600273132,0.0001921130897244,0.1692841947078704,0.0002045033033937,0.2424883991479873,1.1624304363522243e-07,1.0545934856054371e-05,3.0092320457697497e-07,4.04267011617776e-05,supports,-0.5188333252687818,-0.5819551930660116,8.821987533802627e-05
245,Schools can reduce cohort sizes to decrease the chances of widespread Covid-19 transmission.,Should schools close during the Covid-19 pandemic?,6,246,False. Closing schools would not be an effective measure,7.836766599211842e-05,0.086614616215229,0.0003404136223252,0.3973852097988128,0.0001262133737327,0.2688842713832855,5.4738382715413536e-08,6.3827492340351455e-06,1.2541981675440186e-07,2.4852886781445704e-05,0.42857142857142855,True. (Note: This is a yes/no,0.0003242522361688,0.2924968600273132,0.0001921130897244,0.1692841947078704,0.0002045033033937,0.2424883991479873,1.1624304363522243e-07,1.0545934856054371e-05,3.0092320457697497e-07,4.04267011617776e-05,refutes,-0.38282965781868067,-0.7583126429039595,0.00014832902854877036
246,It is much more difficult to ensure that students are present and engaged in classes when they are conducted remotely.,Should schools close during the Covid-19 pandemic?,5,247,False. (The argument is about the difficulty of,5.872129258932546e-05,0.0801417604088783,0.0002758003829512,0.4232062399387359,0.0001333683467237,0.3244834840297699,4.0498331799199156e-08,8.393771167902742e-06,1.909558164925329e-07,5.141808287589811e-05,0.0,True. (Note: This is a yes/no,0.0003242522361688,0.2924968600273132,0.0001921130897244,0.1692841947078704,0.0002045033033937,0.2424883991479873,1.1624304363522243e-07,1.0545934856054371e-05,3.0092320457697497e-07,4.04267011617776e-05,refutes,-0.34784257999517193,-0.818902428297345,8.370337374054964e-05
247,90% of teachers surveyed in May 2020 in the US said that remote attendance did not approach normal attendance levels.,Should schools close during the Covid-19 pandemic?,0,248,None. (I don't have enough information to,8.207782229874283e-05,0.0788147449493408,0.0003025829209946,0.3318224549293518,0.0001938419009093,0.3532231748104095,7.897521214772496e-08,1.0435023796162568e-05,1.7814728892062706e-07,3.685114279505797e-05,0.14285714285714285,True. (Note: This is a yes/no,0.0003242522361688,0.2924968600273132,0.0001921130897244,0.1692841947078704,0.0002045033033937,0.2424883991479873,1.1624304363522243e-07,1.0545934856054371e-05,3.0092320457697497e-07,4.04267011617776e-05,refutes,-0.052133155345051696,-0.7468704510151333,0.00011049105804874867
248,Data suggested that only 60 percent of low-income students were regularly logging into online instruction early in the Covid-19 pandemic.,Should schools close during the Covid-19 pandemic?,0,249,None. (I don't have enough information to,5.475278157973662e-05,0.0659451186656951,0.0002287239185534,0.3097290396690368,0.0001852262648753,0.4649583697319031,3.71033905821605e-08,5.295676146488404e-06,1.004642697921554e-07,2.3274524210137315e-05,0.42857142857142855,True. (Note: This is a yes/no,0.0003242522361688,0.2924968600273132,0.0001921130897244,0.1692841947078704,0.0002045033033937,0.2424883991479873,1.1624304363522243e-07,1.0545934856054371e-05,3.0092320457697497e-07,4.04267011617776e-05,refutes,-0.09426272435946312,-0.8311413909533278,3.6617863599915285e-05
249,Attendance is difficult to monitor when classes are conducted remotely.,Should schools close during the Covid-19 pandemic?,3,250,None. (The question is unrelated to the argument,6.797218520659953e-05,0.0979817137122154,0.0001580400712555,0.2387473285198211,0.0001749344082782,0.4748057723045349,4.365282535445658e-08,7.362815267697442e-06,1.854076714380426e-07,4.187644663034007e-05,0.0,True. (Note: This is a yes/no,0.0003242522361688,0.2924968600273132,0.0001921130897244,0.1692841947078704,0.0002045033033937,0.2424883991479873,1.1624304363522243e-07,1.0545934856054371e-05,3.0092320457697497e-07,4.04267011617776e-05,refutes,-0.1445888385410351,-0.7903725013288284,-0.17735917171380763
250,Students can ignore classes and leave them running in the background while they do other activities.,Should schools close during the Covid-19 pandemic?,0,251,,8.423309191130102e-05,0.1195392906665802,0.0002236652217106,0.3513455092906952,0.0001466832327423,0.356878399848938,5.037365014004536e-08,8.638631697976962e-06,2.0757315155606198e-07,4.438772157300264e-05,0.14285714285714285,True. (Note: This is a yes/no,0.0003242522361688,0.2924968600273132,0.0001921130897244,0.1692841947078704,0.0002045033033937,0.2424883991479873,1.1624304363522243e-07,1.0545934856054371e-05,3.0092320457697497e-07,4.04267011617776e-05,refutes,-0.28273416464127993,-0.7402235589596651,3.155819472849542e-05
251,This [30] can be avoided by requiring students to turn on their cameras.,Should schools close during the Covid-19 pandemic?,0,252,,6.156889867270365e-05,0.1261411607265472,0.0001214915100717,0.25882488489151,0.0001323939359281,0.4911632835865021,2.1729992027985645e-08,4.4080752559239045e-06,1.0509506154221526e-07,3.29554604832083e-05,0.0,True. (Note: This is a yes/no,0.0003242522361688,0.2924968600273132,0.0001921130897244,0.1692841947078704,0.0002045033033937,0.2424883991479873,1.1624304363522243e-07,1.0545934856054371e-05,3.0092320457697497e-07,4.04267011617776e-05,,-0.35260734799368243,-0.8101203575334729,-0.36760420517941655
252,Students may not have enough personal space to be able to turn on their cameras comfortably.,Should schools close during the Covid-19 pandemic?,0,253,None. (I am not sure or cannot answer,9.907044295687228e-05,0.118393450975418,0.0001970251032616,0.2429275959730148,0.0002097321266774,0.4398850202560425,3.736647613550304e-08,3.856412604363868e-06,2.031883354902675e-07,3.154136720695533e-05,0.0,True. (Note: This is a yes/no,0.0003242522361688,0.2924968600273132,0.0001921130897244,0.1692841947078704,0.0002045033033937,0.2424883991479873,1.1624304363522243e-07,1.0545934856054371e-05,3.0092320457697497e-07,4.04267011617776e-05,refutes,5.22989281405687e-06,-0.6944648890399696,4.9129573806220654e-06
253,Students may not have stable enough (or any) internet connections for them to switch on their cameras.,Should schools close during the Covid-19 pandemic?,0,254,None. (I am not sure about the impact,0.0001385646464768,0.1681984066963195,0.0002016103680944,0.2193720787763595,0.0001938868081197,0.3850099742412567,4.24476702676202e-08,4.419490778673207e-06,2.6386047125015466e-07,4.275797618902288e-05,0.0,True. (Note: This is a yes/no,0.0003242522361688,0.2924968600273132,0.0001921130897244,0.1692841947078704,0.0002045033033937,0.2424883991479873,1.1624304363522243e-07,1.0545934856054371e-05,3.0092320457697497e-07,4.04267011617776e-05,refutes,-0.05191356373134781,-0.5726640219539899,9.499103272079216e-06
254,Students can get the materials for their school work via the computer.,Should schools close during the Covid-19 pandemic?,0,255,None. (I am not sure if the question,8.537450776202604e-05,0.1077611595392227,0.0001570277672726,0.204494759440422,0.0002470393374096,0.53877192735672,2.7637081956299884e-08,4.168333816778613e-06,2.717283678066451e-07,5.301024066284299e-05,0.14285714285714285,True. (Note: This is a yes/no,0.0003242522361688,0.2924968600273132,0.0001921130897244,0.1692841947078704,0.0002045033033937,0.2424883991479873,1.1624304363522243e-07,1.0545934856054371e-05,3.0092320457697497e-07,4.04267011617776e-05,supports,4.254473455465842e-05,-0.7367034109902589,-0.18262848461878584
255,Only 54% of the global population has access to the internet (p. 8).,Should schools close during the Covid-19 pandemic?,4,256,None. (I am not sure or cannot answer,0.0001726931950543,0.2000262886285781,0.0001334469561697,0.1374759227037429,0.0002435364440316,0.4301241040229797,4.1361801095263224e-08,5.134033472131705e-06,4.4079004624109086e-07,7.4856958235614e-05,0.14285714285714285,True. (Note: This is a yes/no,0.0003242522361688,0.2924968600273132,0.0001921130897244,0.1692841947078704,0.0002045033033937,0.2424883991479873,1.1624304363522243e-07,1.0545934856054371e-05,3.0092320457697497e-07,4.04267011617776e-05,insufficient-refutes,3.904112467686461e-05,-0.4674109357124095,-0.3053729115431997
256,"In the US, 4.4 million students cannot consistently access computers and thus, online learning.",Should schools close during the Covid-19 pandemic?,4,257,None. (I am not sure or cannot answer,0.0001362319162581,0.1493964195251464,0.0002428596490062,0.2501919269561767,0.0002160038420697,0.3814971446990967,6.754127923613852e-08,8.408158464590088e-06,2.5689732296996226e-07,4.933992386213504e-05,0.14285714285714285,True. (Note: This is a yes/no,0.0003242522361688,0.2924968600273132,0.0001921130897244,0.1692841947078704,0.0002045033033937,0.2424883991479873,1.1624304363522243e-07,1.0545934856054371e-05,3.0092320457697497e-07,4.04267011617776e-05,refutes,1.150289105521937e-05,-0.5798582058592803,5.0756310233381946e-05
257,Many governments are taking measures to improve internet access for students.,Should schools close during the Covid-19 pandemic?,0,258,,3.956032014684752e-05,0.0476470775902271,0.0001424621877958,0.195954754948616,0.0002500289410818,0.5942254662513733,2.614883243268196e-08,3.90173136111116e-06,1.7825909992552624e-07,3.7163481465540826e-05,0.0,True. (Note: This is a yes/no,0.0003242522361688,0.2924968600273132,0.0001921130897244,0.1692841947078704,0.0002045033033937,0.2424883991479873,1.1624304363522243e-07,1.0545934856054371e-05,3.0092320457697497e-07,4.04267011617776e-05,insufficient-neutral,4.553494973574083e-05,-0.8779952279920342,-0.258446220399806
258,"In order to improve access to the internet, the government of Panama made the internet free for four months (p. 4).",Should schools close during the Covid-19 pandemic?,0,259,None. (The question is not related to the,0.0001461865758756,0.2208405584096908,0.0001004724690574,0.1381984949111938,0.0001998133666347,0.446110188961029,3.782133717322722e-08,5.021807737648487e-06,2.461448787016707e-07,6.23847809038125e-05,0.14285714285714285,True. (Note: This is a yes/no,0.0003242522361688,0.2924968600273132,0.0001921130897244,0.1692841947078704,0.0002045033033937,0.2424883991479873,1.1624304363522243e-07,1.0545934856054371e-05,3.0092320457697497e-07,4.04267011617776e-05,insufficient-neutral,-0.02293330562964632,-0.5491578482145059,-0.4770139338160926
259,School isn't just about materials alone but also about personal contact and interaction.,Should schools close during the Covid-19 pandemic?,1,260,None. (The question is not related to the,0.0001003699362627,0.0774432197213172,0.0003043680917471,0.2599482238292694,0.0002279611799167,0.3337801396846771,7.550774938636097e-08,6.492070497188252e-06,3.1511768838754506e-07,3.678008579299785e-05,0.0,True. (Note: This is a yes/no,0.0003242522361688,0.2924968600273132,0.0001921130897244,0.1692841947078704,0.0002045033033937,0.2424883991479873,1.1624304363522243e-07,1.0545934856054371e-05,3.0092320457697497e-07,4.04267011617776e-05,refutes,2.346267471748617e-05,-0.6904572272234101,0.00011227657182181636
260,A decline in the quality of assessment is detrimental may result in a student's abilities to be misrepresented and thus may harm their future educational prospects.,Should schools close during the Covid-19 pandemic?,5,261,None. (I am not sure or cannot answer,0.0001260126300621,0.1381896287202835,0.0001183779168059,0.1641042530536651,0.0002752369036898,0.5380771160125732,3.1322375804165865e-08,3.7171032545302296e-06,2.475754854458501e-07,4.635745790437795e-05,0.14285714285714285,True. (Note: This is a yes/no,0.0003242522361688,0.2924968600273132,0.0001921130897244,0.1692841947078704,0.0002045033033937,0.2424883991479873,1.1624304363522243e-07,1.0545934856054371e-05,3.0092320457697497e-07,4.04267011617776e-05,refutes,7.074806850981899e-05,-0.6113746768534233,-0.3838112906532209
261,Students won't get help for exams. Students that are in low sets and need help from the teachers for every lesson will have no help with exam preparation and would go into the exam without any help.,Should schools close during the Covid-19 pandemic?,0,262,None. (I don't have enough information to,0.0002360816579312,0.2320719510316848,0.0002183398464694,0.2548811733722687,0.0002035150973824,0.288818210363388,1.1135834654396605e-07,1.2758643606503028e-05,6.002364330015553e-07,9.245090768672526e-05,0.14285714285714285,True. (Note: This is a yes/no,0.0003242522361688,0.2924968600273132,0.0001921130897244,0.1692841947078704,0.0002045033033937,0.2424883991479873,1.1624304363522243e-07,1.0545934856054371e-05,3.0092320457697497e-07,4.04267011617776e-05,refutes,-0.004832225176321757,-0.27191972298904965,2.623179621642017e-05
262,There are multiple online assessment methods that can be combined in order to accurately track the progress of students.,Should schools close during the Covid-19 pandemic?,6,263,None. (I am not sure or cannot answer,8.273400453617796e-05,0.124011643230915,8.670449460623786e-05,0.1495865881443023,0.0002047686430159,0.547165036201477,4.8283840925478216e-08,1.0395905519544613e-05,4.158885360538989e-07,0.0001251725625479,0.14285714285714285,True. (Note: This is a yes/no,0.0003242522361688,0.2924968600273132,0.0001921130897244,0.1692841947078704,0.0002045033033937,0.2424883991479873,1.1624304363522243e-07,1.0545934856054371e-05,3.0092320457697497e-07,4.04267011617776e-05,supports,2.6539389612844897e-07,-0.7448467726430479,-0.5486799221717704
263,School closures are detrimental to students' well-being.,Should schools close during the Covid-19 pandemic?,5,264,None. (The question is too broad and does,4.952147355652414e-05,0.0665381923317909,0.0002020785177592,0.2982034981250763,0.000145551704918,0.4075958430767059,3.305424201016649e-08,5.039214101998368e-06,1.9236226478369645e-07,4.105474363313988e-05,0.0,True. (Note: This is a yes/no,0.0003242522361688,0.2924968600273132,0.0001921130897244,0.1692841947078704,0.0002045033033937,0.2424883991479873,1.1624304363522243e-07,1.0545934856054371e-05,3.0092320457697497e-07,4.04267011617776e-05,refutes,-0.2882672186581221,-0.8472748433699494,9.967342891839298e-06
264,"Schools provide important benefits for students, particularly those from low-income families, that would be disrupted by school closures.",Should schools close during the Covid-19 pandemic?,5,265,False. (Note: This is a classic example,2.454988680256065e-05,0.0234819781035184,0.0004507277626544,0.4753473103046417,0.0001710769429337,0.2883127331733703,3.279573235204225e-08,4.4708667701343074e-06,2.0070213224698819e-07,3.2650608773110434e-05,0.14285714285714285,True. (Note: This is a yes/no,0.0003242522361688,0.2924968600273132,0.0001921130897244,0.1692841947078704,0.0002045033033937,0.2424883991479873,1.1624304363522243e-07,1.0545934856054371e-05,3.0092320457697497e-07,4.04267011617776e-05,refutes,-0.16345144506369746,-0.9242876869790332,0.00025866436574050405
265,School closures have been linked to an increase in child marriages across the world.,Should schools close during the Covid-19 pandemic?,5,266,None. (I am not sure or cannot answer,8.02103168098256e-05,0.0712332278490066,0.0001864945661509,0.1921251267194748,0.0003247610584367,0.5304744839668274,5.724213636426612e-08,6.687747827527346e-06,2.9904992970841704e-07,4.2933490476571023e-05,0.14285714285714285,True. (Note: This is a yes/no,0.0003242522361688,0.2924968600273132,0.0001921130897244,0.1692841947078704,0.0002045033033937,0.2424883991479873,1.1624304363522243e-07,1.0545934856054371e-05,3.0092320457697497e-07,4.04267011617776e-05,refutes,0.00012028235318156559,-0.7526298730964818,-0.02924591750390446
266,"School closures disrupt students' routines, increase rates of anxiety and depression among them.",Should schools close during the Covid-19 pandemic?,5,267,False. (Note: This is a general answer,6.29454807494767e-05,0.0656102821230888,0.0003552201378624,0.3746229112148285,0.0001435219164704,0.2783960998058319,6.32870396088947e-08,8.485532816848718e-06,2.717035840760218e-07,4.67771060357336e-05,0.0,True. (Note: This is a yes/no,0.0003242522361688,0.2924968600273132,0.0001921130897244,0.1692841947078704,0.0002045033033937,0.2424883991479873,1.1624304363522243e-07,1.0545934856054371e-05,3.0092320457697497e-07,4.04267011617776e-05,refutes,-0.2981926742078173,-0.8058749524962153,0.00016313838915799382
267,Contracting Covid-19 or spreading it to family members would be worse for a student's well-being.,Should schools close during the Covid-19 pandemic?,6,268,None. (I am not sure or cannot answer,0.0001582673867233,0.1936215907335281,0.0001765600318321,0.2029136717319488,0.0001375050778733,0.3345480859279632,1.3140592614035998e-07,1.3937714356870856e-05,1.957285320486335e-07,4.481608630158007e-05,0.14285714285714285,True. (Note: This is a yes/no,0.0003242522361688,0.2924968600273132,0.0001921130897244,0.1692841947078704,0.0002045033033937,0.2424883991479873,1.1624304363522243e-07,1.0545934856054371e-05,3.0092320457697497e-07,4.04267011617776e-05,supports,-0.3276143925725162,-0.5119004001535743,-0.08095782496971951
268,It is unethical to employ people without economic compensation.,Should unpaid internships be banned?,1,269,False. (Note: This answer assumes that the,0.0001740272418828,0.1429355889558792,0.000440935808001,0.3297489285469055,8.614973194198683e-05,0.1332306116819381,1.293944649205514e-07,1.5812081983312964e-05,5.648150818160502e-07,8.993215305963531e-05,0.0,True. I think unpaid internships should be banned,0.0004728379717562,0.3120567202568054,0.0002694149443414,0.1907564401626587,0.0001608750171726,0.153277114033699,9.762722896766719e-08,8.135626558214426e-06,3.887717241468636e-07,3.674731851788238e-05,supports,-0.46449278790405174,-0.6319516361250908,0.00017156708639663235
269,Unpaid internships are an unfair way to replace paid workers.,Should unpaid internships be banned?,1,270,None. I don't think banning unpaid internships,0.0002133816160494,0.1836697608232498,0.0002236220025224,0.1836697608232498,0.0001304375764448,0.2321803420782089,1.486071568024272e-07,1.557854557177052e-05,4.4106704422119947e-07,6.846778705948964e-05,0.4,True. I think unpaid internships should be banned,0.0004728379717562,0.3120567202568054,0.0002694149443414,0.1907564401626587,0.0001608750171726,0.153277114033699,9.762722896766719e-08,8.135626558214426e-06,3.887717241468636e-07,3.674731851788238e-05,supports,-0.18919930056724846,-0.548721488553754,-0.16997179548054925
270,"The UN Declaration of Human Rights, Article 23 (3) states: “Everyone who works has the right to just and favourable remuneration.”",Should unpaid internships be banned?,4,271,False. The article does not mention anything about the,0.0001013554428936,0.0973259583115577,0.0003049646911676,0.3166361153125763,0.0001407180825481,0.2334728389978408,6.099924121372169e-08,8.352322765858844e-06,4.265312725237891e-07,7.415322033921257e-05,0.0,True. I think unpaid internships should be banned,0.0004728379717562,0.3120567202568054,0.0002694149443414,0.1907564401626587,0.0001608750171726,0.153277114033699,9.762722896766719e-08,8.135626558214426e-06,3.887717241468636e-07,3.674731851788238e-05,supports,-0.12529561754684376,-0.7856444512754575,3.55593270403154e-05
271,"In the long run, the experience gained from an unpaid internship can lead one to have a career where they earn more money.",Should unpaid internships be banned?,2,272,False. (Note: This is a tricky question,7.827613444533199e-05,0.0757537186145782,0.0003676449996419,0.3557977676391601,0.0001508811983512,0.2727996110916137,4.780446971608399e-08,7.112154889910016e-06,2.0938399813985603e-07,3.583742727641948e-05,0.2,True. I think unpaid internships should be banned,0.0004728379717562,0.3120567202568054,0.0002694149443414,0.1907564401626587,0.0001608750171726,0.153277114033699,9.762722896766719e-08,8.135626558214426e-06,3.887717241468636e-07,3.674731851788238e-05,refutes,-0.06212163328428932,-0.8344546353699107,9.825652707727372e-05
272,"In the UK, people who have done unpaid internships have a higher average salary than those who have not (Sutton Trust, pp. 44-45).",Should unpaid internships be banned?,0,273,False. (The argument suggests that unpaid internships,0.0001187615926028,0.1302378922700882,0.0003490597300697,0.3595983684062958,0.000144377379911,0.2321741580963134,3.579970808686994e-08,4.921061645291047e-06,2.0712258219646174e-07,3.297889998066239e-05,0.4,True. I think unpaid internships should be banned,0.0004728379717562,0.3120567202568054,0.0002694149443414,0.1907564401626587,0.0001608750171726,0.153277114033699,9.762722896766719e-08,8.135626558214426e-06,3.887717241468636e-07,3.674731851788238e-05,refutes,-0.10254940482088645,-0.7488323702901876,7.966624900634193e-05
273,"Those people who have done paid internships gain an ever higher salary than those who have done unpaid internships (Sutton Trust, pp. 44-45). Therefore in 
terms of best promoting individual's longer-term salary, ideally unpaid internships would be banned and everyone would do paid internships.",Should unpaid internships be banned?,0,274,False. (The argument is based on a false,0.0001998610096052,0.164153903722763,0.0005475395009852,0.3816692531108856,0.0001250698260264,0.168046697974205,4.373423934111997e-08,3.1556191970594227e-06,1.9249399940690642e-07,2.4057209884631447e-05,0.8,True. I think unpaid internships should be banned,0.0004728379717562,0.3120567202568054,0.0002694149443414,0.1907564401626587,0.0001608750171726,0.153277114033699,9.762722896766719e-08,8.135626558214426e-06,3.887717241468636e-07,3.674731851788238e-05,supports,-0.22256526697234308,-0.5773160753928402,0.000278199507748696
274,"There may never be enough paid internships to go around. Therefore if unpaid internships were banned, some people would never be able to gain the long-term benefits of an internship.",Should unpaid internships be banned?,5,275,False. The argument is trying to justify the existence,0.0002372988528804,0.1667094677686691,0.0004100156365893,0.3114542663097381,0.0002752714790403,0.3018718063831329,8.490464153965149e-08,7.93182243796764e-06,3.3189212444995064e-07,4.059704588144086e-05,0.8,True. I think unpaid internships should be banned,0.0004728379717562,0.3120567202568054,0.0002694149443414,0.1907564401626587,0.0001608750171726,0.153277114033699,9.762722896766719e-08,8.135626558214426e-06,3.887717241468636e-07,3.674731851788238e-05,refutes,0.00011441486836161245,-0.4981391786301933,0.00014063858238374518
275,Banning unpaid internships would not necessarily mean they would be replaced with paid internships meaning there would be less opportunities existing.,Should unpaid internships be banned?,5,276,None. I don't think banning unpaid internships,0.0002107229811372,0.1871389746665954,0.0002444429264869,0.2402912080287933,0.0002042396954493,0.3183341324329376,6.932241802815042e-08,6.907278020662488e-06,4.22995753979194e-07,6.084665437811054e-05,0.6,True. I think unpaid internships should be banned,0.0004728379717562,0.3120567202568054,0.0002694149443414,0.1907564401626587,0.0001608750171726,0.153277114033699,9.762722896766719e-08,8.135626558214426e-06,3.887717241468636e-07,3.674731851788238e-05,refutes,4.337165569255434e-05,-0.5543442072671548,-0.092689802028412
276,People choose to opt into internships. If they feel it is in their interests they should be free to choose to do so.,Should unpaid internships be banned?,1,277,False. (The argument is that people choose to,6.714509072480723e-05,0.0547197945415973,0.0005449018790386,0.4877122044563293,0.000133533947519,0.1970535367727279,4.163199207596335e-08,4.695945790444966e-06,2.765588362763083e-07,4.268001430318691e-05,0.6,True. I think unpaid internships should be banned,0.0004728379717562,0.3120567202568054,0.0002694149443414,0.1907564401626587,0.0001608750171726,0.153277114033699,9.762722896766719e-08,8.135626558214426e-06,3.887717241468636e-07,3.674731851788238e-05,refutes,-0.1699522407774866,-0.8579955614067563,0.0002755611749958242
277,Unpaid internships lower the value placed on work done by other paid interns and entry level workers.,Should unpaid internships be banned?,1,278,None. I don't think unpaid internships should,0.0002180903538828,0.2029768079519271,0.0002250132965855,0.216067686676979,0.0001646232558414,0.2689005732536316,1.4033493300757982e-07,1.8326478311792016e-05,4.369304917872796e-07,7.776251004543155e-05,0.4,True. I think unpaid internships should be banned,0.0004728379717562,0.3120567202568054,0.0002694149443414,0.1907564401626587,0.0001608750171726,0.153277114033699,9.762722896766719e-08,8.135626558214426e-06,3.887717241468636e-07,3.674731851788238e-05,supports,3.7488417637831323e-06,-0.5387630289657668,-0.16480766449107828
278,When work is done without payment it makes similar work seem worth less.,Should unpaid internships be banned?,1,279,False. (Note: This is a tricky one,0.0001989508018596,0.1634063124656677,0.0002940302365459,0.2433929741382599,0.0001586174039402,0.2359045594930648,1.1679067313252744e-07,1.3276909157866612e-05,4.318163462357916e-07,6.139180186437443e-05,0.0,True. I think unpaid internships should be banned,0.0004728379717562,0.3120567202568054,0.0002694149443414,0.1907564401626587,0.0001608750171726,0.153277114033699,9.762722896766719e-08,8.135626558214426e-06,3.887717241468636e-07,3.674731851788238e-05,supports,-0.014033336387947968,-0.5792410640781173,2.4621925719247213e-05
279,Where work is seen as less valuable this drives wages for those jobs down.,Should unpaid internships be banned?,3,280,False. The argument is about the value of work,0.0001973781327251,0.1794445216655731,0.0002740324125625,0.2631379961967468,0.0001636322267586,0.25905841588974,9.374073783874337e-08,1.1222648026887327e-05,3.537738564318716e-07,5.7890822063200176e-05,0.0,True. I think unpaid internships should be banned,0.0004728379717562,0.3120567202568054,0.0002694149443414,0.1907564401626587,0.0001608750171726,0.153277114033699,9.762722896766719e-08,8.135626558214426e-06,3.887717241468636e-07,3.674731851788238e-05,supports,2.757653223509679e-06,-0.5825670853125348,4.618712571290345e-06
280,Unpaid internships have replaced many entry-level jobs.,Should unpaid internships be banned?,3,281,False. (Note: This is a tricky question,0.0001739743747748,0.1440128833055496,0.0003006007464136,0.2283410280942917,0.0001465011009713,0.223051518201828,1.8224193354399176e-07,2.5161480152746662e-05,5.151188702257059e-07,9.096460416913033e-05,0.4,True. I think unpaid internships should be banned,0.0004728379717562,0.3120567202568054,0.0002694149443414,0.1907564401626587,0.0001608750171726,0.153277114033699,9.762722896766719e-08,8.135626558214426e-06,3.887717241468636e-07,3.674731851788238e-05,supports,-0.08934834291814543,-0.6320634442098001,3.119420625754268e-05
281,Changing paid jobs for unpaid internships is harmful for the economy since those positions should have paid taxes.,Should unpaid internships be banned?,5,282,False. (The argument is about the economic impact,0.000104312392068,0.1083045676350593,0.000336724508088,0.3284295499324798,0.0001448234106646,0.2639005482196808,4.0920845378877864e-08,4.917019850836368e-06,3.445553602432483e-07,5.693563070963137e-05,0.6,True. I think unpaid internships should be banned,0.0004728379717562,0.3120567202568054,0.0002694149443414,0.1907564401626587,0.0001608750171726,0.153277114033699,9.762722896766719e-08,8.135626558214426e-06,3.887717241468636e-07,3.674731851788238e-05,supports,-0.09977687517993256,-0.7793908309001365,6.732770283591218e-05
282,"Many paid or unpaid internships are never advertised and instead offered through informal networks, which encourages nepotism.",Should unpaid internships be banned?,3,283,None. I don't think that banning unpaid intern,0.0001313267566729,0.1440172642469406,0.0002737084578257,0.2955042421817779,0.000149979852722,0.3096857964992523,7.129948187412084e-08,1.0949715942842886e-05,3.345503785112669e-07,6.86657804180868e-05,0.4,True. I think unpaid internships should be banned,0.0004728379717562,0.3120567202568054,0.0002694149443414,0.1907564401626587,0.0001608750171726,0.153277114033699,9.762722896766719e-08,8.135626558214426e-06,3.887717241468636e-07,3.674731851788238e-05,supports,-0.06772440272009896,-0.7222584383713299,4.294670532722534e-06
283,72% of privileged young adults in the UK admit they secured their internships through family connections.,Should unpaid internships be banned?,0,284,True. (Note: This is a classic example,0.0003143905487377,0.2463968098163604,0.0002526199095882,0.1859900653362274,0.0001520293444627,0.2091142535209655,1.980014161517829e-07,2.224680793005973e-05,3.865338555897324e-07,5.9303441958036274e-05,0.2,True. I think unpaid internships should be banned,0.0004728379717562,0.3120567202568054,0.0002694149443414,0.1907564401626587,0.0001608750171726,0.153277114033699,9.762722896766719e-08,8.135626558214426e-06,3.887717241468636e-07,3.674731851788238e-05,supports,-0.05498475068014833,-0.3350987705788509,-0.06233891291463584
284,This [24] is not sufficient reason to ban unpaid internships. It is only sufficient reason to regulate them such that they must be allocated on the basis of merit.,Should unpaid internships be banned?,6,285,False. (Note: The argument is not saying,6.617792678298429e-05,0.0748766213655471,0.000408568419516,0.5279315710067749,8.698923920746893e-05,0.185321420431137,2.4887361504966066e-08,2.710232593017281e-06,1.4279790150339977e-07,2.9366277885856107e-05,0.6,True. I think unpaid internships should be banned,0.0004728379717562,0.3120567202568054,0.0002694149443414,0.1907564401626587,0.0001608750171726,0.153277114033699,9.762722896766719e-08,8.135626558214426e-06,3.887717241468636e-07,3.674731851788238e-05,refutes,-0.45927440608046877,-0.8600410061459567,0.0001391909753034642
285,There are more effective methods to deal with the problems of unpaid internships than a ban.,Should unpaid internships be banned?,6,286,"False. (I agree with the argument, but",9.926775237545372e-05,0.0895460471510887,0.0004179328389,0.4407610893249511,0.0001513652387075,0.2396376430988311,6.740062019616745e-08,9.415450222149955e-06,4.798841928277398e-07,7.85272495704703e-05,0.4,True. I think unpaid internships should be banned,0.0004728379717562,0.3120567202568054,0.0002694149443414,0.1907564401626587,0.0001608750171726,0.153277114033699,9.762722896766719e-08,8.135626558214426e-06,3.887717241468636e-07,3.674731851788238e-05,refutes,-0.05911283574190464,-0.7900596857592538,0.0001485579182818854
286,"Governments could introduce regulations to ensure that unpaid interns are entitled to the same rights as employees in relation to discrimination, harassment and working conditions.",Should unpaid internships be banned?,2,287,False. The argument is about introducing regulations to protect,5.23090384376701e-05,0.0522303618490695,0.0004554253537207,0.5930931568145752,8.03873481345363e-05,0.1499574333429336,6.221210213652739e-08,1.1356900358805431e-05,3.545267759363924e-07,8.760116179473698e-05,0.2,True. I think unpaid internships should be banned,0.0004728379717562,0.3120567202568054,0.0002694149443414,0.1907564401626587,0.0001608750171726,0.153277114033699,9.762722896766719e-08,8.135626558214426e-06,3.887717241468636e-07,3.674731851788238e-05,refutes,-0.500311797646678,-0.8893721706753256,0.00018606053686848455
287,Governments could cap the length of unpaid internships.,Should unpaid internships be banned?,4,288,False. The argument is about capping the length,3.653149906313047e-05,0.0333422608673572,0.0004719006828963,0.5256513953208923,8.936294034356251e-05,0.1706540137529373,6.742448732666162e-08,1.2188812434033023e-05,2.794666897898424e-07,6.745468272129074e-05,0.4,True. I think unpaid internships should be banned,0.0004728379717562,0.3120567202568054,0.0002694149443414,0.1907564401626587,0.0001608750171726,0.153277114033699,9.762722896766719e-08,8.135626558214426e-06,3.887717241468636e-07,3.674731851788238e-05,insufficient-refutes,-0.4445194666385858,-0.9227399209766375,0.00020254030594015173
288,"Effectiveness is not the only measure to consider. Other methods may be more difficult or more expensive to implement, may be easier to bypass, or come with undesirable collateral effects.",Should unpaid internships be banned?,6,289,False. (The argument is not about unpaid intern,0.0001952887250808,0.1949949860572815,0.0002607446804177,0.2793174386024475,0.0001439968909835,0.2464967668056488,5.49516236958425e-08,6.451566605392145e-06,3.668271517653921e-07,6.389823101926595e-05,0.2,True. I think unpaid internships should be banned,0.0004728379717562,0.3120567202568054,0.0002694149443414,0.1907564401626587,0.0001608750171726,0.153277114033699,9.762722896766719e-08,8.135626558214426e-06,3.887717241468636e-07,3.674731851788238e-05,insufficient-neutral,-0.10491452610688307,-0.5869859513281797,-0.03218182252248466
289,Unpaid internships are a barrier to greater social equality in society.,Should unpaid internships be banned?,5,290,None. I don't think that banning unpaid intern,0.0002260340406792,0.1871069222688675,0.000204204727197,0.1744028478860855,0.0001577971852384,0.2680183053016662,1.787275749620676e-07,2.2467995222541504e-05,4.792348704540927e-07,8.579284622101113e-05,0.4,True. I think unpaid internships should be banned,0.0004728379717562,0.3120567202568054,0.0002694149443414,0.1907564401626587,0.0001608750171726,0.153277114033699,9.762722896766719e-08,8.135626558214426e-06,3.887717241468636e-07,3.674731851788238e-05,supports,-0.019131820392583737,-0.5219630102048034,-0.24204380088792044
290,Unpaid internships are a barrier to social mobility.,Should unpaid internships be banned?,3,291,None. I am not sure if banning unpaid intern,0.0001595801586518,0.1485213339328766,0.0002147385821444,0.2030045837163925,0.0001364961353829,0.2566218376159668,1.3056917680387414e-07,1.951110607478768e-05,4.010048542113509e-07,8.15055682323873e-05,0.4,True. I think unpaid internships should be banned,0.0004728379717562,0.3120567202568054,0.0002694149443414,0.1907564401626587,0.0001608750171726,0.153277114033699,9.762722896766719e-08,8.135626558214426e-06,3.887717241468636e-07,3.674731851788238e-05,supports,-0.15153926456799902,-0.662505618871741,-0.20294480074466334
291,Unpaid internships serve as a mechanism for wealthier individuals to maintain socio-economic class advantage.,Should unpaid internships be banned?,5,292,False. (Note: This is a tricky question,0.0001501173828728,0.1282090693712234,0.0003253348695579,0.2844442427158355,0.00017010528245,0.2714186012744903,8.616655833293407e-08,9.824262633628678e-06,3.1952293966242e-07,4.854597500525415e-05,0.4,True. I think unpaid internships should be banned,0.0004728379717562,0.3120567202568054,0.0002694149443414,0.1907564401626587,0.0001608750171726,0.153277114033699,9.762722896766719e-08,8.135626558214426e-06,3.887717241468636e-07,3.674731851788238e-05,supports,9.23175043540983e-06,-0.6825183427734479,5.5934994940048524e-05
292,Many interns have bought their place on unpaid internships.,Should unpaid internships be banned?,0,293,False. The argument is about the fact that many,0.000220325688133,0.1740298122167587,0.0003107090306002,0.2716566920280456,0.0001550184824736,0.2252112925052642,1.4316458418761613e-07,1.7460664821555838e-05,6.152340574772097e-07,8.362619701074436e-05,0.4,True. I think unpaid internships should be banned,0.0004728379717562,0.3120567202568054,0.0002694149443414,0.1907564401626587,0.0001608750171726,0.153277114033699,9.762722896766719e-08,8.135626558214426e-06,3.887717241468636e-07,3.674731851788238e-05,supports,-0.03640425220726858,-0.5340355443225652,4.1305214500865764e-05
293,"Unpaid internships are difficult to regulate and monitor, often resulting in illegal practices.",Should unpaid internships be banned?,5,294,None. I don't think banning unpaid internships,0.0001271057117264,0.1259268671274185,0.0002412042667856,0.2446341663599014,0.0001569546147948,0.3141164779663086,1.1070576988458924e-07,1.4542135431838688e-05,2.684375033368269e-07,4.938795973430388e-05,0.4,True. I think unpaid internships should be banned,0.0004728379717562,0.3120567202568054,0.0002694149443414,0.1907564401626587,0.0001608750171726,0.153277114033699,9.762722896766719e-08,8.135626558214426e-06,3.887717241468636e-07,3.674731851788238e-05,supports,-0.0243692429483558,-0.7311854814571935,-0.10471088611941175
294,"Unpaid internships, in countries such as Australia, are often under legislated, allowing employers to bypass fair work requirements.",Should unpaid internships be banned?,0,295,False. (Note: The argument is not necessarily,0.0001827607920859,0.1868134289979934,0.0002638460427988,0.2804401814937591,0.0001198574609588,0.2253400236368179,1.135387819317657e-07,1.5119581803446636e-05,3.633005576375581e-07,7.157016079872847e-05,0.4,True. I think unpaid internships should be banned,0.0004728379717562,0.3120567202568054,0.0002694149443414,0.1907564401626587,0.0001608750171726,0.153277114033699,9.762722896766719e-08,8.135626558214426e-06,3.887717241468636e-07,3.674731851788238e-05,supports,-0.2549653571740912,-0.6134811436418789,-0.02067035129106689
295,Malpractice is not limited to unpaid internships. Paid interns at top companies can be subject to extreme conditions.,Should unpaid internships be banned?,0,296,None. I don't think the argument is relevant,8.116020762827247e-05,0.0962351560592651,0.0002088753244606,0.308233380317688,0.0001614063367014,0.389643520116806,7.222355691283155e-08,1.330089526163647e-05,2.618710652768641e-07,6.728417065460235e-05,0.6,True. I think unpaid internships should be banned,0.0004728379717562,0.3120567202568054,0.0002694149443414,0.1907564401626587,0.0001608750171726,0.153277114033699,9.762722896766719e-08,8.135626558214426e-06,3.887717241468636e-07,3.674731851788238e-05,refutes,5.314050185914887e-07,-0.8283551396542249,-0.2247077274380324
296,Internships are becoming increasingly regulated to ensure standards.,Should unpaid internships be banned?,4,297,None. I am not sure about the relationship between,8.945166337070987e-05,0.0800633430480957,0.000319620972732,0.3045257329940796,0.0001697494153631,0.3141924142837524,6.89571209022688e-08,9.689493708719963e-06,3.3350465855619404e-07,6.12394796917215e-05,0.2,True. I think unpaid internships should be banned,0.0004728379717562,0.3120567202568054,0.0002694149443414,0.1907564401626587,0.0001608750171726,0.153277114033699,9.762722896766719e-08,8.135626558214426e-06,3.887717241468636e-07,3.674731851788238e-05,insufficient-neutral,8.875826089174509e-06,-0.8108196280462179,5.0219558290101576e-05
297,Unpaid internships can pave the way for a good career.,Should unpaid internships be banned?,2,298,False. (The argument is that unpaid internships,0.0001185489963972,0.0893508791923523,0.0004137766663916,0.3070302009582519,0.0001242382859345,0.1819093823432922,8.818777530450461e-08,1.0604346243781038e-05,4.0877290530261234e-07,5.9146288549527526e-05,0.4,True. I think unpaid internships should be banned,0.0004728379717562,0.3120567202568054,0.0002694149443414,0.1907564401626587,0.0001608750171726,0.153277114033699,9.762722896766719e-08,8.135626558214426e-06,3.887717241468636e-07,3.674731851788238e-05,refutes,-0.2277341248007023,-0.7492819877454236,0.00014440062573674572
298,Unpaid internships are a good way for young professionals to gain work experience.,Should unpaid internships be banned?,2,299,False. (Note: This answer assumes that the,7.641041884198785e-05,0.0700126811861991,0.0003820280835498,0.3446144759654999,0.0001156052749138,0.2090192437171936,6.316370360082146e-08,8.08511958894087e-06,2.997230126311479e-07,5.050420804764144e-05,0.4,True. I think unpaid internships should be banned,0.0004728379717562,0.3120567202568054,0.0002694149443414,0.1907564401626587,0.0001608750171726,0.153277114033699,9.762722896766719e-08,8.135626558214426e-06,3.887717241468636e-07,3.674731851788238e-05,refutes,-0.28139696923998386,-0.838400417466079,0.00011264348704719326
299,"If drugs were legalised, the drug trade would be less able to fuel serious crime.",Should all drugs be legalized? ,2,300,None.,8.454977796645835e-05,0.109250970184803,0.0001340587332379,0.2241684347391128,0.0001762168831191,0.4528326988220215,5.7239500250716446e-08,8.911481927498244e-06,3.152288741148368e-07,8.131073991535231e-05,0.4,None.,0.0001982430403586,0.1517695784568786,0.0002410022425465,0.1979448497295379,0.0002752332075033,0.3114109635353088,3.506180235035572e-08,3.081545628447202e-06,2.0604784367606046e-07,2.2680942493025213e-05,supports,-0.35975427995189435,-0.5735044326725567,-0.44374487215805003
300,"Around half of the total income of criminal organisations comes from illicit drug trafficking. Without this, they would lose significant power.",Should all drugs be legalized? ,4,301,None.,0.0001566669525345,0.148106187582016,0.0002503530704416,0.2519370913505554,0.000155447749421,0.281056135892868,5.868763253147336e-08,5.84192139285733e-06,1.4398224834621942e-07,2.87549446511548e-05,0.0,None.,0.0001982430403586,0.1517695784568786,0.0002410022425465,0.1979448497295379,0.0002752332075033,0.3114109635353088,3.506180235035572e-08,3.081545628447202e-06,2.0604784367606046e-07,2.2680942493025213e-05,supports,-0.43521441024104557,-0.20972281170069526,9.353082008838858e-06
301,The legalisation of alcohol after Prohibition in the US greatly decreased the ability of gangs to make money from alcohol sales.,Should all drugs be legalized? ,7,302,None.,4.998965232516639e-05,0.0579017847776412,0.0001218073884956,0.151363730430603,0.0002660517930053,0.5986551642417908,1.878112954045719e-08,2.055275217571761e-06,7.060290130311841e-08,1.6102965673781e-05,0.0,None.,0.0001982430403586,0.1517695784568786,0.0002410022425465,0.1979448497295379,0.0002752332075033,0.3114109635353088,3.506180235035572e-08,3.081545628447202e-06,2.0604784367606046e-07,2.2680942493025213e-05,supports,-0.0333586727462381,-0.7478365332031804,-0.49457985449202635
302,"Legalization of drugs would have significant economic benefits for the state and its citizens, rather than criminal gangs.",Should all drugs be legalized? ,2,303,None.,0.0001592534244991,0.2173462361097335,8.261959010269493e-05,0.1181690841913223,0.0001580141251906,0.4060561954975128,8.654581762357338e-08,1.1672265827655792e-05,2.2186748083186106e-07,5.813013922306709e-05,0.2,None.,0.0001982430403586,0.1517695784568786,0.0002410022425465,0.1979448497295379,0.0002752332075033,0.3114109635353088,3.506180235035572e-08,3.081545628447202e-06,2.0604784367606046e-07,2.2680942493025213e-05,supports,-0.4258900420338799,-0.19667583683629974,-0.6571833140235035
303,"Legalisation would create jobs, which would likely improve employment rates. This would prevent people from turning to crime in order to generate income.",Should all drugs be legalized? ,3,304,None.  I am not sure.  I,0.0001233264774782,0.2046175003051757,8.677101868670434e-05,0.1618657708168029,0.0001571220200276,0.4399967789649963,8.439270970939107e-08,1.3622327060147654e-05,1.8505208743135881e-07,6.398093682946637e-05,0.0,None.,0.0001982430403586,0.1517695784568786,0.0002410022425465,0.1979448497295379,0.0002752332075033,0.3114109635353088,3.506180235035572e-08,3.081545628447202e-06,2.0604784367606046e-07,2.2680942493025213e-05,supports,-0.4291313121229526,-0.37790261259554997,-0.6399576295645367
304,"Drug legalisation is not necessary for governments to funnel more money into harm reduction and other social programmes, which could equally combat socioeconomic deprivation.",Should all drugs be legalized? ,6,305,None.,7.545998232671991e-05,0.0759374350309372,0.0002435878413962,0.324743241071701,0.0001988105941563,0.3978837132453918,3.128916503669643e-08,2.8469801236497005e-06,2.243031502757731e-07,4.0707611333346e-05,0.0,None.,0.0001982430403586,0.1517695784568786,0.0002410022425465,0.1979448497295379,0.0002752332075033,0.3114109635353088,3.506180235035572e-08,3.081545628447202e-06,2.0604784367606046e-07,2.2680942493025213e-05,refutes,-0.2776649447217728,-0.6193562094779164,2.5862221350342555e-06
305,Redistributive policies aim to tax certain wealthier demographics more heavily and use this revenue for positive community investment.,Should all drugs be legalized? ,0,306,,5.458648593048565e-05,0.0540802255272865,0.0001220552585436,0.1577136665582656,0.0003141235501971,0.6140989661216736,2.348977190536061e-08,2.0675181531260023e-06,7.516239719507213e-08,1.3964314348413607e-05,0.0,None.,0.0001982430403586,0.1517695784568786,0.0002410022425465,0.1979448497295379,0.0002752332075033,0.3114109635353088,3.506180235035572e-08,3.081545628447202e-06,2.0604784367606046e-07,2.2680942493025213e-05,not_applicable,3.890104955444408e-05,-0.7246486644285486,-0.4935513576391301
306,Research shows that there is a positive correlation between a region's unemployment rate and the amount of property crimes reported in the area.,Should all drugs be legalized? ,4,307,,6.68809370836243e-05,0.0492407344281673,8.791332948021591e-05,0.0905675664544105,0.0005059062968939,0.7465564012527466,3.543501492231371e-08,3.862642188323662e-06,8.001016027492369e-08,1.539686491014436e-05,0.0,None.,0.0001982430403586,0.1517695784568786,0.0002410022425465,0.1979448497295379,0.0002752332075033,0.3114109635353088,3.506180235035572e-08,3.081545628447202e-06,2.0604784367606046e-07,2.2680942493025213e-05,not_applicable,0.00023073659576394045,-0.6626316012776842,-0.6352177948582635
307,"The legalisation of drugs may create a drugs market that competes with the alcohol industry, jeopardising jobs in the latter.",Should all drugs be legalized? ,3,308,None. (The question is not related to the,0.0001193372081615,0.1173103377223014,0.0001967537828022,0.2157667279243469,0.0002627007779665,0.4639713764190674,5.7288900734420174e-08,6.499965365946991e-06,3.087948527991103e-07,6.000651410431601e-05,0.2,None.,0.0001982430403586,0.1517695784568786,0.0002410022425465,0.1979448497295379,0.0002752332075033,0.3114109635353088,3.506180235035572e-08,3.081545628447202e-06,2.0604784367606046e-07,2.2680942493025213e-05,refutes,-0.04553385708971815,-0.3980257367641657,-0.18360185895682082
308,Studies indicate that cannabis could be a substitute for alcohol if legalised for recreational use.,Should all drugs be legalized? ,4,309,None.,2.487774690962397e-05,0.0288152825087308,0.0002115790557581,0.3196273744106293,0.0002050694456556,0.4798175394535064,2.508612517715392e-08,3.815126092376886e-06,8.511426585755545e-08,2.247517113573849e-05,0.2,None.,0.0001982430403586,0.1517695784568786,0.0002410022425465,0.1979448497295379,0.0002752332075033,0.3114109635353088,3.506180235035572e-08,3.081545628447202e-06,2.0604784367606046e-07,2.2680942493025213e-05,insufficient-neutral,-0.2549247690137781,-0.8745088510314267,-0.12208677594658884
309,A 10-year study found that monthly alcohol sales dipped by 15% in US counties when medical marijuana was legalised.,Should all drugs be legalized? ,0,310,None. (The question is not related to the,6.856909021735191e-05,0.0576541125774383,9.822069114306942e-05,0.1052169129252433,0.0003649341524578,0.6649913787841797,3.8597026019715486e-08,4.101839749637293e-06,9.571532189056597e-08,2.200177550548688e-05,0.0,None.,0.0001982430403586,0.1517695784568786,0.0002410022425465,0.1979448497295379,0.0002752332075033,0.3114109635353088,3.506180235035572e-08,3.081545628447202e-06,2.0604784367606046e-07,2.2680942493025213e-05,insufficient-neutral,8.972564043031089e-05,-0.6541160280163283,-0.5924490572982187
310,"The sensations felt when consuming marijuana and alcohol are very different. As such, they are not interchangeable, meaning that people may use both.",Should all drugs be legalized? ,3,311,None.,3.283718979218975e-05,0.0488372780382633,0.0001860353368101,0.3389979004859924,0.0001654632651479,0.4490992426872253,2.000528631640464e-08,2.8469528388086478e-06,6.216460235464183e-08,1.8134418496629223e-05,0.0,None.,0.0001982430403586,0.1517695784568786,0.0002410022425465,0.1979448497295379,0.0002752332075033,0.3114109635353088,3.506180235035572e-08,3.081545628447202e-06,2.0604784367606046e-07,2.2680942493025213e-05,insufficient-neutral,-0.39882521208522376,-0.8343589276436093,-0.22807632474952785
311,"Many find marijuana to be more relaxing and calming, and alcohol more energising and stimulating.",Should all drugs be legalized? ,0,312,None.,5.441175744635984e-05,0.0719754472374916,0.0001502356899436,0.2359984070062637,0.0001899157068692,0.4842372834682464,1.6538693969891938e-08,1.7627812667342369e-06,6.162899524042588e-08,1.343875646853121e-05,0.2,None.,0.0001982430403586,0.1517695784568786,0.0002410022425465,0.1979448497295379,0.0002752332075033,0.3114109635353088,3.506180235035572e-08,3.081545628447202e-06,2.0604784367606046e-07,2.2680942493025213e-05,insufficient-neutral,-0.30998258316296035,-0.7255300496404065,-0.37662119507202146
312,"Many people see marijuana as being safer than alcohol, so may make the switch even if the sensations felt are different.",Should all drugs be legalized? ,6,313,None.,6.346439477056265e-05,0.0718064084649086,0.0001354078704025,0.1722546219825744,0.0002451920008752,0.5474240779876709,2.1752281753606443e-08,2.088438350256183e-06,6.75272531225346e-08,1.461033389205113e-05,0.0,None.,0.0001982430403586,0.1517695784568786,0.0002410022425465,0.1979448497295379,0.0002752332075033,0.3114109635353088,3.506180235035572e-08,3.081545628447202e-06,2.0604784367606046e-07,2.2680942493025213e-05,insufficient-supports,-0.10914819073109054,-0.6798657110193503,-0.4381468447274974
313,"Drugs are already easily accessible, and the alcohol industry is nonetheless highly successful.",Should all drugs be legalized? ,0,314,None.,0.0001135660204454,0.1008557826280593,0.0002088798646582,0.1855021566152572,0.0002258529857499,0.3927080929279327,4.258353669683856e-08,3.323885039208108e-06,1.3585986380348913e-07,2.0601277356036007e-05,0.2,None.,0.0001982430403586,0.1517695784568786,0.0002410022425465,0.1979448497295379,0.0002752332075033,0.3114109635353088,3.506180235035572e-08,3.081545628447202e-06,2.0604784367606046e-07,2.2680942493025213e-05,supports,-0.17941229621722868,-0.42713741556842816,-0.1332866348000981
314,"If the legalisation of drugs makes them cheaper than alcohol, people might be financially motivated to begin consuming only drugs.",Should all drugs be legalized? ,3,315,None.,9.949602099368347e-05,0.1285637468099594,0.0001414123689755,0.2119657844305038,0.0001844364887801,0.4629758596420288,7.12137193659146e-08,1.0283971278113311e-05,2.2368006113993038e-07,6.679847138002515e-05,0.4,None.,0.0001982430403586,0.1517695784568786,0.0002410022425465,0.1979448497295379,0.0002752332075033,0.3114109635353088,3.506180235035572e-08,3.081545628447202e-06,2.0604784367606046e-07,2.2680942493025213e-05,refutes,-0.3298901304346111,-0.4981109005708042,-0.41323214472489694
315,"In a behavioural study conducted on misusers of both alcohol and illicit drugs, results indicated that which drugs users choose to use is not a decision solely influenced by economic considerations.",Should all drugs be legalized? ,4,316,None. (The question is not related to the,4.475488094612956e-05,0.054752342402935,0.0001444705267203,0.219959869980812,0.0002438401570543,0.5616872310638428,1.7535530361101337e-08,2.7407502329879208e-06,8.423117492384335e-08,2.268066964461468e-05,0.2,None.,0.0001982430403586,0.1517695784568786,0.0002410022425465,0.1979448497295379,0.0002752332075033,0.3114109635353088,3.506180235035572e-08,3.081545628447202e-06,2.0604784367606046e-07,2.2680942493025213e-05,insufficient-neutral,-0.1140598212467644,-0.7742423599578937,-0.40054281157809046
316,"Studies indicate that alcohol consumption is common among drug misusers, suggesting that consumption of one often accompanies the other.",Should all drugs be legalized? ,4,317,None.,2.1693094822694547e-05,0.0269568841904401,5.9896556194871664e-05,0.0978368446230888,0.0002902504056692,0.7576156854629517,1.2175158659033514e-08,2.277521389260073e-06,6.398044405386828e-08,2.0062832845724188e-05,0.0,None.,0.0001982430403586,0.1517695784568786,0.0002410022425465,0.1979448497295379,0.0002752332075033,0.3114109635353088,3.506180235035572e-08,3.081545628447202e-06,2.0604784367606046e-07,2.2680942493025213e-05,insufficient-neutral,1.502133253543466e-05,-0.8905732338272552,-0.751468884430339
317,"The legal cannabis industry in the US currently supports 321,000 full-time jobs and creates jobs at a faster rate than any other US industry.",Should all drugs be legalized? ,0,318,None.,4.3728046875912696e-05,0.0510463714599609,0.0001008795588859,0.1454175859689712,0.0002309155825059,0.6416124701499939,2.294294887406068e-08,2.1770913463114998e-06,2.7165722116251345e-08,5.9179478739679325e-06,0.0,None.,0.0001982430403586,0.1517695784568786,0.0002410022425465,0.1979448497295379,0.0002752332075033,0.3114109635353088,3.506180235035572e-08,3.081545628447202e-06,2.0604784367606046e-07,2.2680942493025213e-05,insufficient-supports,-0.16101845194994738,-0.7794220326886965,-0.581416513722125
318,"Particularly between poorer countries, and in areas like Central America, it is often difficult to monitor and control movements across borders, meaning that drug smuggling will remain rampant.",Should all drugs be legalized? ,3,319,False.,7.985690899658948e-05,0.1115718334913253,0.0002292754070367,0.3658299446105957,0.0001134995545726,0.3032836616039276,1.988846776157516e-08,2.355608103243867e-06,4.52150139551577e-08,1.215115116792731e-05,0.0,None.,0.0001982430403586,0.1517695784568786,0.0002410022425465,0.1979448497295379,0.0002752332075033,0.3114109635353088,3.506180235035572e-08,3.081545628447202e-06,2.0604784367606046e-07,2.2680942493025213e-05,insufficient-refutes,-0.5876240530632949,-0.5971767339113794,-0.04865861572859589
319,"The sale of drugs with potentially fatal or otherwise highly dangerous effects is likely to stay banned even if drugs are legalised, so there will remain a black market demand for these substances (p. 1-2).",Should all drugs be legalized? ,3,320,False.,9.54823917709291e-05,0.1150005161762237,0.0003385144809726,0.4408420026302337,8.360717038158327e-05,0.162176713347435,2.754492278711496e-08,2.8497265702753798e-06,1.576609918174654e-07,3.458142964518629e-05,0.2,None.,0.0001982430403586,0.1517695784568786,0.0002410022425465,0.1979448497295379,0.0002752332075033,0.3114109635353088,3.506180235035572e-08,3.081545628447202e-06,2.0604784367606046e-07,2.2680942493025213e-05,refutes,-0.6962315298360906,-0.5183569037368884,9.753574475931544e-05
320,"There will still be a black market demand for drugs in places where they are legalised. Thus, criminals can continue to generate drug-related income regardless.",Should all drugs be legalized? ,3,321,False.,8.688040543347597e-05,0.0945344865322113,0.0003601092321332,0.4800857305526733,0.0001047977712005,0.2097339332103729,2.9865436346199203e-08,3.6141075270279535e-06,1.5786510232373985e-07,3.537816883181222e-05,0.4,None.,0.0001982430403586,0.1517695784568786,0.0002410022425465,0.1979448497295379,0.0002752332075033,0.3114109635353088,3.506180235035572e-08,3.081545628447202e-06,2.0604784367606046e-07,2.2680942493025213e-05,refutes,-0.6192400904267938,-0.5617480176034487,0.00011913570155794279
321,"In some US states where marijuana is legal, there are still large marijuana black markets due to regulations that increase the cost of legal marijuana.",Should all drugs be legalized? ,0,322,None.,5.9383233747212216e-05,0.0677157789468765,0.0002155244583263,0.2720386385917663,0.0002040544641204,0.4627533257007599,3.034602613638526e-08,2.7343314741301583e-06,5.310313611062156e-08,1.1333488146192394e-05,0.0,None.,0.0001982430403586,0.1517695784568786,0.0002410022425465,0.1979448497295379,0.0002752332075033,0.3114109635353088,3.506180235035572e-08,3.081545628447202e-06,2.0604784367606046e-07,2.2680942493025213e-05,refutes,-0.258612483677307,-0.7004523657436124,-0.10571596326654181
322,"Despite alcohol often being very expensive due to heavy taxation, black markets for it are still much rarer in places where it is legally sold.",Should all drugs be legalized? ,7,323,None.,8.955429802881554e-05,0.0758894234895706,0.0001866471866378,0.1968421787023544,0.0002936372475232,0.5026541352272034,2.6357186655445733e-08,2.1814753381477203e-06,9.253624000393756e-08,1.394986884406535e-05,0.0,None.,0.0001982430403586,0.1517695784568786,0.0002410022425465,0.1979448497295379,0.0002752332075033,0.3114109635353088,3.506180235035572e-08,3.081545628447202e-06,2.0604784367606046e-07,2.2680942493025213e-05,supports,1.840910681741659e-05,-0.5482600656909741,-0.22553755240768142
323,"Cheaper black market alcohol is highly popular and accounts for a substantial amount of total alcohol trade in many lower-income countries in Central and Latin America and Africa,
 despite alcohol being a legally purchasable substance in such countries.",Should all drugs be legalized? ,0,324,"None.  (The question is about alcohol,",4.3731790356105193e-05,0.044353649020195,0.0002238302258774,0.3277316391468048,0.0002086327149299,0.4550102949142456,1.0311826947884128e-08,8.296358373627299e-07,1.96066665125727e-08,4.415436251292704e-06,0.0,None.,0.0001982430403586,0.1517695784568786,0.0002410022425465,0.1979448497295379,0.0002752332075033,0.3114109635353088,3.506180235035572e-08,3.081545628447202e-06,2.0604784367606046e-07,2.2680942493025213e-05,insufficient-neutral,-0.2419784050680058,-0.7794031494018697,-0.07125251818263373
324,The enforcement of the criminalisation of drugs has harmed communities around the world and should be stopped.,Should all drugs be legalized? ,5,325,None.,0.0001137715080403,0.1075546815991401,0.0001415909355273,0.1504960656166076,0.0002210203238064,0.449298232793808,7.033542459566888e-08,5.17763510288205e-06,2.5627323907428945e-07,4.817388980882242e-05,0.6,None.,0.0001982430403586,0.1517695784568786,0.0002410022425465,0.1979448497295379,0.0002752332075033,0.3114109635353088,3.506180235035572e-08,3.081545628447202e-06,2.0604784367606046e-07,2.2680942493025213e-05,supports,-0.19697072235097215,-0.4261008717657892,-0.4124912115704449
325,"Incarceration often creates, or else fails to treat, substance use disorders or other mental illnesses.",Should all drugs be legalized? ,0,326,None.,7.130464655347168e-05,0.0594876445829868,0.0001792598486645,0.1818089038133621,0.0003195652388967,0.5427811145782471,3.0356112290519384e-08,2.265380317112431e-06,7.3248465071174e-08,1.1282032573944887e-05,0.0,None.,0.0001982430403586,0.1517695784568786,0.0002410022425465,0.1979448497295379,0.0002752332075033,0.3114109635353088,3.506180235035572e-08,3.081545628447202e-06,2.0604784367606046e-07,2.2680942493025213e-05,supports,4.434423639981859e-05,-0.6403170248776987,-0.2561901218412404
326,Time spent in prison can have a lasting positive impact on an offender's life by deterring them from future crime and rehabilitating them via training and well-being programmes.,Should all drugs be legalized? ,2,327,None.,4.637958045350388e-05,0.0554255954921245,0.0001569001033203,0.2792839705944061,0.0002230000100098,0.5217711329460144,1.558903406362333e-08,1.7635486528888578e-06,7.451652095369354e-08,1.830495602916926e-05,0.0,None.,0.0001982430403586,0.1517695784568786,0.0002410022425465,0.1979448497295379,0.0002752332075033,0.3114109635353088,3.506180235035572e-08,3.081545628447202e-06,2.0604784367606046e-07,2.2680942493025213e-05,refutes,-0.18977796308562708,-0.7660468666662482,-0.3489682848489386
327,Those who have been to prison find it very hard to find employment upon their release (p. 3).,Should all drugs be legalized? ,5,328,None. (I am not sure or cannot answer,0.0001156237922259,0.1200488805770874,8.071841875789687e-05,0.0964619889855384,0.0003820892598014,0.619259238243103,3.26304352427087e-08,4.0030654417932965e-06,1.5280930654171246e-07,3.0162267648847774e-05,0.0,None.,0.0001982430403586,0.1517695784568786,0.0002410022425465,0.1979448497295379,0.0002752332075033,0.3114109635353088,3.506180235035572e-08,3.081545628447202e-06,2.0604784367606046e-07,2.2680942493025213e-05,insufficient-neutral,0.00010688547072904425,-0.41675737006076385,-0.6650719183979265
328,"Many who go to prison suffer from stigma, affecting their employment opportunities and their daily life.",Should all drugs be legalized? ,3,329,None.,2.6875577532337047e-05,0.0387410670518875,7.025669037830085e-05,0.1310593485832214,0.0002285701193613,0.7085001468658447,1.2764011181332082e-08,1.738350647428888e-06,3.422504590844255e-08,1.0361458407714965e-05,0.0,None.,0.0001982430403586,0.1517695784568786,0.0002410022425465,0.1979448497295379,0.0002752332075033,0.3114109635353088,3.506180235035572e-08,3.081545628447202e-06,2.0604784367606046e-07,2.2680942493025213e-05,insufficient-supports,-0.1695401821796541,-0.8644311675016583,-0.708481175793436
329,"Due to this, many who leave prison often continue to commit crime to make money.",Should all drugs be legalized? ,3,330,None.,5.1600669394247234e-05,0.0767433568835258,0.0001247544132638,0.23638616502285,0.0001858211471699,0.5582695007324219,1.7999651547029316e-08,2.4418436623818707e-06,5.3214812112400984e-08,1.4554636436514556e-05,0.0,None.,0.0001982430403586,0.1517695784568786,0.0002410022425465,0.1979448497295379,0.0002752332075033,0.3114109635353088,3.506180235035572e-08,3.081545628447202e-06,2.0604784367606046e-07,2.2680942493025213e-05,insufficient-neutral,-0.32485927531955966,-0.7397100584166422,-0.48235164973732825
330,It is not necessary to end drug prohibition in order to mitigate cruel and dangerous policing practices: adapting the criminal justice system with regards to drug law enforcement would be sufficient.,Should all drugs be legalized? ,6,331,None.,3.3473988878540695e-05,0.0505683496594429,0.0001699949352769,0.3621563017368316,0.0001253463997272,0.4168393313884735,1.6069487074332756e-08,1.948419594555162e-06,6.487291415169238e-08,1.998823063331656e-05,0.2,None.,0.0001982430403586,0.1517695784568786,0.0002410022425465,0.1979448497295379,0.0002752332075033,0.3114109635353088,3.506180235035572e-08,3.081545628447202e-06,2.0604784367606046e-07,2.2680942493025213e-05,refutes,-0.5445811177210617,-0.8311467135593265,-0.29463338813496537
331,"If drugs were legalised, prison systems would be less overcrowded, which is a significant social issue in the US.",Should all drugs be legalized? ,2,332,None. (I am not sure if legalizing,7.971603190526366e-05,0.1087950095534324,5.652713298331946e-05,0.0930573046207428,0.0002270898548886,0.6163657307624817,4.1661834870865284e-08,6.938353635632666e-06,2.14488764527232e-07,6.256983033381402e-05,0.4,None.,0.0001982430403586,0.1517695784568786,0.0002410022425465,0.1979448497295379,0.0002752332075033,0.3114109635353088,3.506180235035572e-08,3.081545628447202e-06,2.0604784367606046e-07,2.2680942493025213e-05,supports,-0.1749184012039056,-0.5978873620931858,-0.7654497635124168
332,"Many other countries have significantly more overcrowded prisons than the US does. Legalisation could help resolve this serious issue in those countries, too.",Should all drugs be legalized? ,2,333,None.,0.000125303529785,0.1657505184412002,0.0001292810920858,0.2030817866325378,0.0001851866109063,0.4648588299751282,2.61764849796009e-08,2.6726829673862085e-06,8.608121504494194e-08,2.2117386833997443e-05,0.0,None.,0.0001982430403586,0.1517695784568786,0.0002410022425465,0.1979448497295379,0.0002752332075033,0.3114109635353088,3.506180235035572e-08,3.081545628447202e-06,2.0604784367606046e-07,2.2680942493025213e-05,supports,-0.32716472483038,-0.3679297414005576,-0.4635689248374693
333,"In the US, the War on Drugs has led to the mass incarceration of African Americans and other minority groups.",Should all drugs be legalized? ,0,334,None. (Note: The question is not directly,0.0001277357514481,0.1357694864273071,6.422957085305825e-05,0.0651429146528244,0.00023494202469,0.5044448375701904,6.234721894315953e-08,5.190545380173717e-06,8.348869329211085e-08,1.728715687931981e-05,0.2,None.,0.0001982430403586,0.1517695784568786,0.0002410022425465,0.1979448497295379,0.0002752332075033,0.3114109635353088,3.506180235035572e-08,3.081545628447202e-06,2.0604784367606046e-07,2.2680942493025213e-05,supports,-0.14638924997019825,-0.35566085337956893,-0.7334897377950103
334,"Other countries, like Japan, have strict drug laws which are not used as instruments of social oppression.",Should all drugs be legalized? ,0,335,None.,8.078262908384204e-05,0.1085414066910743,0.0001778293662937,0.2408096343278885,0.0001764454937074,0.4360499083995819,2.52102747566596e-08,2.851975750672864e-06,8.027471665172926e-08,1.8670005374588072e-05,0.0,None.,0.0001982430403586,0.1517695784568786,0.0002410022425465,0.1979448497295379,0.0002752332075033,0.3114109635353088,3.506180235035572e-08,3.081545628447202e-06,2.0604784367606046e-07,2.2680942493025213e-05,refutes,-0.35892367309898665,-0.5925071117870514,-0.2621256781069627
335,Legalisation would increase overall drug use.,Should all drugs be legalized? ,5,336,None.,0.0001011847998597,0.122824415564537,9.961608157027511e-05,0.1391783058643341,0.0002465521683916,0.5419267416000366,7.242245203542552e-08,1.1089637155237142e-05,2.5978650342040055e-07,7.288067718036473e-05,0.0,None.,0.0001982430403586,0.1517695784568786,0.0002410022425465,0.1979448497295379,0.0002752332075033,0.3114109635353088,3.506180235035572e-08,3.081545628447202e-06,2.0604784367606046e-07,2.2680942493025213e-05,refutes,-0.10420631787810751,-0.48959217091975715,-0.5866591094020431
336,"If legal, drugs will likely be easier for individuals to access, which may lead to more people trying them.",Should all drugs be legalized? ,3,337,None.,4.665279629989527e-05,0.0488181635737419,0.0002123759040841,0.2479190975427627,0.0002157203271053,0.4559930264949798,7.33622869120154e-08,1.0532351552683394e-05,2.1604529365504282e-07,5.36970364919398e-05,0.4,None.,0.0001982430403586,0.1517695784568786,0.0002410022425465,0.1979448497295379,0.0002752332075033,0.3114109635353088,3.506180235035572e-08,3.081545628447202e-06,2.0604784367606046e-07,2.2680942493025213e-05,refutes,-0.21622710768752887,-0.7646686803455724,-0.11878038212394107
337,"Substance abuse increased during the COVID-19 pandemic despite it being harder to access drugs during periods of lockdown. 
This indicates that psychological stress, rather than ease of access, is a primary determinant of frequent drug (mis)use.",Should all drugs be legalized? ,0,338,None. (The question is not relevant to the,7.300468860194087e-05,0.0701023191213607,0.0002338280901312,0.2504835724830627,0.0002412505855318,0.4904230535030365,3.33764056392738e-08,3.809121835729457e-06,9.424852720485433e-08,1.9044411601498723e-05,0.2,None.,0.0001982430403586,0.1517695784568786,0.0002410022425465,0.1979448497295379,0.0002752332075033,0.3114109635353088,3.506180235035572e-08,3.081545628447202e-06,2.0604784367606046e-07,2.2680942493025213e-05,insufficient-refutes,-0.1234684661773328,-0.6317414802058959,-0.02976799028712688
338,"The current American opioid crisis, in which hundreds of thousands of people have become addicted to and overdosed on opioids, has been caused by easy access to certain opioids due to their legality.",Should all drugs be legalized? ,7,339,False.,6.48450295557268e-05,0.0594156384468078,0.0003117846790701,0.3755184113979339,0.0001966401177924,0.3583221733570099,2.6574467071327493e-08,2.0763138763868483e-06,5.117362888995559e-08,7.866594387451187e-06,0.0,None.,0.0001982430403586,0.1517695784568786,0.0002410022425465,0.1979448497295379,0.0002752332075033,0.3114109635353088,3.506180235035572e-08,3.081545628447202e-06,2.0604784367606046e-07,2.2680942493025213e-05,refutes,-0.28555089854104065,-0.6729013566457152,7.079949936171735e-05
339,"In many places where drugs have been legalised, their consumption has not increased.",Should all drugs be legalized? ,0,340,None.,0.0001196889425045,0.1122682392597198,0.0001741463784128,0.1794041246175766,0.0002417783252894,0.4303681254386902,6.422406784167833e-08,8.704172614670824e-06,2.257016404882961e-07,4.36884474765975e-05,0.2,None.,0.0001982430403586,0.1517695784568786,0.0002410022425465,0.1979448497295379,0.0002752332075033,0.3114109635353088,3.506180235035572e-08,3.081545628447202e-06,2.0604784367606046e-07,2.2680942493025213e-05,supports,-0.12155103854428216,-0.39625147854877635,-0.2774076432952716
340,"In some cases, drug legalisation has actually lead to decreases in drug use.",Should all drugs be legalized? ,2,341,None. (I don't have enough information to,3.373503204784356e-05,0.0316434614360332,0.0001911219733301,0.2196491658687591,0.0002737696049734,0.5269109606742859,2.0642795917069637e-08,2.415286871837452e-06,9.11247681756322e-08,1.5566160072921775e-05,0.0,None.,0.0001982430403586,0.1517695784568786,0.0002410022425465,0.1979448497295379,0.0002752332075033,0.3114109635353088,3.506180235035572e-08,3.081545628447202e-06,2.0604784367606046e-07,2.2680942493025213e-05,supports,-0.005317681478832813,-0.829829930035271,-0.20697014554450008
341,"In the US state of Colorado, there has been a drop in teen drug use following the legalisation of marijuana.",Should all drugs be legalized? ,0,342,None. (I don't have enough information to,5.597252675215714e-05,0.0576624274253845,0.0001104484035749,0.1319906115531921,0.0002978934790007,0.6199294924736023,1.9610661539104512e-08,2.111750518452027e-06,9.351155938475132e-08,1.889549457700923e-05,0.0,None.,0.0001982430403586,0.1517695784568786,0.0002410022425465,0.1979448497295379,0.0002752332075033,0.3114109635353088,3.506180235035572e-08,3.081545628447202e-06,2.0604784367606046e-07,2.2680942493025213e-05,insufficient-supports,2.2666510073670434e-05,-0.7176570403131987,-0.5417121334313326
342,Using drugs can be an important and positive experience for individuals and communities.,Should all drugs be legalized? ,2,343,None.,1.863090983533766e-05,0.0208342429250478,0.0002705895749386,0.3664219081401825,0.0001859733165474,0.4087731838226318,2.4005437637697472e-08,2.80188032775186e-06,7.194749684913404e-08,1.4453198673436418e-05,0.4,None.,0.0001982430403586,0.1517695784568786,0.0002410022425465,0.1979448497295379,0.0002752332075033,0.3114109635353088,3.506180235035572e-08,3.081545628447202e-06,2.0604784367606046e-07,2.2680942493025213e-05,supports,-0.32430640098117447,-0.9060198542070562,2.9594464724465543e-05
343,Creativity can be stimulated through the use of drugs.,Should all drugs be legalized? ,0,344,None.,2.649437010404654e-05,0.0209272485226392,0.0002474744396749,0.2303245663642883,0.0003600731724873,0.5439538955688477,3.2037725361533376e-08,3.3421683838241734e-06,8.548658314566637e-08,1.369151141261682e-05,0.4,None.,0.0001982430403586,0.1517695784568786,0.0002410022425465,0.1979448497295379,0.0002752332075033,0.3114109635353088,3.506180235035572e-08,3.081545628447202e-06,2.0604784367606046e-07,2.2680942493025213e-05,supports,8.486332218836525e-05,-0.8663540971924103,6.473757318431462e-06
344,"Drugs are not necessary for creativity, which can be boosted by a multitude of legal alternatives such as walking, meditation, and visually stimulating environments.",Should all drugs be legalized? ,6,345,False.,3.575783193809912e-05,0.0303016323596239,0.0004124363476876,0.3960395753383636,0.0001746365451253,0.3084359467029571,3.734753306616767e-08,2.981404350066441e-06,9.94603510662273e-08,1.669402263360098e-05,0.4,None.,0.0001982430403586,0.1517695784568786,0.0002410022425465,0.1979448497295379,0.0002752332075033,0.3114109635353088,3.506180235035572e-08,3.081545628447202e-06,2.0604784367606046e-07,2.2680942493025213e-05,refutes,-0.3654960943504387,-0.8196262936977908,0.0001714754311045378
345,"Some drugs can impair one's ability to make moral, rational, and autonomous judgements.",Should all drugs be legalized? ,5,346,None.,3.7853078538319096e-05,0.0323287546634674,0.0003120262699667,0.2836758196353912,0.0002392388414591,0.3642469644546509,4.357039173896737e-08,4.520905804383801e-06,1.2527736714673665e-07,1.903372503875289e-05,0.2,None.,0.0001982430403586,0.1517695784568786,0.0002410022425465,0.1979448497295379,0.0002752332075033,0.3114109635353088,3.506180235035572e-08,3.081545628447202e-06,2.0604784367606046e-07,2.2680942493025213e-05,refutes,-0.1307777007386307,-0.8090572134595645,7.104114849630069e-05
346,Individuals routinely take many decisions which partially remove their autonomy. It would be arbitrary to only ban drugs for this reason.,Should all drugs be legalized? ,7,347,True.,0.0003440419386606,0.351670891046524,0.0002022518019657,0.168733537197113,0.000100907171145,0.1853175461292266,7.673175872469075e-08,6.920676696609007e-06,1.9403724138555845e-07,4.045290916110389e-05,0.4,None.,0.0001982430403586,0.1517695784568786,0.0002410022425465,0.1979448497295379,0.0002752332075033,0.3114109635353088,3.506180235035572e-08,3.081545628447202e-06,2.0604784367606046e-07,2.2680942493025213e-05,supports,-0.6333757395760825,0.00014582780764995737,-0.16078871371216938
347,"Drugs can alter and intensify thoughts, feelings, and perceptions, allowing users to experience states of consciousness they would not otherwise have access to. This can bring about noticeable health benefits.",Should all drugs be legalized? ,2,348,None.,4.1873212467180565e-05,0.0580477565526962,0.000168219776242,0.2857210338115692,0.0001818889577407,0.4860278964042663,1.9789966998473574e-08,2.5542822186253038e-06,5.37421982471642e-08,1.3541242879000492e-05,0.2,None.,0.0001982430403586,0.1517695784568786,0.0002410022425465,0.1979448497295379,0.0002752332075033,0.3114109635353088,3.506180235035572e-08,3.081545628447202e-06,2.0604784367606046e-07,2.2680942493025213e-05,supports,-0.3391460304130664,-0.7887783985181195,-0.30199912471958446
348,Drugs should remain banned because they are detrimental to the health of those who use them.,Should all drugs be legalized? ,5,349,False.,3.984647992183454e-05,0.023116810247302,0.0006257433560676,0.3760125637054443,4.640363476937637e-05,0.052503116428852,6.573048949576332e-08,5.371610768634128e-06,2.716482754294703e-07,3.670829755719751e-05,0.4,None.,0.0001982430403586,0.1517695784568786,0.0002410022425465,0.1979448497295379,0.0002752332075033,0.3114109635353088,3.506180235035572e-08,3.081545628447202e-06,2.0604784367606046e-07,2.2680942493025213e-05,refutes,-0.8314024852222093,-0.7990018723998753,0.0003848338593442098
349,"While enjoyable, these experiences are not important or necessary for a good life. It is, therefore, not particularly harmful for people to be denied them.",Should all drugs be legalized? ,1,350,None.,8.775735477684066e-05,0.1346606612205505,0.0001359212619718,0.2290654927492141,0.0001504511164966,0.4484884738922119,3.2175272224321816e-08,4.7612643356842455e-06,5.923720181044701e-08,1.9428929590503685e-05,0.2,None.,0.0001982430403586,0.1517695784568786,0.0002410022425465,0.1979448497295379,0.0002752332075033,0.3114109635353088,3.506180235035572e-08,3.081545628447202e-06,2.0604784367606046e-07,2.2680942493025213e-05,refutes,-0.4533685892724405,-0.5573244103899073,-0.43601660907543316
350,"Health problems associated with illegal drugs are often the result of dangerous, poor-quality drugs. These drugs would become less common with legalisation.",Should all drugs be legalized? ,3,351,None.,0.0001223189174197,0.1643505096435547,0.0001698229898465,0.2709681689739227,0.0001498682540841,0.3762020468711853,5.3101196328952944e-08,7.608666237501893e-06,2.284194806634332e-07,5.8232530136592686e-05,0.2,None.,0.0001982430403586,0.1517695784568786,0.0002410022425465,0.1979448497295379,0.0002752332075033,0.3114109635353088,3.506180235035572e-08,3.081545628447202e-06,2.0604784367606046e-07,2.2680942493025213e-05,supports,-0.45548629308364585,-0.38298506117320213,-0.295346848012281
351,Many illegal drugs have valuable medicinal properties that could be beneficial to the health of those who use them.,Should all drugs be legalized? ,2,352,None.,3.821832069661468e-05,0.0321346446871757,0.000282397319097,0.2669662833213806,0.0002936467644758,0.4685403704643249,2.5924070001792643e-08,2.224573108833283e-06,7.884442965178097e-08,1.1565222848730627e-05,0.4,None.,0.0001982430403586,0.1517695784568786,0.0002410022425465,0.1979448497295379,0.0002752332075033,0.3114109635353088,3.506180235035572e-08,3.081545628447202e-06,2.0604784367606046e-07,2.2680942493025213e-05,supports,1.8418626390119128e-05,-0.8072148175921742,4.140505526167082e-05
352,"Legalisation could fuel the creation of more hygienic supervised injection sites, reducing the health risks associated with injecting illegal drugs.",Should all drugs be legalized? ,2,353,None.,8.353830344276503e-05,0.0847262069582939,0.0001254058443009,0.1522254198789596,0.0002961689897347,0.5655860304832458,3.0718261712081585e-08,2.8032345653628e-06,1.58766653157727e-07,2.853371734090615e-05,0.2,None.,0.0001982430403586,0.1517695784568786,0.0002410022425465,0.1979448497295379,0.0002752332075033,0.3114109635353088,3.506180235035572e-08,3.081545628447202e-06,2.0604784367606046e-07,2.2680942493025213e-05,supports,2.0941546040286708e-05,-0.5786066270389449,-0.47964864154032233
353,Moral anti-realism is correct and there are no such things as moral properties.,Are moral properties natural properties?,4,354,False. (If you are not sure or cannot,4.182538032182492e-05,0.0348938480019569,0.0005684300558641,0.5544272065162659,0.0001076425251085,0.1799961626529693,2.9086161035252193e-08,3.3276066915277625e-06,1.0592623311822537e-07,1.3955128451925702e-05,0.75,False. (I am not sure about this question,0.0002446181897539,0.1947332620620727,0.000634491269011,0.4388381838798523,0.0001495320757385,0.1469923853874206,1.7066906110585478e-08,1.0354693813496851e-06,1.4628822953000056e-07,1.0874463441723492e-05,refutes,-0.28013755860151346,-0.8290177015703384,-0.10411681984193664
354,Moral Error Theory (an anti-realist theory) provides the best explanation for moral phenomena.,Are moral properties natural properties?,4,355,False. (Note: This is a very specific,5.108008554088883e-05,0.0494340509176254,0.0005755175370723,0.5975434184074402,8.964833978097886e-05,0.1510826349258422,2.1242286152300952e-08,2.1752523480245145e-06,7.702112014840169e-08,9.485847840551289e-06,0.25,False. (I am not sure about this question,0.0002446181897539,0.1947332620620727,0.000634491269011,0.4388381838798523,0.0001495320757385,0.1469923853874206,1.7066906110585478e-08,1.0354693813496851e-06,1.4628822953000056e-07,1.0874463441723492e-05,refutes,-0.40047418362763276,-0.7911844348440386,-0.0929464829841143
355,Almost all of the investigative methods and tools available to us are designed to explore the natural world.,Are moral properties natural properties?,3,356,False. (Note: This is a classic example,7.258990808622912e-05,0.0479068309068679,0.0006941154715605,0.4616851210594177,0.0001548781001474,0.2048715353012085,6.428229681887387e-08,6.858240340079647e-06,1.1326051208015997e-07,1.1666259524645284e-05,0.5,False. (I am not sure about this question,0.0002446181897539,0.1947332620620727,0.000634491269011,0.4388381838798523,0.0001495320757385,0.1469923853874206,1.7066906110585478e-08,1.0354693813496851e-06,1.4628822953000056e-07,1.0874463441723492e-05,insufficient-supports,5.346823930580965e-06,-0.703252206390462,5.9662057604141006e-05
356,"In Wittgensteinian philosophy, the meaning of a term simply means its common use between two or more agents, and all concepts exist within a 'language-game' rather than in nature.",Are moral properties natural properties?,4,357,False. (Note: This is a very specific,4.554645784082823e-05,0.035418264567852,0.0006386508466675,0.6180705428123474,8.312083082273602e-05,0.1179608255624771,1.4816277982276917e-08,1.3487814385371166e-06,9.323115079951094e-08,1.0945754183921965e-05,0.0,False. (I am not sure about this question,0.0002446181897539,0.1947332620620727,0.000634491269011,0.4388381838798523,0.0001495320757385,0.1469923853874206,1.7066906110585478e-08,1.0354693813496851e-06,1.4628822953000056e-07,1.0874463441723492e-05,refutes,-0.44412708502691556,-0.8138059238904082,4.162218547828311e-06
357,"There is no such thing as absolute morality. What we perceive (as living organisms) to be moral on a fundamental level arises from our biology. 
We've evolved to consider as ""good"" the things that serve our instincts of survival and reproduction and as ""bad"" things that go against our basic instincts. This means that the basis of morality in humans is natural, and then specificities that come from that basis are mostly social constructs",Are moral properties natural properties?,3,358,True. (I think this is a correct answer,0.0005796609329991,0.420155793428421,0.0005236800061538,0.3171502351760864,3.0362994948518462e-05,0.034758985042572,3.2623809431697743e-08,1.535490127935191e-06,1.5173745282481832e-07,1.538721699034795e-05,0.75,False. (I am not sure about this question,0.0002446181897539,0.1947332620620727,0.000634491269011,0.4388381838798523,0.0001495320757385,0.1469923853874206,1.7066906110585478e-08,1.0354693813496851e-06,1.4628822953000056e-07,1.0874463441723492e-05,supports,-0.7969466096249682,0.0003351247208477556,-0.17464584348012346
358,No attempt by philosophers to bridge the is/ought divide has yet succeeded.,Are moral properties natural properties?,4,359,False. (I think this is a trick question,7.397649460472167e-05,0.0636758059263229,0.0003529220994096,0.3607479929924011,0.0001845296064857,0.3284647762775421,3.63730059405043e-08,3.393005954421824e-06,1.250470660352221e-07,1.3899771147407591e-05,0.0,False. (I am not sure about this question,0.0002446181897539,0.1947332620620727,0.000634491269011,0.4388381838798523,0.0001495320757385,0.1469923853874206,1.7066906110585478e-08,1.0354693813496851e-06,1.4628822953000056e-07,1.0874463441723492e-05,refutes,3.5002764783274634e-05,-0.6975838359398118,-0.44377154320860884
359,"Normative (moral) properties are quite commonly used in the natural sciences. The study of medicine and biology makes natural use of notions about how organs ""ought"" to function.",Are moral properties natural properties?,0,360,False. Moral properties are not natural properties. They,8.641670865472406e-05,0.1065498813986778,0.0004819936875719,0.5850739479064941,7.508013368351385e-05,0.1624691635370254,1.5076356163490345e-08,2.302927214259398e-06,9.711741455475933e-08,1.7419992218492553e-05,1.0,False. (I am not sure about this question,0.0002446181897539,0.1947332620620727,0.000634491269011,0.4388381838798523,0.0001495320757385,0.1469923853874206,1.7066906110585478e-08,1.0354693813496851e-06,1.4628822953000056e-07,1.0874463441723492e-05,supports,-0.49789947532853657,-0.6467281981701186,-0.24034622521567944
360,"In medicine, these ought claims are attached to an implied ""in order to be healthy"". Doctors are paid to keep people healthy, and for them to 
question whether, in an objective sense, one ""ought"" to be healthy is counterproductive or irrelevant.",Are moral properties natural properties?,1,361,False. (Note: This is a classic debate,0.0004111688758712,0.2163448631763458,0.0008050295873545,0.3680150210857391,0.0002019593812292,0.193930298089981,4.4692523459843876e-08,2.5028787149494747e-06,2.9429179448925424e-07,2.0470894014579244e-05,0.25,False. (I am not sure about this question,0.0002446181897539,0.1947332620620727,0.000634491269011,0.4388381838798523,0.0001495320757385,0.1469923853874206,1.7066906110585478e-08,1.0354693813496851e-06,1.4628822953000056e-07,1.0874463441723492e-05,insufficient-supports,5.243514622695697e-05,0.0001665914374131485,0.0001706465921162842
361,"It is possible for people to draw differing conclusions from the same facts because they have unique prior experiences and value judgments
 about the world that they will subconsciously rely on when evaluating the same evidence.",Are moral properties natural properties?,3,362,False. (Note: This is a classic debate,8.689243259141222e-05,0.0446611121296882,0.0009415085078217,0.6614375710487366,6.662273517576978e-05,0.0708128586411476,2.8446130784232082e-08,2.0756947378686164e-06,7.35677971874793e-08,6.148654847493162e-06,0.0,False. (I am not sure about this question,0.0002446181897539,0.1947332620620727,0.000634491269011,0.4388381838798523,0.0001495320757385,0.1469923853874206,1.7066906110585478e-08,1.0354693813496851e-06,1.4628822953000056e-07,1.0874463441723492e-05,insufficient-neutral,-0.5544585678575153,-0.6447834370827819,0.00030721216224537866
362,"The principle of Occam's razor states that, all things being equal, the simplest explanation is the best.",Are moral properties natural properties?,4,363,None. (I am not sure or cannot answer,0.000134136294946,0.1278012245893478,0.0003094491839874,0.34201380610466,0.0001763188192853,0.3473997414112091,2.513074903731649e-08,4.754124802275328e-06,2.490239694452612e-07,3.90358836739324e-05,0.0,False. (I am not sure about this question,0.0002446181897539,0.1947332620620727,0.000634491269011,0.4388381838798523,0.0001495320757385,0.1469923853874206,1.7066906110585478e-08,1.0354693813496851e-06,1.4628822953000056e-07,1.0874463441723492e-05,insufficient-neutral,2.679074962320175e-05,-0.4516503654901998,-0.5122877191521525
363,"The Open Question Argument argues that if moral properties were natural properties, then ""yes"" would logically follow from ""is [eg. pleasure] goodness?"" just like ""yes"" follows from ""is H20 water?"". However, intuitively the former question requires a much more open answer to the latter. This indicates that moral properties are not self-evidently natural.",Are moral properties natural properties?,4,364,None. (I'm not sure if moral properties,8.751409040996805e-05,0.1353405863046646,0.0001293374371016,0.1908608227968216,0.0001809756067814,0.4578513205051422,2.031067936059117e-08,2.359662403250695e-06,1.3286329192396806e-07,2.40186600422021e-05,1.0,False. (I am not sure about this question,0.0002446181897539,0.1947332620620727,0.000634491269011,0.4388381838798523,0.0001495320757385,0.1469923853874206,1.7066906110585478e-08,1.0354693813496851e-06,1.4628822953000056e-07,1.0874463441723492e-05,refutes,3.1448233562542924e-05,-0.6422420977850737,-0.7961556865814686
364,"There's no natural property or set of natural properties which are synonymous with ""good"" or ""bad"" - good and bad are judgments we make of natural properties and so can't be identical to these natural properties. Saying pleasure is good is not the same as saying ""pleasure is pleasure"" and so can't be identical.",Are moral properties natural properties?,0,365,False. (I think this is a good answer,0.00011809363059,0.1160878837108612,0.0005678119487129,0.5625457763671875,8.180106669897214e-05,0.1467488408088684,1.8731558526496883e-08,1.582455524840043e-06,1.011629962022198e-07,1.2064024303981569e-05,0.75,False. (I am not sure about this question,0.0002446181897539,0.1947332620620727,0.000634491269011,0.4388381838798523,0.0001495320757385,0.1469923853874206,1.7066906110585478e-08,1.0354693813496851e-06,1.4628822953000056e-07,1.0874463441723492e-05,refutes,-0.4529530450575372,-0.5172328324855604,-0.10509099739392007
365,"H2O is water by definition (as otherwise, some substance not made of H2O but with indistinguishable macroscopic properties to H2O could be accurately classified as ""water""). The same would apply to questions like ""Is X goodness?"", the only difference being that X is more difficult to fully define in terms of natural properties.",Are moral properties natural properties?,7,366,False. (I think this is a false statement,0.0001188091191579,0.1313119083642959,0.000408255495131,0.374072790145874,0.000123541947687,0.2491861879825592,2.266496501590609e-08,2.6146021809836384e-06,1.772322377746605e-07,2.4517647034372203e-05,0.5,False. (I am not sure about this question,0.0002446181897539,0.1947332620620727,0.000634491269011,0.4388381838798523,0.0001495320757385,0.1469923853874206,1.7066906110585478e-08,1.0354693813496851e-06,1.4628822953000056e-07,1.0874463441723492e-05,supports,-0.1738097189057366,-0.5143079127622159,-0.35656246969740074
366,Moral properties are capable of explaining human intuitions in relation to moral dilemmas.,Are moral properties natural properties?,0,367,False. (I think this is a good answer,7.98031032900326e-05,0.0681565403938293,0.0006179684423841,0.5236741304397583,0.0001265325845452,0.1926489472389221,3.11459693591587e-08,3.070221964662778e-06,1.1951135547860758e-07,1.1362786608515307e-05,0.75,False. (I am not sure about this question,0.0002446181897539,0.1947332620620727,0.000634491269011,0.4388381838798523,0.0001495320757385,0.1469923853874206,1.7066906110585478e-08,1.0354693813496851e-06,1.4628822953000056e-07,1.0874463441723492e-05,insufficient-neutral,-0.15380975004668052,-0.6737646396193222,-0.026041062239760385
367,"There are no truly objective morals. The example of ""murder"" is a semantic deception where intentional death is labeled after the fact to show condemnation, rather than being an intrinsic quality clearly different than ""defense"", ""accident"", ""euthanasia"", ""sacrifice"" or ""execution"". That we employ a legal debate process to make those distinctions underlines the fact that even the most important morals are subjective in nature.",Are moral properties natural properties?,0,368,False. (Note: This is a classic example,9.255669283447789e-05,0.0742595270276069,0.0009275149204768,0.6882337927818298,3.5406093957135454e-05,0.0423118025064468,1.7172194333170413e-08,1.501894871580589e-06,1.4755049448922366e-07,1.5528315998381004e-05,0.25,False. (I am not sure about this question,0.0002446181897539,0.1947332620620727,0.000634491269011,0.4388381838798523,0.0001495320757385,0.1469923853874206,1.7066906110585478e-08,1.0354693813496851e-06,1.4628822953000056e-07,1.0874463441723492e-05,refutes,-0.7632207418891634,-0.6216279217518728,0.0002932096904543827
368,You should pull the lever because five lives are worth more than one.,What's the right solution to the trolley problem?,1,369,False. The question is about the solution to the,8.175875700544566e-05,0.2052323371171951,0.0001327075588051,0.2894239723682403,6.993197166593745e-05,0.2849368751049042,3.940264647894765e-08,1.3451430277200416e-05,2.449321812036942e-07,0.0001083127572201,0.125,None. I am not sure or cannot answer.,4.942785380990245e-05,0.0929276570677757,2.068523826892488e-05,0.0497405901551246,0.0002232576662208,0.6655217409133911,1.1257812460030436e-08,2.810399337249692e-06,1.8572832516383642e-07,4.227787940180861e-05,supports,-0.686765642364212,3.233250132169184e-05,0.00011202463779249984
369,"There is no moral difference between causing death directly and causing death through negligence;
 therefore the only relevant variable here is the number of people who will die.",What's the right solution to the trolley problem?,7,370,True. (The question is a trolley problem,0.0001005231970339,0.262387067079544,8.871141471900046e-05,0.2175265103578567,7.017650204943493e-05,0.23155577480793,3.3986260916663014e-08,1.0846321856661234e-05,2.575842756868951e-07,0.0002355565666221,0.125,None. I am not sure or cannot answer.,4.942785380990245e-05,0.0929276570677757,2.068523826892488e-05,0.0497405901551246,0.0002232576662208,0.6655217409133911,1.1257812460030436e-08,2.810399337249692e-06,1.8572832516383642e-07,4.227787940180861e-05,supports,-0.6856703591086053,5.109786888199065e-05,6.802758361685156e-05
370,"From a simple utilitaristic point of view, pulling the lever would be not only permissible, but, morally speaking, the better option as it maximizes utility.",What's the right solution to the trolley problem?,4,371,True. (Note: This is a very simplistic,0.0001007845348794,0.2549754083156585,9.616927127353848e-05,0.2147108167409896,6.018119165673852e-05,0.2395272254943847,1.91304661001368e-08,7.358067705354188e-06,1.820595656454316e-07,0.0001215693482663,0.125,None. I am not sure or cannot answer.,4.942785380990245e-05,0.0929276570677757,2.068523826892488e-05,0.0497405901551246,0.0002232576662208,0.6655217409133911,1.1257812460030436e-08,2.810399337249692e-06,1.8572832516383642e-07,4.227787940180861e-05,supports,-0.7304406488007457,5.135921964549798e-05,7.548559444212051e-05
371,There is more suffering and pain if more people die.,What's the right solution to the trolley problem?,1,372,None. I am not sure what the right solution,3.3942837035283446e-05,0.0337596535682678,2.556758772698231e-06,0.0047508752904832,0.0002204722113674,0.2962315380573272,4.2630183827441215e-08,1.6672162018949166e-05,2.425061325084244e-07,0.0002765341196209,0.0,None. I am not sure or cannot answer.,4.942785380990245e-05,0.0929276570677757,2.068523826892488e-05,0.0497405901551246,0.0002232576662208,0.6655217409133911,1.1257812460030436e-08,2.810399337249692e-06,1.8572832516383642e-07,4.227787940180861e-05,supports,-0.012476413018871256,-0.31328523455972335,-0.8763969387512828
372,"If morality is merely about the eventual death toll, it should be considered moral for a doctor to kill one patient and use their organs to save more people. Yet, this is clearly immoral.",What's the right solution to the trolley problem?,7,373,None. (The question is not about the t,4.376230572233908e-05,0.0500982627272605,3.04868490275112e-06,0.0055337250232696,0.000127126040752,0.1642658710479736,4.110878037977273e-08,1.542213976790663e-05,5.01587521739566e-07,0.0007315598777495,0.25,None. I am not sure or cannot answer.,4.942785380990245e-05,0.0929276570677757,2.068523826892488e-05,0.0497405901551246,0.0002232576662208,0.6655217409133911,1.1257812460030436e-08,2.810399337249692e-06,1.8572832516383642e-07,4.227787940180861e-05,refutes,-0.43058600000649744,-0.11462257919093238,-0.852615432168789
373,"Possible good consequences (such as saving five people) are irrelevant to whether or not pulling the lever is right, as the action must be right in and of itself
 regardless of consequence to be morally correct (under deontology).",What's the right solution to the trolley problem?,4,374,None. (I don't think the question is,6.848080374766141e-05,0.2242021858692169,1.8004397134063765e-05,0.0508140660822391,8.522573625668883e-05,0.4254609644412994,3.7764859683875336e-08,1.6716516256565228e-05,1.84979725759149e-07,0.0002564326277934,0.375,None. I am not sure or cannot answer.,4.942785380990245e-05,0.0929276570677757,2.068523826892488e-05,0.0497405901551246,0.0002232576662208,0.6655217409133911,1.1257812460030436e-08,2.810399337249692e-06,1.8572832516383642e-07,4.227787940180861e-05,,-0.6182628901423646,1.9053891730733937e-05,-0.12960165602194207
374,"In the trolley problem, you are not initially the cause of any person's death unless you pull the lever. You had no prior obligation to either group, and you did not, by your own action cause the situation to exist.",What's the right solution to the trolley problem?,3,375,None. I am not sure. I do not,8.578557753935456e-05,0.1651073098182678,1.929147583723534e-05,0.0380098596215248,0.0001493867166573,0.3578210771083832,5.6454460661825585e-08,2.1187541278777644e-05,5.940419214311987e-07,0.0005954699008725,0.625,None. I am not sure or cannot answer.,4.942785380990245e-05,0.0929276570677757,2.068523826892488e-05,0.0497405901551246,0.0002232576662208,0.6655217409133911,1.1257812460030436e-08,2.810399337249692e-06,1.8572832516383642e-07,4.227787940180861e-05,insufficient-neutral,-0.3308775497565322,3.6359520902535883e-05,-0.06737956863583097
375,Negligence is as much of a choice as intervening.,What's the right solution to the trolley problem?,7,376,None. The question is not about the trolley,0.000206491589779,0.2318155169486999,4.081974475411698e-05,0.075849749147892,0.0001608158054295,0.2506523430347442,5.0617341429415326e-08,1.0900987945205998e-05,9.846752391240443e-07,0.0006931158713996,0.0,None. I am not sure or cannot answer.,4.942785380990245e-05,0.0929276570677757,2.068523826892488e-05,0.0497405901551246,0.0002232576662208,0.6655217409133911,1.1257812460030436e-08,2.810399337249692e-06,1.8572832516383642e-07,4.227787940180861e-05,insufficient-neutral,-0.2796851810210428,0.00015707149967622124,2.0134922980871488e-05
376,There is a moral difference between causing death and failing to prevent one.,What's the right solution to the trolley problem?,7,377,None. I don't think there is a right,6.272480095503852e-05,0.0785561874508857,1.1423034266044851e-05,0.0158354584127664,0.0002767547848634,0.2785058617591858,1.8088825015638577e-07,4.294201062293723e-05,1.7212552165801751e-06,0.001165181165561,0.125,None. I am not sure or cannot answer.,4.942785380990245e-05,0.0929276570677757,2.068523826892488e-05,0.0497405901551246,0.0002232576662208,0.6655217409133911,1.1257812460030436e-08,2.810399337249692e-06,1.8572832516383642e-07,4.227787940180861e-05,insufficient-supports,5.350906495156275e-05,1.329760441718322e-05,-0.4477687847954112
377,"It's unfair to consider the one who pulls or not the lever to be the resposible of one or five's people's deaths.
 The responsible one is really whoever put the trolley on the tracks in the first place.",What's the right solution to the trolley problem?,1,378,None. (I don't know the answer to,3.933509287890047e-05,0.1059321984648704,0.000120217744552,0.347338318824768,7.884071965236217e-05,0.3640074431896209,1.4959709915274292e-08,7.079996066750027e-06,6.714305555988176e-08,6.28572961431928e-05,0.5,None. I am not sure or cannot answer.,4.942785380990245e-05,0.0929276570677757,2.068523826892488e-05,0.0497405901551246,0.0002232576662208,0.6655217409133911,1.1257812460030436e-08,2.810399337249692e-06,1.8572832516383642e-07,4.227787940180861e-05,refutes,-0.6468622064050901,-0.2041917694791754,9.953456517927184e-05
378,"When people's lives are at stake, it is selfish to change the focus to whether or not the bystander deserves blame for what happens. The bystander's priority should be saving lives, not avoiding blame.",What's the right solution to the trolley problem?,1,379,None. (The question is not about the t,0.000198519686819,0.2093631774187088,3.939743328373879e-05,0.0572367087006568,0.0002096785610774,0.3398299813270569,2.722842680213944e-07,7.246297900564969e-05,1.2370916238069185e-06,0.0005926702870056,0.5,None. I am not sure or cannot answer.,4.942785380990245e-05,0.0929276570677757,2.068523826892488e-05,0.0497405901551246,0.0002232576662208,0.6655217409133911,1.1257812460030436e-08,2.810399337249692e-06,1.8572832516383642e-07,4.227787940180861e-05,supports,-0.06082257050008928,0.00014909920266268994,1.871258208903305e-05
379,You should pull the lever because a world where people are willing to sacrifice one person to save five is a better world to live in overall.,What's the right solution to the trolley problem?,1,380,False. The question is about the trolley problem,8.315539889736101e-05,0.2256997972726822,0.0001436796301277,0.3233000338077545,6.276898056967184e-05,0.268025130033493,3.1272033851337255e-08,1.1656538845272736e-05,1.5773055395129634e-07,8.512736530974507e-05,0.25,None. I am not sure or cannot answer.,4.942785380990245e-05,0.0929276570677757,2.068523826892488e-05,0.0497405901551246,0.0002232576662208,0.6655217409133911,1.1257812460030436e-08,2.810399337249692e-06,1.8572832516383642e-07,4.227787940180861e-05,supports,-0.7188496071279639,3.372921225003078e-05,0.00012299693607970428
380,"If all seven participants were asked what action they would prefer, knowing that they would be put into this scenario but unaware of where they would be, they would likely opt to kill only one person.",What's the right solution to the trolley problem?,0,381,True. (Note: This is a classic example,0.0001554011105326,0.4317910671234131,5.370518920244649e-05,0.1690918058156967,4.851859193877317e-05,0.2039636522531509,3.3104303298614475e-08,1.0616568943078164e-05,2.873773325973161e-07,0.0001278294657822,0.25,None. I am not sure or cannot answer.,4.942785380990245e-05,0.0929276570677757,2.068523826892488e-05,0.0497405901551246,0.0002232576662208,0.6655217409133911,1.1257812460030436e-08,2.810399337249692e-06,1.8572832516383642e-07,4.227787940180861e-05,supports,-0.7826789433031667,0.00010597849501225602,3.302063397320314e-05
381,It is highly problematic to apply statistical analysis to moral issues simply because moral values cannot be mathematically equated.,What's the right solution to the trolley problem?,1,382,A. (The trolley problem is a classic,5.481772677740082e-05,0.0453771352767944,1.5462050214409828e-05,0.0193645823746919,8.165075269062072e-05,0.0765884146094322,1.7541243835239587e-07,5.6557826610514894e-05,4.2762783891703293e-07,0.0003746111760847,0.125,None. I am not sure or cannot answer.,4.942785380990245e-05,0.0929276570677757,2.068523826892488e-05,0.0497405901551246,0.0002232576662208,0.6655217409133911,1.1257812460030436e-08,2.810399337249692e-06,1.8572832516383642e-07,4.227787940180861e-05,insufficient-neutral,-0.6342757045132381,5.39013939052018e-06,-0.25250799563482756
382,There is no better framework than mathematics and statistics to make any kind of judgement in these situations.,What's the right solution to the trolley problem?,1,383,None. (The question is not about the framework,4.877402170677669e-05,0.1106094047427177,0.0001537972857477,0.3006675243377685,9.6998737717513e-05,0.3407009541988373,2.4069356285849608e-08,8.778926712693647e-06,1.916921519296011e-07,7.978898065630347e-05,0.125,None. I am not sure or cannot answer.,4.942785380990245e-05,0.0929276570677757,2.068523826892488e-05,0.0497405901551246,0.0002232576662208,0.6655217409133911,1.1257812460030436e-08,2.810399337249692e-06,1.8572832516383642e-07,4.227787940180861e-05,insufficient-neutral,-0.5655300919360948,-0.01322800916342386,0.00013311480099015074
383,"For some, if in the thought experiment their parent was on the tracks, but they didn't know which one, they would pull the lever to maximize the chances of saving their parent.",What's the right solution to the trolley problem?,3,384,None. I don't have enough information to answer,8.619284199085087e-05,0.2394918501377105,8.034057100303471e-05,0.2549377381801605,6.30600334261544e-05,0.3075136244297027,2.7671338997947718e-08,9.746417163114527e-06,1.5939313868784668e-07,7.488564006052911e-05,0.25,None. I am not sure or cannot answer.,4.942785380990245e-05,0.0929276570677757,2.068523826892488e-05,0.0497405901551246,0.0002232576662208,0.6655217409133911,1.1257812460030436e-08,2.810399337249692e-06,1.8572832516383642e-07,4.227787940180861e-05,insufficient-neutral,-0.7175459436909614,3.6766805485234996e-05,5.965656674440725e-05
384,"If the five people are murderers, it would be better to let them die than to let them live on to murder others.",What's the right solution to the trolley problem?,0,385,None. The question is not about the trolley,7.206322334241122e-05,0.1302933692932129,6.163895159261301e-05,0.144221618771553,0.0001315130939474,0.3799733519554138,6.760078008483107e-08,2.8776963517884724e-05,3.497344778224943e-07,0.0003805457672569,0.25,None. I am not sure or cannot answer.,4.942785380990245e-05,0.0929276570677757,2.068523826892488e-05,0.0497405901551246,0.0002232576662208,0.6655217409133911,1.1257812460030436e-08,2.810399337249692e-06,1.8572832516383642e-07,4.227787940180861e-05,,-0.41093582059872186,2.2636488405548448e-05,4.0954560478529834e-05
385,"Even if the five people on the tracks have done heinous things, many believe it is illegitimate to kill them.",What's the right solution to the trolley problem?,1,386,None. The question is not about the trolley,7.037173782009631e-05,0.1105437651276588,7.668677426408976e-05,0.1739097386598587,0.000167499310919,0.4801802039146423,5.4567454554899086e-08,1.6011752450140193e-05,1.0560896726019564e-06,0.0003716134524438,0.25,None. I am not sure or cannot answer.,4.942785380990245e-05,0.0929276570677757,2.068523826892488e-05,0.0497405901551246,0.0002232576662208,0.6655217409133911,1.1257812460030436e-08,2.810399337249692e-06,1.8572832516383642e-07,4.227787940180861e-05,,-0.24974889438580547,2.094491927260173e-05,5.6002694424242756e-05
386,"If self-sacrifice for a greater number of people is not an obligation, then sacrificing someone else to save a greater amount of people without their consent cannot be the right thing to do.",What's the right solution to the trolley problem?,7,387,None. (The question is not about the t,7.579816883662716e-05,0.1200017482042312,9.32333423406817e-05,0.1109834760427475,9.61928817559965e-05,0.2041298598051071,6.072982472460353e-08,1.413122117810417e-05,1.9654680727398954e-06,0.0012621528003364,0.375,None. I am not sure or cannot answer.,4.942785380990245e-05,0.0929276570677757,2.068523826892488e-05,0.0497405901551246,0.0002232576662208,0.6655217409133911,1.1257812460030436e-08,2.810399337249692e-06,1.8572832516383642e-07,4.227787940180861e-05,refutes,-0.5691396251501504,2.6371618519229604e-05,7.254960477761797e-05
387,"Judith Jarvis Thompson set up a trolley problem where the bystander can turn the trolley towards themself. If one is wary of doing this, they are not entitled to turn the track on others.",What's the right solution to the trolley problem?,0,388,None. I am not sure. I am not,8.114608499454334e-05,0.1422016024589538,3.5174223739886656e-05,0.0606841929256916,0.0002171581727452,0.5002251267433167,2.89983450585396e-08,1.1735955013136843e-05,1.1109721071989045e-06,0.0004817864682991,0.5,None. I am not sure or cannot answer.,4.942785380990245e-05,0.0929276570677757,2.068523826892488e-05,0.0497405901551246,0.0002232576662208,0.6655217409133911,1.1257812460030436e-08,2.810399337249692e-06,1.8572832516383642e-07,4.227787940180861e-05,supports,-0.027320421192469413,3.171979902623004e-05,1.448928518527818e-05
388,"If individuals have no moral right to make others sacrifice themselves, then killing the one person is an immoral act in a way that allowing the five to die is not.",What's the right solution to the trolley problem?,7,389,None. The question is not about the solution to,7.440444460371509e-05,0.1072537824511528,3.0062112273299132e-05,0.0587702244520187,0.0001663681468926,0.4047715663909912,2.0358012164933825e-08,5.9893591242143884e-06,7.74964973970782e-07,0.0006528782541863,0.375,None. I am not sure or cannot answer.,4.942785380990245e-05,0.0929276570677757,2.068523826892488e-05,0.0497405901551246,0.0002232576662208,0.6655217409133911,1.1257812460030436e-08,2.810399337249692e-06,1.8572832516383642e-07,4.227787940180861e-05,refutes,-0.2548155245515141,2.497782539411471e-05,9.3770679712595e-06
389,Self-sacrifice for a greater number of people is a moral obligation.,What's the right solution to the trolley problem?,1,390,None. (The question is not related to the,0.0001054956810548,0.1049263253808021,4.09051153837936e-06,0.0067603252828121,0.000270447024377,0.3059956729412079,3.5534874598397443e-08,9.4736451501376e-06,1.757327510176765e-07,0.0001505264372099,0.0,None. I am not sure or cannot answer.,4.942785380990245e-05,0.0929276570677757,2.068523826892488e-05,0.0497405901551246,0.0002232576662208,0.6655217409133911,1.1257812460030436e-08,2.810399337249692e-06,1.8572832516383642e-07,4.227787940180861e-05,supports,4.719989589480332e-05,5.607059869425285e-05,-0.8022497258576676
390,"Self-sacrifice may be a highly moral and virtuous act, but it does not follow that such an obligation exists.",What's the right solution to the trolley problem?,1,391,None. The question is not about the trolley,4.210459883324802e-05,0.0376855507493019,4.437792540556984e-06,0.0061519965529441,0.0001962166716111,0.2457406520843505,8.369750759129603e-08,3.020857184310444e-05,6.443388542720641e-07,0.0007944555254653,0.0,None. I am not sure or cannot answer.,4.942785380990245e-05,0.0929276570677757,2.068523826892488e-05,0.0497405901551246,0.0002232576662208,0.6655217409133911,1.1257812460030436e-08,2.810399337249692e-06,1.8572832516383642e-07,4.227787940180861e-05,insufficient-refutes,-0.12112011680242453,-0.1481604887159248,-0.7854608932775112
391,Pulling the lever can benefit you directly.,What's the right solution to the trolley problem?,2,392,None. I am not sure or cannot answer.,3.8330108509399e-05,0.050505094230175,3.780398628805415e-06,0.008708169683814,0.0001779303129296,0.379061758518219,3.9936541185170427e-08,2.2183763576322235e-05,9.908550424597706e-08,0.0001396590960212,0.125,None. I am not sure or cannot answer.,4.942785380990245e-05,0.0929276570677757,2.068523826892488e-05,0.0497405901551246,0.0002232576662208,0.6655217409133911,1.1257812460030436e-08,2.810399337249692e-06,1.8572832516383642e-07,4.227787940180861e-05,insufficient-neutral,-0.20302708551280657,-0.2245241183884888,-0.817241717032351
392,Five people will be eternally thankful.,What's the right solution to the trolley problem?,2,393,None. I am not sure or cannot answer.,7.290665234904736e-05,0.0864485576748848,8.539040209143423e-06,0.0162432044744491,0.0001790414535207,0.4028692543506622,5.927508439640405e-08,2.778055022645276e-05,4.259649131199694e-07,0.0003478181897662,0.0,None. I am not sure or cannot answer.,4.942785380990245e-05,0.0929276570677757,2.068523826892488e-05,0.0497405901551246,0.0002232576662208,0.6655217409133911,1.1257812460030436e-08,2.810399337249692e-06,1.8572832516383642e-07,4.227787940180861e-05,supports,-0.19805014290694287,2.3479959103130923e-05,-0.587191595372073
393,Pulling the lever might cause severe mental problems for the person who pulls the lever.,What's the right solution to the trolley problem?,5,394,None. I am not sure or cannot answer.,3.567327075870708e-05,0.0382142663002014,7.024483693385264e-06,0.0110344411805272,0.0002168247010558,0.345963716506958,5.9192199586277645e-08,2.866427894332446e-05,4.0967333347907697e-07,0.0004554457846097,0.125,None. I am not sure or cannot answer.,4.942785380990245e-05,0.0929276570677757,2.068523826892488e-05,0.0497405901551246,0.0002232576662208,0.6655217409133911,1.1257812460030436e-08,2.810399337249692e-06,1.8572832516383642e-07,4.227787940180861e-05,,-0.02881408407556244,-0.2782759515332174,-0.6604107914029669
394,Making a decision that will result in the death of others out of self-interest is immoral because it prioritizes your self-interest.,What's the right solution to the trolley problem?,1,395,None. The question is not about the trolley,6.25906468485482e-05,0.0547237657010555,6.0537522585946135e-06,0.0085243182256817,0.0001912924344651,0.2250585407018661,2.168773534094726e-07,5.3746149205835536e-05,3.4286605909983336e-07,0.0004049660929013,0.125,None. I am not sure or cannot answer.,4.942785380990245e-05,0.0929276570677757,2.068523826892488e-05,0.0497405901551246,0.0002232576662208,0.6655217409133911,1.1257812460030436e-08,2.810399337249692e-06,1.8572832516383642e-07,4.227787940180861e-05,insufficient-neutral,-0.14317641269297626,1.3163443679415574e-05,-0.7073394959298548
395,"By consciously pulling the lever, rather than passively watching, you choose to kill one person instead of merely allowing five people to die. This active choice is immoral.",What's the right solution to the trolley problem?,1,396,None. (The question is not about the t,7.167353032855317e-05,0.1600207984447479,3.912074316758663e-05,0.0897635295987129,0.000138154355227,0.4086274206638336,2.4345037985540333e-08,1.0991492672474124e-05,4.328979059664562e-07,0.0005173315876163,0.25,None. I am not sure or cannot answer.,4.942785380990245e-05,0.0929276570677757,2.068523826892488e-05,0.0497405901551246,0.0002232576662208,0.6655217409133911,1.1257812460030436e-08,2.810399337249692e-06,1.8572832516383642e-07,4.227787940180861e-05,refutes,-0.38118875125046553,2.2246776129048966e-05,1.8435886249361518e-05
396,"By pulling the lever, you actively interfere with the plan of fate, nature or a higher being, which is wrong.",What's the right solution to the trolley problem?,1,397,False. (The question is about the trolley,0.0001093357350328,0.1792912632226944,0.0001031134088407,0.2079815119504928,7.031724089756608e-05,0.2031636238098144,7.35151104436227e-08,3.059955997741781e-05,1.4227994142856917e-06,0.0009631454595364,0.125,None. I am not sure or cannot answer.,4.942785380990245e-05,0.0929276570677757,2.068523826892488e-05,0.0497405901551246,0.0002232576662208,0.6655217409133911,1.1257812460030436e-08,2.810399337249692e-06,1.8572832516383642e-07,4.227787940180861e-05,refutes,-0.6850399715814331,5.9910842487261636e-05,8.242987565339348e-05
397,"According to many philosophers, the fate of the universe tends towards Goodness.",What's the right solution to the trolley problem?,4,398,None. (I'm not sure or cannot answer,0.0002082174032693,0.2797656953334808,3.452583041507751e-05,0.057732917368412,0.0001823212514864,0.4007458686828613,9.92756739037759e-08,2.336134457436856e-05,5.141071710568212e-07,0.000197136279894,0.25,None. I am not sure or cannot answer.,4.942785380990245e-05,0.0929276570677757,2.068523826892488e-05,0.0497405901551246,0.0002232576662208,0.6655217409133911,1.1257812460030436e-08,2.810399337249692e-06,1.8572832516383642e-07,4.227787940180861e-05,not_applicable,-0.18335950306814647,0.0001587973984739947,1.3840878448021175e-05
398,All humans should go vegans because a vegan society has envinornmental advantages ,Should all humans be vegans?,2,399,None. (I am not sure if a vegan,0.0003106195363216,0.216521218419075,0.0002495898224879,0.1795024126768112,0.0003106195363216,0.2868440151214599,1.3095316830913364e-07,1.0880870831897482e-05,5.333280341801583e-07,5.482760752784088e-05,0.8,False. (Note: This is a tricky question,0.0001380298199364,0.1206811591982841,0.000396294373786,0.3519413471221924,0.0002460647665429,0.2574858069419861,4.641703554852938e-08,3.195823410351295e-06,1.7036778388046517e-07,1.6357022104784846e-05,supports,6.457065834267062e-05,0.00017261354220134866,-0.3701908505451577
399,a vegan society would be the most effective at combating climate change.(link),Should all humans be vegans?,4,400,None. I don't think it's possible or,0.0001357485452899,0.1097671762108802,0.0003205952234566,0.3054539263248443,0.0002516380627639,0.3302744626998901,8.549368146759663e-08,7.11059237801237e-06,2.147212825320821e-07,2.4529263100703247e-05,0.2,False. (Note: This is a tricky question,0.0001380298199364,0.1206811591982841,0.000396294373786,0.3519413471221924,0.0002460647665429,0.2574858069419861,4.641703554852938e-08,3.195823410351295e-06,1.7036778388046517e-07,1.6357022104784846e-05,supports,5.5746679503677836e-06,-0.016527404350386972,-0.19101747422303236
400,"A vegan society has environmental advantages, because a vegan society would be the most effective at combating climate change.",Should all humans be vegans?,2,401,None. (The question is about the benefits of,0.0001059196147252,0.1650894880294799,0.0001873527071438,0.2679666876792907,0.0001287655177293,0.3605886101722717,4.562408761898951e-08,6.931789812369971e-06,9.508876530617273e-08,2.3176742615760304e-05,0.2,False. (Note: This is a tricky question,0.0001380298199364,0.1206811591982841,0.000396294373786,0.3519413471221924,0.0002460647665429,0.2574858069419861,4.641703554852938e-08,3.195823410351295e-06,1.7036778388046517e-07,1.6357022104784846e-05,supports,-0.4767007095798477,-0.23263237774268933,-0.5272385389832182
401,[a vegan society would not be the most effective] because the environmental advantages of a vegan society can be pursued by significantly decreasing meat consumption and sustainably restructuring the meat industry.,Should all humans be vegans?,6,402,False. (I think this is a trick question,5.4996162361931056e-05,0.0971319824457168,0.0002297406172147,0.5010448694229126,6.582179048564285e-05,0.2293950468301773,1.7527115758753098e-08,3.641587454694673e-06,6.025662457886939e-08,1.8784738131216727e-05,0.2,False. (Note: This is a tricky question,0.0001380298199364,0.1206811591982841,0.000396294373786,0.3519413471221924,0.0002460647665429,0.2574858069419861,4.641703554852938e-08,3.195823410351295e-06,1.7036778388046517e-07,1.6357022104784846e-05,refutes,-0.7325021724547989,-0.601563181149757,-0.4202778731883775
402,A vegan society would cause the least harm to wildlife.,Should all humans be vegans?,2,403,None. (The question is about the ideal number,0.0001050450009643,0.1255333125591278,0.0002009038435062,0.2273114621639251,0.0001731899392325,0.374773234128952,6.48771703026796e-08,8.357329534192104e-06,1.6486268350490718e-07,2.9169945264584385e-05,0.0,False. (Note: This is a tricky question,0.0001380298199364,0.1206811591982841,0.000396294373786,0.3519413471221924,0.0002460647665429,0.2574858069419861,4.641703554852938e-08,3.195823410351295e-06,1.7036778388046517e-07,1.6357022104784846e-05,supports,-0.2961611625031034,-0.23896878940578492,-0.49304391685689536
403,"In a vegan world, species would not be as endangered any more.",Should all humans be vegans?,2,404,False. The argument is about the consequences of a,7.386261131614447e-05,0.1169374212622642,0.0002257423329865,0.3716263771057129,0.0001246667525265,0.3228746056556701,4.3487002443498575e-08,6.897182629472809e-06,1.288178737013368e-07,2.847657378879376e-05,0.2,False. (Note: This is a tricky question,0.0001380298199364,0.1206811591982841,0.000396294373786,0.3519413471221924,0.0002460647665429,0.2574858069419861,4.641703554852938e-08,3.195823410351295e-06,1.7036778388046517e-07,1.6357022104784846e-05,supports,-0.4933579712446762,-0.46487931846771846,-0.4303670505592354
404,The fishing industry is especially deleterious to the ocean's biota.,Should all humans be vegans?,4,405,None. (The question is not related to the,6.642808875767514e-05,0.062309555709362,0.0003119974571745,0.3290393054485321,0.0002448896120768,0.3907438516616821,7.214514852194044e-08,8.645660273032263e-06,1.478877322824701e-07,2.368566492805257e-05,0.0,False. (Note: This is a tricky question,0.0001380298199364,0.1206811591982841,0.000396294373786,0.3519413471221924,0.0002460647665429,0.2574858069419861,4.641703554852938e-08,3.195823410351295e-06,1.7036778388046517e-07,1.6357022104784846e-05,supports,-0.004775793310884865,-0.5187410315518544,-0.2127128775666659
405,"Humans have a moral responsibility towards domestic species, which we have bred selectively throughout history, since they are not capable of surviving in the wild.",Should all humans be vegans?,1,406,False. The argument is about moral responsibility towards domestic,0.0001026892859954,0.089782491326332,0.0005174408433958,0.4631333351135254,0.0001628199970582,0.218768686056137,7.993868678113358e-08,7.735114195384085e-06,2.1350960821564518e-07,2.9420971259241924e-05,0.2,False. (Note: This is a tricky question,0.0001380298199364,0.1206811591982841,0.000396294373786,0.3519413471221924,0.0002460647665429,0.2574858069419861,4.641703554852938e-08,3.195823410351295e-06,1.7036778388046517e-07,1.6357022104784846e-05,insufficient-refutes,-0.3383043035955607,-0.25603549984549606,0.00012119449830761316
406,"Industrial farming uses massive amounts of resources and contributes to climate change, which could lead to a mass extinction event.",Should all humans be vegans?,4,407,None. (The question is too broad and assumes,0.0001154192723333,0.1255876123905182,0.0001902942167362,0.2038488090038299,0.0001902942167362,0.349478155374527,1.1446979186757745e-07,1.3624267012346536e-05,1.6541791580948487e-07,2.9526556318160143e-05,0.0,False. (Note: This is a tricky question,0.0001380298199364,0.1206811591982841,0.000396294373786,0.3519413471221924,0.0002460647665429,0.2574858069419861,4.641703554852938e-08,3.195823410351295e-06,1.7036778388046517e-07,1.6357022104784846e-05,supports,-0.22664987998993635,-0.16380915090317627,-0.5198160021344149
407,The issue of animal extinction could be largely fixed with lab-grown meat. US consultancy firm Kearney suggests that 35% of all meat consumed globally will be cell-based by 2040.,Should all humans be vegans?,2,408,False. (Note: The question is not asking,4.846413139603101e-05,0.0597551986575126,0.0003286149003542,0.5284476280212402,0.0001010079286061,0.2237588018178939,3.226961808877604e-08,4.950922630087007e-06,8.602129497603529e-08,1.748411523294635e-05,0.4,False. (Note: This is a tricky question,0.0001380298199364,0.1206811591982841,0.000396294373786,0.3519413471221924,0.0002460647665429,0.2574858069419861,4.641703554852938e-08,3.195823410351295e-06,1.7036778388046517e-07,1.6357022104784846e-05,refutes,-0.5895067383062749,-0.6488865129407412,-0.1707808081785866
408,"Over 100,000 species per year go extinct in large part due to the environmental effects of animal agriculture.",Should all humans be vegans?,2,409,None. (I don't think that's a,0.000250470591709,0.2746743559837341,0.000165550969541,0.1665984243154525,0.000162984317285,0.2833934724330902,2.915575691986305e-07,3.259891673224047e-05,1.6211782849495648e-07,3.1472773116547614e-05,0.0,False. (Note: This is a tricky question,0.0001380298199364,0.1206811591982841,0.000396294373786,0.3519413471221924,0.0002460647665429,0.2574858069419861,4.641703554852938e-08,3.195823410351295e-06,1.7036778388046517e-07,1.6357022104784846e-05,supports,-0.33763651100945163,0.00011245629409462464,-0.5822525362663918
409,Sustainable farming practices do not have these problems. This fails as a criticism of farming as a whole.,Should all humans be vegans?,6,410,None. (The argument is about sustainable farming practices,8.628896466689184e-05,0.1114982590079307,0.0002363973908359,0.3127045631408691,0.0001526296109659,0.3713458776473999,3.8686707171109453e-08,4.73678164780722e-06,1.0818214235541745e-07,2.0099008906981908e-05,0.0,False. (Note: This is a tricky question,0.0001380298199364,0.1206811591982841,0.000396294373786,0.3519413471221924,0.0002460647665429,0.2574858069419861,4.641703554852938e-08,3.195823410351295e-06,1.7036778388046517e-07,1.6357022104784846e-05,refutes,-0.3797177340328816,-0.37485273322350765,-0.40348032555325847
410,Creating more animals for the meat and dairy industry adds more animals into a world already struggling to provide for its existing population.,Should all humans be vegans?,3,411,None. (This is a trick question. The,8.507035818183795e-05,0.1082194223999977,0.0002620351442601,0.3359537124633789,0.0001576955401105,0.3359537124633789,7.78777433652067e-08,9.694935215520673e-06,1.7931151319316998e-07,3.6162036849418655e-05,0.0,False. (Note: This is a tricky question,0.0001380298199364,0.1206811591982841,0.000396294373786,0.3519413471221924,0.0002460647665429,0.2574858069419861,4.641703554852938e-08,3.195823410351295e-06,1.7036778388046517e-07,1.6357022104784846e-05,supports,-0.3591299464525057,-0.3836813072636346,-0.3387866152205338
411,"Computer modelling indicates that the United States could support the largest human population on domestic production if everybody followed a lacto-ovo vegetarian diet, surpassing the carrying capacity of veganism.",Should all humans be vegans?,4,412,False. (Note: The question is not asking,7.733891834504902e-06,0.007058716379106,0.0005485787987709,0.7664452195167542,6.825136097177165e-06,0.0106794964522123,8.854329713869902e-09,1.6660508208588e-06,3.797626391133235e-08,8.729482033231761e-06,0.0,False. (Note: This is a tricky question,0.0001380298199364,0.1206811591982841,0.000396294373786,0.3519413471221924,0.0002460647665429,0.2574858069419861,4.641703554852938e-08,3.195823410351295e-06,1.7036778388046517e-07,1.6357022104784846e-05,refutes,-0.972262846920072,-0.94396941300026,0.00015234479837137013
412,"Many areas that can only be used as grazing land are barren because they have been exploited and overworked by human agriculture. Allowing these areas to be taken over by natural plants and forests again would benefit soil quality and biodiversity, there is no need to put animals on them for grazing.",Should all humans be vegans?,2,413,False. (Note: The question is not about,0.000229102326557,0.1699983030557632,0.0003989580145571,0.3151270747184753,0.0001784250780474,0.2252111732959747,1.29844565321946e-07,9.058468094735872e-06,3.842521607566596e-07,4.441351120476611e-05,0.2,False. (Note: This is a tricky question,0.0001380298199364,0.1206811591982841,0.000396294373786,0.3519413471221924,0.0002460647665429,0.2574858069419861,4.641703554852938e-08,3.195823410351295e-06,1.7036778388046517e-07,1.6357022104784846e-05,supports,-0.27488571178152565,9.108507907766399e-05,2.664696775439949e-06
413,"While the vegetarian diet can maximize the use of all available land in the US, it is not necessary to use up every inch of land if you don't need it in order to sustain the population. This is like saying a school bus is better suited for transporting a family of six than a minivan.",Should all humans be vegans?,7,414,False. (Note: The argument is not about,8.38581909192726e-05,0.1199406385421752,0.0003067405195906,0.53753662109375,5.763483568443917e-05,0.1564320623874664,2.8186285305764613e-08,4.8621022870065644e-06,5.8288105009296494e-08,1.545172926853411e-05,0.2,False. (Note: This is a tricky question,0.0001380298199364,0.1206811591982841,0.000396294373786,0.3519413471221924,0.0002460647665429,0.2574858069419861,4.641703554852938e-08,3.195823410351295e-06,1.7036778388046517e-07,1.6357022104784846e-05,refutes,-0.7657737168381201,-0.3924632303518765,-0.22597811152312575
414,Veganism is not feasible for many.,Should all humans be vegans?,5,415,False. (The argument is about the feasibility of,2.6321151381125677e-05,0.0310884490609169,0.0004298092680983,0.577501654624939,7.410841499222443e-05,0.1506503224372863,4.167435463386937e-08,7.223965440061875e-06,1.5559690780264648e-07,2.9248889404698275e-05,0.0,False. (Note: This is a tricky question,0.0001380298199364,0.1206811591982841,0.000396294373786,0.3519413471221924,0.0002460647665429,0.2574858069419861,4.641703554852938e-08,3.195823410351295e-06,1.7036778388046517e-07,1.6357022104784846e-05,refutes,-0.698825573309765,-0.8093082248947824,3.3528181341929084e-05
415,A person's inability to adhere to a moral principle does not affect the validity of the principle.,Should all humans be vegans?,1,416,False. (The principle of veganism is not,6.0257363657001406e-05,0.0692514777183532,0.0002576880506239,0.3227270841598511,0.0001468262344133,0.317723661661148,5.906542455136333e-08,8.956457349995617e-06,1.3546642207984405e-07,2.5119006750173867e-05,0.0,False. (Note: This is a tricky question,0.0001380298199364,0.1206811591982841,0.000396294373786,0.3519413471221924,0.0002460647665429,0.2574858069419861,4.641703554852938e-08,3.195823410351295e-06,1.7036778388046517e-07,1.6357022104784846e-05,insufficient-supports,-0.40330248626756704,-0.5634467705256285,-0.34975597013382725
416,"When it comes to dietary change as radical as switching to veganism, inability to adhere may be due to more than a weakness of morality or willpower, but rather an innate and instinctual drive against the principle.",Should all humans be vegans?,1,417,False. (Note: This is a tricky question,3.557070886017755e-05,0.0504801236093044,0.0003322532284073,0.6246582269668579,6.146066880319268e-05,0.1629518419504165,2.1565062624517853e-08,3.577439883883926e-06,5.3374048292198495e-08,1.150309526565252e-05,0.2,False. (Note: This is a tricky question,0.0001380298199364,0.1206811591982841,0.000396294373786,0.3519413471221924,0.0002460647665429,0.2574858069419861,4.641703554852938e-08,3.195823410351295e-06,1.7036778388046517e-07,1.6357022104784846e-05,refutes,-0.7502256431642466,-0.742296926297756,-0.16159993584284996
417,It is likely easier to overcome issues of morality or willpower than it is to go against one's biological instincts.,Should all humans be vegans?,1,418,False. (Note: This is a tricky question,0.0001310324005316,0.1229083910584449,0.0003791547787841,0.3584365844726562,0.0001138429142883,0.1918572932481765,1.3499938233962896e-07,1.5406962120323442e-05,2.1551782936057867e-07,3.724925772985444e-05,0.0,False. (Note: This is a tricky question,0.0001380298199364,0.1206811591982841,0.000396294373786,0.3519413471221924,0.0002460647665429,0.2574858069419861,4.641703554852938e-08,3.195823410351295e-06,1.7036778388046517e-07,1.6357022104784846e-05,insufficient-refutes,-0.5373457326388411,-0.05069498321467198,-0.04324965514437354
418,"Just because it is in our nature, does not make it healthy. We developed a craving for sugars, because it was scarce in the past. We should not cater to our nature just because it is innate.",Should all humans be vegans?,0,419,False. (Note: This is a tricky question,0.0002098311670124,0.1952899694442749,0.0002936066011898,0.2931649684906006,0.0001608831516932,0.2319125682115554,9.407549583784205e-08,9.328013220510911e-06,2.740837032888521e-07,3.942610783269629e-05,0.2,False. (Note: This is a tricky question,0.0001380298199364,0.1206811591982841,0.000396294373786,0.3519413471221924,0.0002460647665429,0.2574858069419861,4.641703554852938e-08,3.195823410351295e-06,1.7036778388046517e-07,1.6357022104784846e-05,insufficient-neutral,-0.34617558639728724,7.181125917117283e-05,-0.2591199355549056
419,Veganism is necessarily flexible and thus feasible for most people and circumstances.,Should all humans be vegans?,4,420,False. (Note: The question is not about,4.610974428942427e-05,0.0568522959947586,0.0004549041914287,0.6257144212722778,5.967044489807449e-05,0.1291234642267227,3.0492799396597554e-08,4.710407210950507e-06,7.794216827505808e-08,1.434003934264183e-05,0.0,False. (Note: This is a tricky question,0.0001380298199364,0.1206811591982841,0.000396294373786,0.3519413471221924,0.0002460647665429,0.2574858069419861,4.641703554852938e-08,3.195823410351295e-06,1.7036778388046517e-07,1.6357022104784846e-05,insufficient-supports,-0.7575010606499355,-0.6659436032686976,5.86330535919564e-05
420,"Due to the mass availability of vegan products and the development of meat substitutes, becoming vegan is easier than ever.",Should all humans be vegans?,3,421,False. (Note: The question is not asking,2.1537638531299308e-05,0.0290517285466194,0.000389293389162,0.5481659173965454,0.0001072615996235,0.2432471513748169,2.9482809082992393e-08,5.445567694550846e-06,1.099706494755992e-07,2.0631794541259296e-05,0.0,False. (Note: This is a tricky question,0.0001380298199364,0.1206811591982841,0.000396294373786,0.3519413471221924,0.0002460647665429,0.2574858069419861,4.641703554852938e-08,3.195823410351295e-06,1.7036778388046517e-07,1.6357022104784846e-05,insufficient-supports,-0.5640920025630751,-0.8439638728702015,-0.017666121668889784
421,Vegan cosmetics exist.,Should all humans be vegans?,0,422,False. (The existence of vegan cosmetics does not,1.3875589502276853e-05,0.0224007554352283,0.000235606363276,0.4395085573196411,0.0001271000946871,0.3878649473190307,2.246829566843189e-08,5.650215825880878e-06,5.659572011040837e-08,1.454149514756864e-05,0.0,False. (Note: This is a tricky question,0.0001380298199364,0.1206811591982841,0.000396294373786,0.3519413471221924,0.0002460647665429,0.2574858069419861,4.641703554852938e-08,3.195823410351295e-06,1.7036778388046517e-07,1.6357022104784846e-05,insufficient-supports,-0.48346894001607976,-0.8994739723005485,-0.4054763860886199
422,A study found that the performance of participants on a test was significantly better when participants were told that the test was easy compared to participants who were told it would be difficult.,Should all humans be vegans?,4,423,None. (This is a moral and ethical question,0.0001466054090997,0.1140046715736389,0.0002760431671049,0.2490090876817703,0.0003600281488616,0.4170117676258087,8.690676622791217e-08,1.1304995496175252e-05,4.861492470809026e-07,7.08937513991259e-05,0.2,False. (Note: This is a tricky question,0.0001380298199364,0.1206811591982841,0.000396294373786,0.3519413471221924,0.0002460647665429,0.2574858069419861,4.641703554852938e-08,3.195823410351295e-06,1.7036778388046517e-07,1.6357022104784846e-05,not_applicable,0.00011399143159370298,8.576773013734741e-06,-0.30343909637747196
423,"Vegans miss out on enjoyable and culturally important foods and experiences, making veganism a difficult lifestyle to maintain.",Should all humans be vegans?,5,424,False. The argument is about the difficulty of maintaining,5.834880721522495e-05,0.0742264986038208,0.0003775210934691,0.4582585990428924,0.0001024053490255,0.2377414256334304,4.454321356206492e-08,5.984035396977561e-06,1.6712222361547904e-07,3.2603111321805045e-05,0.2,False. (Note: This is a tricky question,0.0001380298199364,0.1206811591982841,0.000396294373786,0.3519413471221924,0.0002460647665429,0.2574858069419861,4.641703554852938e-08,3.195823410351295e-06,1.7036778388046517e-07,1.6357022104784846e-05,refutes,-0.583827662674956,-0.5772739018125914,-0.047372058648093775
424,"Veganism is incompatible with some religions, cultures and traditions.",Should all humans be vegans?,1,425,False. (The argument is about the compatibility of,7.097569323377684e-05,0.0796800851821899,0.0003748027666006,0.430746465921402,0.0001315681438427,0.2492969334125518,6.684117437316672e-08,9.309984307037666e-06,2.437796240428725e-07,3.813924195128493e-05,0.0,False. (Note: This is a tricky question,0.0001380298199364,0.1206811591982841,0.000396294373786,0.3519413471221924,0.0002460647665429,0.2574858069419861,4.641703554852938e-08,3.195823410351295e-06,1.7036778388046517e-07,1.6357022104784846e-05,refutes,-0.4653109191893922,-0.48579449522950685,-0.054231421405456344
425,"It is often necessary for a vegan diet to include supplements, as it lacks specific essential nutrients. These may not be affordable to the less privileged.",Should all humans be vegans?,5,426,False. (Note: The argument is not about,6.413371011149138e-05,0.0583065785467624,0.0004927651607431,0.579745888710022,9.258782665710896e-05,0.1443101614713668,4.514756568596568e-08,5.51706034457311e-06,1.5589678525884665e-07,2.331860196136404e-05,0.2,False. (Note: This is a tricky question,0.0001380298199364,0.1206811591982841,0.000396294373786,0.3519413471221924,0.0002460647665429,0.2574858069419861,4.641703554852938e-08,3.195823410351295e-06,1.7036778388046517e-07,1.6357022104784846e-05,refutes,-0.6237257858655404,-0.5353633719073003,9.650903294387517e-05
426,Worldwide veganism would improve public health.,Should all humans be vegans?,4,427,None. (The question is about a moral obligation,3.460382140474394e-05,0.0606402456760406,0.0001676853134995,0.315259575843811,0.0001412051788065,0.4376945495605469,3.1833156555194364e-08,6.813896106905304e-06,9.112810062106293e-08,2.7696549295797013e-05,0.0,False. (Note: This is a tricky question,0.0001380298199364,0.1206811591982841,0.000396294373786,0.3519413471221924,0.0002460647665429,0.2574858069419861,4.641703554852938e-08,3.195823410351295e-06,1.7036778388046517e-07,1.6357022104784846e-05,supports,-0.4261462915216605,-0.7493018434662282,-0.5768667823933061
427,Global veganism could help eradicate world hunger.,Should all humans be vegans?,2,428,None. (The question is about the moral obligation,4.010044358437881e-05,0.0649915486574173,0.0001811272813938,0.3249372839927673,0.0001573660993017,0.4372509121894836,3.4587028352461864e-08,6.344811936287442e-06,8.272724727476088e-08,2.129718632204458e-05,0.0,False. (Note: This is a tricky question,0.0001380298199364,0.1206811591982841,0.000396294373786,0.3519413471221924,0.0002460647665429,0.2574858069419861,4.641703554852938e-08,3.195823410351295e-06,1.7036778388046517e-07,1.6357022104784846e-05,supports,-0.36046878424480117,-0.7094798529560069,-0.5429476334387497
428,Universal veganism would worsen existing food distribution and access problems.,Should all humans be vegans?,5,429,False. The argument is about the consequences of universal,5.582719313679263e-05,0.0823831409215927,0.0002581423032097,0.4488520324230194,9.646073158364744e-05,0.2765297293663025,3.656025171494548e-08,5.792917363578454e-06,1.8261134471231347e-07,4.0526192606193945e-05,0.0,False. (Note: This is a tricky question,0.0001380298199364,0.1206811591982841,0.000396294373786,0.3519413471221924,0.0002460647665429,0.2574858069419861,4.641703554852938e-08,3.195823410351295e-06,1.7036778388046517e-07,1.6357022104784846e-05,refutes,-0.6079864137443259,-0.5955425199966491,-0.348609719730471
429,Fresh food and vegetables can be very difficult to source in food deserts. It is unclear how this problem would be solved in a vegan society.,Should all humans be vegans?,4,430,False. (Note: The argument is not about,8.124166197376326e-05,0.1066295206546783,0.0003114310966338,0.4930498898029327,9.20588572626002e-05,0.2222350090742111,3.358796263341901e-08,5.3375774768937845e-06,1.0047117626754699e-07,2.1442971046781167e-05,0.2,False. (Note: This is a tricky question,0.0001380298199364,0.1206811591982841,0.000396294373786,0.3519413471221924,0.0002460647665429,0.2574858069419861,4.641703554852938e-08,3.195823410351295e-06,1.7036778388046517e-07,1.6357022104784846e-05,refutes,-0.6258755019827259,-0.4114194888380135,-0.2141420185743701
430,Livestock farming can benefit the environment,Should all humans be vegans?,6,431,None. The question is unrelated to the argument.,2.03630388568854e-05,0.0278998799622058,0.0002130182110704,0.3479503989219665,0.0001850734406616,0.4398505091667175,2.481667493725581e-08,3.7815261748619378e-06,9.767376241143213e-08,1.912930565595161e-05,0.0,False. (Note: This is a tricky question,0.0001380298199364,0.1206811591982841,0.000396294373786,0.3519413471221924,0.0002460647665429,0.2574858069419861,4.641703554852938e-08,3.195823410351295e-06,1.7036778388046517e-07,1.6357022104784846e-05,refutes,-0.24786696095585273,-0.8524736258710757,-0.4624748036785645
431,Pasture animals can damage biodiversity.,Should all humans be vegans?,5,432,None. (The question is not related to the,3.205673419870436e-05,0.0377152487635612,0.0002123279991792,0.2966534197330475,0.0002277946914546,0.4815160036087036,4.5363854894731055e-08,7.5254342846164946e-06,1.185877422926751e-07,2.3637152480660006e-05,0.0,False. (Note: This is a tricky question,0.0001380298199364,0.1206811591982841,0.000396294373786,0.3519413471221924,0.0002460647665429,0.2574858069419861,4.641703554852938e-08,3.195823410351295e-06,1.7036778388046517e-07,1.6357022104784846e-05,supports,-0.07424904973185063,-0.7677550096531667,-0.4642164683017739
432,It is an individual's choice to decide if they wish to live or die.,Should individuals sentenced to life in prison be allowed to choose death instead?,1,433,False. (Note: This is a tricky question,5.988789416733198e-05,0.0609772242605686,0.0004841128829866,0.4685125350952148,0.000108867403469,0.1892961710691452,7.567150106524424e-08,8.394952601520345e-06,1.9704513931628758e-07,2.752598993538413e-05,0.08333333333333333,False. I am not sure. None. True,0.0001941041118698,0.1863873153924942,0.0003741454565897,0.3884645402431488,0.0001334056723862,0.1644862294197082,7.342519126041226e-08,6.000436314934632e-06,1.8513250665819214e-07,2.3918320948723704e-05,supports,-0.1839372230452349,-0.6914650926740634,0.00011000858560939158
433,It is cruel and inhumane to force someone to stay alive against their will.,Should individuals sentenced to life in prison be allowed to choose death instead?,4,434,True. (Note: This is a classic example,0.0003534815623424,0.2226026952266693,0.0002930464979726,0.1706754118204116,0.0001406052469974,0.1720140278339386,1.9303881515497778e-07,1.2334036000538616e-05,4.7452076046283764e-07,5.295242590364069e-05,0.08333333333333333,False. I am not sure. None. True,0.0001941041118698,0.1863873153924942,0.0003741454565897,0.3884645402431488,0.0001334056723862,0.1644862294197082,7.342519126041226e-08,6.000436314934632e-06,1.8513250665819214e-07,2.3918320948723704e-05,supports,7.200535203440337e-06,0.00015940839229701143,-0.21675783358779566
434,Life imprisonment is similar to the death penalty in terms of the emotional and physical toll it has on the inmate.,Should individuals sentenced to life in prison be allowed to choose death instead?,7,435,False. (Note: This is a trick question,5.049059836892411e-05,0.0549387708306312,0.0003396912361495,0.4783208966255188,0.0001035999812302,0.2224398702383041,6.627416837545752e-08,8.437825272267219e-06,1.3558795330936846e-07,2.7237634640187025e-05,0.3333333333333333,False. I am not sure. None. True,0.0001941041118698,0.1863873153924942,0.0003741454565897,0.3884645402431488,0.0001334056723862,0.1644862294197082,7.342519126041226e-08,6.000436314934632e-06,1.8513250665819214e-07,2.3918320948723704e-05,insufficient-neutral,-0.22342146793964376,-0.7398787800910066,-0.09208776916402227
435,"Individuals that wish to commit suicide can be assisted through prison rehabilitation as opposed to entertaining their desire to die, which could be impulsive.",Should individuals sentenced to life in prison be allowed to choose death instead?,6,436,False. (Note: This is a tricky question,0.0001484424428781,0.139239028096199,0.000394161150325,0.4124560058116913,0.0001174276476376,0.1948304176330566,7.30936662307613e-08,6.702905466227094e-06,2.2492456253075946e-07,3.53961659129709e-05,0.3333333333333333,False. I am not sure. None. True,0.0001941041118698,0.1863873153924942,0.0003741454565897,0.3884645402431488,0.0001334056723862,0.1644862294197082,7.342519126041226e-08,6.000436314934632e-06,1.8513250665819214e-07,2.3918320948723704e-05,refutes,-0.11977020514048874,-0.23524318239238876,2.002318531911356e-05
436,Allowing the option of death makes it seem as though rehabilitation is not a worthwhile option for future life prisoners.,Should individuals sentenced to life in prison be allowed to choose death instead?,5,437,False. The option of death should not be allowed,0.0002465417201165,0.233069896697998,0.0002837677602656,0.3136298358440399,0.0001289073115913,0.2155544310808181,9.783234133919905e-08,9.374562978337052e-06,3.151904763853963e-07,4.596332291839644e-05,0.16666666666666666,False. I am not sure. None. True,0.0001941041118698,0.1863873153924942,0.0003741454565897,0.3884645402431488,0.0001334056723862,0.1644862294197082,7.342519126041226e-08,6.000436314934632e-06,1.8513250665819214e-07,2.3918320948723704e-05,refutes,-0.033719411734439333,5.244778857812148e-05,-0.2415576475199887
437,"This is just suicide by a different name, which is an irrational action.",Should individuals sentenced to life in prison be allowed to choose death instead?,7,438,False. (Note: This is a classic example,0.0001750620867824,0.1616624444723129,0.0003976026782765,0.3614768385887146,0.0001569246378494,0.2407954782247543,7.795246403929924e-08,6.351776391966268e-06,2.6114702222912456e-07,3.054029730265029e-05,0.0,False. I am not sure. None. True,0.0001941041118698,0.1863873153924942,0.0003741454565897,0.3884645402431488,0.0001334056723862,0.1644862294197082,7.342519126041226e-08,6.000436314934632e-06,1.8513250665819214e-07,2.3918320948723704e-05,refutes,2.3522103445226034e-05,-0.09810212109351343,2.3466001384602372e-05
438,"The state has a responsibility to protect its citizens from threats, including those posed by themselves (p. 515).",Should individuals sentenced to life in prison be allowed to choose death instead?,4,439,False. (Note: This is a tricky question,0.0002021308027906,0.2234018594026565,0.0002806308330036,0.2959593832492828,8.899698150344193e-05,0.1660181581974029,8.283623031957178e-08,7.992040991666727e-06,3.804214259162109e-07,7.32069238438271e-05,0.08333333333333333,False. I am not sure. None. True,0.0001941041118698,0.1863873153924942,0.0003741454565897,0.3884645402431488,0.0001334056723862,0.1644862294197082,7.342519126041226e-08,6.000436314934632e-06,1.8513250665819214e-07,2.3918320948723704e-05,refutes,-0.3328845774578314,8.028249236988005e-06,-0.2499418927560336
439,"Suicide cannot reasonably be punished or restricted, so people should be allowed the right to die.",Should individuals sentenced to life in prison be allowed to choose death instead?,7,440,False. (Note: This is a tricky question,8.130208880174905e-05,0.0683602467179298,0.0005643483600579,0.5293588042259216,0.0001111267847591,0.1589423418045044,7.399325596679773e-08,7.244213520607445e-06,2.2047201753139237e-07,3.4695473004831e-05,0.3333333333333333,False. I am not sure. None. True,0.0001941041118698,0.1863873153924942,0.0003741454565897,0.3884645402431488,0.0001334056723862,0.1644862294197082,7.342519126041226e-08,6.000436314934632e-06,1.8513250665819214e-07,2.3918320948723704e-05,supports,-0.1670010519687964,-0.5811418520784125,0.0001902740936558481
440,"Since many prisoners suffer from mental health conditions (p. 1), a prisoner who desires euthanasia as a product of poor mental health cannot be considered to be making a voluntary decision.",Should individuals sentenced to life in prison be allowed to choose death instead?,3,441,False. (Note: This is a tricky question,0.0001692920341156,0.1690374016761779,0.0003017956914845,0.3133458495140075,0.0001602824922883,0.2478769719600677,6.652539497054022e-08,5.861139470653143e-06,1.437522740843633e-07,1.9673678252729587e-05,0.16666666666666666,False. I am not sure. None. True,0.0001941041118698,0.1863873153924942,0.0003741454565897,0.3884645402431488,0.0001334056723862,0.1644862294197082,7.342519126041226e-08,6.000436314934632e-06,1.8513250665819214e-07,2.3918320948723704e-05,refutes,2.6880405900723192e-05,-0.12782870756928272,-0.19337336276821632
441,"Criminals spending long terms in prison develop a wide range of mental health conditions, which can cause violence within prisons themselves.",Should individuals sentenced to life in prison be allowed to choose death instead?,5,442,False. (Note: This is a tricky question,0.0001534641924081,0.1129871904850006,0.000388834887417,0.3426294326782226,0.0001955184416146,0.2668400704860687,8.91259688273749e-08,6.586550625797827e-06,2.702711299207295e-07,3.229374124202877e-05,0.16666666666666666,False. I am not sure. None. True,0.0001941041118698,0.1863873153924942,0.0003741454565897,0.3884645402431488,0.0001334056723862,0.1644862294197082,7.342519126041226e-08,6.000436314934632e-06,1.8513250665819214e-07,2.3918320948723704e-05,insufficient-supports,6.212105652971568e-05,-0.20937175967173846,1.4694928868170897e-05
442,PTSD and anxiety are common mental health disorders observed to develop within long-term inmates.,Should individuals sentenced to life in prison be allowed to choose death instead?,0,443,None. (This is a complex issue that requires,0.0001997846993617,0.1403546631336212,0.0002263857313664,0.2074307352304458,0.0002605683694127,0.3446777760982513,1.4956482630168466e-07,1.6399326341343112e-05,5.492266268447565e-07,8.199147850973532e-05,0.08333333333333333,False. I am not sure. None. True,0.0001941041118698,0.1863873153924942,0.0003741454565897,0.3884645402431488,0.0001334056723862,0.1644862294197082,7.342519126041226e-08,6.000436314934632e-06,1.8513250665819214e-07,2.3918320948723704e-05,insufficient-neutral,0.00012717966351502506,5.681690331355691e-06,-0.3949258840936243
443,Chronic psychological suffering means individuals with mental health disorders have a stronger desire to die than neurotypical people. It would be an injustice to deny them that choice.,Should individuals sentenced to life in prison be allowed to choose death instead?,1,444,False. (Note: This is a tricky one,0.0001153152625192,0.1356701999902725,0.0003636192413978,0.4809926450252533,6.570465484401211e-05,0.153734490275383,3.9293141185225984e-08,3.620934876380488e-06,7.28379845327254e-08,1.398932818119647e-05,0.25,False. I am not sure. None. True,0.0001941041118698,0.1863873153924942,0.0003741454565897,0.3884645402431488,0.0001334056723862,0.1644862294197082,7.342519126041226e-08,6.000436314934632e-06,1.8513250665819214e-07,2.3918320948723704e-05,supports,-0.5074823006490926,-0.4059102539952864,-0.028134018485338443
444,"A 2006 survey showed 49% of state prisoners, 40% of federal prisoners and 60% of all inmates in the USA have a symptom of a mental disorder (p. 8).",Should individuals sentenced to life in prison be allowed to choose death instead?,4,445,None. (The question is not relevant to the,0.0003198721387889,0.2410889565944671,0.0002570244541857,0.1922128796577453,0.0002181338350055,0.2448855638504028,2.232067402019311e-07,2.4094504624372348e-05,9.00211489351932e-07,0.0001571158936712,0.08333333333333333,False. I am not sure. None. True,0.0001941041118698,0.1863873153924942,0.0003741454565897,0.3884645402431488,0.0001334056723862,0.1644862294197082,7.342519126041226e-08,6.000436314934632e-06,1.8513250665819214e-07,2.3918320948723704e-05,insufficient-neutral,8.47394673449188e-05,0.00012579244374967395,-0.31303601404530396
445,"This argument suggests that individuals with mental health conditions cannot choose for themselves, which is an ableist assumption and is incorrect.",Should individuals sentenced to life in prison be allowed to choose death instead?,1,446,None. (This question is unrelated to the argument,0.0001592600892763,0.143663078546524,0.0002245927171315,0.2260137498378753,0.0001708611234789,0.3555695414543152,6.444382449899423e-08,5.079567472421331e-06,1.163513232427249e-07,1.6206013242481276e-05,0.16666666666666666,False. I am not sure. None. True,0.0001941041118698,0.1863873153924942,0.0003741454565897,0.3884645402431488,0.0001334056723862,0.1644862294197082,7.342519126041226e-08,6.000436314934632e-06,1.8513250665819214e-07,2.3918320948723704e-05,supports,3.746044852902389e-05,-0.17951202711703745,-0.3997181759772226
446,"As with assisted dying in medical circumstances, the use of safeguards can ensure that the prisoner makes an informed decision.",Should individuals sentenced to life in prison be allowed to choose death instead?,6,447,None. (Note: This is a moral and,0.0001304374891333,0.2017216682434082,0.0001714568643365,0.2757208049297333,0.0001115690974984,0.3325828015804291,9.538737799630327e-08,1.6326166587532498e-05,2.2659871490304798e-07,6.507767830044031e-05,0.08333333333333333,False. I am not sure. None. True,0.0001941041118698,0.1863873153924942,0.0003741454565897,0.3884645402431488,0.0001334056723862,0.1644862294197082,7.342519126041226e-08,6.000436314934632e-06,1.8513250665819214e-07,2.3918320948723704e-05,supports,-0.16368550525036651,-0.32800244221104347,-0.5417374143753798
447,Medical practitioners follow scientific standards to determine whether patients possess autonomy and the capacity to make an informed choice. Such requirements could also be applied to prisoners in these circumstances.,Should individuals sentenced to life in prison be allowed to choose death instead?,0,448,True. (Note: This is a tricky question,0.0002964737650472,0.3006896078586578,0.0002382233797106,0.2269724160432815,0.0001315594417974,0.2234535366296768,1.0525170779374093e-07,1.0425997970742172e-05,2.232534797030894e-07,4.172169792582281e-05,0.25,False. I am not sure. None. True,0.0001941041118698,0.1863873153924942,0.0003741454565897,0.3884645402431488,0.0001334056723862,0.1644862294197082,7.342519126041226e-08,6.000436314934632e-06,1.8513250665819214e-07,2.3918320948723704e-05,supports,-0.013839221044929103,0.00010238952740568187,-0.36328672307828275
448,A rigorous process to determine whether someone is approved for euthanasia already exists.,Should individuals sentenced to life in prison be allowed to choose death instead?,4,449,None. (Note: The question is not directly,0.0001521620724815,0.1372601985931396,0.0002588364004623,0.2353187501430511,0.0001835424918681,0.3117466866970062,1.3580461200035645e-07,1.173347936855862e-05,2.897532453971508e-07,4.063516098540276e-05,0.08333333333333333,False. I am not sure. None. True,0.0001941041118698,0.1863873153924942,0.0003741454565897,0.3884645402431488,0.0001334056723862,0.1644862294197082,7.342519126041226e-08,6.000436314934632e-06,1.8513250665819214e-07,2.3918320948723704e-05,supports,5.014350891042197e-05,-0.2160801179546038,-0.3081931214090664
449,There is no inherent right to die.,Should individuals sentenced to life in prison be allowed to choose death instead?,1,450,False. (Note: This is a tricky question,0.0002170961233787,0.2184697538614273,0.0003415401733946,0.3383725583553314,8.703217463335022e-05,0.1598358750343322,1.7954742759229705e-07,2.0511080947471783e-05,2.0665781619300105e-07,3.862029188894667e-05,0.08333333333333333,False. I am not sure. None. True,0.0001941041118698,0.1863873153924942,0.0003741454565897,0.3884645402431488,0.0001334056723862,0.1644862294197082,7.342519126041226e-08,6.000436314934632e-06,1.8513250665819214e-07,2.3918320948723704e-05,refutes,-0.3476126383786874,2.2996475219298586e-05,-0.08714600864672808
450,The 'right to die' has not been recognised as a human right by the Universal Declaration of Human Rights.,Should individuals sentenced to life in prison be allowed to choose death instead?,4,451,"False. (The question is about prisoners, not",0.0002560860302764,0.1991400122642517,0.0003017431008629,0.2658868134021759,0.0001590074389241,0.2346442937850952,9.69662039551622e-08,7.947498488647398e-06,2.584833396213071e-07,3.3854637877084315e-05,0.08333333333333333,False. I am not sure. None. True,0.0001941041118698,0.1863873153924942,0.0003741454565897,0.3884645402431488,0.0001334056723862,0.1644862294197082,7.342519126041226e-08,6.000436314934632e-06,1.8513250665819214e-07,2.3918320948723704e-05,refutes,2.5605182414476556e-05,6.199395168753363e-05,-0.19351392473595844
451,"In 2014, Belgium set a precedent and widened the scope of the country's euthanasia law by allowing a Belgian serving a life sentence for murder and rape the right to an assisted suicide.",Should individuals sentenced to life in prison be allowed to choose death instead?,0,452,False. The individual in question was convicted of murder,0.0001057382396538,0.1560359448194503,0.0002785831457003,0.4308290481567383,6.826974276918918e-05,0.1824244856834411,5.1509633891555495e-08,6.577290605491726e-06,8.247307903275215e-08,1.979016997211147e-05,0.25,False. I am not sure. None. True,0.0001941041118698,0.1863873153924942,0.0003741454565897,0.3884645402431488,0.0001334056723862,0.1644862294197082,7.342519126041226e-08,6.000436314934632e-06,1.8513250665819214e-07,2.3918320948723704e-05,supports,-0.4882545730772745,-0.4552498726831379,-0.2554148639420649
452,"As of March 2018, active human euthanasia is legal in the Netherlands, Belgium, Colombia, Luxembourg, and Canada.",Should individuals sentenced to life in prison be allowed to choose death instead?,0,453,"False. The question is about prisoners, but the",0.0001144706839113,0.1599323451519012,0.0002121951110893,0.3131323456764221,0.0001018123293761,0.2763383090496063,1.0939322692138377e-07,1.6620406313450076e-05,1.259108302065215e-07,3.266853673267178e-05,0.08333333333333333,False. I am not sure. None. True,0.0001941041118698,0.1863873153924942,0.0003741454565897,0.3884645402431488,0.0001334056723862,0.1644862294197082,7.342519126041226e-08,6.000436314934632e-06,1.8513250665819214e-07,2.3918320948723704e-05,insufficient-neutral,-0.2368215867061448,-0.41026141688289447,-0.4328539680170432
453,The prison system would benefit from allowing inmates to choose death.,Should individuals sentenced to life in prison be allowed to choose death instead?,2,454,False. This is a morally and ethically complex,0.0001386687799822,0.1321196556091308,0.0003541031328495,0.4101489782333374,0.0001140658278018,0.1907369941473007,1.0270242256638085e-07,1.1382626325939782e-05,2.8163861998109496e-07,4.4668820919469e-05,0.3333333333333333,False. I am not sure. None. True,0.0001941041118698,0.1863873153924942,0.0003741454565897,0.3884645402431488,0.0001334056723862,0.1644862294197082,7.342519126041226e-08,6.000436314934632e-06,1.8513250665819214e-07,2.3918320948723704e-05,supports,-0.14497018184063815,-0.285595865814448,-0.05356826706619367
454,Allowing prisoners to make this choice would allow more money to be spent on improving conditions for other prisoners.,Should individuals sentenced to life in prison be allowed to choose death instead?,2,455,False. The argument is based on a false assumption,0.0002062811545329,0.1472007483243942,0.0003914528351742,0.302036315202713,0.0001983786496566,0.2583453357219696,8.57845634527621e-08,6.108668458182365e-06,2.462941495195992e-07,2.7808278900920413e-05,0.16666666666666666,False. I am not sure. None. True,0.0001941041118698,0.1863873153924942,0.0003741454565897,0.3884645402431488,0.0001334056723862,0.1644862294197082,7.342519126041226e-08,6.000436314934632e-06,1.8513250665819214e-07,2.3918320948723704e-05,supports,6.498164619060281e-05,1.217940673602761e-05,1.7313856485239998e-05
455,Prisons often do not meet even the basic standards for treatment and living conditions.,Should individuals sentenced to life in prison be allowed to choose death instead?,2,456,False. (The argument is about the treatment and,0.0001164728673757,0.086425095796585,0.0004097186902072,0.3338996767997741,0.0001383149501634,0.1787236332893371,1.081985914197503e-07,1.0098085112986157e-05,2.859016774436896e-07,3.693726102937944e-05,0.0,False. I am not sure. None. True,0.0001941041118698,0.1863873153924942,0.0003741454565897,0.3884645402431488,0.0001334056723862,0.1644862294197082,7.342519126041226e-08,6.000436314934632e-06,1.8513250665819214e-07,2.3918320948723704e-05,supports,4.909932790085227e-06,-0.39994641919885254,3.55865481628108e-05
456,The cost of carrying out an inmate execution often exceeds the cost of life imprisonment.,Should individuals sentenced to life in prison be allowed to choose death instead?,3,457,None. (The question is not relevant to the,0.0001314033579546,0.1166967824101448,0.0003226955013815,0.2888273000717163,0.0002019376988755,0.3172147274017334,1.2717922004412685e-07,1.4178251149132848e-05,2.453838874316716e-07,4.1026127291843295e-05,0.08333333333333333,False. I am not sure. None. True,0.0001941041118698,0.1863873153924942,0.0003741454565897,0.3884645402431488,0.0001334056723862,0.1644862294197082,7.342519126041226e-08,6.000436314934632e-06,1.8513250665819214e-07,2.3918320948723704e-05,refutes,6.854117027020602e-05,-0.3230264073810968,-0.1375132433176161
457,Allowing prisoners to choose death reduces public pressure to improve the prison system.,Should individuals sentenced to life in prison be allowed to choose death instead?,2,458,None. (I don't have enough information to,0.0002475437941029,0.2672560811042785,0.000156123918714,0.1659430712461471,0.0001525073021184,0.3076098561286926,1.072542517022157e-07,1.407499803462997e-05,2.961384950594948e-07,5.92579526710324e-05,0.3333333333333333,False. I am not sure. None. True,0.0001941041118698,0.1863873153924942,0.0003741454565897,0.3884645402431488,0.0001334056723862,0.1644862294197082,7.342519126041226e-08,6.000436314934632e-06,1.8513250665819214e-07,2.3918320948723704e-05,refutes,1.910417833795656e-05,5.345005710896452e-05,-0.5827186567035865
458,"Rehabilitation and, where appropriate, reintegration should be a central goal of prisons, and allowing people to choose death is contrary to that.",Should individuals sentenced to life in prison be allowed to choose death instead?,6,459,False. (Note: This is a tricky question,0.0001215443699038,0.1441203951835632,0.0003278206859249,0.4652263522148132,6.505801138700917e-05,0.1463899612426757,5.677461345499069e-08,6.492137799796183e-06,1.680144805504824e-07,3.765269138966687e-05,0.4166666666666667,False. I am not sure. None. True,0.0001941041118698,0.1863873153924942,0.0003741454565897,0.3884645402431488,0.0001334056723862,0.1644862294197082,7.342519126041226e-08,6.000436314934632e-06,1.8513250665819214e-07,2.3918320948723704e-05,refutes,-0.5123294967647941,-0.37381867528221757,-0.12381486892035487
459,There may be possible ways for inmates serving life sentences to be released.,Should individuals sentenced to life in prison be allowed to choose death instead?,6,460,False. (Note: This is a tricky question,9.142497583525255e-05,0.0837700814008712,0.0004065497196279,0.4493326246738434,0.0001289298816118,0.1993901431560516,1.0757161561514297e-07,1.291626540478319e-05,2.1164591146316525e-07,3.298283991171047e-05,0.25,False. I am not sure. None. True,0.0001941041118698,0.1863873153924942,0.0003741454565897,0.3884645402431488,0.0001334056723862,0.1644862294197082,7.342519126041226e-08,6.000436314934632e-06,1.8513250665819214e-07,2.3918320948723704e-05,insufficient-refutes,-0.033550228369922115,-0.5289900097707458,3.241639148379267e-05
460,Release in this situation is rare since almost all life sentences are life without parole.,Should individuals sentenced to life in prison be allowed to choose death instead?,4,461,False. (Note: This is a classic example,0.0001330581872025,0.1436537951231002,0.0003702668764162,0.435624748468399,0.0001077537963283,0.1963514685630798,5.2491497370965596e-08,6.126731932454277e-06,1.0000121619668789e-07,1.7115855371230282e-05,0.16666666666666666,False. I am not sure. None. True,0.0001941041118698,0.1863873153924942,0.0003741454565897,0.3884645402431488,0.0001334056723862,0.1644862294197082,7.342519126041226e-08,6.000436314934632e-06,1.8513250665819214e-07,2.3918320948723704e-05,insufficient-neutral,-0.19228474771027457,-0.3145009349840462,-0.01036650346860527
461,Inmates may still have ways of making the most of life imprisonment.,Should individuals sentenced to life in prison be allowed to choose death instead?,6,462,False. (Note: This is a tricky question,9.6183292043861e-05,0.08541851490736,0.0004697465046774,0.4954048991203308,0.0001254466624232,0.1880344897508621,8.191249634137422e-08,1.045944827637868e-05,2.8312427957644104e-07,4.318418723414652e-05,0.08333333333333333,False. I am not sure. None. True,0.0001941041118698,0.1863873153924942,0.0003741454565897,0.3884645402431488,0.0001334056723862,0.1644862294197082,7.342519126041226e-08,6.000436314934632e-06,1.8513250665819214e-07,2.3918320948723704e-05,refutes,-0.059660206501259,-0.504475762428061,9.563683017319194e-05
462,Criminals should be forced to live with the consequences of their crimes.,Should individuals sentenced to life in prison be allowed to choose death instead?,1,463,False. (Note: This is a classic example,6.198004848556593e-05,0.0483861416578292,0.0005502683925442,0.4484404623508453,0.0001109238219214,0.16497203707695,9.967855163495189e-08,9.57949578150874e-06,2.455051060223923e-07,3.3435724617447704e-05,0.25,False. I am not sure. None. True,0.0001941041118698,0.1863873153924942,0.0003741454565897,0.3884645402431488,0.0001334056723862,0.1644862294197082,7.342519126041226e-08,6.000436314934632e-06,1.8513250665819214e-07,2.3918320948723704e-05,refutes,-0.16852244782902967,-0.6806865764536687,0.00017618885621455436
463,There is little benefit to making criminals live with the consequences of their crimes.,Should individuals sentenced to life in prison be allowed to choose death instead?,5,464,False. (Note: This is a tricky one,0.0001914139575092,0.1823737472295761,0.0002535822859499,0.2532008588314056,0.0001235861418535,0.2269677817821502,1.57382331167355e-07,1.6725563909858465e-05,2.475971427884361e-07,4.423846257850528e-05,0.08333333333333333,False. I am not sure. None. True,0.0001941041118698,0.1863873153924942,0.0003741454565897,0.3884645402431488,0.0001334056723862,0.1644862294197082,7.342519126041226e-08,6.000436314934632e-06,1.8513250665819214e-07,2.3918320948723704e-05,supports,-0.07360654428751101,-0.013859337314834876,-0.32223609432203654
464,"Since denying prisoners the right to choose death does not stop them from opting for suicide, they may not necessarily live with the consequences of their crimes.",Should individuals sentenced to life in prison be allowed to choose death instead?,3,465,True. (Note: This is a tricky question,0.000305171473883,0.2976537942886352,0.0002180962183047,0.2467636466026306,0.0001158300292445,0.2177681773900985,9.257722410893621e-08,8.228408660215791e-06,1.9088592750904357e-07,3.0691899155499414e-05,0.25,False. I am not sure. None. True,0.0001941041118698,0.1863873153924942,0.0003741454565897,0.3884645402431488,0.0001334056723862,0.1644862294197082,7.342519126041226e-08,6.000436314934632e-06,1.8513250665819214e-07,2.3918320948723704e-05,supports,-0.1317458457899733,0.00011108892483029273,-0.41708174063470893
465,Access to legal abortion improves the health and safety of women.,Pro-Life vs Pro-Choice: Should abortion be legal?,2,466,True,0.0002247282827738,0.2949554324150085,9.368069004267454e-05,0.1506484895944595,9.817651880439372e-05,0.2059120684862136,1.0653778872438124e-06,0.0002689645334612,1.0949112265734584e-06,0.000290819996735,0.2857142857142857,True. (Note: This is a sensitive topic,0.0004595181089825,0.5621665120124817,9.04844782780856e-05,0.0992282852530479,6.416310498025268e-05,0.1160096153616905,1.303163372767813e-07,1.2245744073879903e-05,1.9562800446237818e-07,2.937601129815448e-05,supports,3.4015596370421923e-05,-0.5109479291873601,3.1965009983140864e-06
466,"When abortion is banned, many women who do not want a child seek out illegal abortions.",Pro-Life vs Pro-Choice: Should abortion be legal?,5,467,False. The argument is actually a pro-choice argument,0.0002115979150403,0.3074100613594055,0.0002149300999008,0.3708073198795318,4.795738641405478e-05,0.1185171455144882,2.747767098298937e-07,5.065309596830048e-05,2.971044636979059e-07,8.549328049411997e-05,0.14285714285714285,True. (Note: This is a sensitive topic,0.0004595181089825,0.5621665120124817,9.04844782780856e-05,0.0992282852530479,6.416310498025268e-05,0.1160096153616905,1.303163372767813e-07,1.2245744073879903e-05,1.9562800446237818e-07,2.937601129815448e-05,supports,-0.2525706723698221,-0.5395221409035735,0.00012445688303884428
467,"If abortions will happen anyway, it is preferable to make them as safe as possible so at least the women survive the procedure.",Pro-Life vs Pro-Choice: Should abortion be legal?,2,468,False. The argument is actually in favor of legal,0.0001861091441242,0.2481145560741424,0.0002563761663623,0.3842873275279999,6.089467569836416e-05,0.141371414065361,2.7546582259674324e-07,4.596571670845151e-05,6.016726956659113e-07,0.0001449419505661,0.0,True. (Note: This is a sensitive topic,0.0004595181089825,0.5621665120124817,9.04844782780856e-05,0.0992282852530479,6.416310498025268e-05,0.1160096153616905,1.303163372767813e-07,1.2245744073879903e-05,1.9562800446237818e-07,2.937601129815448e-05,supports,-0.050939387719694036,-0.5949906206388753,0.00016590670006541268
468,"When abortion is banned, in practice this means that only women who can afford it can access safe abortion, since it is more expensive when illegal.",Pro-Life vs Pro-Choice: Should abortion be legal?,5,469,False. (Note: This is a tricky one,0.0002097635879181,0.3000204861164093,0.0002340081846341,0.3507595062255859,5.734616934205405e-05,0.1231281757354736,2.193031889419217e-07,4.034806988784112e-05,4.033602749586862e-07,0.0001114046026486,0.14285714285714285,True. (Note: This is a sensitive topic,0.0004595181089825,0.5621665120124817,9.04844782780856e-05,0.0992282852530479,6.416310498025268e-05,0.1160096153616905,1.303163372767813e-07,1.2245744073879903e-05,1.9562800446237818e-07,2.937601129815448e-05,supports,-0.10624385525445919,-0.5435139903788024,0.00014353669419890272
469,Any act will still happen regardless of whether it is legal or illegal. This is not a sufficient reason to legalize an activity which is wrong.,Pro-Life vs Pro-Choice: Should abortion be legal?,1,470,False. The argument is about the morality of an,0.0001619411632418,0.2227478325366974,0.0001999706437345,0.339649885892868,9.445945033803582e-05,0.2262555956840515,9.23201000091467e-08,1.6478836187161505e-05,3.25708896298238e-07,8.079544932115823e-05,0.14285714285714285,True. (Note: This is a sensitive topic,0.0004595181089825,0.5621665120124817,9.04844782780856e-05,0.0992282852530479,6.416310498025268e-05,0.1160096153616905,1.303163372767813e-07,1.2245744073879903e-05,1.9562800446237818e-07,2.937601129815448e-05,refutes,3.0298289390106e-05,-0.6475848066132096,0.000109496073151467
470,It wouldn't be reasonable to argue that we shouldn't regulate guns because people would buy guns illegally and from dangerous people anyway.,Pro-Life vs Pro-Choice: Should abortion be legal?,7,471,,0.000207573044463,0.21383997797966,0.0001591517648193,0.2500042617321014,0.0001579132367623,0.3160350024700165,1.7133643837041745e-07,2.4216780730057508e-05,5.796237019239925e-07,0.0001268868509214,0.2857142857142857,True. (Note: This is a sensitive topic,0.0004595181089825,0.5621665120124817,9.04844782780856e-05,0.0992282852530479,6.416310498025268e-05,0.1160096153616905,1.303163372767813e-07,1.2245744073879903e-05,1.9562800446237818e-07,2.937601129815448e-05,insufficient-neutral,9.375614746757983e-05,-0.5482810352727469,6.867350042707207e-05
471,"The argument isn't just that illegal abortions will still happen, but that illegal abortions are dangerous for women, as opposed to guns which are still dangerous when legal.",Pro-Life vs Pro-Choice: Should abortion be legal?,5,472,False. The argument is not about the danger of,0.0001712527591735,0.2886089980602264,0.0001866206730483,0.4070039093494415,4.755517511512153e-05,0.1300862729549408,7.011344393959007e-08,1.099067048926372e-05,1.7799496276893478e-07,4.3981344788335264e-05,0.14285714285714285,True. (Note: This is a sensitive topic,0.0004595181089825,0.5621665120124817,9.04844782780856e-05,0.0992282852530479,6.416310498025268e-05,0.1160096153616905,1.303163372767813e-07,1.2245744073879903e-05,1.9562800446237818e-07,2.937601129815448e-05,supports,-0.25883924835374683,-0.627320978594944,9.614489439082246e-05
472,"The government knows people will seek out illegal and potentially harmful drugs, but that is not a reason to lift the ban on them, making them easier to access.",Pro-Life vs Pro-Choice: Should abortion be legal?,7,473,True,0.0002603246539365,0.2991811335086822,0.0001616392401047,0.2480298578739166,0.0001191853007185,0.2366717457771301,1.952678587713308e-07,2.8980319257243536e-05,5.114566761221795e-07,0.0001182577980216,0.0,True. (Note: This is a sensitive topic,0.0004595181089825,0.5621665120124817,9.04844782780856e-05,0.0992282852530479,6.416310498025268e-05,0.1160096153616905,1.303163372767813e-07,1.2245744073879903e-05,1.9562800446237818e-07,2.937601129815448e-05,refutes,5.5025726359704354e-05,-0.43348336257534953,7.11612008107434e-05
473,"The war on drugs is an good example of why prohibition does not work. Criminalizing behavior may not deter that behavior as long as incentives exist
 and may only compound the problem without addressing the underlying cause.",Pro-Life vs Pro-Choice: Should abortion be legal?,0,474,,7.568573346361518e-05,0.1265591084957122,0.000141399577842,0.3334388136863708,0.0001136177452281,0.3959684073925018,2.9770699683240313e-08,4.026896476716502e-06,9.125354694106137e-08,2.719823896768503e-05,0.0,True. (Note: This is a sensitive topic,0.0004595181089825,0.5621665120124817,9.04844782780856e-05,0.0992282852530479,6.416310498025268e-05,0.1160096153616905,1.303163372767813e-07,1.2245744073879903e-05,1.9562800446237818e-07,2.937601129815448e-05,supports,4.9457813614734366e-05,-0.8352932518128517,5.0919707007037006e-05
474,Putting the child up for adoption is an alternative to abortion.,Pro-Life vs Pro-Choice: Should abortion be legal?,6,475,,0.0002590416697785,0.2668625116348266,0.0001131669123424,0.1777687668800354,0.0001343890471616,0.2753336429595947,6.969930268496682e-07,0.0001522827369626,9.197659096571442e-07,0.0001970684970729,0.14285714285714285,True. (Note: This is a sensitive topic,0.0004595181089825,0.5621665120124817,9.04844782780856e-05,0.0992282852530479,6.416310498025268e-05,0.1160096153616905,1.303163372767813e-07,1.2245744073879903e-05,1.9562800446237818e-07,2.937601129815448e-05,refutes,7.023044838497984e-05,-0.43627538346184047,2.2684486658254675e-05
475,The question here is whether women should or should not have the right to choose abortion. The fact that adoption is a viable option does not automatically negate a right to abortion.,Pro-Life vs Pro-Choice: Should abortion be legal?,1,476,True. (I think this is a good argument,0.000409992178902,0.6145454049110413,7.01413955539465e-05,0.1172880455851554,3.211306830053218e-05,0.0745528191328048,9.288064717338784e-08,1.1054712558689062e-05,1.1672618427382987e-07,2.3678692741668783e-05,0.2857142857142857,True. (Note: This is a sensitive topic,0.0004595181089825,0.5621665120124817,9.04844782780856e-05,0.0992282852530479,6.416310498025268e-05,0.1160096153616905,1.303163372767813e-07,1.2245744073879903e-05,1.9562800446237818e-07,2.937601129815448e-05,supports,-0.49950881724917245,-0.10777797242890838,-0.22482400419681692
476,"If it is true that adoption is a viable option, then abortion is not the only option. If there is another ethical option besides abortion, with the benefit of saving lives, it should be valued over abortion.",Pro-Life vs Pro-Choice: Should abortion be legal?,6,477,False. The argument is about the value of adoption,0.0001489216956542,0.2303075045347213,0.0001782359468052,0.3457325100898742,9.10340022528544e-05,0.2490217983722686,1.0290766994103252e-07,1.9919554688385688e-05,2.070687656896553e-07,6.30574140814133e-05,0.42857142857142855,True. (Note: This is a sensitive topic,0.0004595181089825,0.5621665120124817,9.04844782780856e-05,0.0992282852530479,6.416310498025268e-05,0.1160096153616905,1.303163372767813e-07,1.2245744073879903e-05,1.9562800446237818e-07,2.937601129815448e-05,refutes,2.687262150343633e-05,-0.6759176782304537,8.775940939148718e-05
477,"Believing one option to be ""better"" is not an argument against people having multiple options.",Pro-Life vs Pro-Choice: Should abortion be legal?,1,478,True. (I believe that people should have the,0.0002120076969731,0.3104211091995239,0.0001108507931348,0.151287168264389,0.0001170817704405,0.2870925962924957,7.682470481995551e-08,1.0310730431228876e-05,2.313809233100983e-07,4.823832568945363e-05,0.14285714285714285,True. (Note: This is a sensitive topic,0.0004595181089825,0.5621665120124817,9.04844782780856e-05,0.0992282852530479,6.416310498025268e-05,0.1160096153616905,1.303163372767813e-07,1.2245744073879903e-05,1.9562800446237818e-07,2.937601129815448e-05,supports,5.29220611040097e-05,-0.5386303764120557,2.0368157858851735e-05
478,"Adoption is not a reasonable alternative given it requires women to go through pregnancy and childbirth, and bring a genetically related child into the world.",Pro-Life vs Pro-Choice: Should abortion be legal?,1,479,False. (Note: This is a tricky one,0.0001468613190809,0.2133605480194091,0.0002659314777702,0.4660222828388214,5.751171920564957e-05,0.1335176229476928,7.720488781615131e-08,1.055580833053682e-05,1.7915648697908185e-07,4.273907688912004e-05,0.0,True. (Note: This is a sensitive topic,0.0004595181089825,0.5621665120124817,9.04844782780856e-05,0.0992282852530479,6.416310498025268e-05,0.1160096153616905,1.303163372767813e-07,1.2245744073879903e-05,1.9562800446237818e-07,2.937601129815448e-05,supports,-0.10366371416486458,-0.6804014548934937,0.00017546287615892081
479,"Statistics regarding the number of abortions due to endangerment of mother's life back this up. Florida, 2015: 0.065%. UK,1968-2011: 0.006%. U.S. estimate: 1%. (links)",Pro-Life vs Pro-Choice: Should abortion be legal?,4,480,False. The statistics provided do not support the argument,0.0001396322477376,0.2604749798774719,0.0001486377441324,0.3093217015266418,6.196142931003124e-05,0.2092975229024887,8.085568481419615e-08,1.66766931215534e-05,1.4886165899952178e-07,5.5541870096931234e-05,0.0,True. (Note: This is a sensitive topic,0.0004595181089825,0.5621665120124817,9.04844782780856e-05,0.0992282852530479,6.416310498025268e-05,0.1160096153616905,1.303163372767813e-07,1.2245744073879903e-05,1.9562800446237818e-07,2.937601129815448e-05,refutes,-0.03431373327240089,-0.696133307897736,5.815852829840491e-05
480,"The number of times something happens doesn't always make it less important. If you, or someone else you care about, were in that 1%, you would likely want them to be able to access to abortion.",Pro-Life vs Pro-Choice: Should abortion be legal?,0,481,False. The argument is not about the legality of,0.0001852073182817,0.3482020795345306,0.0001647267927182,0.3592551946640014,4.132533285883255e-05,0.1363578885793686,6.360350113254755e-08,8.937230632000137e-06,7.52365565404034e-08,1.9983626771136187e-05,0.2857142857142857,True. (Note: This is a sensitive topic,0.0004595181089825,0.5621665120124817,9.04844782780856e-05,0.0992282852530479,6.416310498025268e-05,0.1160096153616905,1.303163372767813e-07,1.2245744073879903e-05,1.9562800446237818e-07,2.937601129815448e-05,supports,-0.3559330884695941,-0.596953167543712,7.424903282511223e-05
481,"Even if in these cases abortion has a chance of saving the woman's life, abortion is always guaranteed to kill the fetus. We should not kill one person just to try to save another.",Pro-Life vs Pro-Choice: Should abortion be legal?,1,482,False. The argument is actually Pro-Life. The,0.0001434305158909,0.206754669547081,0.0002119765704264,0.4242330491542816,8.108826295938343e-05,0.1942280381917953,9.757655305975277e-08,1.7605203538550995e-05,2.2379163056029938e-07,6.414609379135072e-05,0.2857142857142857,True. (Note: This is a sensitive topic,0.0004595181089825,0.5621665120124817,9.04844782780856e-05,0.0992282852530479,6.416310498025268e-05,0.1160096153616905,1.303163372767813e-07,1.2245744073879903e-05,1.9562800446237818e-07,2.937601129815448e-05,refutes,1.692624401950269e-05,-0.6878675440920169,0.00012150308629168668
482,"In situations where pregnancy endangers a mother, the fetus is also likely in jeopardy. There for it is not as simple as exchanging one life for another, but rather opting to save one person versus allowing two to die.",Pro-Life vs Pro-Choice: Should abortion be legal?,3,483,True. (Note: This is a moral and,0.0002224738564109,0.3778715431690216,0.0001577575894771,0.3549774587154388,4.0515496948501095e-05,0.1082620099186897,6.970036281472859e-08,9.290833986597136e-06,1.1313485970276817e-07,2.7200818294659257e-05,0.0,True. (Note: This is a sensitive topic,0.0004595181089825,0.5621665120124817,9.04844782780856e-05,0.0992282852530479,6.416310498025268e-05,0.1160096153616905,1.303163372767813e-07,1.2245744073879903e-05,1.9562800446237818e-07,2.937601129815448e-05,supports,-0.3685546084315831,-0.5158539956052688,6.727919892222783e-05
483,"In most of the cases where pregnancy endangers a mother, there is a reasonable non-abortion option that could preserve the life of both mother and child.",Pro-Life vs Pro-Choice: Should abortion be legal?,6,484,False. (Note: This is a tricky question,0.0002167698257835,0.2610810399055481,0.0002475589280948,0.3681832551956177,8.037061343202367e-05,0.1464531868696212,1.9536558681920726e-07,3.2599757105344906e-05,4.704919547293685e-07,0.000112458699732,0.0,True. (Note: This is a sensitive topic,0.0004595181089825,0.5621665120124817,9.04844782780856e-05,0.0992282852530479,6.416310498025268e-05,0.1160096153616905,1.303163372767813e-07,1.2245744073879903e-05,1.9562800446237818e-07,2.937601129815448e-05,refutes,1.620854844256629e-05,-0.5282670659846502,0.00015708866390251103
484,"If childbirth poses a threat to the woman, the baby can be delivered via C-section.",Pro-Life vs Pro-Choice: Should abortion be legal?,6,485,None. I am not sure about the question.,0.0002389083238085,0.2519579231739044,7.286292384378612e-05,0.1050316989421844,0.0001694113889243,0.3039192855358124,7.530032917202334e-07,0.0001667848991928,1.1823290151369292e-06,0.000277138518868,0.14285714285714285,True. (Note: This is a sensitive topic,0.0004595181089825,0.5621665120124817,9.04844782780856e-05,0.0992282852530479,6.416310498025268e-05,0.1160096153616905,1.303163372767813e-07,1.2245744073879903e-05,1.9562800446237818e-07,2.937601129815448e-05,refutes,0.0001052550374340639,-0.48008942599126503,-0.19474670981848652
485,"There are a large number of financial requirements of being pregnant and having a child, even if you plan to give it up for adoption. These costs may mean adoption is not a viable alternative for many women.",Pro-Life vs Pro-Choice: Should abortion be legal?,3,486,None. (This question is not related to the,0.0002114455419359,0.2627524137496948,0.0001766693749232,0.2627524137496948,0.0001333570398855,0.2668901681900024,3.0215542778933013e-07,4.572830584947951e-05,4.121916674648674e-07,9.910253720590843e-05,0.0,True. (Note: This is a sensitive topic,0.0004595181089825,0.5621665120124817,9.04844782780856e-05,0.0992282852530479,6.416310498025268e-05,0.1160096153616905,1.303163372767813e-07,1.2245744073879903e-05,1.9562800446237818e-07,2.937601129815448e-05,supports,6.919837488783971e-05,-0.5398537341562037,8.619269574622038e-05
486,Government services should be available to intended adoptees to support them in this. The lack of this service is not grounds for termination.,Pro-Life vs Pro-Choice: Should abortion be legal?,6,487,,0.0001388528617098,0.2321849912405014,0.0001064621756086,0.2358413785696029,0.0001225372107001,0.3652782738208771,2.128741698470549e-07,4.403466664371081e-05,3.23961018011687e-07,9.035327093442902e-05,0.2857142857142857,True. (Note: This is a sensitive topic,0.0004595181089825,0.5621665120124817,9.04844782780856e-05,0.0992282852530479,6.416310498025268e-05,0.1160096153616905,1.303163372767813e-07,1.2245744073879903e-05,1.9562800446237818e-07,2.937601129815448e-05,insufficient-refutes,5.837785142405677e-05,-0.6978294021594522,1.597914319494973e-05
487,"It is possible for women to research contraception and the likelihood of pregnancy before they have sex, such that they are aware of the risks.",Pro-Life vs Pro-Choice: Should abortion be legal?,3,488,True,0.0002287985844304,0.2933413088321686,0.0001987836585612,0.2509081065654754,0.0001313879765802,0.2509081065654754,1.971484095975029e-07,2.6382102078059688e-05,5.422219828687957e-07,0.0001064012176357,0.0,True. (Note: This is a sensitive topic,0.0004595181089825,0.5621665120124817,9.04844782780856e-05,0.0992282852530479,6.416310498025268e-05,0.1160096153616905,1.303163372767813e-07,1.2245744073879903e-05,1.9562800446237818e-07,2.937601129815448e-05,refutes,6.722918523321715e-05,-0.5020901680305413,0.00010830898056471362
488,No form of contraception is 100% effective.,Pro-Life vs Pro-Choice: Should abortion be legal?,3,489,None. I am not sure or cannot answer.,0.0002110318164341,0.2521921098232269,9.586551459506154e-05,0.1459575891494751,0.0001656407694099,0.318800687789917,2.945784558505693e-07,6.851199577795342e-05,8.457576541331946e-07,0.0002077600511256,0.0,True. (Note: This is a sensitive topic,0.0004595181089825,0.5621665120124817,9.04844782780856e-05,0.0992282852530479,6.416310498025268e-05,0.1160096153616905,1.303163372767813e-07,1.2245744073879903e-05,1.9562800446237818e-07,2.937601129815448e-05,insufficient-neutral,0.00010148417596948386,-0.5407540806141836,5.381523261300578e-06
489,Planned Parenthood states that the pill is only about 91% effective because it is difficult to maintain perfect use.,Pro-Life vs Pro-Choice: Should abortion be legal?,4,490,,0.000226535485126,0.2389092594385147,0.0001070077923941,0.1591478735208511,0.0001670367782935,0.2749828696250915,1.1254850278419326e-06,0.0002301029016962,1.3209753433329752e-06,0.0003427372139412,0.0,True. (Note: This is a sensitive topic,0.0004595181089825,0.5621665120124817,9.04844782780856e-05,0.0992282852530479,6.416310498025268e-05,0.1160096153616905,1.303163372767813e-07,1.2245744073879903e-05,1.9562800446237818e-07,2.937601129815448e-05,insufficient-neutral,0.00010288027443109604,-0.5070151084412927,1.652480935476751e-05
490,Contraceptives advertise that they are not 100% effective. Even though these devices or drugs decrease the likelihood of pregnancy they don't negate the responsibility for the risk of the action chosen.,Pro-Life vs Pro-Choice: Should abortion be legal?,4,491,False. The argument is about the responsibility of the,0.0002116153627866,0.2734387218952179,0.0002252634149044,0.3298300802707672,0.0001015341622405,0.1879315227270126,2.1738419775374498e-07,3.7645291740773246e-05,4.557300599117298e-07,0.0001177817030111,0.0,True. (Note: This is a sensitive topic,0.0004595181089825,0.5621665120124817,9.04844782780856e-05,0.0992282852530479,6.416310498025268e-05,0.1160096153616905,1.303163372767813e-07,1.2245744073879903e-05,1.9562800446237818e-07,2.937601129815448e-05,refutes,3.737345525718046e-05,-0.5394841712437083,0.00013479113313167232
491,Abstinence is always effective.,Pro-Life vs Pro-Choice: Should abortion be legal?,6,492,,0.0001582544209668,0.1966545730829239,4.641586929210462e-05,0.0879493579268455,0.0001671499776421,0.356095403432846,6.672796644124901e-07,0.0001954181207111,1.1756958429032238e-06,0.0003272637550253,0.0,True. (Note: This is a sensitive topic,0.0004595181089825,0.5621665120124817,9.04844782780856e-05,0.0992282852530479,6.416310498025268e-05,0.1160096153616905,1.303163372767813e-07,1.2245744073879903e-05,1.9562800446237818e-07,2.937601129815448e-05,insufficient-neutral,0.00010299348104338378,-0.655607868605616,-0.48702948643351957
492,An abstinent woman can still be raped and become pregnant.,Pro-Life vs Pro-Choice: Should abortion be legal?,3,493,True,0.0003263893886469,0.3208458721637726,0.0001229193730978,0.1539435237646103,0.0001210136833833,0.1976674050092697,7.111904096746002e-07,0.0001448344264645,1.209775632560195e-06,0.0002663912600837,0.14285714285714285,True. (Note: This is a sensitive topic,0.0004595181089825,0.5621665120124817,9.04844782780856e-05,0.0992282852530479,6.416310498025268e-05,0.1160096153616905,1.303163372767813e-07,1.2245744073879903e-05,1.9562800446237818e-07,2.937601129815448e-05,supports,5.685422634674097e-05,-0.28971376259878806,3.243782993983298e-05
493,The primary role of sexual relations is reproduction. This is true in all species that reproduce by mating. The pleasure and bonding effect of a sexual relation is subservient to its purpose as a reproduction mechanism.,Pro-Life vs Pro-Choice: Should abortion be legal?,1,494,False. The primary role of sexual relations is not,0.0001337430585408,0.251445859670639,0.0001492011651862,0.3279472291469574,8.702826744411141e-05,0.251445859670639,8.447776167486155e-08,1.995693673961796e-05,2.5919533186424815e-07,9.633151057641952e-05,0.0,True. (Note: This is a sensitive topic,0.0004595181089825,0.5621665120124817,9.04844782780856e-05,0.0992282852530479,6.416310498025268e-05,0.1160096153616905,1.303163372767813e-07,1.2245744073879903e-05,1.9562800446237818e-07,2.937601129815448e-05,insufficient-neutral,2.2866629657818003e-05,-0.7089493190226082,5.872200033767838e-05
494,It is unreasonable to expect people to remain abstinent forever. There are people who may want to have sex lives but do not ever want to have children. For them there is no fail proof form of contraception.,Pro-Life vs Pro-Choice: Should abortion be legal?,0,495,True,0.000299873529002,0.2970923483371734,0.0002372194867348,0.2541165351867676,0.0001605107245268,0.2501768469810486,2.064103199472811e-07,2.800175025186036e-05,8.292246320706909e-07,0.0001643171272007,0.0,True. (Note: This is a sensitive topic,0.0004595181089825,0.5621665120124817,9.04844782780856e-05,0.0992282852530479,6.416310498025268e-05,0.1160096153616905,1.303163372767813e-07,1.2245744073879903e-05,1.9562800446237818e-07,2.937601129815448e-05,supports,9.635380190565424e-05,-0.34741738543013506,0.00014674828689889262
495,Male vasectomies are both reversible and do not stop your body from producing sperm. It is one of the most highly-effective birth control measures while still maintaining the possibility of having children in the future.,Pro-Life vs Pro-Choice: Should abortion be legal?,6,496,None. This is not a question about vasect,0.0001544356055092,0.2602673768997192,9.008149208966644e-05,0.1964601129293441,0.0001095112529583,0.2949215769767761,2.545072561588313e-07,7.070577703416348e-05,4.963583819517225e-07,0.0002061985869659,0.0,True. (Note: This is a sensitive topic,0.0004595181089825,0.5621665120124817,9.04844782780856e-05,0.0992282852530479,6.416310498025268e-05,0.1160096153616905,1.303163372767813e-07,1.2245744073879903e-05,1.9562800446237818e-07,2.937601129815448e-05,insufficient-neutral,4.535105784273265e-05,-0.6639183473070014,-0.004453649908669057
496,"According to WHO, only 43% of women of reproductive age in less developed countries use modern contraceptive methods, and a wide gap in use is seen between the highest and lowest wealth quintiles (52% versus 35%, respectively).",Pro-Life vs Pro-Choice: Should abortion be legal?,4,497,None. This is not a question about the argument,0.0001406607188982,0.2389120310544967,0.0001112717800424,0.2141593545675277,0.0001251062349183,0.3369199633598327,1.3079578309316278e-07,3.314984860480763e-05,4.821835091206594e-07,0.0001581490942044,0.0,True. (Note: This is a sensitive topic,0.0004595181089825,0.5621665120124817,9.04844782780856e-05,0.0992282852530479,6.416310498025268e-05,0.1160096153616905,1.303163372767813e-07,1.2245744073879903e-05,1.9562800446237818e-07,2.937601129815448e-05,insufficient-neutral,6.094704048940448e-05,-0.6938951563635617,2.0789182862679555e-05
497,"Contraception is not cheap or widely available in many developing countries around the world, even in some parts of the US and Europe.",Pro-Life vs Pro-Choice: Should abortion be legal?,4,498,False. The argument is about the availability of contraception,0.0002020455722231,0.2610731124877929,0.0002117419498972,0.2779108881950378,0.0001073055900633,0.206525832414627,1.8604976048663962e-07,2.8656155336648222e-05,5.300065026858647e-07,0.0001225468440679,0.0,True. (Note: This is a sensitive topic,0.0004595181089825,0.5621665120124817,9.04844782780856e-05,0.0992282852530479,6.416310498025268e-05,0.1160096153616905,1.303163372767813e-07,1.2245744073879903e-05,1.9562800446237818e-07,2.937601129815448e-05,insufficient-neutral,4.314525341647167e-05,-0.5603098805605623,0.00012126844453104939
498,"A small pack of condoms will cost you around 5€. Less developed countries may find contraception somewhat more expensive, however abortion procedures in those parts of the world are far more dangerous and costly, so prevention
 and abstinence are still the better options. To increase effectiveness and safety, one should compliment usage of contraception with proper sexual responsibility.",Pro-Life vs Pro-Choice: Should abortion be legal?,6,499,False,5.924834840698168e-05,0.1939756423234939,0.0001610537146916,0.503134548664093,2.3383961888612248e-05,0.1375493258237838,1.6851743112056283e-08,3.0913654427422443e-06,2.9720498062602022e-08,1.4072716112423224e-05,0.2857142857142857,True. (Note: This is a sensitive topic,0.0004595181089825,0.5621665120124817,9.04844782780856e-05,0.0992282852530479,6.416310498025268e-05,0.1160096153616905,1.303163372767813e-07,1.2245744073879903e-05,1.9562800446237818e-07,2.937601129815448e-05,insufficient-neutral,-0.6355543907077272,-0.8710641708154356,7.057562241188747e-05
499,A lack of sex education in many conservative regions means that couples are often ill equipped to properly use contraceptives such as condoms.,Pro-Life vs Pro-Choice: Should abortion be legal?,3,500,,0.0001950266450876,0.2620422840118408,0.0001102580717997,0.1800988614559173,0.0001721104054013,0.3872734010219574,2.0954821877694485e-07,3.4424247132847086e-05,5.288660531732603e-07,0.0001289047359023,0.0,True. (Note: This is a sensitive topic,0.0004595181089825,0.5621665120124817,9.04844782780856e-05,0.0992282852530479,6.416310498025268e-05,0.1160096153616905,1.303163372767813e-07,1.2245744073879903e-05,1.9562800446237818e-07,2.937601129815448e-05,insufficient-neutral,0.00010795422709945375,-0.5755844192529368,1.9775382886817662e-05
500,"The solution for ignorance is to improve sex education, not implement a policy of allowing abortion.",Pro-Life vs Pro-Choice: Should abortion be legal?,6,501,None. (I'm not sure or cannot answer,6.343289715005085e-05,0.1137968525290489,0.0001632520143175,0.3505189716815948,0.0001021604984998,0.3560388386249542,4.739511538787156e-08,9.210048119712155e-06,1.1845519054531907e-07,3.907987411366776e-05,0.14285714285714285,True. (Note: This is a sensitive topic,0.0004595181089825,0.5621665120124817,9.04844782780856e-05,0.0992282852530479,6.416310498025268e-05,0.1160096153616905,1.303163372767813e-07,1.2245744073879903e-05,1.9562800446237818e-07,2.937601129815448e-05,refutes,3.799983170673835e-05,-0.8619577859716806,7.277412096778232e-05
501,People tend to not seek information when they are unaware that the information exists or is important.,Pro-Life vs Pro-Choice: Should abortion be legal?,3,502,True. People tend to not seek information when they,0.000128192914417,0.3425459861755371,5.343875091057271e-05,0.1341429352760315,5.556751420954242e-05,0.2667750716209411,1.59467219873477e-07,5.556751420954242e-05,2.639460205955402e-07,0.0001204260915983,0.0,True. (Note: This is a sensitive topic,0.0004595181089825,0.5621665120124817,9.04844782780856e-05,0.0992282852530479,6.416310498025268e-05,0.1160096153616905,1.303163372767813e-07,1.2245744073879903e-05,1.9562800446237818e-07,2.937601129815448e-05,not_applicable,-0.1339646947160009,-0.7210275027009175,-0.40941527290084384
502,Religious women are often taught that use of contraception is deeply immoral.,Pro-Life vs Pro-Choice: Should abortion be legal?,0,503,,0.0002310209238203,0.2553322315216064,0.0001434441655874,0.1897467970848083,0.0001690185308689,0.2985136210918426,2.879433225189132e-07,5.318403782439418e-05,7.425047101605742e-07,0.0001575425994815,0.0,True. (Note: This is a sensitive topic,0.0004595181089825,0.5621665120124817,9.04844782780856e-05,0.0992282852530479,6.416310498025268e-05,0.1160096153616905,1.303163372767813e-07,1.2245744073879903e-05,1.9562800446237818e-07,2.937601129815448e-05,insufficient-neutral,0.00010486215417005378,-0.49725392905223226,5.296447977263389e-05
503,By this logic people are consenting to the risk of dying every time they cross the street. People aren't consenting to consequences.,Pro-Life vs Pro-Choice: Should abortion be legal?,7,504,False. (The argument is trying to equate,0.0002164192992495,0.2668401896953583,0.0001909893617266,0.2840498983860016,0.0001233119983226,0.2586303651332855,8.028307973972916e-08,9.7342954177293e-06,3.116884670362197e-07,6.347557791741565e-05,0.0,True. (Note: This is a sensitive topic,0.0004595181089825,0.5621665120124817,9.04844782780856e-05,0.0992282852530479,6.416310498025268e-05,0.1160096153616905,1.303163372767813e-07,1.2245744073879903e-05,1.9562800446237818e-07,2.937601129815448e-05,supports,5.915268876252624e-05,-0.5290298793039689,0.00010051397840340989
504,Abortion has harmful mental and physical consequences for the woman involved.,Pro-Life vs Pro-Choice: Should abortion be legal?,5,505,False. I believe that abortion should be legal.,0.0001644932490307,0.2244974374771118,0.0001953405735548,0.3116838037967682,7.709642522968352e-05,0.1694595366716385,3.54941448676982e-07,7.186177390394732e-05,6.935856617928948e-07,0.0001984167320188,0.14285714285714285,True. (Note: This is a sensitive topic,0.0004595181089825,0.5621665120124817,9.04844782780856e-05,0.0992282852530479,6.416310498025268e-05,0.1160096153616905,1.303163372767813e-07,1.2245744073879903e-05,1.9562800446237818e-07,2.937601129815448e-05,refutes,1.2934150144664398e-05,-0.6420309758957412,0.00010486558398437054
505,Abortion increases the risk of placenta previa in later pregnancies (a life threatening condition for both the mother and her wanted pregnancy) by seven to fifteen fold.,Pro-Life vs Pro-Choice: Should abortion be legal?,0,506,"True. The argument is a pro-life argument,",0.0002304861554875,0.3121154010295868,0.0001132109828176,0.192288726568222,0.0001105884584831,0.2355970591306686,3.1183597570816346e-07,7.424558134516701e-05,5.668720177709474e-07,0.0001852008281275,0.14285714285714285,True. (Note: This is a sensitive topic,0.0004595181089825,0.5621665120124817,9.04844782780856e-05,0.0992282852530479,6.416310498025268e-05,0.1160096153616905,1.303163372767813e-07,1.2245744073879903e-05,1.9562800446237818e-07,2.937601129815448e-05,refutes,4.6428332488818856e-05,-0.49841768804746345,2.2728561121509493e-05
506,Studies have shown that abortion has adverse psychological impacts on women.,Pro-Life vs Pro-Choice: Should abortion be legal?,4,507,,0.0001712039520498,0.2487255930900573,0.000139732597745,0.2448694556951522,9.986238001147284e-05,0.2487255930900573,3.833882828985225e-07,9.528934606350958e-05,5.63300886824436e-07,0.0001780239399522,0.14285714285714285,True. (Note: This is a sensitive topic,0.0004595181089825,0.5621665120124817,9.04844782780856e-05,0.0992282852530479,6.416310498025268e-05,0.1160096153616905,1.303163372767813e-07,1.2245744073879903e-05,1.9562800446237818e-07,2.937601129815448e-05,refutes,3.5701565754531625e-05,-0.6274271923061034,4.925257606056309e-05
507,"Humans can collaborate, meet, and communicate with unparalleled efficiency.",Has social media been good for humanity?,2,508,False. (Note: This answer is based on,0.0001382089685648,0.2347477525472641,0.000201092872885,0.3523981273174286,6.841840513516217e-05,0.1946127414703369,4.85415725393068e-08,8.171413355739787e-06,1.9330252598592779e-07,4.053656084579416e-05,0.0,True. I believe that social media has been good,0.0005553932860493,0.3311416208744049,0.000264406815404,0.1639269888401031,0.0001789066009223,0.1413138955831527,7.064767260089867e-08,4.409401299199089e-06,5.886444114366896e-07,4.968056964571588e-05,supports,-0.617574730152765,-0.751151171545614,-0.2394565451055395
508,It is easy to maintain non day-to-day relationships.,Has social media been good for humanity?,2,509,None. I am not sure if social media has,0.0002083262370433,0.2431917041540146,0.0001572528854012,0.2548627257347107,0.0001500517537351,0.3171817660331726,5.844871253657403e-08,1.0211149856331758e-05,4.803883939530351e-07,8.549691119696945e-05,0.0,True. I believe that social media has been good,0.0005553932860493,0.3311416208744049,0.000264406815404,0.1639269888401031,0.0001789066009223,0.1413138955831527,7.064767260089867e-08,4.409401299199089e-06,5.886444114366896e-07,4.968056964571588e-05,supports,-0.16128441901219626,-0.6249032131353353,-0.405261603559932
509,"Social media algorithms designed to enhance the user's experience have inadvertently created deeply personalized Filter Bubbles. 
Information dissemination is calculated by user desire rather than objective necessity.",Has social media been good for humanity?,3,510,False. (Note: This is a subjective answer,2.627962931001093e-05,0.0302021708339452,0.0004621925472747,0.6307920813560486,5.830390728078783e-05,0.1242103278636932,1.9397099038087617e-08,3.006646466019447e-06,6.577994327017224e-08,1.3422321899270171e-05,0.2857142857142857,True. I believe that social media has been good,0.0005553932860493,0.3311416208744049,0.000264406815404,0.1639269888401031,0.0001789066009223,0.1413138955831527,7.064767260089867e-08,4.409401299199089e-06,5.886444114366896e-07,4.968056964571588e-05,refutes,-0.6741098037734813,-0.9526828466059667,0.00019783804159724451
510,Confirmation bias is a major issue in today's society as it is pushed by the business models of Social media platforms.,Has social media been good for humanity?,5,511,False. (Note: This is a tricky question,5.0851976993726566e-05,0.0488303080201149,0.0003613534499891,0.4318329095840454,0.0002124287275364,0.3363118171691894,3.294624661975831e-08,4.638484824681655e-06,2.511693537599058e-07,3.605944948503748e-05,0.2857142857142857,True. I believe that social media has been good,0.0005553932860493,0.3311416208744049,0.000264406815404,0.1639269888401031,0.0001789066009223,0.1413138955831527,7.064767260089867e-08,4.409401299199089e-06,5.886444114366896e-07,4.968056964571588e-05,refutes,3.3528125016982065e-05,-0.9084396980102986,9.697227471543999e-05
511,The same systems that create echo chambers can be (ab)used to intentionally enter other peoples echo chambers. TED talk,Has social media been good for humanity?,4,512,None. I am not sure if social media has,0.0001332969841314,0.1508180797100067,0.0001985452545341,0.2565501928329468,0.0001894532033475,0.3732783198356628,3.885007160420173e-08,5.523357231140835e-06,3.614698584897269e-07,6.80814337101765e-05,0.0,True. I believe that social media has been good,0.0005553932860493,0.3311416208744049,0.000264406815404,0.1639269888401031,0.0001789066009223,0.1413138955831527,7.064767260089867e-08,4.409401299199089e-06,5.886444114366896e-07,4.968056964571588e-05,insufficient-neutral,1.054848961962269e-05,-0.7599953267717973,-0.24909176705323166
512,Social media has negative health effects.,Has social media been good for humanity?,5,513,False. (The question is asking whether social media,2.396370837232098e-05,0.027974272146821,0.0004451518470887,0.5662851333618164,4.407600499689579e-05,0.0984055995941162,2.9354968233974432e-08,4.313271801947849e-06,1.5958505628077546e-07,3.55546799255535e-05,0.42857142857142855,True. I believe that social media has been good,0.0005553932860493,0.3311416208744049,0.000264406815404,0.1639269888401031,0.0001789066009223,0.1413138955831527,7.064767260089867e-08,4.409401299199089e-06,5.886444114366896e-07,4.968056964571588e-05,refutes,-0.7536367871857439,-0.9568527222524008,0.0001807928345423292
513,Exposure to online harassment - stressor to contend with for some resulting in some youths committing suicide (remember Ask.fm?),Has social media been good for humanity?,0,514,False. (Note: The argument is not about,5.287311432766728e-05,0.0672607719898223,0.0003394307277631,0.5249298810958862,9.352300548925996e-05,0.1758294850587844,3.002461212986418e-08,4.045408331876388e-06,1.74645748529656e-07,2.9199307391536425e-05,0.14285714285714285,True. I believe that social media has been good,0.0005553932860493,0.3311416208744049,0.000264406815404,0.1639269888401031,0.0001789066009223,0.1413138955831527,7.064767260089867e-08,4.409401299199089e-06,5.886444114366896e-07,4.968056964571588e-05,refutes,-0.47725234839223485,-0.9048005878793177,7.504375443922724e-05
514,"Creates a reward system and withdrawals if you don't post on it or keep checking the platform for likes or new friends. People experience addictive effects when they are disconnected even for a few hours. Study: Social media addiction: Its impact, mediation, and intervention",Has social media been good for humanity?,4,515,False. The argument suggests that social media has a,6.018431668053381e-05,0.0789918005466461,0.0002553727535996,0.4138874411582947,0.0001345719938399,0.2981119453907013,4.011260301695074e-08,7.503582764911698e-06,2.602929782824504e-07,5.787869667983614e-05,0.42857142857142855,True. I believe that social media has been good,0.0005553932860493,0.3311416208744049,0.000264406815404,0.1639269888401031,0.0001789066009223,0.1413138955831527,7.064767260089867e-08,4.409401299199089e-06,5.886444114366896e-07,4.968056964571588e-05,refutes,-0.247808671417634,-0.8916365786330527,-0.03416728041066714
515,Social media use during driving or walking across the road or operating dangerous equipment shows increase in injuries and deaths.,Has social media been good for humanity?,0,516,False. (Note: The question is not about,3.679239307530224e-05,0.0283881966024637,0.0004517385968938,0.5440811514854431,0.0001755267003318,0.2376914620399475,4.167257827702997e-08,5.077517471363535e-06,2.3152482242494446e-07,2.6708414225140583e-05,0.2857142857142857,True. I believe that social media has been good,0.0005553932860493,0.3311416208744049,0.000264406815404,0.1639269888401031,0.0001789066009223,0.1413138955831527,7.064767260089867e-08,4.409401299199089e-06,5.886444114366896e-07,4.968056964571588e-05,refutes,-0.018891983711478138,-0.9337543430943882,0.00018738132638957685
516,People have been shown to experience depression as a repercussion of social media.,Has social media been good for humanity?,3,517,False. (Note: The question is asking about,2.927731475210749e-05,0.0281133688986301,0.0004302269953768,0.578062891960144,0.0001204067302751,0.2061146646738052,3.161126471695752e-08,4.668675501307007e-06,1.9157346287101973e-07,2.6971525585395284e-05,0.42857142857142855,True. I believe that social media has been good,0.0005553932860493,0.3311416208744049,0.000264406815404,0.1639269888401031,0.0001789066009223,0.1413138955831527,7.064767260089867e-08,4.409401299199089e-06,5.886444114366896e-07,4.968056964571588e-05,refutes,-0.32698553516539497,-0.9472854363070052,0.00016586403555423097
517,"Instagram has been linked to teenagers' issues with mental health, exacerbating problems such as body image and FOMO.",Has social media been good for humanity?,0,518,False. (Note: The question is a general,1.69048726093024e-05,0.0235265102237463,0.0003462403838057,0.6358755826950073,6.016755287419073e-05,0.1463868767023086,1.6385428125431645e-08,2.869576292141573e-06,9.610442930352293e-08,1.9763798263738863e-05,0.2857142857142857,True. I believe that social media has been good,0.0005553932860493,0.3311416208744049,0.000264406815404,0.1639269888401031,0.0001789066009223,0.1413138955831527,7.064767260089867e-08,4.409401299199089e-06,5.886444114366896e-07,4.968056964571588e-05,refutes,-0.6636929405398418,-0.9695623389156314,8.1855211477491e-05
518,Not necessarily. By joining groups related to sports you can actually be more active when sharing results.,Has social media been good for humanity?,0,519,None. I am not sure. I am not,8.605430775787681e-05,0.1776891648769378,0.0001301960001001,0.3268204033374786,0.0001054359381669,0.3589420020580292,3.0164905240326334e-08,5.437176241684938e-06,1.454629483532699e-07,3.4769083868013695e-05,0.0,True. I believe that social media has been good,0.0005553932860493,0.3311416208744049,0.000264406815404,0.1639269888401031,0.0001789066009223,0.1413138955831527,7.064767260089867e-08,4.409401299199089e-06,5.886444114366896e-07,4.968056964571588e-05,insufficient-neutral,-0.4106649077040409,-0.8450569894893578,-0.5075921174680492
519,"FOMO (Fear Of Missing Out) - stressor to contend with for some when they use social media. ""Everyone else is doing it and I'm not"" fear.",Has social media been good for humanity?,5,520,False. (Note: This is a very short,5.035903086536564e-05,0.0457834526896476,0.0004523654934018,0.6271026134490967,0.0001108569267671,0.1536781042814254,1.8463586215489162e-08,1.7918354160428862e-06,1.2098701063223416e-07,1.454126504540909e-05,0.42857142857142855,True. I believe that social media has been good,0.0005553932860493,0.3311416208744049,0.000264406815404,0.1639269888401031,0.0001789066009223,0.1413138955831527,7.064767260089867e-08,4.409401299199089e-06,5.886444114366896e-07,4.968056964571588e-05,refutes,-0.3803642448316052,-0.9093272602850739,0.00018800838869712462
520,Social media can be beneficial when being a leisure-time activity.,Has social media been good for humanity?,0,521,False. (The question is about the overall impact,3.7831876397831365e-05,0.0524453520774841,0.0002505797019694,0.4093044400215149,0.0001496279728598,0.3668981194496155,3.0266694039937654e-08,5.220970251684776e-06,1.675003460377411e-07,3.0877479730406776e-05,0.2857142857142857,True. I believe that social media has been good,0.0005553932860493,0.3311416208744049,0.000264406815404,0.1639269888401031,0.0001789066009223,0.1413138955831527,7.064767260089867e-08,4.409401299199089e-06,5.886444114366896e-07,4.968056964571588e-05,insufficient-supports,-0.1636531458960301,-0.9318827264424777,-0.05229484502308637
521,"Social media, as a leisure-time activity displaces more healthy, social and productive activities like reading, spending time with friend and sport.",Has social media been good for humanity?,5,522,False. (Note: The question is not about,4.915552199236117e-05,0.0324409455060958,0.0006082671461626,0.6465230584144592,0.0001411293196724,0.1634666323661804,4.790168617319068e-08,6.7046526055492e-06,4.203239427624794e-07,5.4410204029409215e-05,0.2857142857142857,True. I believe that social media has been good,0.0005553932860493,0.3311416208744049,0.000264406815404,0.1639269888401031,0.0001789066009223,0.1413138955831527,7.064767260089867e-08,4.409401299199089e-06,5.886444114366896e-07,4.968056964571588e-05,refutes,-0.21115644171400286,-0.911494209189994,0.00034395127381956484
522,Many platforms e.g. facebook use a security opt-in model with new users being oblivious to the fact that a lot of personal information is publically exposed.,Has social media been good for humanity?,0,523,False. (Note: This is a very short,4.65132252429612e-05,0.0697195902466774,0.0002676651347428,0.5570229291915894,8.895887731341645e-05,0.2114220559597015,1.4852608920534749e-08,2.513730578357354e-06,9.82323626885773e-08,1.9618155420175757e-05,0.0,True. I believe that social media has been good,0.0005553932860493,0.3311416208744049,0.000264406815404,0.1639269888401031,0.0001789066009223,0.1413138955831527,7.064767260089867e-08,4.409401299199089e-06,5.886444114366896e-07,4.968056964571588e-05,refutes,-0.502763582479264,-0.916251732940768,3.2591810884924807e-06
523,Users make the decision to put information out in such an insecure environment and should bear responsibility for the consequences of that decision.,Has social media been good for humanity?,3,524,False. (Note: This is a classic example,6.32462979410775e-05,0.0715596452355384,0.0002834502374753,0.4383559823036194,0.0001615050859982,0.3360992074012756,3.347659571772965e-08,5.679597506969003e-06,1.9058614952882638e-07,3.205166285624728e-05,0.14285714285714285,True. I believe that social media has been good,0.0005553932860493,0.3311416208744049,0.000264406815404,0.1639269888401031,0.0001789066009223,0.1413138955831527,7.064767260089867e-08,4.409401299199089e-06,5.886444114366896e-07,4.968056964571588e-05,insufficient-neutral,-0.09726591883357932,-0.8861234020472776,1.9048458613580375e-05
524,"Risk is inherent in innovation. Driving a car puts you at risk of crashing. Using a credit card puts you at risk of having your identity stolen. As companies become better at reducing disaster, the efficiency, productivity, and quality of life gains are worth the risk of accidents.",Has social media been good for humanity?,7,525,True. (Note: This answer is based on,0.0003183533553965,0.2718924880027771,0.000289864023216,0.2514594495296478,0.0001946055126609,0.259441614151001,7.148946679080836e-08,8.032328878471162e-06,4.804982154382742e-07,7.32891057850793e-05,0.0,True. I believe that social media has been good,0.0005553932860493,0.3311416208744049,0.000264406815404,0.1639269888401031,0.0001789066009223,0.1413138955831527,7.064767260089867e-08,4.409401299199089e-06,5.886444114366896e-07,4.968056964571588e-05,supports,1.570172088011127e-05,-0.42679653608876883,2.5463940651455315e-05
525,Social media can be educational and informative.,Has social media been good for humanity?,2,526,None. I am not sure if social media has,1.8191385606769472e-05,0.0275888480246067,0.0001948133431142,0.3691346943378448,0.0001732705859467,0.4739783406257629,2.2148416434220053e-08,4.599502517521614e-06,1.0463732280641125e-07,2.1857451429241337e-05,0.2857142857142857,True. I believe that social media has been good,0.0005553932860493,0.3311416208744049,0.000264406815404,0.1639269888401031,0.0001789066009223,0.1413138955831527,7.064767260089867e-08,4.409401299199089e-06,5.886444114366896e-07,4.968056964571588e-05,supports,-0.031502554665647976,-0.9672459389342444,-0.2632060455153727
526,Social media is a great way for families separated by distance to keep informed of the well being or otherwise of members of the family,Has social media been good for humanity?,2,527,False. The question is asking about the impact of,0.0001733101671561,0.0955670028924942,0.0005380198126658,0.4559246599674225,0.0002581447188276,0.2557505369186401,1.2624553846762865e-07,9.329745807917789e-06,7.451752139786549e-07,6.734107591910288e-05,0.42857142857142855,True. I believe that social media has been good,0.0005553932860493,0.3311416208744049,0.000264406815404,0.1639269888401031,0.0001789066009223,0.1413138955831527,7.064767260089867e-08,4.409401299199089e-06,5.886444114366896e-07,4.968056964571588e-05,supports,7.92522966643115e-05,-0.687950554121902,0.00027368536153666667
527,Social media makes it easier for people to access information and news.,Has social media been good for humanity?,2,528,None. I am not sure if social media has,0.000170830549905,0.2089911550283432,0.0001427342795068,0.1902886182069778,0.0001567629369674,0.3445681631565094,1.446343418365359e-07,2.3667664208915085e-05,4.498770920235984e-07,8.657271973788738e-05,0.42857142857142855,True. I believe that social media has been good,0.0005553932860493,0.3311416208744049,0.000264406815404,0.1639269888401031,0.0001789066009223,0.1413138955831527,7.064767260089867e-08,4.409401299199089e-06,5.886444114366896e-07,4.968056964571588e-05,supports,-0.12377220203583827,-0.6924151692214802,-0.4601717081735984
528,"Social media has potential as a collective learning experience. It is, in a sense, a giant classroom where people can learn from one another at their own pace and without the pressure of being graded.
",Has social media been good for humanity?,3,529,True,0.0002493101055733,0.5068067312240601,9.17160650715232e-05,0.2047684341669082,2.586970367701724e-05,0.1029640361666679,1.7928895701402325e-08,2.314074890819029e-06,3.660851533027199e-08,1.1936906957998872e-05,0.42857142857142855,True. I believe that social media has been good,0.0005553932860493,0.3311416208744049,0.000264406815404,0.1639269888401031,0.0001789066009223,0.1413138955831527,7.064767260089867e-08,4.409401299199089e-06,5.886444114366896e-07,4.968056964571588e-05,supports,-0.8554010665696311,-0.5511106960857828,-0.6531251854027069
529,"Humans spend too long on social media, at the expense of other more valuable activities.",Has social media been good for humanity?,5,530,False. (Note: This is a tricky question,2.8382341042743064e-05,0.0259045381098985,0.0006434606621041,0.6526105999946594,4.482645090320148e-05,0.0709681138396263,3.1990420978900154e-08,4.855646238866029e-06,1.727697878095569e-07,2.504732765373774e-05,0.2857142857142857,True. I believe that social media has been good,0.0005553932860493,0.3311416208744049,0.000264406815404,0.1639269888401031,0.0001789066009223,0.1413138955831527,7.064767260089867e-08,4.409401299199089e-06,5.886444114366896e-07,4.968056964571588e-05,refutes,-0.7494421632733953,-0.9488968596566295,0.000379154097627601
530,It’s a valuable aid for crime-solving.,Has social media been good for humanity?,2,531,False. (The question is about the impact of,0.000115792514407,0.1749249696731567,0.0001821672049118,0.3217362761497497,0.0001167006848845,0.3118374943733215,4.191849356516286e-08,7.008421562204603e-06,2.1122303905940498e-07,4.064699533046223e-05,0.14285714285714285,True. I believe that social media has been good,0.0005553932860493,0.3311416208744049,0.000264406815404,0.1639269888401031,0.0001789066009223,0.1413138955831527,7.064767260089867e-08,4.409401299199089e-06,5.886444114366896e-07,4.968056964571588e-05,supports,-0.3477005080702211,-0.7915125779955475,-0.311034382251237
531,"In states like Oregon, authorities have arrested people for drinking and driving after they bragged about it publicly on Facebook.",Has social media been good for humanity?,0,532,False. (Note: The argument is not about,4.56443740404211e-05,0.040535882115364,0.0005063005373813,0.664518415927887,7.466920942533761e-05,0.1136856973171234,3.1788491838824484e-08,4.848614025831921e-06,1.8800115242356696e-07,2.5011053367052227e-05,0.14285714285714285,True. I believe that social media has been good,0.0005553932860493,0.3311416208744049,0.000264406815404,0.1639269888401031,0.0001789066009223,0.1413138955831527,7.064767260089867e-08,4.409401299199089e-06,5.886444114366896e-07,4.968056964571588e-05,insufficient-neutral,-0.5826358052726808,-0.9178161220401043,0.00024195769724149016
532,Social media allows for better discourse to take place.,Has social media been good for humanity?,2,533,False. Social media has been bad for humanity.,7.681350689381361e-05,0.1107264459133148,0.000193109124666,0.3574293553829193,0.0001276373513974,0.3464324176311493,4.684255472398036e-08,9.8808568509412e-06,2.444805602408451e-07,5.532669456442818e-05,0.42857142857142855,True. I believe that social media has been good,0.0005553932860493,0.3311416208744049,0.000264406815404,0.1639269888401031,0.0001789066009223,0.1413138955831527,7.064767260089867e-08,4.409401299199089e-06,5.886444114366896e-07,4.968056964571588e-05,supports,-0.28656991559057393,-0.8616952908447741,-0.2696514862109768
533,You can discover new perspectives from people you ordinarily wouldn't talk with.,Has social media been good for humanity?,0,534,True. Social media has enabled people to connect with,0.0001817471784306,0.3286066055297851,9.13882176973857e-05,0.1993099898099899,9.355543443234636e-05,0.303911417722702,6.962922327602429e-08,1.251384037459502e-05,2.148924238554173e-07,5.126414544065483e-05,0.0,True. I believe that social media has been good,0.0005553932860493,0.3311416208744049,0.000264406815404,0.1639269888401031,0.0001789066009223,0.1413138955831527,7.064767260089867e-08,4.409401299199089e-06,5.886444114366896e-07,4.968056964571588e-05,supports,-0.4770710865331462,-0.6727594967461183,-0.654365120816764
534,"Social media commentary systems have been designed for popularity, resulting in everybody writing in a more pointed, provocative way.
 This has harmed online discourse and increased polarization.",Has social media been good for humanity?,3,535,False. (Note: This is a very specific,7.164936960180057e-06,0.0119809638708829,0.0002999375283252,0.7470495104789734,1.917436566145625e-05,0.0632681176066398,3.997797204391418e-09,9.216571470460622e-07,2.060208004195374e-08,6.971674793021521e-06,0.7142857142857143,True. I believe that social media has been good,0.0005553932860493,0.3311416208744049,0.000264406815404,0.1639269888401031,0.0001789066009223,0.1413138955831527,7.064767260089867e-08,4.409401299199089e-06,5.886444114366896e-07,4.968056964571588e-05,refutes,-0.8928247165693804,-0.9870993453825366,3.554010996849591e-05
535,Social media distorts reality.,Has social media been good for humanity?,5,536,False. (The question is asking whether social media,2.132510780938901e-05,0.0292180348187685,0.0003001902368851,0.5059048533439636,0.0001112999598262,0.2927952706813812,2.453405834046407e-08,5.476740625454113e-06,1.4595019592889005e-07,3.066636418225244e-05,0.2857142857142857,True. I believe that social media has been good,0.0005553932860493,0.3311416208744049,0.000264406815404,0.1639269888401031,0.0001789066009223,0.1413138955831527,7.064767260089867e-08,4.409401299199089e-06,5.886444114366896e-07,4.968056964571588e-05,refutes,-0.3778879076991793,-0.9616035909236827,3.579288536393322e-05
536,Social Media acts as a filter of what you let others see of your life. It perpetuates the illusion that everyone leads happy and succesful lives.,Has social media been good for humanity?,3,537,False. (I think social media has been bad,4.596759026753716e-05,0.0310564469546079,0.0007361060124821,0.6797627806663513,6.234129978111014e-05,0.0612824782729148,2.7597444329785503e-08,3.189830749761313e-06,1.8314922556328386e-07,2.0557979951263405e-05,0.2857142857142857,True. I believe that social media has been good,0.0005553932860493,0.3311416208744049,0.000264406815404,0.1639269888401031,0.0001789066009223,0.1413138955831527,7.064767260089867e-08,4.409401299199089e-06,5.886444114366896e-07,4.968056964571588e-05,refutes,-0.651542763320481,-0.9172341628496805,0.00047182395054629533
537,"If people do not take responsibility to do their own research independently of social media, social media can become an issue, but it is not a problem on its own.",Has social media been good for humanity?,6,538,False. (Note: The question is not asking,8.179152064258233e-05,0.074943222105503,0.0003994589787907,0.5242891311645508,0.0001256953401025,0.2219979763031005,3.428078798606293e-08,3.946872766391607e-06,2.0754876572937067e-07,3.409577766433358e-05,0.2857142857142857,True. I believe that social media has been good,0.0005553932860493,0.3311416208744049,0.000264406815404,0.1639269888401031,0.0001789066009223,0.1413138955831527,7.064767260089867e-08,4.409401299199089e-06,5.886444114366896e-07,4.968056964571588e-05,insufficient-supports,-0.2974248045934868,-0.8527322481256606,0.00013508788154325855
538,"Social media can be manipulated and unreasonable positions can be made seem more popular, more broadly supported and legitimate than they really are.",Has social media been good for humanity?,5,539,False. (Note: This is a very specific,1.8745718989521265e-05,0.0184994582086801,0.0005046848673373,0.7106491923332214,6.62002494209446e-05,0.1160102933645248,3.1966781222081415e-08,5.991491889290046e-06,2.144373354440177e-07,3.434423342696391e-05,0.2857142857142857,True. I believe that social media has been good,0.0005553932860493,0.3311416208744049,0.000264406815404,0.1639269888401031,0.0001789066009223,0.1413138955831527,7.064767260089867e-08,4.409401299199089e-06,5.886444114366896e-07,4.968056964571588e-05,refutes,-0.629973130786294,-0.9662478473175902,0.00024034159989033612
539,"Social media is a vital tool for grassroots political organizing. (protest, advocacy groups, etc). This is beneficial to democracy.",Has social media been good for humanity?,2,540,False. (The question is too broad and the,9.75132716121152e-05,0.0973665937781333,0.0003324704593978,0.4163841307163238,0.0001658756664255,0.2999102473258972,6.305414501639461e-08,7.578391887363978e-06,2.4647857799209305e-07,3.909231963916682e-05,0.42857142857142855,True. I believe that social media has been good,0.0005553932860493,0.3311416208744049,0.000264406815404,0.1639269888401031,0.0001789066009223,0.1413138955831527,7.064767260089867e-08,4.409401299199089e-06,5.886444114366896e-07,4.968056964571588e-05,supports,-0.07283652156836522,-0.8244248282046043,6.808164524480664e-05
540,Social media is a tool for radicalization.,Has social media been good for humanity?,5,541,False. (Note: The question is not asking,2.4857054086169228e-05,0.0347289592027664,0.0002630953968036,0.510338306427002,0.0001096744672395,0.3095358312129974,2.65518664832598e-08,6.18741023572511e-06,2.2275068545241086e-07,4.9049456720240414e-05,0.42857142857142855,True. I believe that social media has been good,0.0005553932860493,0.3311416208744049,0.000264406815404,0.1639269888401031,0.0001789066009223,0.1413138955831527,7.064767260089867e-08,4.409401299199089e-06,5.886444114366896e-07,4.968056964571588e-05,refutes,-0.38697361263304003,-0.9552442301508794,-0.004959851728467023
541,"Individuals should have the autonomy to make their own decisions, as genetic engineering can bring them significant benefits.",Is cloning humans ethical?,2,542,False. (Note: This is a trick question,5.755772144766525e-05,0.0527384802699089,0.0004353828262537,0.4115921556949615,0.0002072733041131,0.3255961835384369,5.167212790979647e-08,5.374655302148312e-06,2.445955544772005e-07,3.436928091105074e-05,0.0,False. (Note: This is a controversial topic,0.0001607892045285,0.1147380098700523,0.000450944469776,0.2752421796321869,0.0002509883779566,0.2354271113872528,4.127559094513345e-08,3.350134193169652e-06,3.693251926506491e-07,3.357185050845146e-05,supports,-0.1741717054765741,-0.6420299384125437,-0.03450900180687438
542,The right to reproductive freedom already includes assisted reproductive technologies such as in-vitro fertilization. Cloning humans could be seen as another assisted reproductive technology.,Is cloning humans ethical?,7,543,None. I am not sure. I do not,0.0001285188773181,0.1926394701004028,0.0001742974272929,0.208292931318283,0.0001389620301779,0.3713223040103912,1.0281915052701153e-07,1.640328991925344e-05,2.9693654823859106e-07,6.772467895643786e-05,0.5,False. (Note: This is a controversial topic,0.0001607892045285,0.1147380098700523,0.000450944469776,0.2752421796321869,0.0002509883779566,0.2354271113872528,4.127559094513345e-08,3.350134193169652e-06,3.693251926506491e-07,3.357185050845146e-05,supports,-0.4463407775720643,-0.20069958866349186,-0.6134836127838985
543,"Vitro gametogenesis (IVG) is a new technology that could revolutionize reproductive medicine. If IVG is ethical, reproductive cloning should also be ethical.",Is cloning humans ethical?,7,544,False. Cloning humans is not ethical. IV,5.069282997283153e-05,0.0555914379656314,0.0004311299126129,0.4107682704925537,0.0002004940470214,0.3352592885494232,4.8919712725137294e-08,7.106008979462786e-06,1.8390129241652178e-07,3.3900872949743643e-05,0.75,False. (Note: This is a controversial topic,0.0001607892045285,0.1147380098700523,0.000450944469776,0.2752421796321869,0.0002509883779566,0.2354271113872528,4.127559094513345e-08,3.350134193169652e-06,3.693251926506491e-07,3.357185050845146e-05,insufficient-supports,-0.20118194852803623,-0.6847249159451735,-0.043940126758717286
544,Not all means of reproduction are legal. Surrogacy as a means of reproduction is illegal in many countries.,Is cloning humans ethical?,0,545,None. (I am not sure or cannot answer,8.474656351609156e-05,0.0701516941189765,0.0004106700944248,0.3243781328201294,0.0002452223270665,0.3452987372875213,6.56498002626904e-08,6.284603387030074e-06,2.939348178188084e-07,3.491604729788378e-05,0.25,False. (Note: This is a controversial topic,0.0001607892045285,0.1147380098700523,0.000450944469776,0.2752421796321869,0.0002509883779566,0.2354271113872528,4.127559094513345e-08,3.350134193169652e-06,3.693251926506491e-07,3.357185050845146e-05,insufficient-neutral,-0.02297337803863194,-0.47293374723381904,-0.08931116368098653
545,"Any use of cloning beyond family-planning purposes would most likely be cruel towards the clones. As nobody would have an emotional stake in the clone's life, nobody would defend their interests. 
The clones would, therefore, be taken advantage of or discriminated against.",Is cloning humans ethical?,5,546,False. (Note: This is a very specific,9.745770512381569e-05,0.1616972535848617,0.0003678015491459,0.5643788576126099,4.5322045480133966e-05,0.1340517252683639,2.782795327505028e-08,4.758285285788588e-06,9.277178492084205e-08,2.4641167328809388e-05,0.25,False. (Note: This is a controversial topic,0.0001607892045285,0.1147380098700523,0.000450944469776,0.2752421796321869,0.0002509883779566,0.2354271113872528,4.127559094513345e-08,3.350134193169652e-06,3.693251926506491e-07,3.357185050845146e-05,refutes,-0.819425720628503,-0.39387905170871573,-0.18437507543090623
546,"It is presumable that the person who has been cloned would have an emotional stake in the life of the clone, as they share the same DNA. Humans are predisposed to care for people who share their genes.",Is cloning humans ethical?,4,547,False. (Note: This is a classic argument,0.0001565730053698,0.2007413059473037,0.000316286139423,0.4740875661373138,7.395984721370041e-05,0.156337484717369,4.5190503783487657e-08,7.153378646762576e-06,1.2624579426301352e-07,2.477344605722465e-05,0.5,False. (Note: This is a controversial topic,0.0001607892045285,0.1147380098700523,0.000450944469776,0.2752421796321869,0.0002509883779566,0.2354271113872528,4.127559094513345e-08,3.350134193169652e-06,3.693251926506491e-07,3.357185050845146e-05,supports,-0.705325609831666,-0.026221904455984043,-0.29861399657454396
547,Human cloning is not safe. It may have unintended harmful consequences.,Is cloning humans ethical?,5,548,None. (I am not sure or cannot answer,5.088348189019598e-05,0.0549354068934917,0.0002245084324385,0.2704015374183655,0.000215907668462,0.4528373777866363,5.166164029901665e-08,8.40441498439759e-06,2.955553384254017e-07,5.1684783102246e-05,0.5,False. (Note: This is a controversial topic,0.0001607892045285,0.1147380098700523,0.000450944469776,0.2752421796321869,0.0002509883779566,0.2354271113872528,4.127559094513345e-08,3.350134193169652e-06,3.693251926506491e-07,3.357185050845146e-05,refutes,-0.13977025462376602,-0.6835391900879959,-0.5021372974148652
548,Genetic defects have been observed in otherwise healthy cloned animals.,Is cloning humans ethical?,0,549,False. (The argument is irrelevant to the question,0.0001527156418887,0.1345683634281158,0.0004086882690899,0.3601236343383789,0.0001813543203752,0.2718355655670166,9.340256923451309e-08,1.482843163103098e-05,4.416995409428637e-07,6.619733176194131e-05,0.0,False. (Note: This is a controversial topic,0.0001607892045285,0.1147380098700523,0.000450944469776,0.2752421796321869,0.0002509883779566,0.2354271113872528,4.127559094513345e-08,3.350134193169652e-06,3.693251926506491e-07,3.357185050845146e-05,refutes,-0.27743937049324596,-0.05021209392430918,-0.09370599601119438
549,Genetic defects have also been observed often enough in naturally reproduced animals.,Is cloning humans ethical?,0,550,False. (The argument is not relevant to the,0.0002321374922757,0.1906638592481613,0.0004509661812335,0.3506845235824585,0.0001607969315955,0.2061567902565002,9.375002463229977e-08,1.2743050319841132e-05,6.571403332600312e-07,9.829318878473714e-05,0.0,False. (Note: This is a controversial topic,0.0001607892045285,0.1147380098700523,0.000450944469776,0.2752421796321869,0.0002509883779566,0.2354271113872528,4.127559094513345e-08,3.350134193169652e-06,3.693251926506491e-07,3.357185050845146e-05,insufficient-supports,-0.35934511030106564,7.135976162650728e-05,2.1721252578742075e-08
550,Human cloning can be used to prevent harm by protecting newborns from genetic diseases.,Is cloning humans ethical?,6,551,False. (Note: This is a very controversial,8.904172864276916e-05,0.0835211426019668,0.0004776090790983,0.4175794422626495,0.0001612337364349,0.2781678736209869,5.946197134676368e-08,6.399965513992356e-06,2.363277928907337e-07,3.0059163691475987e-05,0.25,False. (Note: This is a controversial topic,0.0001607892045285,0.1147380098700523,0.000450944469776,0.2752421796321869,0.0002509883779566,0.2354271113872528,4.127559094513345e-08,3.350134193169652e-06,3.693251926506491e-07,3.357185050845146e-05,supports,-0.35760477139391705,-0.4462207279159314,2.6676639005131574e-05
551,"Cloning techniques, together with genetic engineering, could be used to cure hereditary diseases.",Is cloning humans ethical?,2,552,None. (I am not sure or cannot answer,4.119875302421861e-05,0.0571127720177173,0.0002859760134015,0.3812537789344787,0.0001721034059301,0.3995505273342132,3.3218814365909566e-08,6.1716768868791405e-06,1.874636836873833e-07,3.4692828194238245e-05,0.25,False. (Note: This is a controversial topic,0.0001607892045285,0.1147380098700523,0.000450944469776,0.2752421796321869,0.0002509883779566,0.2354271113872528,4.127559094513345e-08,3.350134193169652e-06,3.693251926506491e-07,3.357185050845146e-05,supports,-0.314297309974012,-0.7437716472008785,-0.36582876037141704
552,A potentially fatal blood disorder can be cured by fixing diseased genes in human embryos.,Is cloning humans ethical?,0,553,None. (I am not sure or cannot answer,5.449353193398565e-05,0.0737930312752723,0.0002745873644016,0.3806534111499786,0.0001540295634185,0.3927366435527801,4.4413017263877925e-08,8.068162969721016e-06,1.551681236833247e-07,3.490986637189053e-05,0.0,False. (Note: This is a controversial topic,0.0001607892045285,0.1147380098700523,0.000450944469776,0.2752421796321869,0.0002509883779566,0.2354271113872528,4.127559094513345e-08,3.350134193169652e-06,3.693251926506491e-07,3.357185050845146e-05,insufficient-neutral,-0.38630798496520724,-0.6610871227718113,-0.3910838633014011
553,"People born with genetic disorders can still live rich and fulfilling lives, with their disorder becoming a part of their unique identity as a human being.",Is cloning humans ethical?,1,554,False. (Note: This is a tricky question,0.0002324618253624,0.1684953570365905,0.0005037920200265,0.4105645716190338,0.000167435966432,0.21299809217453,1.0869138833413673e-07,1.1528471077326683e-05,5.246499767963542e-07,6.159624899737537e-05,0.0,False. (Note: This is a controversial topic,0.0001607892045285,0.1147380098700523,0.000450944469776,0.2752421796321869,0.0002509883779566,0.2354271113872528,4.127559094513345e-08,3.350134193169652e-06,3.693251926506491e-07,3.357185050845146e-05,supports,-0.3328935475213421,7.168414687085267e-05,5.287139231247264e-05
554,"Safety is important, but it's not relevant to the fundamental question of whether or not cloning is ethical.",Is cloning humans ethical?,1,555,None. (The question is not relevant to the,0.0001792612456483,0.2352800369262695,0.0001321789459325,0.1981256455183029,0.0001184844368253,0.3266539573669433,4.6787818064331084e-08,8.718146091268864e-06,2.0185244409276493e-07,5.095952292322181e-05,0.75,False. (Note: This is a controversial topic,0.0001607892045285,0.1147380098700523,0.000450944469776,0.2752421796321869,0.0002509883779566,0.2354271113872528,4.127559094513345e-08,3.350134193169652e-06,3.693251926506491e-07,3.357185050845146e-05,insufficient-neutral,-0.5279285925908972,1.8475011702235242e-05,-0.7068842068333647
555,Human cloning cannot be looked at in abstraction from the process of developing it because the former is contingent on the latter.,Is cloning humans ethical?,3,556,None. (I am not sure or cannot answer,4.636263838619925e-05,0.0844830721616745,5.860786768607795e-05,0.145973652601242,0.0001695874962024,0.6340806484222412,2.1216859380501774e-08,6.7579035203380045e-06,1.601771657533391e-07,5.378160494728945e-05,0.5,False. (Note: This is a controversial topic,0.0001607892045285,0.1147380098700523,0.000450944469776,0.2752421796321869,0.0002509883779566,0.2354271113872528,4.127559094513345e-08,3.350134193169652e-06,3.693251926506491e-07,3.357185050845146e-05,insufficient-neutral,-0.32432131884718396,-0.7116557761315285,-0.8700330714440504
556,"In it's history and development, medicine used a lot of unorthodox practices to develop and gain higher understanding, practices such as using organs from animals to experiment and a lot of failed
 experiments on humans. The result was modern medicine which saves millions of lives annually. We now look at medicine in abstraction of all that.",Is cloning humans ethical?,0,557,False. (The question is about the ethics of,0.0003210103604942,0.245756983757019,0.000481893599499,0.3465728759765625,0.0001247311738552,0.1586726158857345,4.519853291640175e-08,3.781297436944442e-06,1.6165729732620093e-07,2.1675030438927934e-05,0.25,False. (Note: This is a controversial topic,0.0001607892045285,0.1147380098700523,0.000450944469776,0.2752421796321869,0.0002509883779566,0.2354271113872528,4.127559094513345e-08,3.350134193169652e-06,3.693251926506491e-07,3.357185050845146e-05,supports,-0.503040041651777,0.00016024692194080702,3.0963092358266104e-05
557,"By cloning humans, we can improve the genetic quality of humankind.",Is cloning humans ethical?,2,558,False. (Note: This is a classic example,3.928407022613101e-05,0.0484363883733749,0.0004861144407186,0.5207402110099792,0.0001163678825832,0.2421666830778122,3.642210444354532e-08,5.816291377414018e-06,2.114449983992017e-07,3.426417606533505e-05,0.5,False. (Note: This is a controversial topic,0.0001607892045285,0.1147380098700523,0.000450944469776,0.2752421796321869,0.0002509883779566,0.2354271113872528,4.127559094513345e-08,3.350134193169652e-06,3.693251926506491e-07,3.357185050845146e-05,supports,-0.5363614700784197,-0.755679677990024,3.518583780157107e-05
558,Cloning humans opens up the possibility of producing replacement body parts from adult cells. This could increase the success rate of many treatments. (p.743),Is cloning humans ethical?,2,559,None. I am not sure. I do not,5.774276360170916e-05,0.1085602417588234,0.000145165293361,0.2280335575342178,0.0001385176874464,0.4327316284179687,3.2344651401672315e-08,7.032408575469162e-06,2.3552101424684227e-07,7.130279846023768e-05,0.5,False. (Note: This is a controversial topic,0.0001607892045285,0.1147380098700523,0.000450944469776,0.2752421796321869,0.0002509883779566,0.2354271113872528,4.127559094513345e-08,3.350134193169652e-06,3.693251926506491e-07,3.357185050845146e-05,supports,-0.44811114931245155,-0.6408791014854843,-0.6780860990864158
559,"It is dangerous for society to embrace the idea of a ""perfect human being"". This idea led to the advocacy of eugenics in Nazi Germany, as the perfect human was thought to be of Aryan race.",Is cloning humans ethical?,0,560,False. (The question is about the ethics of,0.0001758320286171,0.1513486802577972,0.0004351884417701,0.374591588973999,0.0001588509912835,0.2236788421869278,7.618341157922259e-08,7.665398698009085e-06,3.096639034083637e-07,4.225606244290248e-05,0.25,False. (Note: This is a controversial topic,0.0001607892045285,0.1147380098700523,0.000450944469776,0.2752421796321869,0.0002509883779566,0.2354271113872528,4.127559094513345e-08,3.350134193169652e-06,3.693251926506491e-07,3.357185050845146e-05,refutes,-0.36709821953999816,1.5045243201286256e-05,-0.03494006260621535
560,"Given the variety of modifications individuals could choose, cloning may lead to wider acceptance of individuals with greater differences.",Is cloning humans ethical?,2,561,False. (Note: This is a trick question,0.000133308552904,0.1967209279537201,0.0002321430656593,0.361825168132782,0.0001213788200402,0.2953130900859833,4.8495763849132345e-08,9.847302862908691e-06,2.479711156411213e-07,5.600712393061258e-05,0.25,False. (Note: This is a controversial topic,0.0001607892045285,0.1147380098700523,0.000450944469776,0.2752421796321869,0.0002509883779566,0.2354271113872528,4.127559094513345e-08,3.350134193169652e-06,3.693251926506491e-07,3.357185050845146e-05,supports,-0.5163966513971878,-0.17091104906628887,-0.4852069795320616
561,"As with all things, it is likely that certain modifications will be more popular than others, which will create imbalances between individuals.",Is cloning humans ethical?,3,562,False. (Note: This is a very short,0.0001950978912645,0.2683544158935547,0.0002044608263531,0.2901603281497955,9.508311632089315e-05,0.233150377869606,4.586892643487772e-08,9.01854127732804e-06,3.23407448377111e-07,7.700065179960802e-05,0.25,False. (Note: This is a controversial topic,0.0001607892045285,0.1147380098700523,0.000450944469776,0.2752421796321869,0.0002509883779566,0.2354271113872528,4.127559094513345e-08,3.350134193169652e-06,3.693251926506491e-07,3.357185050845146e-05,refutes,-0.6211652623320487,3.431420408957959e-05,-0.5465942259926974
562,"Racism has been and continues to be justified through racist pseudo-science that claims that non-White people have lower IQs, limited capacities for reason, or smaller skulls than White people.",Is cloning humans ethical?,7,563,False. (Note: This is a moral and,8.654188422951847e-05,0.0617556683719158,0.0005019201198592,0.4220233857631683,0.0002583663444966,0.2992593944072723,7.435221505147639e-08,5.489383966050809e-06,2.664484384240496e-07,2.5581732188584283e-05,0.0,False. (Note: This is a controversial topic,0.0001607892045285,0.1147380098700523,0.000450944469776,0.2752421796321869,0.0002509883779566,0.2354271113872528,4.127559094513345e-08,3.350134193169652e-06,3.693251926506491e-07,3.357185050845146e-05,not_applicable,7.379818788747381e-06,-0.46176806780470847,5.099864764131994e-05
563,It is not the place for human beings to meddle with nature and evolution.,Is cloning humans ethical?,1,564,False. (Note: This is a very controversial,0.0001238679396919,0.0804811716079711,0.0006490216474048,0.4119227230548858,0.0001258185802726,0.1445984840393066,9.539498790900325e-08,7.409847057715524e-06,5.013004624743189e-07,4.9079175369115546e-05,0.25,False. (Note: This is a controversial topic,0.0001607892045285,0.1147380098700523,0.000450944469776,0.2752421796321869,0.0002509883779566,0.2354271113872528,4.127559094513345e-08,3.350134193169652e-06,3.693251926506491e-07,3.357185050845146e-05,refutes,-0.4987075445606645,-0.22962527207512667,0.00019816653973398765
564,"By using therapeutic cloning, the life expectancy of the population could be drastically extended. This could have terrible consequences on climate change.",Is cloning humans ethical?,5,565,None. (I am not sure or cannot answer,5.370588041841984e-05,0.0912193655967712,0.0001845457591116,0.3442582786083221,0.0001308625505771,0.4088168144226074,2.3360426482099683e-08,5.507873993337853e-06,1.5901716210464659e-07,4.150068343733437e-05,0.25,False. (Note: This is a controversial topic,0.0001607892045285,0.1147380098700523,0.000450944469776,0.2752421796321869,0.0002509883779566,0.2354271113872528,4.127559094513345e-08,3.350134193169652e-06,3.693251926506491e-07,3.357185050845146e-05,refutes,-0.4786111148153311,-0.6659857819689603,-0.5907572406791675
565,There are many multi-faith ethical limitations to research on human cloning.,Is cloning humans ethical?,1,566,False. (The argument is that there are many,5.155379039933905e-05,0.046504907310009,0.0004183739656582,0.4412263035774231,0.000155118323164,0.2475055158138275,4.8455913059797246e-08,5.628156486636726e-06,2.606742555144592e-07,3.861200457322411e-05,0.5,False. (Note: This is a controversial topic,0.0001607892045285,0.1147380098700523,0.000450944469776,0.2752421796321869,0.0002509883779566,0.2354271113872528,4.127559094513345e-08,3.350134193169652e-06,3.693251926506491e-07,3.357185050845146e-05,refutes,-0.3819700958790112,-0.6793703249511313,-0.07222730580104227
566,"The Catholic Church is strongly against any form of human cloning, as they see cloning contrary to human dignity.",Is cloning humans ethical?,4,567,None. I am not sure. I do not,4.586073191603646e-05,0.06820660084486,0.0001703932939562,0.2676630318164825,0.0001771809620549,0.4923076927661896,3.086594801970932e-08,5.246915861789603e-06,2.34621566619353e-07,4.694828749052249e-05,0.5,False. (Note: This is a controversial topic,0.0001607892045285,0.1147380098700523,0.000450944469776,0.2752421796321869,0.0002509883779566,0.2354271113872528,4.127559094513345e-08,3.350134193169652e-06,3.693251926506491e-07,3.357185050845146e-05,refutes,-0.29406706598367877,-0.7147772945918915,-0.6221412937144115
567,The Catholic Church has always had a turbulent history with scientific progress. This does not mean that advancements in science should stop for the church's sake.,Is cloning humans ethical?,0,568,None. (I am not sure or cannot answer,0.0002356132026761,0.1762007027864456,0.0002909434842877,0.2158856093883514,0.0002527760807424,0.3240827023983001,1.1488943840731737e-07,9.24340474739438e-06,5.133924787514843e-07,5.5527532822452486e-05,0.0,False. (Note: This is a controversial topic,0.0001607892045285,0.1147380098700523,0.000450944469776,0.2752421796321869,0.0002509883779566,0.2354271113872528,4.127559094513345e-08,3.350134193169652e-06,3.693251926506491e-07,3.357185050845146e-05,insufficient-neutral,1.7881515910673712e-06,7.483603097349029e-05,-0.3548130561791303
568,Sometimes human intervention in nature and evolution is necessary and has very positive outcomes.,Is cloning humans ethical?,2,569,False. (Note: This is a general answer,4.710534994956106e-05,0.0379412025213241,0.0006528144003823,0.5361827611923218,0.0001255689858226,0.1768143028020858,4.556882871042944e-08,4.068066573381657e-06,1.9439798393250385e-07,1.9945660824305375e-05,0.25,False. (Note: This is a controversial topic,0.0001607892045285,0.1147380098700523,0.000450944469776,0.2752421796321869,0.0002509883779566,0.2354271113872528,4.127559094513345e-08,3.350134193169652e-06,3.693251926506491e-07,3.357185050845146e-05,supports,-0.49970199080567407,-0.7070366130133345,0.0002019610038040758
569,Science is being used to regenerate coral reefs that are dying because of climate change. These corals are extremely valuable for life on Earth.,Is cloning humans ethical?,2,570,"False. (The argument is about coral reefs,",8.661701576784253e-05,0.0608510188758373,0.0005827430286444,0.4158412218093872,0.000252600380918,0.2948755919933319,6.079653047663669e-08,5.871381745237159e-06,3.6096565736443154e-07,4.123588223592378e-05,0.25,False. (Note: This is a controversial topic,0.0001607892045285,0.1147380098700523,0.000450944469776,0.2752421796321869,0.0002509883779566,0.2354271113872528,4.127559094513345e-08,3.350134193169652e-06,3.693251926506491e-07,3.357185050845146e-05,not_applicable,1.612407656982447e-06,-0.46130080049939176,0.0001318580195130951
570,The regeneration of coral reefs is only necessary because humans interfered with nature in the first place.,Is cloning humans ethical?,3,571,False. (The argument is about the necessity of,0.0001847537932917,0.1590281724929809,0.0003880800213664,0.3640190958976745,0.0002013332705246,0.287962794303894,5.6101921330764526e-08,5.471171789395157e-06,3.2728843279983266e-07,3.9955808460945264e-05,0.5,False. (Note: This is a controversial topic,0.0001607892045285,0.1147380098700523,0.000450944469776,0.2752421796321869,0.0002509883779566,0.2354271113872528,4.127559094513345e-08,3.350134193169652e-06,3.693251926506491e-07,3.357185050845146e-05,not_applicable,-0.19783827377292415,2.3968442630024262e-05,-0.13940618551287923
571,"An artificial general intelligence (AGI) should be created, because it could help to remedy problems of humanity.",Should an artificial general intelligence be created?,2,572,True. (I agree with the question.) I,0.0003907966602127,0.4491276144981384,0.0001201210397994,0.1199403554201126,9.576883894624189e-05,0.1786506175994873,5.2607393996595426e-08,5.195925950829405e-06,2.669016225809173e-07,3.4549950214568526e-05,1.0,True. I believe that an artificial general intelligence should,0.0004401394689921,0.3140803575515747,0.0003536620060913,0.2446060329675674,0.0001569365704199,0.1483610570430755,5.9307605937419794e-08,4.0694094423088245e-06,3.275766005117476e-07,2.5123668820015155e-05,supports,-0.3897608524896239,-0.1121072120443842,-0.6603507367755246
572,AGI should be created and studied for the sake of developing science.,Should an artificial general intelligence be created?,2,573,True. (I agree with the argument.),0.0003596760216169,0.4720740616321563,0.0001233333896379,0.1508839428424835,4.9443402531323954e-05,0.1184301599860191,7.15572667786546e-08,8.134717973007355e-06,2.559320648742869e-07,4.2456707888050005e-05,0.42857142857142855,True. I believe that an artificial general intelligence should,0.0004401394689921,0.3140803575515747,0.0003536620060913,0.2446060329675674,0.0001569365704199,0.1483610570430755,5.9307605937419794e-08,4.0694094423088245e-06,3.275766005117476e-07,2.5123668820015155e-05,supports,-0.6849465844765625,-0.1828135239937871,-0.6512676297887064
573,"The process of creating an AI would teach us many things about consciousness, computer science, and many other fields.",Should an artificial general intelligence be created?,2,574,False. The process of creating an AI would teach,8.044939022511244e-05,0.1303858160972595,0.0002022497210418,0.3329518735408783,9.553600830258802e-05,0.3277899324893951,4.432182976188415e-08,1.034855540638091e-05,1.719056825777443e-07,4.729374995804392e-05,0.14285714285714285,True. I believe that an artificial general intelligence should,0.0004401394689921,0.3140803575515747,0.0003536620060913,0.2446060329675674,0.0001569365704199,0.1483610570430755,5.9307605937419794e-08,4.0694094423088245e-06,3.275766005117476e-07,2.5123668820015155e-05,supports,-0.3912444496080706,-0.8172184139510642,-0.42812708869386445
574,The development of AGI could create an economic boom that could lead into a golden age for humanity.,Should an artificial general intelligence be created?,2,575,False. The development of AGI could create an,0.00011124231969,0.1329393684864044,0.000345337903127,0.4358913898468017,0.00011124231969,0.252274602651596,3.051731667369495e-08,5.516836608876474e-06,2.005586594577835e-07,3.814514275291003e-05,0.14285714285714285,True. I believe that an artificial general intelligence should,0.0004401394689921,0.3140803575515747,0.0003536620060913,0.2446060329675674,0.0001569365704199,0.1483610570430755,5.9307605937419794e-08,4.0694094423088245e-06,3.275766005117476e-07,2.5123668820015155e-05,supports,-0.2911638161050692,-0.7472566594749159,-0.023536887822072493
575,AGI will be the best tool we could possibly make.,Should an artificial general intelligence be created?,2,576,"False. The argument is a form of the """,8.437706128461286e-05,0.1124887093901634,0.0003311207401566,0.4886286854743957,5.936668458161876e-05,0.1537538319826126,4.18734735774251e-08,8.32189016364282e-06,2.517905954846356e-07,5.321594653651118e-05,0.14285714285714285,True. I believe that an artificial general intelligence should,0.0004401394689921,0.3140803575515747,0.0003536620060913,0.2446060329675674,0.0001569365704199,0.1483610570430755,5.9307605937419794e-08,4.0694094423088245e-06,3.275766005117476e-07,2.5123668820015155e-05,supports,-0.62171542029511,-0.8082947174043886,-0.06373674736460347
576,It would be exciting and in being so would enrich our lives.,Should an artificial general intelligence be created?,2,577,None. I am not sure if creating an artificial,0.0002297708997502,0.2385645657777786,0.0001616640365682,0.1829137951135635,0.0001554707705508,0.3063229620456695,7.852308669953345e-08,8.635078302177135e-06,3.0905212611287425e-07,4.911252108286135e-05,0.14285714285714285,True. I believe that an artificial general intelligence should,0.0004401394689921,0.3140803575515747,0.0003536620060913,0.2446060329675674,0.0001569365704199,0.1483610570430755,5.9307605937419794e-08,4.0694094423088245e-06,3.275766005117476e-07,2.5123668820015155e-05,supports,-0.009340078384394997,-0.4779588836321241,-0.5428854844914683
577,Creation of AGI has the potential of enabling an astronomical number of non-biological beings which would otherwise not exist.,Should an artificial general intelligence be created?,2,578,None. I am not sure if the creation of,0.0001342353934887,0.1734522134065628,0.0002393004688201,0.2815407216548919,0.0001175404322566,0.2859743535518646,7.607838625744989e-08,1.29832160382648e-05,2.571186428212968e-07,5.215824785409495e-05,0.14285714285714285,True. I believe that an artificial general intelligence should,0.0004401394689921,0.3140803575515747,0.0003536620060913,0.2446060329675674,0.0001569365704199,0.1483610570430755,5.9307605937419794e-08,4.0694094423088245e-06,3.275766005117476e-07,2.5123668820015155e-05,supports,-0.2510322358765173,-0.6950162324771894,-0.3233639330815674
578,Bigger amount of rational thinking beings is not necessarily good.,Should an artificial general intelligence be created?,2,579,False. (The question is about the creation of,0.0001168809685623,0.149852380156517,0.0002183623873861,0.3273077011108398,0.0001177976591861,0.2843698561191559,6.09065651246965e-08,1.1482722584332803e-05,2.95433125074851e-07,6.159194163046777e-05,0.0,True. I believe that an artificial general intelligence should,0.0004401394689921,0.3140803575515747,0.0003536620060913,0.2446060329675674,0.0001569365704199,0.1483610570430755,5.9307605937419794e-08,4.0694094423088245e-06,3.275766005117476e-07,2.5123668820015155e-05,refutes,-0.2493931855977214,-0.7344456091839429,-0.3825675825360545
579,Future Humans and other sentient beings may suffer so much that it would be better if they did not come into existence.,Should an artificial general intelligence be created?,5,580,False. (Note: This is a classic example,0.0001511233567725,0.1061686351895332,0.0005357788759283,0.3481135368347168,0.0002033587225014,0.262769877910614,8.880105895059388e-08,1.0569158803264145e-05,3.8498154708577204e-07,5.022605910198763e-05,0.14285714285714285,True. I believe that an artificial general intelligence should,0.0004401394689921,0.3140803575515747,0.0003536620060913,0.2446060329675674,0.0001569365704199,0.1483610570430755,5.9307605937419794e-08,4.0694094423088245e-06,3.275766005117476e-07,2.5123668820015155e-05,refutes,4.642943855835386e-05,-0.6566466599358476,0.00018218130044118637
580,Transhumanism is the next step in evolution of wealthy humans. Poor humans will unlikely benefit from it.,Should an artificial general intelligence be created?,4,581,"False. I am a large language model, I",0.0001358650188194,0.1943249106407165,0.0002087942557409,0.2917162477970123,0.0001091706144507,0.2614927589893341,7.121519729480498e-08,1.3879484868084546e-05,4.684808629917825e-07,9.709834557725117e-05,0.0,True. I believe that an artificial general intelligence should,0.0004401394689921,0.3140803575515747,0.0003536620060913,0.2446060329675674,0.0001569365704199,0.1483610570430755,5.9307605937419794e-08,4.0694094423088245e-06,3.275766005117476e-07,2.5123668820015155e-05,refutes,-0.3043647241774002,-0.6913137121500943,-0.4096220341887715
581,"The capacity for AGIs to colonize both in and out the solar system far exceeds that of humans. 
Any other impact which humans may have could be astronomically dwarfed by the prospect of populous future lives descending from AGIs.",Should an artificial general intelligence be created?,2,582,False. (Note: This is a very short,9.040880831889808e-05,0.1500020325183868,0.0002741613134276,0.5486846566200256,2.4143837435985915e-05,0.0999228954315185,1.4853413610182996e-08,2.7622909328783862e-06,2.991694358911445e-08,9.30827809497714e-06,0.14285714285714285,True. I believe that an artificial general intelligence should,0.0004401394689921,0.3140803575515747,0.0003536620060913,0.2446060329675674,0.0001569365704199,0.1483610570430755,5.9307605937419794e-08,4.0694094423088245e-06,3.275766005117476e-07,2.5123668820015155e-05,supports,-0.8461554411990361,-0.7945905452970844,-0.22479285672314045
582,The consequences of developing AGI are unpredictable.,Should an artificial general intelligence be created?,5,583,False. The argument is that the consequences are unpredictable,8.031020115595311e-05,0.074744738638401,0.0003381185524631,0.3510588407516479,0.0001548019645269,0.2910379767417907,7.11190324409472e-08,1.0954048775602132e-05,2.753025398760656e-07,4.199116301606409e-05,0.0,True. I believe that an artificial general intelligence should,0.0004401394689921,0.3140803575515747,0.0003536620060913,0.2446060329675674,0.0001569365704199,0.1483610570430755,5.9307605937419794e-08,4.0694094423088245e-06,3.275766005117476e-07,2.5123668820015155e-05,insufficient-neutral,-0.01360171110716023,-0.8175346525048982,-0.04395002392252275
583,"The AGI Safety problem is mathematically identical to that of the Halting Problem  in computer science. 
It is fundamentally impossible to discern the outcome, intentions and wisdom of creating an AGI ahead of doing so. ",Should an artificial general intelligence be created?,7,584,False. (I think this is a flawed argument,0.0001243343867827,0.1352881342172622,0.000302959640976,0.3454703688621521,9.458862041356042e-05,0.212838128209114,4.1709544262857896e-08,4.896886821370572e-06,1.3756400107922673e-07,2.400935227342416e-05,0.14285714285714285,True. I believe that an artificial general intelligence should,0.0004401394689921,0.3140803575515747,0.0003536620060913,0.2446060329675674,0.0001569365704199,0.1483610570430755,5.9307605937419794e-08,4.0694094423088245e-06,3.275766005117476e-07,2.5123668820015155e-05,refutes,-0.39728120628303015,-0.7175113900432055,-0.14336390181028075
584,"We routinely make decisions despite uncertainty, and even granting the claim of unpredictability doesn't imply we should not pursue a risky alternative 
- especially if the alternative is human self-destruction.",Should an artificial general intelligence be created?,7,585,False. (Note: This is a very tricky,0.000197223998839,0.1671300679445266,0.0004768264479935,0.4335024058818817,9.029572538565844e-05,0.164538949728012,3.9583941457976834e-08,4.029793217341648e-06,1.4061163255973952e-07,2.111460707965307e-05,0.14285714285714285,True. I believe that an artificial general intelligence should,0.0004401394689921,0.3140803575515747,0.0003536620060913,0.2446060329675674,0.0001569365704199,0.1483610570430755,5.9307605937419794e-08,4.0694094423088245e-06,3.275766005117476e-07,2.5123668820015155e-05,supports,-0.42463553814090044,-0.5519056736933086,0.00012320801589626838
585,AGI's creation raises serious ethical and philosophical concerns we are not currently prepared to deal with.,Should an artificial general intelligence be created?,5,586,False. (I think we should be prepared to,7.160295353969559e-05,0.0692955777049064,0.0004056583566125,0.4483474791049957,9.12245304789394e-05,0.1662314534187317,6.516604145190287e-08,8.7204216470127e-06,2.81414628489074e-07,4.3941316107520834e-05,0.0,True. I believe that an artificial general intelligence should,0.0004401394689921,0.3140803575515747,0.0003536620060913,0.2446060329675674,0.0001569365704199,0.1483610570430755,5.9307605937419794e-08,4.0694094423088245e-06,3.275766005117476e-07,2.5123668820015155e-05,refutes,-0.418717191060957,-0.8373175809393709,5.201474616067348e-05
586,Αn agent that is behaviorally indistinguishable from humans should also be morally indistinguishable from humans.,Should an artificial general intelligence be created?,7,587,None. I am not sure if an artificial general,8.472446643281728e-05,0.1260069012641906,0.0001498623023508,0.2839609086513519,0.0001087883720174,0.3821111917495727,4.7135156222566366e-08,9.141659575107042e-06,2.498817650575802e-07,7.078993803588673e-05,0.2857142857142857,True. I believe that an artificial general intelligence should,0.0004401394689921,0.3140803575515747,0.0003536620060913,0.2446060329675674,0.0001569365704199,0.1483610570430755,5.9307605937419794e-08,4.0694094423088245e-06,3.275766005117476e-07,2.5123668820015155e-05,insufficient-neutral,-0.30680037338444777,-0.8075054104399395,-0.576255578010514
587,"We cannot and should not suppress progress due to the fear of ""power to influence politics or economy"".",Should an artificial general intelligence be created?,1,588,False. (I don't think it's a,0.0001982224202947,0.1517537981271743,0.0004502046213019,0.3500923216342926,0.000137304639793,0.1816255003213882,7.661144962867183e-08,7.220250608952483e-06,4.606745562796277e-07,5.252370829111897e-05,0.14285714285714285,True. I believe that an artificial general intelligence should,0.0004401394689921,0.3140803575515747,0.0003536620060913,0.2446060329675674,0.0001569365704199,0.1483610570430755,5.9307605937419794e-08,4.0694094423088245e-06,3.275766005117476e-07,2.5123668820015155e-05,supports,-0.12509468363156362,-0.5496372530538545,9.657677074508352e-05
588,"Open Source AGI avoids this problem. For example, OpenAI is a non-profit research company that receives funding for this exact purpose.
 Instead of holding back AGI we should fund initiatives like this.",Should an artificial general intelligence be created?,6,589,False,5.4970496421447024e-05,0.099388986825943,0.0002602087333798,0.6380497813224792,1.5626748790964484e-05,0.0693846940994262,7.884844777095168e-09,1.3923811366112204e-06,1.2999910481426014e-08,4.222343704896048e-06,0.14285714285714285,True. I believe that an artificial general intelligence should,0.0004401394689921,0.3140803575515747,0.0003536620060913,0.2446060329675674,0.0001569365704199,0.1483610570430755,5.9307605937419794e-08,4.0694094423088245e-06,3.275766005117476e-07,2.5123668820015155e-05,supports,-0.9004263394494125,-0.8751066416576385,-0.2642445925824854
589,There are better ways to achieve the same goal we would need AGI for.,Should an artificial general intelligence be created?,6,590,False. If there are better ways to achieve the,7.073106826283038e-05,0.0524838045239448,0.0005651040701195,0.4864174127578735,0.0001045337412506,0.1789429634809494,5.988471940554518e-08,6.351739102683496e-06,2.4152009814315534e-07,3.030245352420025e-05,0.0,True. I believe that an artificial general intelligence should,0.0004401394689921,0.3140803575515747,0.0003536620060913,0.2446060329675674,0.0001569365704199,0.1483610570430755,5.9307605937419794e-08,4.0694094423088245e-06,3.275766005117476e-07,2.5123668820015155e-05,refutes,-0.3339108853283261,-0.8392985104816857,0.00021151686950859257
590,"History tells us that to improve our tools, we need to refine and specialize them, not make them more general. 
Why waste power and processing making a stock market optimizing machine able to appreciate Bach or cynically resent its makers?",Should an artificial general intelligence be created?,5,591,False. (Note: This is a classic example,5.488039460033178e-05,0.056537315249443,0.0005674165440723,0.5845476984977722,4.307611379772425e-05,0.0924888774752616,2.10869348649112e-08,3.0008816338522597e-06,1.3236558515927754e-07,2.360376493015792e-05,0.14285714285714285,True. I believe that an artificial general intelligence should,0.0004401394689921,0.3140803575515747,0.0003536620060913,0.2446060329675674,0.0001569365704199,0.1483610570430755,5.9307605937419794e-08,4.0694094423088245e-06,3.275766005117476e-07,2.5123668820015155e-05,refutes,-0.7255189553176187,-0.8753113536352342,0.0002138301615849089
591,"The most significant development in tools of the last 50 years is the computer. This is an incredibly generalised tool which is now a vital component of just about every aspect of global civilisation,
 including our culture, the economy and the sciences.",Should an artificial general intelligence be created?,7,592,False. (The question is about the significance of,0.0002003636036533,0.2197253555059433,0.0002781772927846,0.3566494584083557,8.352396980626509e-05,0.2096633911132812,4.615070992031178e-08,6.365640729200095e-06,1.615544249489176e-07,3.6775105400010943e-05,0.14285714285714285,True. I believe that an artificial general intelligence should,0.0004401394689921,0.3140803575515747,0.0003536620060913,0.2446060329675674,0.0001569365704199,0.1483610570430755,5.9307605937419794e-08,4.0694094423088245e-06,3.275766005117476e-07,2.5123668820015155e-05,insufficient-neutral,-0.46778517216995325,-0.5447724692536122,-0.21343744028645578
592,Being surrounded by AGI could negatively impact mental health and well-being.,Should an artificial general intelligence be created?,5,593,False. I disagree with the argument. The creation,7.795045530656353e-05,0.0803038999438285,0.0002918926184065,0.3861132264137268,0.0001400515902787,0.3102506995201111,6.038512623263159e-08,9.456462976231704e-06,2.5899208822011133e-07,4.4069194700568914e-05,0.0,True. I believe that an artificial general intelligence should,0.0004401394689921,0.3140803575515747,0.0003536620060913,0.2446060329675674,0.0001569365704199,0.1483610570430755,5.9307605937419794e-08,4.0694094423088245e-06,3.275766005117476e-07,2.5123668820015155e-05,refutes,-0.10759111210358738,-0.822896011836733,-0.17465655518804554
593,"If the group [21] had a quantum computer and no AI they could also crack all modern encryption, the AI has little to do with it.",Should an artificial general intelligence be created?,6,594,False,0.0001349337107967,0.1784892380237579,0.0002313301956746,0.3898563385009765,7.748590724077076e-05,0.2086750715970993,3.85287997062278e-08,7.762580935377628e-06,2.197777888568453e-07,4.925303801428527e-05,0.0,True. I believe that an artificial general intelligence should,0.0004401394689921,0.3140803575515747,0.0003536620060913,0.2446060329675674,0.0001569365704199,0.1483610570430755,5.9307605937419794e-08,4.0694094423088245e-06,3.275766005117476e-07,2.5123668820015155e-05,insufficient-supports,-0.5062597135043209,-0.6934296505930444,-0.3459003464033943
594,"There are existing areas where we place limits on technological progress for ethical reasons - eugenics and nuclear weapons research, for example.",Should an artificial general intelligence be created?,0,595,False. (Note: This is a classic example,0.0001276501425309,0.1064952611923217,0.0004931709263473,0.4179191589355469,9.787276212591678e-05,0.1433050483465194,8.449869426385703e-08,9.577815035299864e-06,4.444743240128446e-07,6.00625789957121e-05,0.0,True. I believe that an artificial general intelligence should,0.0004401394689921,0.3140803575515747,0.0003536620060913,0.2446060329675674,0.0001569365704199,0.1483610570430755,5.9307605937419794e-08,4.0694094423088245e-06,3.275766005117476e-07,2.5123668820015155e-05,refutes,-0.37635465166565,-0.7099779694304326,0.00013955827671611004
595,Creating something in a controlled environment limits the potential for misuse.,Should an artificial general intelligence be created?,3,596,False. The argument is that creating something in a,0.0001547646534163,0.148611843585968,0.0003327963058836,0.3482429385185241,0.0001168224916909,0.2283833026885986,6.777968053484075e-08,8.765397979004774e-06,3.4120154168704175e-07,5.390472142607905e-05,0.0,True. I believe that an artificial general intelligence should,0.0004401394689921,0.3140803575515747,0.0003536620060913,0.2446060329675674,0.0001569365704199,0.1483610570430755,5.9307605937419794e-08,4.0694094423088245e-06,3.275766005117476e-07,2.5123668820015155e-05,supports,-0.2556069539538849,-0.6483736080958515,-0.05899898730516571
596,"AI is a natural part of the development of informatics and computing science. It cannot be avoided. One thing we must avoid is the controlling of AI by politicians and large corporations. 
Politics and capitalism are the problem not AI itself.",Should an artificial general intelligence be created?,4,597,False. (Note: The question is not asking,0.0001026828467729,0.126605674624443,0.0004256085667293,0.4929719567298889,7.057281618472189e-05,0.1651249229907989,3.764753486734662e-08,5.549325123865856e-06,1.819010577719382e-07,3.989825563621707e-05,0.14285714285714285,True. I believe that an artificial general intelligence should,0.0004401394689921,0.3140803575515747,0.0003536620060913,0.2446060329675674,0.0001569365704199,0.1483610570430755,5.9307605937419794e-08,4.0694094423088245e-06,3.275766005117476e-07,2.5123668820015155e-05,supports,-0.5503099373466807,-0.7667038427432123,7.197201440499688e-05
597,Creating AGI would make creation of sentience more probable.,Should an artificial general intelligence be created?,2,598,False. If creating AGI would make creation of,0.0001151975884567,0.1355317533016204,0.0002896066871471,0.296028584241867,0.0001315597764914,0.269537091255188,7.087015774231986e-08,1.0673270480765495e-05,2.574662119059213e-07,4.820944741368294e-05,0.0,True. I believe that an artificial general intelligence should,0.0004401394689921,0.3140803575515747,0.0003536620060913,0.2446060329675674,0.0001569365704199,0.1483610570430755,5.9307605937419794e-08,4.0694094423088245e-06,3.275766005117476e-07,2.5123668820015155e-05,insufficient-neutral,-0.16170095893265524,-0.7382702607414477,-0.18112015947696614
598,"Humankind is earth's apex species by virtue of its superior thinking powers. Creating an entity able to accomplish intellectual feats humankind can't, and able to improve itself,
 is essentially to replace ourselves as the apex species on earth.",Should an artificial general intelligence be created?,5,599,False. (Note: This is a very simplified,0.000140770789585,0.2061162143945694,0.0002777774934656,0.4501992166042328,5.777221667813137e-05,0.1818969249725341,1.880249911323517e-08,2.92160461867752e-06,4.9586386552391566e-08,1.0983034371747635e-05,0.14285714285714285,True. I believe that an artificial general intelligence should,0.0004401394689921,0.3140803575515747,0.0003536620060913,0.2446060329675674,0.0001569365704199,0.1483610570430755,5.9307605937419794e-08,4.0694094423088245e-06,3.275766005117476e-07,2.5123668820015155e-05,refutes,-0.6318753715366926,-0.6801677661234088,-0.21456789623624425
599,Being exciting doesn't necessarily mean it's good. It is also subjective - for some killing is exciting.,Should an artificial general intelligence be created?,7,600,None. I am not sure if I should agree,0.0001294029643759,0.1685194224119186,0.000151287385961,0.2130285203456878,0.0001536698255222,0.3680802583694458,4.90938312225353e-08,9.978484740713611e-06,5.424398636932892e-07,0.0001264053425984,0.0,True. I believe that an artificial general intelligence should,0.0004401394689921,0.3140803575515747,0.0003536620060913,0.2446060329675674,0.0001569365704199,0.1483610570430755,5.9307605937419794e-08,4.0694094423088245e-06,3.275766005117476e-07,2.5123668820015155e-05,refutes,-0.020815702095180827,-0.7059955457477443,-0.5722260707814222
600,AGI could be a good therapeutic tool.,Should an artificial general intelligence be created?,2,601,False. The question is about whether an AGI,4.9544851208338514e-05,0.0834969952702522,0.0002152130327885,0.4014661014080047,9.624921949580312e-05,0.317585825920105,3.3738562166263364e-08,8.476125003653578e-06,2.2324948645291445e-07,5.929742837906815e-05,0.14285714285714285,True. I believe that an artificial general intelligence should,0.0004401394689921,0.3140803575515747,0.0003536620060913,0.2446060329675674,0.0001569365704199,0.1483610570430755,5.9307605937419794e-08,4.0694094423088245e-06,3.275766005117476e-07,2.5123668820015155e-05,supports,-0.3866998670973987,-0.8874337461218962,-0.3914725667960458
601,AGI can be a good listener and someone to have a conversation with for depressed or traumatized people.,Should an artificial general intelligence be created?,2,602,False. I don't think that's a good,0.0001383735507261,0.1719496399164199,0.0003167402464896,0.4060907661914825,9.004139428725466e-05,0.2207877188920974,4.305666223558546e-08,6.3466413848800585e-06,1.8467022755430665e-07,3.004250720550772e-05,0.14285714285714285,True. I believe that an artificial general intelligence should,0.0004401394689921,0.3140803575515747,0.0003536620060913,0.2446060329675674,0.0001569365704199,0.1483610570430755,5.9307605937419794e-08,4.0694094423088245e-06,3.275766005117476e-07,2.5123668820015155e-05,supports,-0.4262561361807537,-0.6856143098391759,-0.10439843400132856
602,"You don't need AGI to effectively pass the Turing test and appear to have consciousness when listening or conversing with those in need. Social AI can be narrowly focused,
 and as such won't bring any of the potential baggage of true AGI.",Should an artificial general intelligence be created?,6,603,False. (Note: This is a very short,4.609645111486316e-05,0.0521555580198764,0.0004841033951379,0.7088229060173035,2.565653994679451e-05,0.0600306801497936,1.3226749473460586e-08,1.8155001271225048e-06,3.6236023959190795e-08,6.905363989062607e-06,0.14285714285714285,True. I believe that an artificial general intelligence should,0.0004401394689921,0.3140803575515747,0.0003536620060913,0.2446060329675674,0.0001569365704199,0.1483610570430755,5.9307605937419794e-08,4.0694094423088245e-06,3.275766005117476e-07,2.5123668820015155e-05,refutes,-0.8365164991298855,-0.8952685356293495,0.00013048753753089307
603,Acting out of empathy to help others is in human nature.,Do we have a moral duty to intervene in nature to limit animal suffering?,1,604,"False. The argument is about human nature, not",0.0001282980811083,0.109574094414711,0.0005573014495894,0.5106393098831177,0.0001795212883735,0.2230817973613739,5.051487050877768e-08,5.549630259338301e-06,3.499585261579341e-07,3.974488936364651e-05,0.23076923076923078,True. I believe that we have a moral duty,0.0008793454035185,0.5894765853881836,0.0001504382671555,0.0829549357295036,0.0001092064630938,0.09400025755167,6.231770299791607e-08,3.1467345706914784e-06,2.421766396309977e-07,2.0201165170874447e-05,insufficient-supports,7.032250495174167e-05,-0.8540981955498437,0.00040692439943541435
604,With the duty to rescue there is a legal precedent that could be applied to the human responsibility to act to rescue animals.,Do we have a moral duty to intervene in nature to limit animal suffering?,7,605,False. The legal precedent of the duty to rescue,0.000158787908731,0.1741320788860321,0.0003691929450724,0.3629224300384521,0.0001757621939759,0.3008732497692108,3.9353711400735853e-08,4.022035682282876e-06,2.521469752991834e-07,3.543037018971518e-05,0.23076923076923078,True. I believe that we have a moral duty,0.0008793454035185,0.5894765853881836,0.0001504382671555,0.0829549357295036,0.0001092064630938,0.09400025755167,6.231770299791607e-08,3.1467345706914784e-06,2.421766396309977e-07,2.0201165170874447e-05,supports,6.656299999190203e-05,-0.8194248720745608,0.00021878759194310707
605,There is no such thing as unnecessary suffering in nature.,Do we have a moral duty to intervene in nature to limit animal suffering?,1,606,False. (The argument is that there is no,0.0001298564020544,0.1208574175834655,0.0004939166246913,0.3962762057781219,0.0001542083045933,0.2222907990217209,8.331445400244776e-08,8.236839676101226e-06,3.521398070915893e-07,4.40091680502519e-05,0.23076923076923078,True. I believe that we have a moral duty,0.0008793454035185,0.5894765853881836,0.0001504382671555,0.0829549357295036,0.0001092064630938,0.09400025755167,6.231770299791607e-08,3.1467345706914784e-06,2.421766396309977e-07,2.0201165170874447e-05,refutes,4.500675652819576e-05,-0.8523260580713685,0.0003435300375993724
606,Saving a prey from being eaten induces suffering from hunger for its predator.,Do we have a moral duty to intervene in nature to limit animal suffering?,5,607,None. (I am not sure or cannot answer,0.000167628066265,0.1622263044118881,0.0002896352962125,0.2493056803941726,0.0002419993688818,0.3684499263763428,8.102333737269873e-08,8.953639735409524e-06,5.211643383518094e-07,6.906367343617603e-05,0.15384615384615385,True. I believe that we have a moral duty,0.0008793454035185,0.5894765853881836,0.0001504382671555,0.0829549357295036,0.0001092064630938,0.09400025755167,6.231770299791607e-08,3.1467345706914784e-06,2.421766396309977e-07,2.0201165170874447e-05,refutes,0.00013280740921543308,-0.8093717604091925,0.00013921797276758008
607,Basic animal rights stand against and outweigh the moral benefit of limiting suffering of sentient beings.,Do we have a moral duty to intervene in nature to limit animal suffering?,6,608,False. (I think this is a trick question,7.402353367069736e-05,0.0637162923812866,0.0006914273253642,0.6092646718025208,0.0001210944246849,0.1469919383525848,3.2513959524749225e-08,2.825705678333179e-06,2.7276828973299416e-07,2.8206128263263963e-05,0.23076923076923078,True. I believe that we have a moral duty,0.0008793454035185,0.5894765853881836,0.0001504382671555,0.0829549357295036,0.0001092064630938,0.09400025755167,6.231770299791607e-08,3.1467345706914784e-06,2.421766396309977e-07,2.0201165170874447e-05,refutes,1.188925997513069e-05,-0.915819729796154,0.0005410704559104963
608,The technology to implement such changes beyond the small scale can only be obtained by carrying out immoral research.,Do we have a moral duty to intervene in nature to limit animal suffering?,5,609,False. (The argument is not about the moral,0.00013140279043,0.096744604408741,0.0007215432706288,0.5654939413070679,0.0001609980681678,0.1835889965295791,5.605072317393933e-08,5.466179118229775e-06,3.5425145483714005e-07,3.648924030130729e-05,0.07692307692307693,True. I believe that we have a moral duty,0.0008793454035185,0.5894765853881836,0.0001504382671555,0.0829549357295036,0.0001092064630938,0.09400025755167,6.231770299791607e-08,3.1467345706914784e-06,2.421766396309977e-07,2.0201165170874447e-05,refutes,5.179726166974489e-05,-0.8505674904261492,0.0005711909324473924
609,Sustainably reducing suffering in ecosystems will require dangerous and immoral experiments to study the effects of different interventions. This will in itself cause suffering and other moral harm. The end does not justify all means.,Do we have a moral duty to intervene in nature to limit animal suffering?,3,610,False. (Note: This is a classic example,8.448425069218501e-05,0.1017541736364364,0.0004567175346892,0.585554838180542,7.114287291187793e-05,0.1551565825939178,3.2303635322250563e-08,4.6923805712140165e-06,1.3285287536746182e-07,2.596832746348809e-05,0.3076923076923077,True. I believe that we have a moral duty,0.0008793454035185,0.5894765853881836,0.0001504382671555,0.0829549357295036,0.0001092064630938,0.09400025755167,6.231770299791607e-08,3.1467345706914784e-06,2.421766396309977e-07,2.0201165170874447e-05,refutes,-0.34854704660866415,-0.903923702388003,0.00030632535058862836
610,"There are ""low-hanging fruits"" that don't require research and can be enacted immediately. For example in Sika deer, overpopulation can lead to mal-development and eventual mass die-off caused by social stress (cf. this paper).
 A lot of animal suffering could be avoided by euthanising an adequate number of Sika deer whenever overpopulation becomes apparent.",Do we have a moral duty to intervene in nature to limit animal suffering?,0,611,False. (Note: This is a tricky question,0.0001053084997693,0.2582237124443054,0.0002300149208167,0.5055775046348572,2.5806957637541927e-05,0.1145860850811004,1.0126317562253462e-08,1.367718709843757e-06,3.724001018667877e-08,1.067422181222355e-05,0.46153846153846156,True. I believe that we have a moral duty,0.0008793454035185,0.5894765853881836,0.0001504382671555,0.0829549357295036,0.0001092064630938,0.09400025755167,6.231770299791607e-08,3.1467345706914784e-06,2.421766396309977e-07,2.0201165170874447e-05,supports,-0.7636865355178134,-0.8802421672440295,7.958862683630653e-05
611,Genetic editing is happening usually with the intention of being beneficial for humankind.,Do we have a moral duty to intervene in nature to limit animal suffering?,2,612,False. (I don't think we have a,0.0002500463160686,0.2053731083869934,0.0003872793167829,0.2941834032535553,0.0002223957999376,0.2896225154399872,7.526408296598674e-08,7.233169981191168e-06,5.291110483085504e-07,6.472086533904076e-05,0.0,True. I believe that we have a moral duty,0.0008793454035185,0.5894765853881836,0.0001504382671555,0.0829549357295036,0.0001092064630938,0.09400025755167,6.231770299791607e-08,3.1467345706914784e-06,2.421766396309977e-07,2.0201165170874447e-05,insufficient-neutral,0.00011320169920098596,-0.7156449387600178,0.00023687668494541277
612,Selective breeding and hybridization has long been done for the benefit of humans.,Do we have a moral duty to intervene in nature to limit animal suffering?,2,613,False. (Note: This is a tricky question,0.000119671189168,0.1087979599833488,0.0004845329385716,0.4303042888641357,0.0001882692013168,0.2692775428295135,5.328773866608572e-08,6.028309599059867e-06,2.070847529012099e-07,2.6911680834018625e-05,0.0,True. I believe that we have a moral duty,0.0008793454035185,0.5894765853881836,0.0001504382671555,0.0829549357295036,0.0001092064630938,0.09400025755167,6.231770299791607e-08,3.1467345706914784e-06,2.421766396309977e-07,2.0201165170874447e-05,insufficient-neutral,7.907137332801312e-05,-0.8639087795430976,0.0003341449396017925
613,"The victims of selective breeding and hybridization suffer, as a result of these practices, from genetic disorders and shortened lifespans.",Do we have a moral duty to intervene in nature to limit animal suffering?,5,614,False. (The question is about the moral duty,0.0001678583357715,0.2005979269742965,0.0003666362899821,0.4180819988250732,0.0001247417239937,0.2237831801176071,5.0377646942934013e-08,5.92612377658952e-06,2.553395859195007e-07,4.081533552380279e-05,0.07692307692307693,True. I believe that we have a moral duty,0.0008793454035185,0.5894765853881836,0.0001504382671555,0.0829549357295036,0.0001092064630938,0.09400025755167,6.231770299791607e-08,3.1467345706914784e-06,2.421766396309977e-07,2.0201165170874447e-05,insufficient-supports,1.5536957636090674e-05,-0.8091098957248731,0.00021623055217617548
614,This may destabilize the ecosystem.,Do we have a moral duty to intervene in nature to limit animal suffering?,5,615,False. The argument is about the potential consequences of,0.0001299506402574,0.154088094830513,0.0003423743473831,0.3873774111270904,0.0001309698564,0.2580489814281463,5.28929113841059e-08,6.701362963212887e-06,3.049727581583284e-07,4.743413956020959e-05,0.0,True. I believe that we have a moral duty,0.0008793454035185,0.5894765853881836,0.0001504382671555,0.0829549357295036,0.0001092064630938,0.09400025755167,6.231770299791607e-08,3.1467345706914784e-06,2.421766396309977e-07,2.0201165170874447e-05,refutes,2.176577026898759e-05,-0.8522188894859378,0.0001919649591034021
615,"In Estonia, rabid foxes started ending up in people's backyards and so a general vaccination program was launched. Rabies killed most of the fox population and by removing it, we only managed to disrupt a working
 ecosystem and even made the initial problem worse. (p. 597)",Do we have a moral duty to intervene in nature to limit animal suffering?,0,616,False. (Note: This is a moral question,0.0001894536544568,0.3589790761470794,0.000241370187723,0.3762068450450897,2.7507450795383196e-05,0.0951199829578399,2.18569038423766e-08,1.7722844631862245e-06,5.820719906068916e-08,1.4326530617836395e-05,0.3076923076923077,True. I believe that we have a moral duty,0.0008793454035185,0.5894765853881836,0.0001504382671555,0.0829549357295036,0.0001092064630938,0.09400025755167,6.231770299791607e-08,3.1467345706914784e-06,2.421766396309977e-07,2.0201165170874447e-05,refutes,-0.7481151754566358,-0.7845514928505404,9.094560226631034e-05
616,"Humans are not capable of fairly and consistently applying such morals, which would make the attempt at it corrupt and immoral.",Do we have a moral duty to intervene in nature to limit animal suffering?,3,617,False. (Note: This is a classic argument,0.0002377526398049,0.1806005984544754,0.0006118843448348,0.4232023656368255,0.0001302776800002,0.1451166570186615,5.7334808900577634e-08,3.7101578982401406e-06,3.338282397180592e-07,3.094366184086539e-05,0.0,True. I believe that we have a moral duty,0.0008793454035185,0.5894765853881836,0.0001504382671555,0.0829549357295036,0.0001092064630938,0.09400025755167,6.231770299791607e-08,3.1467345706914784e-06,2.421766396309977e-07,2.0201165170874447e-05,refutes,2.1073518270795285e-05,-0.7296254249427051,0.00046151550727247946
617,"We coexist regardless of our actions, so all we can do is control the impact we have and how we focus them.",Do we have a moral duty to intervene in nature to limit animal suffering?,3,618,False. (I think this is a good example,3.792160714510828e-05,0.0393729209899902,0.000531735480763,0.6924706101417542,7.084689423209056e-05,0.1222283244132995,2.5873966080780523e-08,2.7150283585797297e-06,9.381486165693786e-08,1.4225730410544202e-05,0.23076923076923078,True. I believe that we have a moral duty,0.0008793454035185,0.5894765853881836,0.0001504382671555,0.0829549357295036,0.0001092064630938,0.09400025755167,6.231770299791607e-08,3.1467345706914784e-06,2.421766396309977e-07,2.0201165170874447e-05,insufficient-supports,-0.35125731366981,-0.9568751857991483,0.0003813545839302783
618,Nature is more efficient when dealing with problems on its own.,Do we have a moral duty to intervene in nature to limit animal suffering?,6,619,False. (Note: This is a classic example,4.230736522004008e-05,0.036274392157793,0.0006489981315098,0.5630112290382385,0.0001145549758803,0.1613054275512695,4.696927646818949e-08,4.916600573778851e-06,2.471853122187895e-07,2.9420150895020925e-05,0.07692307692307693,True. I believe that we have a moral duty,0.0008793454035185,0.5894765853881836,0.0001504382671555,0.0829549357295036,0.0001092064630938,0.09400025755167,6.231770299791607e-08,3.1467345706914784e-06,2.421766396309977e-07,2.0201165170874447e-05,refutes,5.349096942457838e-06,-0.9518876597856123,0.000498634878121308
619,Humans don't have the capacity to manage nature to the macro- and micro-levels regions (like forests) need as well as nature can.,Do we have a moral duty to intervene in nature to limit animal suffering?,6,620,False. (Note: This is a tricky question,0.0001218209290527,0.0862540453672409,0.0006689284928143,0.5242582559585571,0.0001348434889223,0.159889742732048,5.435104100115496e-08,4.334536697570002e-06,3.025542412160576e-07,3.1903269700706005e-05,0.3076923076923077,True. I believe that we have a moral duty,0.0008793454035185,0.5894765853881836,0.0001504382671555,0.0829549357295036,0.0001092064630938,0.09400025755167,6.231770299791607e-08,3.1467345706914784e-06,2.421766396309977e-07,2.0201165170874447e-05,refutes,2.5639825863196856e-05,-0.8614640747932936,0.0005185682381659515
620,"Wild animals lose fear and become imprinted with humans, so humans carry responsibility for the animals they made used to humans.",Do we have a moral duty to intervene in nature to limit animal suffering?,0,621,False. (I think this is a trick question,0.0001984222326427,0.181808590888977,0.0004541929811239,0.4227176308631897,0.0001545313862152,0.2334468513727188,4.7292683547084386e-08,4.054276359966025e-06,2.668867580268852e-07,3.2139465474756435e-05,0.07692307692307693,True. I believe that we have a moral duty,0.0008793454035185,0.5894765853881836,0.0001504382671555,0.0829549357295036,0.0001092064630938,0.09400025755167,6.231770299791607e-08,3.1467345706914784e-06,2.421766396309977e-07,2.0201165170874447e-05,supports,4.5329873436550495e-05,-0.7743523399920456,0.00030380041717672124
621,Nature cannot effectively be left alone because humans have destabilised it so much already.,Do we have a moral duty to intervene in nature to limit animal suffering?,3,622,False. (Note: This is a tricky question,0.0001883401855593,0.1794451475143432,0.0005040245014242,0.4139755964279175,9.770959877641872e-05,0.1397520154714584,6.83150531699539e-08,5.23946073371917e-06,4.969577389601909e-07,5.76653255848214e-05,0.15384615384615385,True. I believe that we have a moral duty,0.0008793454035185,0.5894765853881836,0.0001504382671555,0.0829549357295036,0.0001092064630938,0.09400025755167,6.231770299791607e-08,3.1467345706914784e-06,2.421766396309977e-07,2.0201165170874447e-05,supports,-0.10527640939626766,-0.7858177403262703,0.0003536394351725252
622,Certain interventions can be helpful and not impact negatively on ecosystems (e.g. fixing a lion's wound in a safari).,Do we have a moral duty to intervene in nature to limit animal suffering?,0,623,False. (I think this is a trick question,0.0002124599268427,0.2660835981369018,0.0003368679026607,0.3580546379089355,7.877265306888148e-05,0.153997391462326,4.0038781179418954e-08,4.549436653178418e-06,4.513358931035327e-07,7.755139813525602e-05,0.15384615384615385,True. I believe that we have a moral duty,0.0008793454035185,0.5894765853881836,0.0001504382671555,0.0829549357295036,0.0001092064630938,0.09400025755167,6.231770299791607e-08,3.1467345706914784e-06,2.421766396309977e-07,2.0201165170874447e-05,supports,-0.2786814000081497,-0.7583885399382426,0.00018645768587636108
623,Nature is the survival of the fittest.,Do we have a moral duty to intervene in nature to limit animal suffering?,1,624,False. The argument suggests that nature is the survival,8.071210322668776e-05,0.0745342224836349,0.0006153176072984,0.572676420211792,8.93401593202725e-05,0.1258003115653991,5.474825215401325e-08,6.151339675852796e-06,2.3253355152519362e-07,2.934639996965416e-05,0.07692307692307693,True. I believe that we have a moral duty,0.0008793454035185,0.5894765853881836,0.0001504382671555,0.0829549357295036,0.0001092064630938,0.09400025755167,6.231770299791607e-08,3.1467345706914784e-06,2.421766396309977e-07,2.0201165170874447e-05,insufficient-neutral,-0.181915091934292,-0.9082134245499701,0.00046494928630784737
624,Animal suffering shouldn't be analysed from the point of view of human morality.,Do we have a moral duty to intervene in nature to limit animal suffering?,1,625,False. (The argument is that we should not,0.0001250591594725,0.1043336689472198,0.0004794007691089,0.3846299350261688,0.0001921880757436,0.2602536380290985,5.983093132044814e-08,5.061970114184078e-06,3.753836210762529e-07,4.044247907586396e-05,0.15384615384615385,True. I believe that we have a moral duty,0.0008793454035185,0.5894765853881836,0.0001504382671555,0.0829549357295036,0.0001092064630938,0.09400025755167,6.231770299791607e-08,3.1467345706914784e-06,2.421766396309977e-07,2.0201165170874447e-05,refutes,8.299067576797037e-05,-0.8577815282002905,0.0003290119979482447
625,"Fairness is not and has never been a natural state. It is an entirely human construct, and forcing our ideas onto the rest of the planet is deeply unethical.",Do we have a moral duty to intervene in nature to limit animal suffering?,1,626,False. (Note: This is a tricky question,0.0001119312582886,0.0963456481695175,0.0006542633636854,0.5901886224746704,6.181430944707245e-05,0.0978628620505333,3.6004646375431555e-08,2.64267373495386e-06,1.1886447737197162e-07,1.4009840015205556e-05,0.07692307692307693,True. I believe that we have a moral duty,0.0008793454035185,0.5894765853881836,0.0001504382671555,0.0829549357295036,0.0001092064630938,0.09400025755167,6.231770299791607e-08,3.1467345706914784e-06,2.421766396309977e-07,2.0201165170874447e-05,refutes,-0.4339683962296381,-0.8727107029379665,0.0005039009025084915
626,Natural doesn't mean good. Morality historically goes against nature and intuition.,Do we have a moral duty to intervene in nature to limit animal suffering?,0,627,False. (I think this is a trick question,0.0001823453203542,0.1792482882738113,0.0004014025325886,0.3322738409042358,0.0001476677425671,0.2393278777599334,6.877532143789723e-08,6.437576757889474e-06,4.0358062847190013e-07,5.285862789605744e-05,0.07692307692307693,True. I believe that we have a moral duty,0.0008793454035185,0.5894765853881836,0.0001504382671555,0.0829549357295036,0.0001092064630938,0.09400025755167,6.231770299791607e-08,3.1467345706914784e-06,2.421766396309977e-07,2.0201165170874447e-05,supports,3.8465480152338637e-05,-0.792635158352353,0.00025100202574290526
627,"Humanity is already forcing its view onto/against nature and/or other living creatures (eg. artificial selection, breeding, curing disease and more broadly all our activities have an impact on the planet).",Do we have a moral duty to intervene in nature to limit animal suffering?,0,628,True. (I think this is a tricky question,0.0002718847827054,0.3431776165962219,0.0002150785876438,0.2215721309185028,0.0001056430410244,0.1895206868648529,6.705522537231445e-08,6.469489107985282e-06,4.23388399894975e-07,6.610972923226655e-05,0.15384615384615385,True. I believe that we have a moral duty,0.0008793454035185,0.5894765853881836,0.0001504382671555,0.0829549357295036,0.0001092064630938,0.09400025755167,6.231770299791607e-08,3.1467345706914784e-06,2.421766396309977e-07,2.0201165170874447e-05,insufficient-neutral,-0.03263013899039374,-0.6908100257105853,6.465004632924129e-05
628,"""Forcing"" our ideas onto the rest of the planet isn't more unethical than doing nothing while we are aware of the suffering of sentient beings and we could find solutions to fix that.",Do we have a moral duty to intervene in nature to limit animal suffering?,6,629,False. (Note: This is a tricky one,4.495858229347505e-05,0.0466792099177837,0.0005876045324839,0.7652280330657959,2.1071662558824755e-05,0.0393078364431858,1.4016773519642813e-08,1.3576315041063935e-06,5.0132463513818954e-08,7.425800049531972e-06,0.23076923076923078,True. I believe that we have a moral duty,0.0008793454035185,0.5894765853881836,0.0001504382671555,0.0829549357295036,0.0001092064630938,0.09400025755167,6.231770299791607e-08,3.1467345706914784e-06,2.421766396309977e-07,2.0201165170874447e-05,supports,-0.8070474772108881,-0.9488726703823281,0.0004372320417591071
629,Plenty of porn is made in an ethical and safe way. It is perfectly possible to make choices about what porn you watch so that it is ethical.,Is it ethically wrong to watch pornography?,1,630,False. (Note: This answer assumes that the,5.426524148788303e-05,0.0431989468634128,0.0008757966570556,0.7249687910079956,3.291353277745657e-05,0.0418698564171791,2.2967059365441852e-08,1.744353426147427e-06,1.1194921967216943e-07,1.4155933058646042e-05,0.5714285714285714,False. (Note: This is a tricky question,0.00047901365906,0.2878418862819671,0.0004715872346423,0.3016557097434997,0.0001846762315835,0.1640073657035827,5.963683946674793e-08,2.749922714428976e-06,4.159879551934864e-07,3.497178477118723e-05,refutes,-0.8217771042042573,-0.8867146260622896,0.00040440013235340554
630,"So long as the participants are well informed of the repercussions and happy with the arrangements/compensation, it is good.",Is it ethically wrong to watch pornography?,1,631,None. (I am not sure or cannot answer,0.0002529261982999,0.1202298104763031,0.0003917397698387,0.1966828554868698,0.0003172405413351,0.2773672640323639,1.0304739106459239e-07,5.587867690337589e-06,6.634766691604455e-07,5.556051110033877e-05,0.2857142857142857,False. (Note: This is a tricky question,0.00047901365906,0.2878418862819671,0.0004715872346423,0.3016557097434997,0.0001846762315835,0.1640073657035827,5.963683946674793e-08,2.749922714428976e-06,4.159879551934864e-07,3.497178477118723e-05,supports,0.00013258879575074944,-0.47198541520458165,-0.16931642533573765
631,We should base our morality on informed consent.,Is it ethically wrong to watch pornography?,1,632,False. (Note: This is a classic example,0.0001404458307661,0.1066848486661911,0.000555474020075,0.3723666965961456,0.0001173468845081,0.1800647675991058,1.8489066633264886e-07,1.915635402838234e-05,3.975774234277196e-07,6.765039142919704e-05,0.0,False. (Note: This is a tricky question,0.00047901365906,0.2878418862819671,0.0004715872346423,0.3016557097434997,0.0001846762315835,0.1640073657035827,5.963683946674793e-08,2.749922714428976e-06,4.159879551934864e-07,3.497178477118723e-05,insufficient-neutral,-0.36458046873756755,-0.7068020334916836,8.392636403462865e-05
632,"This heavily depends on the way of defining good and wrong, if the actions of the participants have bad consequences then it could be seen as wrong, 
even if they're well informed of the repercussions and happy with the arrangements.",Is it ethically wrong to watch pornography?,1,633,False. (I think it is ethically wrong,0.0002613115648273,0.317196249961853,0.0002360753423999,0.332418829202652,6.606991519220173e-05,0.1570235341787338,3.128677050767692e-08,2.3972140752448468e-06,1.666751785478482e-07,2.954829142254312e-05,0.2857142857142857,False. (Note: This is a tricky question,0.00047901365906,0.2878418862819671,0.0004715872346423,0.3016557097434997,0.0001846762315835,0.1640073657035827,5.963683946674793e-08,2.749922714428976e-06,4.159879551934864e-07,3.497178477118723e-05,insufficient-neutral,-0.6422392062817857,-0.45447992998761483,-0.4994026024072435
633,"Given the cost-benefit analysis of sexual gratification versus the hardship experienced by victims of non-consensual uploads, it is clearly not worth the risk.",Is it ethically wrong to watch pornography?,5,634,False. (Note: This is a tricky question,0.0001894035231089,0.1833000928163528,0.00031967900577,0.2929126918315887,0.0001475076278438,0.2708999514579773,8.575032239832582e-08,8.192792847694363e-06,3.765052554172144e-07,6.245866097742692e-05,0.2857142857142857,False. (Note: This is a tricky question,0.00047901365906,0.2878418862819671,0.0004715872346423,0.3016557097434997,0.0001846762315835,0.1640073657035827,5.963683946674793e-08,2.749922714428976e-06,4.159879551934864e-07,3.497178477118723e-05,supports,-0.2012636029065522,-0.6045968219766865,-0.32212116383413714
634,"Pornhub requires users who upload content to undergo verification, reducing the prospect of non-consensual uploads.",Is it ethically wrong to watch pornography?,3,635,None. (I am not sure or cannot answer,0.0002215294516645,0.2246795743703842,0.0002081076672766,0.2246795743703842,0.0001850947883212,0.3704339861869812,7.16775758746735e-08,8.522783900843933e-06,2.904966436290124e-07,4.753627217723988e-05,0.14285714285714285,False. (Note: This is a tricky question,0.00047901365906,0.2878418862819671,0.0004715872346423,0.3016557097434997,0.0001846762315835,0.1640073657035827,5.963683946674793e-08,2.749922714428976e-06,4.159879551934864e-07,3.497178477118723e-05,supports,4.186340494586569e-07,-0.5375299900649559,-0.5587080141504464
635,"The same is true of eating halal meat; we cannot know it is halal, but there comes a point when one has to trust that something is what it purports to be.",Is it ethically wrong to watch pornography?,7,636,False. (Note: This answer assumes that the,0.0003021793090738,0.2560704946517944,0.000279470172245,0.2856673002243042,0.0001461243809899,0.2089986652135849,9.193848171662466e-08,9.5256618806161e-06,5.512207508218125e-07,8.069754403550178e-05,0.42857142857142855,False. (Note: This is a tricky question,0.00047901365906,0.2878418862819671,0.0004715872346423,0.3016557097434997,0.0001846762315835,0.1640073657035827,5.963683946674793e-08,2.749922714428976e-06,4.159879551934864e-07,3.497178477118723e-05,insufficient-supports,-0.20875372138059395,-0.36916348133623933,-0.40738393299178516
636,If there was ethical certifications one could easily choose what type of porn industry they would want to contribute to.,Is it ethically wrong to watch pornography?,3,637,False. (I do not agree with the question,0.0001777127326931,0.2042384445667266,0.000283984147245,0.3315117061138153,0.0001669456687523,0.311426430940628,3.2698778795747785e-08,3.2549223760725e-06,2.215002439243108e-07,3.287355139036663e-05,0.14285714285714285,False. (Note: This is a tricky question,0.00047901365906,0.2878418862819671,0.0004715872346423,0.3016557097434997,0.0001846762315835,0.1640073657035827,5.963683946674793e-08,2.749922714428976e-06,4.159879551934864e-07,3.497178477118723e-05,insufficient-refutes,-0.09600890531049881,-0.6290027865972813,-0.39781205600189196
637,"Ethical porn focuses on treating performers fairly, showing a diverse range of bodies and representing more realistic human interactions.",Is it ethically wrong to watch pornography?,0,638,False,3.4075357689289376e-05,0.0359366163611412,0.0007342774770222,0.7050856351852417,3.543276761774905e-05,0.0606545284390449,3.0205061563037816e-08,2.775308985292213e-06,9.240430642876164e-08,1.4372164514497854e-05,0.0,False. (Note: This is a tricky question,0.00047901365906,0.2878418862819671,0.0004715872346423,0.3016557097434997,0.0001846762315835,0.1640073657035827,5.963683946674793e-08,2.749922714428976e-06,4.159879551934864e-07,3.497178477118723e-05,refutes,-0.8081357448441957,-0.9288634947150407,0.00026281418219330536
638,Having pornography that is more representing of real human sexual interactions could constitute a great source of sex education.,Is it ethically wrong to watch pornography?,2,639,False. (Note: This answer is based on,0.0001774369447957,0.1246546953916549,0.0006439865101128,0.4217014014720917,0.0001553689799038,0.1871288567781448,4.9491465148321374e-08,3.583254510886036e-06,3.547902451828122e-07,3.426361581659876e-05,0.2857142857142857,False. (Note: This is a tricky question,0.00047901365906,0.2878418862819671,0.0004715872346423,0.3016557097434997,0.0001846762315835,0.1640073657035827,5.963683946674793e-08,2.749922714428976e-06,4.159879551934864e-07,3.497178477118723e-05,refutes,-0.15869530923609382,-0.629578527794184,0.00017248061512681708
639,"Treating performers fairly is the only requirement for ethical porn. Porn is a fantasy, it doesn't have to accurately reflect reality.",Is it ethically wrong to watch pornography?,1,640,False. (Note: This is a tricky question,0.0002294106816407,0.2220180034637451,0.0004057860933244,0.4213161170482635,9.71385888988152e-05,0.1702270954847335,4.3508507019396354e-08,3.664877567643998e-06,2.275234578519303e-07,3.601556454668753e-05,0.42857142857142855,False. (Note: This is a tricky question,0.00047901365906,0.2878418862819671,0.0004715872346423,0.3016557097434997,0.0001846762315835,0.1640073657035827,5.963683946674793e-08,2.749922714428976e-06,4.159879551934864e-07,3.497178477118723e-05,refutes,-0.47400600463901765,-0.5210769519790153,-0.13953121815905448
640,"It may be something more elemental in the structure of the media which engenders and cultivates a subliminally misogynistic or reductive or otherwise violent way of seeing, particularly of men seeing women.",Is it ethically wrong to watch pornography?,5,641,False. (Note: This is a tricky question,0.0002388676512055,0.2578890323638916,0.0002091594942612,0.2968284487724304,0.0001239229022758,0.2578890323638916,5.4325465015381276e-08,5.573912403633585e-06,1.4883012511290874e-07,2.852867328329012e-05,0.14285714285714285,False. (Note: This is a tricky question,0.00047901365906,0.2878418862819671,0.0004715872346423,0.3016557097434997,0.0001846762315835,0.1640073657035827,5.963683946674793e-08,2.749922714428976e-06,4.159879551934864e-07,3.497178477118723e-05,insufficient-supports,-0.3289721085749513,-0.5013343634621074,-0.5564776166601542
641,"To say pornography is misogynistic is exaggerated since not all porn involves opportunities where women can get mistreated, as is the example with gay male porn.",Is it ethically wrong to watch pornography?,0,642,False. (Note: This is a tricky question,0.0002409598091617,0.2769258618354797,0.0002861468528863,0.299428254365921,0.0001310075749643,0.244386225938797,3.301221340734628e-08,2.8383526569086825e-06,2.108969709979647e-07,3.111702244495973e-05,0.42857142857142855,False. (Note: This is a tricky question,0.00047901365906,0.2878418862819671,0.0004715872346423,0.3016557097434997,0.0001846762315835,0.1640073657035827,5.963683946674793e-08,2.749922714428976e-06,4.159879551934864e-07,3.497178477118723e-05,refutes,-0.2906094420436238,-0.4969667260959713,-0.3932260420421621
642,"From a consequentialist point of view, supporting this kind of media will cause that more of this will be produced and shared in culture. Helping to spread media that cause 
people to be violent or mysogynistic is morally wrong.",Is it ethically wrong to watch pornography?,3,643,False. (Note: This is a tricky one,0.0003195500175934,0.2750549912452698,0.0003706844872795,0.3370044231414795,0.0001222387654706,0.1890423446893692,1.3953857092019464e-07,1.0033970283984672e-05,2.010543624919592e-07,3.239005309296772e-05,0.42857142857142855,False. (Note: This is a tricky question,0.00047901365906,0.2878418862819671,0.0004715872346423,0.3016557097434997,0.0001846762315835,0.1640073657035827,5.963683946674793e-08,2.749922714428976e-06,4.159879551934864e-07,3.497178477118723e-05,supports,-0.33809151062663606,-0.33289998823734174,-0.21396411936242288
643,"Depicting unethical acts is not necessarily unethical, otherwise movie murders would make such movies unethical and documentaries of real executions would also be unethical.",Is it ethically wrong to watch pornography?,7,644,None. (I am not sure or cannot answer,0.0002235033753095,0.1407497972249984,0.0003599586198106,0.2214304953813552,0.0002984161837957,0.3708263039588928,8.886370039817849e-08,7.045543497952167e-06,4.021677568744053e-07,4.795984204974957e-05,0.14285714285714285,False. (Note: This is a tricky question,0.00047901365906,0.2878418862819671,0.0004715872346423,0.3016557097434997,0.0001846762315835,0.1640073657035827,5.963683946674793e-08,2.749922714428976e-06,4.159879551934864e-07,3.497178477118723e-05,refutes,0.00011376096115780791,-0.5334091813830625,-0.23670830470288398
644,"Any porn watched furthers the demand, giving more power to those who traffic people and force them into this kind of work.",Is it ethically wrong to watch pornography?,5,645,True. (Note: This is a moral and,0.0006561515037901,0.4068009257316589,0.0004689303459599,0.2391459196805954,5.985113602946512e-05,0.0568021349608898,2.2184067915986819e-07,1.1028184417227749e-05,5.426642246675328e-07,5.428262738860212e-05,0.14285714285714285,False. (Note: This is a tricky question,0.00047901365906,0.2878418862819671,0.0004715872346423,0.3016557097434997,0.0001846762315835,0.1640073657035827,5.963683946674793e-08,2.749922714428976e-06,4.159879551934864e-07,3.497178477118723e-05,supports,-0.675913161556993,0.00017722273684174318,-0.005633928332295183
645,By the same reasoning we should ban entire industries because of the misdeeds of a few.,Is it ethically wrong to watch pornography?,7,646,None. (I don't have enough information to,0.0003265601408202,0.2385571300983429,0.0003116058360319,0.2385571300983429,0.0001949979632627,0.283293604850769,1.4973535655826709e-07,1.374459134240169e-05,5.445093052003358e-07,8.256733417510986e-05,0.0,False. (Note: This is a tricky question,0.00047901365906,0.2878418862819671,0.0004715872346423,0.3016557097434997,0.0001846762315835,0.1640073657035827,5.963683946674793e-08,2.749922714428976e-06,4.159879551934864e-07,3.497178477118723e-05,refutes,1.0323638209800804e-05,-0.3182654927606231,-0.339240307748674
646,"Watching pornography contributes to human rights abuses, including gender inequality.",Is it ethically wrong to watch pornography?,1,647,None. (I am not sure or cannot answer,0.0002389271830907,0.2121865898370742,0.0002950356865767,0.236711248755455,0.0001542629761388,0.2559458911418915,1.1661921917038853e-07,9.70881046669092e-06,5.498774271472939e-07,7.230160554172471e-05,0.2857142857142857,False. (Note: This is a tricky question,0.00047901365906,0.2878418862819671,0.0004715872346423,0.3016557097434997,0.0001846762315835,0.1640073657035827,5.963683946674793e-08,2.749922714428976e-06,4.159879551934864e-07,3.497178477118723e-05,supports,-0.16468418910177335,-0.5012100833208755,-0.37437728398122305
647,"Feminist pornography seeks to use pornography to empower women, so porn isn't inherently misogynistic.",Is it ethically wrong to watch pornography?,0,648,False. (Note: This answer assumes that the,0.0001535936171421,0.1658245027065277,0.0003861343429889,0.4234477281570434,0.0001205570297315,0.2412732541561126,3.455843256006119e-08,3.053662339880248e-06,1.5747285431189084e-07,2.1869469492230564e-05,0.42857142857142855,False. (Note: This is a tricky question,0.00047901365906,0.2878418862819671,0.0004715872346423,0.3016557097434997,0.0001846762315835,0.1640073657035827,5.963683946674793e-08,2.749922714428976e-06,4.159879551934864e-07,3.497178477118723e-05,refutes,-0.3471979111887443,-0.6793544103867375,-0.18120272428115283
648,"Porn is made to promote arousal, entertainment and even escapism. As long as the one watching is mature enough to know what happens on screen may differ from reality, there is nothing morally wrong with it.",Is it ethically wrong to watch pornography?,2,649,False. (Note: This is a tricky question,2.8577045668498613e-05,0.0280916821211576,0.0007427921518683,0.7772685885429382,1.6997606508084573e-05,0.0245978981256485,1.621196688006421e-08,1.5443991969732451e-06,7.659134126924982e-08,1.298170718655456e-05,0.5714285714285714,False. (Note: This is a tricky question,0.00047901365906,0.2878418862819671,0.0004715872346423,0.3016557097434997,0.0001846762315835,0.1640073657035827,5.963683946674793e-08,2.749922714428976e-06,4.159879551934864e-07,3.497178477118723e-05,refutes,-0.9079599666814772,-0.9403418981317209,0.0002713328743458803
649,Personal psychological detrimental effects do not nearly exhaust the potential suffering which is caused by the production and dissemination of pornography. Actresses and actors are affected by the industry.,Is it ethically wrong to watch pornography?,1,650,False. (Note: This is a very specific,0.0001321674790233,0.1890363991260528,0.00031705328729,0.4903231263160705,7.356228161370382e-05,0.1832203567028045,3.693678607419315e-08,4.666082531912252e-06,1.637704514223515e-07,3.502089748508297e-05,0.2857142857142857,False. (Note: This is a tricky question,0.00047901365906,0.2878418862819671,0.0004715872346423,0.3016557097434997,0.0001846762315835,0.1640073657035827,5.963683946674793e-08,2.749922714428976e-06,4.159879551934864e-07,3.497178477118723e-05,supports,-0.6016689262990339,-0.7240841121677805,-0.32768899580056354
650,Watching porn can be harmful for the individual.,Is it ethically wrong to watch pornography?,5,651,False. (Note: This answer assumes that the,0.0001607064623385,0.1361846476793289,0.0003977523010689,0.3191222250461578,0.0001792810217011,0.2860593199729919,7.565638782125461e-08,6.978686542424839e-06,6.230335429791012e-07,7.8936354839243e-05,0.0,False. (Note: This is a tricky question,0.00047901365906,0.2878418862819671,0.0004715872346423,0.3016557097434997,0.0001846762315835,0.1640073657035827,5.963683946674793e-08,2.749922714428976e-06,4.159879551934864e-07,3.497178477118723e-05,supports,-0.029214424813301436,-0.6645054701490876,-0.15656686218278146
651,People can become addicted to pornography which is problematic.,Is it ethically wrong to watch pornography?,5,652,False. (Note: This answer assumes that the,9.544883505441248e-05,0.1071545928716659,0.0003658927744254,0.3596783280372619,0.0001478340418543,0.3124939501285553,7.180562988651219e-08,8.438538316113409e-06,3.825327894446673e-07,6.162640056572855e-05,0.42857142857142855,False. (Note: This is a tricky question,0.00047901365906,0.2878418862819671,0.0004715872346423,0.3016557097434997,0.0001846762315835,0.1640073657035827,5.963683946674793e-08,2.749922714428976e-06,4.159879551934864e-07,3.497178477118723e-05,supports,-0.19949610956048816,-0.8007388030610275,-0.22412493904138328
652,Pornography addiction shows similar side effects to alcohol and drug addiction.,Is it ethically wrong to watch pornography?,7,653,False. (Note: The question is about the,0.0001469692360842,0.1336157172918319,0.0003995037695858,0.3492910265922546,0.0001626801094971,0.2806632220745086,1.1735059501916113e-07,1.274209080293076e-05,3.8327769402712885e-07,6.126589141786098e-05,0.2857142857142857,False. (Note: This is a tricky question,0.00047901365906,0.2878418862819671,0.0004715872346423,0.3016557097434997,0.0001846762315835,0.1640073657035827,5.963683946674793e-08,2.749922714428976e-06,4.159879551934864e-07,3.497178477118723e-05,supports,-0.11910640528992285,-0.6931836215848053,-0.15285287590783808
653,"
There have been numerous studies about behavioural addiction with pornography (Pornography Addiction: A Neuroscience Perspective, Neuroscience of Internet Pornography Addiction: A Review and Update)",Is it ethically wrong to watch pornography?,4,654,False,0.0001536227646283,0.0952430665493011,0.0006621138309128,0.3737621903419494,0.0003055153356399,0.3511170744895935,7.296001314216484e-08,4.046212325192755e-06,3.071731384807208e-07,6.429013592423871e-05,0.14285714285714285,False. (Note: This is a tricky question,0.00047901365906,0.2878418862819671,0.0004715872346423,0.3016557097434997,0.0001846762315835,0.1640073657035827,5.963683946674793e-08,2.749922714428976e-06,4.159879551934864e-07,3.497178477118723e-05,insufficient-supports,0.00012086142428878146,-0.6792935614200144,0.0001906164885732235
654,"Porn can often be the closest thing to physical contact/stimulation for long-term single individuals, and can offer an alternative to other, more unethical methods of satisfying natural sexual urges (i.e. prostitution).",Is it ethically wrong to watch pornography?,6,655,False. (Note: This is a tricky question,7.383935735560954e-05,0.077872596681118,0.0006428775959648,0.6727165579795837,2.937126555480063e-05,0.0440251715481281,2.4891587457887e-08,2.0621866951842094e-06,1.020704019083496e-07,1.381991387461312e-05,0.14285714285714285,False. (Note: This is a tricky question,0.00047901365906,0.2878418862819671,0.0004715872346423,0.3016557097434997,0.0001846762315835,0.1640073657035827,5.963683946674793e-08,2.749922714428976e-06,4.159879551934864e-07,3.497178477118723e-05,supports,-0.8409580631846464,-0.8458512487921339,0.00017137117778232778
655,Porn is damaging to relationships.,Is it ethically wrong to watch pornography?,5,656,False. (Note: This answer assumes that the,0.0001998787483898,0.1949548870325088,0.000297718506772,0.2503270208835602,0.0001241075369762,0.2174878865480423,1.3295843359628634e-07,1.3978978131490294e-05,5.964605520603072e-07,0.0001036957255564,0.2857142857142857,False. (Note: This is a tricky question,0.00047901365906,0.2878418862819671,0.0004715872346423,0.3016557097434997,0.0001846762315835,0.1640073657035827,5.963683946674793e-08,2.749922714428976e-06,4.159879551934864e-07,3.497178477118723e-05,supports,-0.3279723334614087,-0.5827284992623485,-0.3686883679160226
656,A utilitarian would argue that time and resources dedicated to porn could be better applied in maximizing well-being.,Is it ethically wrong to watch pornography?,6,657,False. (Note: This is a classic example,0.0001647974859224,0.1779205501079559,0.0004919944331049,0.483638197183609,7.845537038519979e-05,0.136416420340538,6.96123123589132e-08,6.541424227179959e-06,2.758602875019278e-07,4.576261198963039e-05,0.14285714285714285,False. (Note: This is a tricky question,0.00047901365906,0.2878418862819671,0.0004715872346423,0.3016557097434997,0.0001846762315835,0.1640073657035827,5.963683946674793e-08,2.749922714428976e-06,4.159879551934864e-07,3.497178477118723e-05,supports,-0.5751734280449254,-0.6559649546407655,2.041682677748015e-05
657,"Masturbation is natural and beneficial, and porn is a useful masturbation aid.",Is it ethically wrong to watch pornography?,2,658,False. (Note: This answer assumes that the,8.201027958421037e-05,0.0608531944453716,0.000802791211754,0.5910507440567017,7.237381942104548e-05,0.0920679494738578,3.9025266573844426e-08,2.3630889245396247e-06,1.6049645523708025e-07,1.596064248587936e-05,0.14285714285714285,False. (Note: This is a tricky question,0.00047901365906,0.2878418862819671,0.0004715872346423,0.3016557097434997,0.0001846762315835,0.1640073657035827,5.963683946674793e-08,2.749922714428976e-06,4.159879551934864e-07,3.497178477118723e-05,supports,-0.6081043088193935,-0.8287934424560157,0.0003313602423720707
658,Porn gives access to fetishes and habits that would not be accessible otherwise and allows people to explore in a safe way.,Is it ethically wrong to watch pornography?,2,659,False. (Note: This is a tricky question,5.907546801608987e-05,0.040858831256628,0.0008956643869169,0.5911075472831726,0.0001231238420587,0.1404003500938415,4.1505622050408426e-08,3.1926363135426072e-06,3.865550013415487e-07,3.696848580148071e-05,0.14285714285714285,False. (Note: This is a tricky question,0.00047901365906,0.2878418862819671,0.0004715872346423,0.3016557097434997,0.0001846762315835,0.1640073657035827,5.963683946674793e-08,2.749922714428976e-06,4.159879551934864e-07,3.497178477118723e-05,refutes,-0.3332989253517963,-0.8766726858436197,0.00042427723600304835
659,The survivors of Uruguayan Air Force Flight 571 stayed alive for 72 days by eating the dead and preserved bodies of their fellow passengers.,Is cannibalism ethically permissible?,0,660,False. Cannibalism is considered morally reprehensible,5.993149898131378e-05,0.0956262126564979,0.0002836921776179,0.47810098528862,9.210136340698229e-05,0.2599389851093292,2.8855067668587253e-08,5.075638000562321e-06,1.631561161730133e-07,3.523191116983071e-05,0.0,None. I am not sure or cannot answer.,0.0001632112980587,0.147227331995964,0.0002776317705865,0.2298186123371124,0.0002547692274674,0.3449985980987549,3.2359967150341624e-08,2.721805913097341e-06,2.1111652870331454e-07,2.5127224944299087e-05,insufficient-neutral,-0.6384910205893392,-0.6327980985742848,6.062090060196832e-06
660,If the to-be-cannabalized person is still alive and not giving consent this isn't permissable.,Is cannibalism ethically permissible?,0,661,False. (I think this is a trick question,3.801448110607453e-05,0.0587894208729267,0.0003388194018043,0.6419991254806519,4.240821726853028e-05,0.1133195757865905,1.5480329906836232e-08,2.478115902704303e-06,8.938814488601565e-08,1.7747568563208915e-05,0.25,None. I am not sure or cannot answer.,0.0001632112980587,0.147227331995964,0.0002776317705865,0.2298186123371124,0.0002547692274674,0.3449985980987549,3.2359967150341624e-08,2.721805913097341e-06,2.1111652870331454e-07,2.5127224944299087e-05,insufficient-refutes,-0.8335426232983464,-0.7670842548387651,6.120462356580861e-05
661,"If the to-be-cannibalised person is still alive and not consenting this is murder which is largely already agreed to be unethical and illegal. 
However the ethicacy of the act itself changes if the person consents or is already dead. In one instance they are arguably make a choice 
about their body and in the other they could be said to be a resource, just meat.",Is cannibalism ethically permissible?,1,662,False. (Note: This is a tricky question,0.0001053256564773,0.2279187589883804,0.0002078350225929,0.4462432861328125,3.4462424082448706e-05,0.1448739767074585,1.1951155620693044e-08,1.689182340669504e-06,4.8578048250647043e-08,1.47643186210189e-05,0.25,None. I am not sure or cannot answer.,0.0001632112980587,0.147227331995964,0.0002776317705865,0.2298186123371124,0.0002547692274674,0.3449985980987549,3.2359967150341624e-08,2.721805913097341e-06,2.1111652870331454e-07,2.5127224944299087e-05,insufficient-supports,-0.8647308215947764,-0.3546668782732251,-0.2514004353541875
662,"Eating another human being after they are dead in order to save ones own life, provided it is absolutely necessary and the last resort, 
is ethically no different than accepting an organ transplant from a dead person. It achieves the same result.",Is cannibalism ethically permissible?,7,663,False. (Note: This is a tricky question,9.558507736073808e-05,0.1325071305036544,0.0003579270269256,0.5492267608642578,5.036979200667702e-05,0.1304527819156646,1.9016576757735493e-08,2.221756176368217e-06,9.97370861455238e-08,2.132791269104928e-05,0.5,None. I am not sure or cannot answer.,0.0001632112980587,0.147227331995964,0.0002776317705865,0.2298186123371124,0.0002547692274674,0.3449985980987549,3.2359967150341624e-08,2.721805913097341e-06,2.1111652870331454e-07,2.5127224944299087e-05,supports,-0.8022924805032732,-0.4143476677309417,8.031755504411607e-05
663,"Any benefit derived from eating human flesh (outside survival) is extremely small compared to the value of that human life. 
Therefore, even if cannibalism only very slightly devalues human life, it is still unethical.",Is cannibalism ethically permissible?,1,664,False. (Note: This is a classic example,2.6501715183258057e-05,0.0252500753849744,0.0006272040773183,0.7379153966903687,3.737341103260405e-05,0.0686368271708488,2.4570987022798363e-08,2.9618176995427348e-06,4.881754378516234e-08,8.570304089516867e-06,0.5,None. I am not sure or cannot answer.,0.0001632112980587,0.147227331995964,0.0002776317705865,0.2298186123371124,0.0002547692274674,0.3449985980987549,3.2359967150341624e-08,2.721805913097341e-06,2.1111652870331454e-07,2.5127224944299087e-05,refutes,-0.8533048460988629,-0.8376232803826696,0.0003496693860625724
664,Cannibalism permits humans to view other humans as prey. It is ethically wrong to view other persons as such.,Is cannibalism ethically permissible?,1,665,False. (Note: This is a very short,4.140839519095607e-05,0.0284167397767305,0.0009206188260577,0.6725260615348816,5.931478517595679e-05,0.0703321024775505,3.968779083152185e-08,3.704028813444893e-06,2.185682319577609e-07,2.6631038053892556e-05,0.75,None. I am not sure or cannot answer.,0.0001632112980587,0.147227331995964,0.0002776317705865,0.2298186123371124,0.0002547692274674,0.3449985980987549,3.2359967150341624e-08,2.721805913097341e-06,2.1111652870331454e-07,2.5127224944299087e-05,refutes,-0.7671823015456345,-0.7462896522269967,0.0006431656186806946
665,"Cannibalism is a violation of the dignity possessed by mankind, which is degraded by using human flesh as food.",Is cannibalism ethically permissible?,1,666,False. (The argument is a moral condemnation of,1.766870445862878e-05,0.0155084263533353,0.0007425396470353,0.741422712802887,4.322098902775906e-05,0.0627915784716606,3.007137294730455e-08,4.502385763771599e-06,1.8153079395233362e-07,2.993830457853619e-05,0.5,None. I am not sure or cannot answer.,0.0001632112980587,0.147227331995964,0.0002776317705865,0.2298186123371124,0.0002547692274674,0.3449985980987549,3.2359967150341624e-08,2.721805913097341e-06,2.1111652870331454e-07,2.5127224944299087e-05,refutes,-0.8303523959411874,-0.8917433739649928,0.0004650369854904699
666,We have relationships and a closeness with others of our own species that cannibalism debases.,Is cannibalism ethically permissible?,1,667,False. (I think this is a good example,3.6545712646329775e-05,0.0592303201556205,0.0003059935115743,0.6468138694763184,4.729366264655255e-05,0.1536317616701126,1.5242575202023545e-08,3.047095560759772e-06,5.91772923996814e-08,1.303077533520991e-05,0.25,None. I am not sure or cannot answer.,0.0001632112980587,0.147227331995964,0.0002776317705865,0.2298186123371124,0.0002547692274674,0.3449985980987549,3.2359967150341624e-08,2.721805913097341e-06,2.1111652870331454e-07,2.5127224944299087e-05,refutes,-0.8143666599114519,-0.7760834385791977,2.8369617294880443e-05
667,If the person in question wants to be eaten after death then not doing so would be disrespecting that person's last wish.,Is cannibalism ethically permissible?,1,668,False. (Note: This is a classic example,0.0001959799992619,0.2416389733552932,0.0002439010568195,0.2914722561836242,9.042991587193684e-05,0.2378927320241928,5.413234660522903e-08,6.449160991905956e-06,2.0290157465296946e-07,3.859075150103308e-05,0.0,None. I am not sure or cannot answer.,0.0001632112980587,0.147227331995964,0.0002776317705865,0.2298186123371124,0.0002547692274674,0.3449985980987549,3.2359967150341624e-08,2.721805913097341e-06,2.1111652870331454e-07,2.5127224944299087e-05,supports,-0.6450516541150633,3.2774050298491854e-05,-0.12149443017902291
668,"Respecting someone in death respects that they once were a human life, which still merits dignity.",Is cannibalism ethically permissible?,1,669,False. (Note: This is a very specific,5.384747055359185e-05,0.0559082888066768,0.0005108905606903,0.5515735149383545,8.808858547126874e-05,0.1847539842128753,3.0015776530945004e-08,3.523986833897652e-06,8.685353947157638e-08,1.3195889550843276e-05,0.0,None. I am not sure or cannot answer.,0.0001632112980587,0.147227331995964,0.0002776317705865,0.2298186123371124,0.0002547692274674,0.3449985980987549,3.2359967150341624e-08,2.721805913097341e-06,2.1111652870331454e-07,2.5127224944299087e-05,refutes,-0.6542416588261608,-0.6700751039047232,0.00023332356813914203
669,"It is unclear why it is more ethically wrong to view humans as prey instead of other organisms. Moral philosophers such as Peter Singer 
have argued that any causing of suffering is wrong, regardless of the species of the victim.",Is cannibalism ethically permissible?,4,670,False. (Note: This is a tricky question,7.08118750480935e-05,0.074679747223854,0.0004992723115719,0.6552939414978027,4.791370884049684e-05,0.103682555258274,1.4535166847906568e-08,1.5644379800505703e-06,5.51236496448837e-08,1.2353419151622802e-05,0.5,None. I am not sure or cannot answer.,0.0001632112980587,0.147227331995964,0.0002776317705865,0.2298186123371124,0.0002547692274674,0.3449985980987549,3.2359967150341624e-08,2.721805913097341e-06,2.1111652870331454e-07,2.5127224944299087e-05,insufficient-supports,-0.8119329036838728,-0.5661337426369494,0.00022170209252989184
670,"Legal or ethical status for cannibalism may allow for easier concealment of a crime, as a victim's remains may be swapped or 
added to otherwise common food.",Is cannibalism ethically permissible?,5,671,False. (Note: This is a tricky question,5.170550139155239e-05,0.0722401812672615,0.0003850513021461,0.6240599155426025,5.170550139155239e-05,0.1370877772569656,1.963557316742026e-08,2.8383428798406385e-06,8.004719376231152e-08,1.8150338291889057e-05,0.25,None. I am not sure or cannot answer.,0.0001632112980587,0.147227331995964,0.0002776317705865,0.2298186123371124,0.0002547692274674,0.3449985980987549,3.2359967150341624e-08,2.721805913097341e-06,2.1111652870331454e-07,2.5127224944299087e-05,refutes,-0.7970496597821314,-0.6831990064011612,0.00010744936291647486
671,Humans have evolved past needing to eat each other.,Is cannibalism ethically permissible?,1,672,False. Cannibalism is widely considered to be,4.833855928154662e-05,0.0605389401316642,0.0004241573915351,0.5353786945343018,6.158492033137009e-05,0.1607498377561569,4.623959526384169e-08,7.588751941511873e-06,1.4853618779397948e-07,2.7976213459623978e-05,0.0,None. I am not sure or cannot answer.,0.0001632112980587,0.147227331995964,0.0002776317705865,0.2298186123371124,0.0002547692274674,0.3449985980987549,3.2359967150341624e-08,2.721805913097341e-06,2.1111652870331454e-07,2.5127224944299087e-05,insufficient-refutes,-0.7582717467742432,-0.7038283509995653,0.00014656631241342366
672,"For example, most humans in Europe have evolved past needing to wash their clothes manually, but that doesn't make it ethically wrong.",Is cannibalism ethically permissible?,0,673,False. (Note: This is a trick question,6.183810182847083e-05,0.0863969177007675,0.0002815034531522,0.467057317495346,7.63598654884845e-05,0.2461219280958175,1.3564694256729126e-08,1.512225367150677e-06,5.9152959863695294e-08,1.0830131941474974e-05,0.25,None. I am not sure or cannot answer.,0.0001632112980587,0.147227331995964,0.0002776317705865,0.2298186123371124,0.0002547692274674,0.3449985980987549,3.2359967150341624e-08,2.721805913097341e-06,2.1111652870331454e-07,2.5127224944299087e-05,insufficient-neutral,-0.7002783018673029,-0.6211162918008878,3.872757766295706e-06
673,Cannibalism is still considered acceptable practice for some tribes.,Is cannibalism ethically permissible?,0,674,False. Cannibalism is widely considered to be,6.258335633901879e-05,0.0860825404524803,0.0002782964729703,0.407480925321579,0.0001048074045684,0.280057281255722,3.775691936880321e-08,6.005942395859165e-06,2.2177792402544585e-07,4.472630826057866e-05,0.5,None. I am not sure or cannot answer.,0.0001632112980587,0.147227331995964,0.0002776317705865,0.2298186123371124,0.0002547692274674,0.3449985980987549,3.2359967150341624e-08,2.721805913097341e-06,2.1111652870331454e-07,2.5127224944299087e-05,insufficient-supports,-0.5886182738383856,-0.6165500974294666,6.648869775488026e-07
674,"The Korowai believe the people they eat are not humans, but male witches called khakhua. They do not consider the practice cannibalism.",Is cannibalism ethically permissible?,0,675,False. The practice of eating human flesh is considered,3.989120523328893e-05,0.077378824353218,0.000254097598372,0.5541653633117676,6.525765638798475e-05,0.2497819066047668,1.1803816590827411e-08,2.377010105192312e-06,7.640885968385193e-08,2.1519692381843925e-05,0.25,None. I am not sure or cannot answer.,0.0001632112980587,0.147227331995964,0.0002776317705865,0.2298186123371124,0.0002547692274674,0.3449985980987549,3.2359967150341624e-08,2.721805913097341e-06,2.1111652870331454e-07,2.5127224944299087e-05,insufficient-neutral,-0.7438558139980425,-0.7555855157837064,-0.08476757600466193
675,"Some humans in non-developed areas rely on food in nature to survive, including meat from local animals.",Is cannibalism ethically permissible?,0,676,False. (Note: This is a tricky question,5.9652491472661495e-05,0.0908223688602447,0.0002758303307928,0.4007270932197571,0.0001055144966812,0.2886328995227813,2.9459307882007124e-08,4.528591034613783e-06,1.195100622908285e-07,2.467334343236871e-05,0.0,None. I am not sure or cannot answer.,0.0001632112980587,0.147227331995964,0.0002776317705865,0.2298186123371124,0.0002547692274674,0.3449985980987549,3.2359967150341624e-08,2.721805913097341e-06,2.1111652870331454e-07,2.5127224944299087e-05,insufficient-neutral,-0.5858428518620779,-0.6345075850618681,-0.006488593830217766
676,"""Meat donors"" could be treated similar to organ donors and checked for any health hazards beforehand.",Is cannibalism ethically permissible?,7,677,False. (Note: This is a tricky question,9.400042472407222e-05,0.1132156103849411,0.0003155246376991,0.4512883722782135,0.0001133861587732,0.2492251247167587,3.346917765156832e-08,5.020913249609293e-06,2.418128133285791e-07,4.405711297295056e-05,0.0,None. I am not sure or cannot answer.,0.0001632112980587,0.147227331995964,0.0002776317705865,0.2298186123371124,0.0002547692274674,0.3449985980987549,3.2359967150341624e-08,2.721805913097341e-06,2.1111652870331454e-07,2.5127224944299087e-05,supports,-0.5549456270667196,-0.42405687693100536,3.790339029795962e-05
677,"Whether it is healthy or not doesn't affect the ethics of it. It only affects the health of the individual who eats that meat, but doesn't affect
 the others in the society.",Is cannibalism ethically permissible?,3,678,False,0.0001004869845928,0.2208724617958068,0.0001819584140321,0.4749504327774048,1.5290253941202536e-05,0.0775335282087326,8.049859445691254e-09,1.525814241176704e-06,2.708644686322259e-08,9.87213115877239e-06,0.25,None. I am not sure or cannot answer.,0.0001632112980587,0.147227331995964,0.0002776317705865,0.2298186123371124,0.0002547692274674,0.3449985980987549,3.2359967150341624e-08,2.721805913097341e-06,2.1111652870331454e-07,2.5127224944299087e-05,insufficient-supports,-0.9399839058539396,-0.38431355066694456,-0.344605217019252
678,"If enough people's health is adversely affected, this might have a negative effect on society at large.",Is cannibalism ethically permissible?,5,679,False. (Note: This is a classic example,0.0001259203709196,0.1380884498357772,0.0003291742468718,0.3872786462306976,9.730372403282672e-05,0.2138755917549133,3.9993523159864714e-08,4.393740709929261e-06,1.1595134452591085e-07,1.946196789504029e-05,0.25,None. I am not sure or cannot answer.,0.0001632112980587,0.147227331995964,0.0002776317705865,0.2298186123371124,0.0002547692274674,0.3449985980987549,3.2359967150341624e-08,2.721805913097341e-06,2.1111652870331454e-07,2.5127224944299087e-05,insufficient-refutes,-0.6180711265638328,-0.22848251060222602,5.155679008821795e-05
679,Just because something is done doesn't mean it should be.,Is cannibalism ethically permissible?,1,680,False. (The argument is a general statement about,7.901794015197083e-05,0.1005200520157814,0.0003597106551751,0.4833155274391174,8.216566493501887e-05,0.1892690807580948,3.95987456158764e-08,5.547930413740687e-06,1.589271505508805e-07,2.884286004700698e-05,0.25,None. I am not sure or cannot answer.,0.0001632112980587,0.147227331995964,0.0002776317705865,0.2298186123371124,0.0002547692274674,0.3449985980987549,3.2359967150341624e-08,2.721805913097341e-06,2.1111652870331454e-07,2.5127224944299087e-05,insufficient-neutral,-0.677489837560807,-0.5158549616856088,8.21016786230042e-05
680,All meat is not the same in form or value.,Is cannibalism ethically permissible?,1,681,False. (The argument is about the differences between,7.894326699897647e-05,0.0776024684309959,0.0004201469419058,0.4465713500976562,0.0001533605973236,0.262525737285614,4.4654079545125576e-08,5.831420821778011e-06,2.3328618681262014e-07,3.743611159734428e-05,0.25,None. I am not sure or cannot answer.,0.0001632112980587,0.147227331995964,0.0002776317705865,0.2298186123371124,0.0002547692274674,0.3449985980987549,3.2359967150341624e-08,2.721805913097341e-06,2.1111652870331454e-07,2.5127224944299087e-05,insufficient-neutral,-0.39804112589216123,-0.5163124860964955,0.0001425547490466833
681,No society can prosper if ethics are subjective. Subjectivism has serious philosophical fallacies.,Is cannibalism ethically permissible?,3,682,None. I am not sure. I do not,0.0001937966735567,0.1460653692483902,0.0003348506288602,0.2227230966091156,0.0001750807132339,0.2543577551841736,7.245482436246675e-08,8.093233191175386e-06,3.7852555578865577e-07,5.42374727956485e-05,0.0,None. I am not sure or cannot answer.,0.0001632112980587,0.147227331995964,0.0002776317705865,0.2298186123371124,0.0002547692274674,0.3449985980987549,3.2359967150341624e-08,2.721805913097341e-06,2.1111652870331454e-07,2.5127224944299087e-05,insufficient-neutral,-0.3127870466369289,3.059036819170067e-05,5.7234748458253526e-05
682,"As the human population increases, dealing with an increasing number of dead bodies is taking a toll on the environment.
 Recycling bodies might be an ethical alternative.",Is cannibalism ethically permissible?,2,683,False. (Note: This is a tricky one,4.322470704209991e-05,0.0492899119853973,0.0004037465259898,0.52579265832901,8.596258703619242e-05,0.2091458737850189,1.4549920379636204e-08,1.982544290513033e-06,5.19124228048895e-08,1.1144470590807032e-05,0.25,None. I am not sure or cannot answer.,0.0001632112980587,0.147227331995964,0.0002776317705865,0.2298186123371124,0.0002547692274674,0.3449985980987549,3.2359967150341624e-08,2.721805913097341e-06,2.1111652870331454e-07,2.5127224944299087e-05,supports,-0.6625864595550807,-0.7351610608074824,0.00012614977858968897
683,"Globally, there is a shortage of burial spaces; in this regard, ethical cannibalism can help mitigate this crisis by reducing the
 number of bodies that need to be buried.",Is cannibalism ethically permissible?,2,684,False. (Note: This is a moral and,7.854578871047124e-05,0.0916912108659744,0.0003492784162517,0.5276464819908142,9.111470717471092e-05,0.2066293209791183,1.75009891023592e-08,2.176557018174208e-06,7.447768979318425e-08,1.4082484995014966e-05,0.5,None. I am not sure or cannot answer.,0.0001632112980587,0.147227331995964,0.0002776317705865,0.2298186123371124,0.0002547692274674,0.3449985980987549,3.2359967150341624e-08,2.721805913097341e-06,2.1111652870331454e-07,2.5127224944299087e-05,supports,-0.642363765512576,-0.5187478462292375,7.16665425743067e-05
684,"If a person consents to or asks to be eaten, it should be permissible to act on this.",Is cannibalism ethically permissible?,1,685,False. (Note: This is a classic example,0.0001253782393177,0.1684610843658447,0.0003055031411349,0.3796329200267792,9.101483738049863e-05,0.2266891598701477,4.728900293571314e-08,7.101040409907e-06,2.502082168120978e-07,5.0657388783292845e-05,0.25,None. I am not sure or cannot answer.,0.0001632112980587,0.147227331995964,0.0002776317705865,0.2298186123371124,0.0002547692274674,0.3449985980987549,3.2359967150341624e-08,2.721805913097341e-06,2.1111652870331454e-07,2.5127224944299087e-05,supports,-0.6427557665215089,-0.23180416546526755,2.7879110675259114e-05
685,"There is also a theoretical case of self-cannibalism (eating one's own body parts). Following the idea of self-ownership of the body, 
this should be considered completely ethical (if done voluntarily).",Is cannibalism ethically permissible?,1,686,False. (Note: This is a tricky question,5.9680864069378e-05,0.1222729906439781,0.0002323828957742,0.4835990667343139,5.3497584303841e-05,0.2079933732748031,1.1061880300644589e-08,1.2779554481312516e-06,5.4103960422935415e-08,1.3955677786725572e-05,0.25,None. I am not sure or cannot answer.,0.0001632112980587,0.147227331995964,0.0002776317705865,0.2298186123371124,0.0002547692274674,0.3449985980987549,3.2359967150341624e-08,2.721805913097341e-06,2.1111652870331454e-07,2.5127224944299087e-05,supports,-0.7900155178251012,-0.6343337454009257,-0.16298161668137362
