,Argument,Debate,Scheme,id,evidence_stance_x,prediction_w_evidence,p_True_w_evidence,p__True_w_evidence,p_False_w_evidence,p__False_w_evidence,p_None_w_evidence,p__None_w_evidence,p_Support_w_evidence,p__Support_w_evidence,p_Refute_w_evidence,p__Refute_w_evidence,targeted_jaccard_sim,evidence_stance_y,prediction_wo_evidence,p_True_wo_evidence,p__True_wo_evidence,p_False_wo_evidence,p__False_wo_evidence,p_None_wo_evidence,p__None_wo_evidence,p_Support_wo_evidence,p__Support_wo_evidence,p_Refute_wo_evidence,p__Refute_wo_evidence,diff_p_None_scaled,diff_p_True_scaled,diff_p_False_scaled
0,Euthanasia can end unnecessary suffering.,Should euthanasia be legalized?,2,1,supports,"True

Argument: ""Euthanasia",0.953533172607422,0.953533172607422,0.0026367555838078,0.0026367555838078,0.0236854683607816,0.0236854683607816,4.37021185462072e-07,4.37021185462072e-07,3.811766475791956e-07,3.811766475791956e-07,0.25,supports,"True
Question: Is it ethical to clone humans",0.8530840277671814,0.8530840277671814,0.0414886772632598,0.0414886772632598,0.0857969149947166,0.0857969149947166,1.668513078811884e-07,1.668513078811884e-07,5.030142915529723e-07,5.030142915529723e-07,-0.7239356640942142,0.683718341264204,-0.9364463810914798
1,"In situations of great chronic pain, euthanasia should be an option for patients.",Should euthanasia be legalized?,0,2,supports,"True

Argument: ""The government should not",0.9228702187538148,0.9228702187538148,0.0011867739958688,0.0011867739958688,0.0516596026718616,0.0516596026718616,7.614211767759116e-07,7.614211767759116e-07,9.700758027975098e-07,9.700758027975098e-07,0.75,supports,"True
Question: Is it ethical to clone humans",0.8530840277671814,0.8530840277671814,0.0414886772632598,0.0414886772632598,0.0857969149947166,0.0857969149947166,1.668513078811884e-07,1.668513078811884e-07,5.030142915529723e-07,5.030142915529723e-07,-0.3978850792590525,0.4750075156977679,-0.9713952318041302
2,Chronic pain changes a person's psychological state to the point where their decision process is so impaired that they cannot make a rational decision on euthanasia.,Should euthanasia be legalized?,3,3,refutes,"None

The argument provided does not directly address",0.127838134765625,0.127838134765625,0.0143430409952998,0.0143430409952998,0.8467367887496948,0.8467367887496948,2.6412743636683444e-07,2.6412743636683444e-07,7.494955980291707e-07,7.494955980291707e-07,0.25,refutes,"True
Question: Is it ethical to clone humans",0.8530840277671814,0.8530840277671814,0.0414886772632598,0.0414886772632598,0.0857969149947166,0.0857969149947166,1.668513078811884e-07,1.668513078811884e-07,5.030142915529723e-07,5.030142915529723e-07,0.8323532114864616,-0.8501459052044122,-0.6542902319037959
3,Less than 33% of patients requesting euthanaisa experience inadequate pain control.,Should euthanasia be legalized?,4,4,insufficient-neutral,"None

Argument: ""Less than",0.311110109090805,0.311110109090805,0.041451409459114,0.041451409459114,0.6187163591384888,0.6187163591384888,5.045294528827071e-07,5.045294528827071e-07,1.3396835356616066e-06,1.3396835356616066e-06,0.0,insufficient-neutral,"True
Question: Is it ethical to clone humans",0.8530840277671814,0.8530840277671814,0.0414886772632598,0.0414886772632598,0.0857969149947166,0.0857969149947166,1.668513078811884e-07,1.668513078811884e-07,5.030142915529723e-07,5.030142915529723e-07,0.5829333250835532,-0.6353112952951554,-0.0008982644568136552
4,"Some doctors have argued that patients suffering from ""treatement-resistant"" depression should be allowed to elect for euthanasia.",Should euthanasia be legalized?,4,5,supports,"True

Argument: ""The government should not",0.6769492030143738,0.6769492030143738,0.0045612477697432,0.0045612477697432,0.2911522388458252,0.2911522388458252,9.244514558304218e-07,9.244514558304218e-07,1.548164959785936e-06,1.548164959785936e-06,0.75,supports,"True
Question: Is it ethical to clone humans",0.8530840277671814,0.8530840277671814,0.0414886772632598,0.0414886772632598,0.0857969149947166,0.0857969149947166,1.668513078811884e-07,1.668513078811884e-07,5.030142915529723e-07,5.030142915529723e-07,0.22462768636349748,-0.20646831850059827,-0.8900604195983274
5,"Much of the suffering of those who request euthanasia, can be relieved simply with better palliative care.",Should euthanasia be legalized?,6,6,refutes,"True

Argument: ""Much of the",0.5337991714477539,0.5337991714477539,0.0716796740889549,0.0716796740889549,0.3446466624736786,0.3446466624736786,1.1158873576277983e-06,1.1158873576277983e-06,1.5953160072967876e-06,1.5953160072967876e-06,0.5,refutes,"True
Question: Is it ethical to clone humans",0.8530840277671814,0.8530840277671814,0.0414886772632598,0.0414886772632598,0.0857969149947166,0.0857969149947166,1.668513078811884e-07,1.668513078811884e-07,5.030142915529723e-07,5.030142915529723e-07,0.2831425005281688,-0.37427128621210665,0.03149779883610953
6,To let someone suffer until death is just as bad as murder.,Should euthanasia be legalized?,7,7,supports,"True

Argument: ""The government should not",0.912347674369812,0.912347674369812,0.0104569951072335,0.0104569951072335,0.0472325682640075,0.0472325682640075,5.306537786964327e-07,5.306537786964327e-07,8.4138332567818e-07,8.4138332567818e-07,0.0,supports,"True
Question: Is it ethical to clone humans",0.8530840277671814,0.8530840277671814,0.0414886772632598,0.0414886772632598,0.0857969149947166,0.0857969149947166,1.668513078811884e-07,1.668513078811884e-07,5.030142915529723e-07,5.030142915529723e-07,-0.4494840721613814,0.4033846402262864,-0.7479554471963447
7,It could be considered to be worse than murder since it is torturing for a long time when murder stops life and automatically with it all pain and any more suffering.,Should euthanasia be legalized?,1,8,refutes,"True

In this context, the argument suggests",0.6986506581306458,0.6986506581306458,0.1794283390045166,0.1794283390045166,0.0902222320437431,0.0902222320437431,4.911220798931026e-07,4.911220798931026e-07,4.09547141089206e-07,4.09547141089206e-07,0.25,refutes,"True
Question: Is it ethical to clone humans",0.8530840277671814,0.8530840277671814,0.0414886772632598,0.0414886772632598,0.0857969149947166,0.0857969149947166,1.668513078811884e-07,1.668513078811884e-07,5.030142915529723e-07,5.030142915529723e-07,0.004840627997881815,-0.18102949370736862,0.1439103101540957
8,"The people most likely to be considered as candidates for euthanasia are those least likely to be able to speak for themselves (e.g. dementia, brain damage, neurodegenerative disorders).",Should euthanasia be legalized?,0,9,refutes,"True

In this scenario, the argument suggests",0.4743789434432983,0.4743789434432983,0.0798984542489051,0.0798984542489051,0.4186379313468933,0.4186379313468933,5.256451345303503e-07,5.256451345303503e-07,9.839543508860515e-07,9.839543508860515e-07,0.5,refutes,"True
Question: Is it ethical to clone humans",0.8530840277671814,0.8530840277671814,0.0414886772632598,0.0414886772632598,0.0857969149947166,0.0857969149947166,1.668513078811884e-07,1.668513078811884e-07,5.030142915529723e-07,5.030142915529723e-07,0.3640777654455773,-0.44392471549969875,0.04007232473371077
9,Safeguards would likely be put in place.,Should euthanasia be legalized?,3,10,supports,"True

Argument: ""It would be a",0.6166481971740723,0.6166481971740723,0.1233373954892158,0.1233373954892158,0.2377390563488006,0.2377390563488006,6.160961447676527e-07,6.160961447676527e-07,7.548567850790278e-07,7.548567850790278e-07,0.25,supports,"True
Question: Is it ethical to clone humans",0.8530840277671814,0.8530840277671814,0.0414886772632598,0.0414886772632598,0.0857969149947166,0.0857969149947166,1.668513078811884e-07,1.668513078811884e-07,5.030142915529723e-07,5.030142915529723e-07,0.16620173771696026,-0.27715421095380743,0.08539149855033704
10,"Countries, like Canada, use checks like requiring people to be ""mentally competent"" and ""suffering intolerably"".",Should euthanasia be legalized?,0,11,supports,"True

Argument: ""Countries, like",0.7633434534072876,0.7633434534072876,0.0523535944521427,0.0523535944521427,0.157524824142456,0.157524824142456,9.49145771755866e-07,9.49145771755866e-07,7.671418984500633e-07,7.671418984500633e-07,0.25,supports,"True
Question: Is it ethical to clone humans",0.8530840277671814,0.8530840277671814,0.0414886772632598,0.0414886772632598,0.0857969149947166,0.0857969149947166,1.668513078811884e-07,1.668513078811884e-07,5.030142915529723e-07,5.030142915529723e-07,0.07845949146772445,-0.10519546895606074,0.011335199627962044
11,The current medical standards in countries with legal euthanasia are too easily attainable.,Should euthanasia be legalized?,0,12,refutes,"None

Argument: ""The current medical standards",0.2948544025421142,0.2948544025421142,0.0844772085547447,0.0844772085547447,0.5772969126701355,0.5772969126701355,2.4569592369516613e-06,2.4569592369516613e-06,2.850122427844326e-06,2.850122427844326e-06,0.25,refutes,"True
Question: Is it ethical to clone humans",0.8530840277671814,0.8530840277671814,0.0414886772632598,0.0414886772632598,0.0857969149947166,0.0857969149947166,1.668513078811884e-07,1.668513078811884e-07,5.030142915529723e-07,5.030142915529723e-07,0.5376267108884001,-0.6543665184848776,0.044849268101230265
12,"States such as Oregon have ""Death with Dignity"" regulations that set the standards for a person to become eligible for euthanasia.",Should euthanasia be legalized?,0,13,insufficient-neutral,"True

Argument: ""The United States has",0.7749966382980347,0.7749966382980347,0.0097557678818702,0.0097557678818702,0.1899210959672927,0.1899210959672927,1.6264427813439395e-06,1.6264427813439395e-06,1.2373322988423752e-06,1.2373322988423752e-06,0.25,insufficient-neutral,"True
Question: Is it ethical to clone humans",0.8530840277671814,0.8530840277671814,0.0414886772632598,0.0414886772632598,0.0857969149947166,0.0857969149947166,1.668513078811884e-07,1.668513078811884e-07,5.030142915529723e-07,5.030142915529723e-07,0.1138961163885969,-0.09153540205591315,-0.7648571001681609
13,Quality of life is something too difficult to compute and can not be valued or 'measured' neither by experts since it involves feelings.,Should euthanasia be legalized?,1,14,refutes,"True

In this context, the argument suggests",0.5432906150817871,0.5432906150817871,0.0555006302893161,0.0555006302893161,0.3733978271484375,0.3733978271484375,4.456273359210172e-07,4.456273359210172e-07,7.247386974995607e-07,7.247386974995607e-07,0.25,refutes,"True
Question: Is it ethical to clone humans",0.8530840277671814,0.8530840277671814,0.0414886772632598,0.0414886772632598,0.0857969149947166,0.0857969149947166,1.668513078811884e-07,1.668513078811884e-07,5.030142915529723e-07,5.030142915529723e-07,0.3145919291576869,-0.36314525017685745,0.014618453317848551
14,"This is our life, therefore we should be able to decide when to end it.",Should euthanasia be legalized?,1,15,supports,"True

Argument: ""The government should not",0.955122709274292,0.955122709274292,0.0012871942017227,0.0012871942017227,0.0226385090500116,0.0226385090500116,3.1407003575623094e-07,3.1407003575623094e-07,4.632597381259984e-07,4.632597381259984e-07,0.5,supports,"True
Question: Is it ethical to clone humans",0.8530840277671814,0.8530840277671814,0.0414886772632598,0.0414886772632598,0.0857969149947166,0.0857969149947166,1.668513078811884e-07,1.668513078811884e-07,5.030142915529723e-07,5.030142915529723e-07,-0.7361384258232866,0.6945377004033931,-0.9689748074262524
15,The ability to choose when we die is an integral part of our human freedom.,Should euthanasia be legalized?,1,16,supports,"True

Argument: ""The ability to choose",0.9680145382881165,0.9680145382881165,0.0011603069724515,0.0011603069724515,0.0185806769877672,0.0185806769877672,3.2269099392578937e-07,3.2269099392578937e-07,3.907630627963954e-07,3.907630627963954e-07,0.0,supports,"True
Question: Is it ethical to clone humans",0.8530840277671814,0.8530840277671814,0.0414886772632598,0.0414886772632598,0.0857969149947166,0.0857969149947166,1.668513078811884e-07,1.668513078811884e-07,5.030142915529723e-07,5.030142915529723e-07,-0.7834342063591516,0.782287376751685,-0.97203316545647
16,God gave life so only he can take it.,Should euthanasia be legalized?,4,17,refutes,"False

In this case, the argument is",0.1203822940587997,0.1203822940587997,0.7849911451339722,0.7849911451339722,0.0753333121538162,0.0753333121538162,1.979122146167356e-07,1.979122146167356e-07,4.985240025234816e-07,4.985240025234816e-07,0.0,refutes,"True
Question: Is it ethical to clone humans",0.8530840277671814,0.8530840277671814,0.0414886772632598,0.0414886772632598,0.0857969149947166,0.0857969149947166,1.668513078811884e-07,1.668513078811884e-07,5.030142915529723e-07,5.030142915529723e-07,-0.12195779815095635,-0.8588857719281391,0.7756845957206485
17,"Deuteronomy 32:29 states, ""It is I who bring both death and life.""",Should euthanasia be legalized?,4,18,refutes,"True

This question is based on the interpretation",0.6657066941261292,0.6657066941261292,0.0369743406772613,0.0369743406772613,0.2647998332977295,0.2647998332977295,7.760759217489976e-07,7.760759217489976e-07,1.209073616337264e-06,1.209073616337264e-06,0.0,refutes,"True
Question: Is it ethical to clone humans",0.8530840277671814,0.8530840277671814,0.0414886772632598,0.0414886772632598,0.0857969149947166,0.0857969149947166,1.668513078811884e-07,1.668513078811884e-07,5.030142915529723e-07,5.030142915529723e-07,0.1958021376639507,-0.21964698381645253,-0.1088088819355097
18,"Certain deities (e. g. Moloch, Kukulkan) even fancy human sacrifice.",Should euthanasia be legalized?,0,19,not_applicable,"None

Argument: ""Certain deities",0.0355952084064483,0.0355952084064483,0.0134052792564034,0.0134052792564034,0.947153389453888,0.947153389453888,2.9598439255096313e-08,2.9598439255096313e-08,1.1435231073164689e-07,1.1435231073164689e-07,0.0,not_applicable,"True
Question: Is it ethical to clone humans",0.8530840277671814,0.8530840277671814,0.0414886772632598,0.0414886772632598,0.0857969149947166,0.0857969149947166,1.668513078811884e-07,1.668513078811884e-07,5.030142915529723e-07,5.030142915529723e-07,0.9421937954346254,-0.9582746748879905,-0.6768930672013876
19,Euthanasia is a selfish act.,Should euthanasia be legalized?,1,20,refutes,"True

In this scenario, the argument suggests",0.381710946559906,0.381710946559906,0.2836634814739227,0.2836634814739227,0.3019582033157348,0.3019582033157348,1.1701201856340049e-06,1.1701201856340049e-06,1.6119084875754195e-06,1.6119084875754195e-06,0.25,refutes,"True
Question: Is it ethical to clone humans",0.8530840277671814,0.8530840277671814,0.0414886772632598,0.0414886772632598,0.0857969149947166,0.0857969149947166,1.668513078811884e-07,1.668513078811884e-07,5.030142915529723e-07,5.030142915529723e-07,0.2364477782524317,-0.5525517602773823,0.2526572179859135
20,Euthanasia is assisted suicide and suicide is a rejection of the value of the life of the patient and those of everyone who cares about them.,Should euthanasia be legalized?,7,21,refutes,"False

In this argument, the speaker is",0.2287749350070953,0.2287749350070953,0.6517190933227539,0.6517190933227539,0.0968693941831588,0.0968693941831588,4.644376190299226e-07,4.644376190299226e-07,1.2308209988987071e-06,1.2308209988987071e-06,0.25,refutes,"True
Question: Is it ethical to clone humans",0.8530840277671814,0.8530840277671814,0.0414886772632598,0.0414886772632598,0.0857969149947166,0.0857969149947166,1.668513078811884e-07,1.668513078811884e-07,5.030142915529723e-07,5.030142915529723e-07,0.012111618709291724,-0.7318260246814383,0.6366439306289727
21,"Ethically, doctors should not do anything to a patient that will not benefit them.",Should euthanasia be legalized?,1,22,insufficient-neutral,"True

In this case, the argument suggests",0.5819953680038452,0.5819953680038452,0.2623258829116821,0.2623258829116821,0.1319057345390319,0.1319057345390319,3.4451213082320464e-07,3.4451213082320464e-07,8.136288442983641e-07,8.136288442983641e-07,0.25,insufficient-neutral,"True
Question: Is it ethical to clone humans",0.8530840277671814,0.8530840277671814,0.0414886772632598,0.0414886772632598,0.0857969149947166,0.0857969149947166,1.668513078811884e-07,1.668513078811884e-07,5.030142915529723e-07,5.030142915529723e-07,0.050436079576398306,-0.317774862662556,0.23039603227418137
22,"Euthanasia does not necessarily have to be performed by doctors or nurses, and as such the guiding morality doesn't necessarily spring from the hippocratic oath.",Should euthanasia be legalized?,6,23,insufficient-neutral,"True

Argument: ""The hippocratic",0.5832987427711487,0.5832987427711487,0.0074002365581691,0.0074002365581691,0.3946796655654907,0.3946796655654907,3.718851644407551e-07,3.718851644407551e-07,4.556432031677105e-07,4.556432031677105e-07,0.5,insufficient-neutral,"True
Question: Is it ethical to clone humans",0.8530840277671814,0.8530840277671814,0.0414886772632598,0.0414886772632598,0.0857969149947166,0.0857969149947166,1.668513078811884e-07,1.668513078811884e-07,5.030142915529723e-07,5.030142915529723e-07,0.33787104379437644,-0.3162470239914759,-0.821632381499847
23,Legal euthanasia is better than alternatives for those seeking to end their lives.,Should euthanasia be legalized?,6,24,supports,"True

Argument: ""Legal euth",0.972119390964508,0.972119390964508,0.0005951398634351,0.0005951398634351,0.012527372688055,0.012527372688055,5.260002353679738e-07,5.260002353679738e-07,2.347828598203705e-07,2.347828598203705e-07,0.25,supports,"True
Question: Is it ethical to clone humans",0.8530840277671814,0.8530840277671814,0.0414886772632598,0.0414886772632598,0.0857969149947166,0.0857969149947166,1.668513078811884e-07,1.668513078811884e-07,5.030142915529723e-07,5.030142915529723e-07,-0.8539880753424941,0.8102275156896522,-0.9856553666519967
24,Legalised euthanasia is safer than forcing people to seek the alternative option themselves.,Should euthanasia be legalized?,2,25,supports,"True

Argument: ""Legalised e",0.9511730074882508,0.9511730074882508,0.0052718613296747,0.0052718613296747,0.0225448906421661,0.0225448906421661,9.355880479233748e-07,9.355880479233748e-07,4.704432399194048e-07,4.704432399194048e-07,0.25,supports,"True
Question: Is it ethical to clone humans",0.8530840277671814,0.8530840277671814,0.0414886772632598,0.0414886772632598,0.0857969149947166,0.0857969149947166,1.668513078811884e-07,1.668513078811884e-07,5.030142915529723e-07,5.030142915529723e-07,-0.7372295886914534,0.6676536133568055,-0.8729325281636977
25,Badly implemented suicides can cause direct collateral damage.,Should euthanasia be legalized?,6,26,refutes,"True

In this scenario, the argument suggests",0.6547795534133911,0.6547795534133911,0.0690132528543472,0.0690132528543472,0.2564153373241424,0.2564153373241424,4.487427531785215e-07,4.487427531785215e-07,4.629873728845269e-07,4.629873728845269e-07,0.0,refutes,"True
Question: Is it ethical to clone humans",0.8530840277671814,0.8530840277671814,0.0414886772632598,0.0414886772632598,0.0857969149947166,0.0857969149947166,1.668513078811884e-07,1.668513078811884e-07,5.030142915529723e-07,5.030142915529723e-07,0.18663076632304273,-0.2324559690477646,0.02871596290850198
26,Many who might look to end their lives through euthanasia might not end their lives where it is not legal.,Should euthanasia be legalized?,3,27,,"True

Argument: ""Euthanasia",0.6111376881599426,0.6111376881599426,0.0467591397464275,0.0467591397464275,0.3220469355583191,0.3220469355583191,5.592161187450984e-07,5.592161187450984e-07,9.531183309263724e-07,9.531183309263724e-07,0.25,,"True
Question: Is it ethical to clone humans",0.8530840277671814,0.8530840277671814,0.0414886772632598,0.0414886772632598,0.0857969149947166,0.0857969149947166,1.668513078811884e-07,1.668513078811884e-07,5.030142915529723e-07,5.030142915529723e-07,0.2584218150633753,-0.28361372588406886,0.005498591783057383
27,"In this study, of 56 attempted suicides, 55 were from falling and 1 gunshot wound, and many had significant injuries and an increased likeihood of further suicide attempts.",Should euthanasia be legalized?,0,28,insufficient-neutral,"True

In this case, the question is",0.5032778382301331,0.5032778382301331,0.0841061621904373,0.0841061621904373,0.3858765065670013,0.3858765065670013,4.193081508674368e-07,4.193081508674368e-07,8.129872526296822e-07,8.129872526296822e-07,0.0,insufficient-neutral,"True
Question: Is it ethical to clone humans",0.8530840277671814,0.8530840277671814,0.0414886772632598,0.0414886772632598,0.0857969149947166,0.0857969149947166,1.668513078811884e-07,1.668513078811884e-07,5.030142915529723e-07,5.030142915529723e-07,0.3282417183820272,-0.41004892619149513,0.04446216118292283
28,People may be more inclined to favor euthanasia and make less effort to preserve their lives to the end.,Should euthanasia be legalized?,5,29,refutes,"True

Argument: ""People may be more",0.62629634141922,0.62629634141922,0.0159259308129549,0.0159259308129549,0.324918270111084,0.324918270111084,2.916065341196372e-06,2.916065341196372e-06,2.3986899577721488e-06,2.3986899577721488e-06,0.5,refutes,"True
Question: Is it ethical to clone humans",0.8530840277671814,0.8530840277671814,0.0414886772632598,0.0414886772632598,0.0857969149947166,0.0857969149947166,1.668513078811884e-07,1.668513078811884e-07,5.030142915529723e-07,5.030142915529723e-07,0.2615626210832416,-0.26584448772478364,-0.6161378992176724
29,Legalised euthanasia is less stigmatising than suicide or the non-legal alternatives.,Should euthanasia be legalized?,1,30,supports,"True

Argument: ""Legalised e",0.9129174947738647,0.9129174947738647,0.0067557604052126,0.0067557604052126,0.0527246445417404,0.0527246445417404,1.7308619817413271e-06,1.7308619817413271e-06,8.321002269440214e-07,8.321002269440214e-07,0.25,supports,"True
Question: Is it ethical to clone humans",0.8530840277671814,0.8530840277671814,0.0414886772632598,0.0414886772632598,0.0857969149947166,0.0857969149947166,1.668513078811884e-07,1.668513078811884e-07,5.030142915529723e-07,5.030142915529723e-07,-0.3854715575147755,0.4072631865503698,-0.8371661655457223
30,"People should have the right to die with dignity when their dignity is violated by degrading living conditions; 
Therefore, euthanasia is not a violation of dignity of life, on the contrary it's the highest form of respect for it.",Should euthanasia be legalized?,1,31,supports,"True

Argument: ""People should have the",0.966234803199768,0.966234803199768,0.0020646678749471,0.0020646678749471,0.0195890236645936,0.0195890236645936,5.608998776551744e-07,5.608998776551744e-07,1.8861327077956963e-07,1.8861327077956963e-07,0.5,supports,"True
Question: Is it ethical to clone humans",0.8530840277671814,0.8530840277671814,0.0414886772632598,0.0414886772632598,0.0857969149947166,0.0857969149947166,1.668513078811884e-07,1.668513078811884e-07,5.030142915529723e-07,5.030142915529723e-07,-0.771681491510506,0.7701734107798427,-0.9502353892401515
31,"Life has no inherent value, so it cannot be devalued.",Should euthanasia be legalized?,1,32,supports,"True

Argument: ""Life has no inher",0.5734187960624695,0.5734187960624695,0.0943422242999076,0.0943422242999076,0.3117623925209045,0.3117623925209045,3.302795335002884e-07,3.302795335002884e-07,7.270548394444631e-07,7.270548394444631e-07,0.25,supports,"True
Question: Is it ethical to clone humans",0.8530840277671814,0.8530840277671814,0.0414886772632598,0.0414886772632598,0.0857969149947166,0.0857969149947166,1.668513078811884e-07,1.668513078811884e-07,5.030142915529723e-07,5.030142915529723e-07,0.2471720794126198,-0.32782847011764293,0.05514128605778013
32,"The cost of palliative care is extremely high, thus many people who opt for euthanasia are more likely to be poor.",Should euthanasia be legalized?,3,33,refutes,"None

Argument: ""The cost of p",0.2140760570764541,0.2140760570764541,0.0589841529726982,0.0589841529726982,0.7019283175468445,0.7019283175468445,1.0777416719065511e-06,1.0777416719065511e-06,1.6757721823523752e-06,1.6757721823523752e-06,0.5,refutes,"True
Question: Is it ethical to clone humans",0.8530840277671814,0.8530840277671814,0.0414886772632598,0.0414886772632598,0.0857969149947166,0.0857969149947166,1.668513078811884e-07,1.668513078811884e-07,5.030142915529723e-07,5.030142915529723e-07,0.673954630713773,-0.7490563061686129,0.018252758516702067
33,"In 2014, the Lithuanian health minister proposed that ""euthanasia might be needed for poor people who cannot access palliative care"".",Should euthanasia be legalized?,0,34,supports,"None

Argument: ""In",0.4086583256721496,0.4086583256721496,0.0261246524751186,0.0261246524751186,0.5329909324645996,0.5329909324645996,3.843625108856941e-06,3.843625108856941e-06,3.696378144013579e-06,3.696378144013579e-06,0.5,supports,"True
Question: Is it ethical to clone humans",0.8530840277671814,0.8530840277671814,0.0414886772632598,0.0414886772632598,0.0857969149947166,0.0857969149947166,1.668513078811884e-07,1.668513078811884e-07,5.030142915529723e-07,5.030142915529723e-07,0.48916266506287126,-0.520963571734251,-0.370318501374513
34,It is immoral to let people die simply because they cannot afford pain-relieving therapies. Palliative care should be made more accessible instead of legalizing euthanasia.,Should euthanasia be legalized?,1,35,refutes,"False

In this case, the argument suggests",0.0953631550073623,0.0953631550073623,0.5751134753227234,0.5751134753227234,0.3126837611198425,0.3126837611198425,2.1980355313644398e-07,2.1980355313644398e-07,5.397854465627461e-07,5.397854465627461e-07,0.75,refutes,"True
Question: Is it ethical to clone humans",0.8530840277671814,0.8530840277671814,0.0414886772632598,0.0414886772632598,0.0857969149947166,0.0857969149947166,1.668513078811884e-07,1.668513078811884e-07,5.030142915529723e-07,5.030142915529723e-07,0.24817991740184803,-0.8882136437872821,0.556722477243001
35,"Humans have caused irreparable damage to the environment, and are causing constant harm, pain, and suffering to many other living organisms.
 All of this could be avoided if they didn't exist.",Would the world be a better place without humans?,2,36,supports,"True

Argument: ""Humans have",0.989633321762085,0.989633321762085,0.0004502384399529,0.0004502384399529,0.003199387807399,0.003199387807399,2.6093159632978317e-08,2.6093159632978317e-08,4.8748439951396e-08,4.8748439951396e-08,0.3333333333333333,supports,False,0.3135992884635925,0.3135992884635925,0.372408390045166,0.372408390045166,0.2945992648601532,0.2945992648601532,9.527722255597837e-08,9.527722255597837e-08,5.899470920667227e-07,5.899470920667227e-07,-0.9891398649317141,0.9848970461952017,-0.998791008870938
36,"Without humans, animals and plants would be able to live and grow without the risks associated with human generated waste and anthropogenic climate change.",Would the world be a better place without humans?,2,37,supports,"False

Explanation:
The argument",0.2859519422054291,0.2859519422054291,0.4360246360301971,0.4360246360301971,0.2603622078895569,0.2603622078895569,1.1633693475232577e-07,1.1633693475232577e-07,6.240172751859063e-07,6.240172751859063e-07,0.5555555555555556,supports,False,0.3135992884635925,0.3135992884635925,0.372408390045166,0.372408390045166,0.2945992648601532,0.2945992648601532,9.527722255597837e-08,9.527722255597837e-08,5.899470920667227e-07,5.899470920667227e-07,-0.11621569044596464,-0.08816138070215403,0.10136567311600829
37,Global warming would continue to exist; it exists regardless of the impact of humans.,Would the world be a better place without humans?,3,38,refutes,"None

Argument: ""Global warming would",0.4165637791156769,0.4165637791156769,0.0220770705491304,0.0220770705491304,0.5518573522567749,0.5518573522567749,4.922384988503836e-08,4.922384988503836e-08,3.47740467532276e-07,3.47740467532276e-07,0.3333333333333333,refutes,False,0.3135992884635925,0.3135992884635925,0.372408390045166,0.372408390045166,0.2945992648601532,0.2945992648601532,9.527722255597837e-08,9.527722255597837e-08,5.899470920667227e-07,5.899470920667227e-07,0.3646977874861725,0.15000638682558104,-0.9407181171550596
38,The impact of human activity has greatly exacerbated climate change (p. 1).,Would the world be a better place without humans?,4,39,supports,"None

The question is not directly related to",0.2401119023561477,0.2401119023561477,0.1812459677457809,0.1812459677457809,0.558276891708374,0.558276891708374,1.3145267985237297e-07,1.3145267985237297e-07,7.743967671558494e-07,7.743967671558494e-07,0.1111111111111111,supports,False,0.3135992884635925,0.3135992884635925,0.372408390045166,0.372408390045166,0.2945992648601532,0.2945992648601532,9.527722255597837e-08,9.527722255597837e-08,5.899470920667227e-07,5.899470920667227e-07,0.37379834427865505,-0.2343353088187135,-0.5133139515900831
39,"Without humans, a variety of species, habitats, and environments would have been changed by circumstances other than human influence and intervention. 
There is no guarantee that those natural changes would have been necessarily better than the changes caused by humans.",Would the world be a better place without humans?,3,40,refutes,,0.0760496035218238,0.0760496035218238,0.1713804304599762,0.1713804304599762,0.7444426417350769,0.7444426417350769,3.3782509234470126e-08,3.3782509234470126e-08,2.433626207221096e-07,2.433626207221096e-07,0.6666666666666666,refutes,False,0.3135992884635925,0.3135992884635925,0.372408390045166,0.372408390045166,0.2945992648601532,0.2945992648601532,9.527722255597837e-08,9.527722255597837e-08,5.899470920667227e-07,5.899470920667227e-07,0.6377132237971677,-0.7574943365005344,-0.539805130493459
40,The Earth would be able to heal and become a better place because the root cause for ecocide would simply not exist.,Would the world be a better place without humans?,2,41,supports,"True

Argument: ""The Earth would be",0.7900128364562988,0.7900128364562988,0.043198212981224,0.043198212981224,0.1484390199184417,0.1484390199184417,1.2660542836329114e-07,1.2660542836329114e-07,7.740389378341206e-07,7.740389378341206e-07,0.6666666666666666,supports,False,0.3135992884635925,0.3135992884635925,0.372408390045166,0.372408390045166,0.2945992648601532,0.2945992648601532,9.527722255597837e-08,9.527722255597837e-08,5.899470920667227e-07,5.899470920667227e-07,-0.4961324157108608,0.6940749623151241,-0.884003115568946
41,The universe would be better without humans because humans are naturally selfish.,Would the world be a better place without humans?,1,42,supports,"True

In this scenario, the argument suggests",0.9766494035720824,0.9766494035720824,0.0013369324151426,0.0013369324151426,0.0092079313471913,0.0092079313471913,5.1916583032607384e-08,5.1916583032607384e-08,1.4223076050257077e-07,1.4223076050257077e-07,0.6666666666666666,supports,False,0.3135992884635925,0.3135992884635925,0.372408390045166,0.372408390045166,0.2945992648601532,0.2945992648601532,9.527722255597837e-08,9.527722255597837e-08,5.899470920667227e-07,5.899470920667227e-07,-0.9687442147842348,0.9659811010748364,-0.9964100368013179
42,Humans are the only ones that set aside stocks of resources for medium term use. This causes continued extraction/exploitation of the Earth in excess of current needs.,Would the world be a better place without humans?,3,43,supports,"False

Explanation:
The argument",0.2941357791423797,0.2941357791423797,0.3575781583786011,0.3575781583786011,0.303472638130188,0.303472638130188,3.614692900555383e-07,3.614692900555383e-07,1.824967853281123e-06,1.824967853281123e-06,0.2222222222222222,supports,False,0.3135992884635925,0.3135992884635925,0.372408390045166,0.372408390045166,0.2945992648601532,0.2945992648601532,9.527722255597837e-08,9.527722255597837e-08,5.899470920667227e-07,5.899470920667227e-07,0.012579194815094188,-0.06206490268702379,-0.03982249611714257
43,"While humans and animals must consume to survive, human beings are immoral because they are intelligent enough to survive without killing yet continue
to harm other species.",Would the world be a better place without humans?,1,44,supports,"None

The question is not directly related to",0.4269110858440399,0.4269110858440399,0.0610237568616867,0.0610237568616867,0.4913716316223144,0.4913716316223144,1.5478052262096753e-07,1.5478052262096753e-07,9.243747172149596e-07,9.243747172149596e-07,0.2222222222222222,supports,False,0.3135992884635925,0.3135992884635925,0.372408390045166,0.372408390045166,0.2945992648601532,0.2945992648601532,9.527722255597837e-08,9.527722255597837e-08,5.899470920667227e-07,5.899470920667227e-07,0.27895117903889166,0.16508111876343423,-0.8361375347792629
44,The universe probably isn't anthropocentric.,Would the world be a better place without humans?,1,45,insufficient-neutral,"None

Argument: ""The universe probably isn",0.2963800430297851,0.2963800430297851,0.0105455610901117,0.0105455610901117,0.6891041994094849,0.6891041994094849,2.174575719493532e-08,2.174575719493532e-08,1.1064997806897737e-07,1.1064997806897737e-07,0.1111111111111111,insufficient-neutral,False,0.3135992884635925,0.3135992884635925,0.372408390045166,0.372408390045166,0.2945992648601532,0.2945992648601532,9.527722255597837e-08,9.527722255597837e-08,5.899470920667227e-07,5.899470920667227e-07,0.559263571608159,-0.05490843272690159,-0.9716828047594934
45,"""Better"" is a value claim. The post-human universe may not make the same value judgement given that humans are an outcome of the evolving universe.",Would the world be a better place without humans?,1,46,insufficient-neutral,"None

Argument: ""Better"" is",0.38980433344841,0.38980433344841,0.0037917678710073,0.0037917678710073,0.5943806171417236,0.5943806171417236,1.2668482440858497e-07,1.2668482440858497e-07,5.535276272894407e-07,5.535276272894407e-07,0.4444444444444444,insufficient-neutral,False,0.3135992884635925,0.3135992884635925,0.372408390045166,0.372408390045166,0.2945992648601532,0.2945992648601532,9.527722255597837e-08,9.527722255597837e-08,5.899470920667227e-07,5.899470920667227e-07,0.42498020961395555,0.1110212208467029,-0.9898182533681708
46,"Selfishness has been associated with evolutionary advantages for many species, making the universe partially responsible for the selfishness of organisms that develop within it.",Would the world be a better place without humans?,3,47,insufficient-neutral,"None

The question is not directly related to",0.3250667750835418,0.3250667750835418,0.0199847240000963,0.0199847240000963,0.6364498734474182,0.6364498734474182,1.825388551424112e-07,1.825388551424112e-07,1.0042950862043654e-06,1.0042950862043654e-06,0.1111111111111111,insufficient-neutral,False,0.3135992884635925,0.3135992884635925,0.372408390045166,0.372408390045166,0.2945992648601532,0.2945992648601532,9.527722255597837e-08,9.527722255597837e-08,5.899470920667227e-07,5.899470920667227e-07,0.48461901378582006,0.016706693957646186,-0.9463365366240203
47,The link between evolutionary selection and selfishness has been overturned due to recent findings that evolutionary pressures to cooperate and act selflessly are stronger.,Would the world be a better place without humans?,4,48,refutes,"None

The question is not directly related to",0.153970256447792,0.153970256447792,0.0139897093176841,0.0139897093176841,0.8067464828491211,0.8067464828491211,3.822290466359846e-07,3.822290466359846e-07,1.609244463907089e-06,1.609244463907089e-06,0.1111111111111111,refutes,False,0.3135992884635925,0.3135992884635925,0.372408390045166,0.372408390045166,0.2945992648601532,0.2945992648601532,9.527722255597837e-08,9.527722255597837e-08,5.899470920667227e-07,5.899470920667227e-07,0.7260372614829128,-0.509022302945476,-0.9624344947867919
48,"Nature causes irreparable damage to itself as well as constant harm, pain, and suffering to other living organisms without any help from humans.
 None of this can be avoided without humans.",Would the world be a better place without humans?,3,49,refutes,"True

Reference(s):
[1",0.6882481575012207,0.6882481575012207,0.2737661898136139,0.2737661898136139,0.0273191258311271,0.0273191258311271,5.2304471864772495e-08,5.2304471864772495e-08,1.4583451957150828e-07,1.4583451957150828e-07,0.3333333333333333,refutes,False,0.3135992884635925,0.3135992884635925,0.372408390045166,0.372408390045166,0.2945992648601532,0.2945992648601532,9.527722255597837e-08,9.527722255597837e-08,5.899470920667227e-07,5.899470920667227e-07,-0.9072668228004725,0.5458165510916089,-0.2648764175790688
49,Whenever human populations expand they take more land away from wild habitats which heavily restricts the freedom of all living organisms in that habitat often leading to many deaths as well.,Would the world be a better place without humans?,0,50,supports,"True

The question is asking if the world",0.9202856421470642,0.9202856421470642,0.0164651591330766,0.0164651591330766,0.042375024408102,0.042375024408102,1.4491280353468028e-07,1.4491280353468028e-07,5.533418629966036e-07,5.533418629966036e-07,0.1111111111111111,supports,False,0.3135992884635925,0.3135992884635925,0.372408390045166,0.372408390045166,0.2945992648601532,0.2945992648601532,9.527722255597837e-08,9.527722255597837e-08,5.899470920667227e-07,5.899470920667227e-07,-0.856160454343912,0.8838661491557798,-0.9557873571777485
50,"Domesticated animals have no natural freedoms, they are almost entirely stripped away for the purpose of production for humans",Would the world be a better place without humans?,0,51,supports,"None

Argument: ""Domesticated animals",0.3835806846618652,0.3835806846618652,0.1346494853496551,0.1346494853496551,0.4555133283138275,0.4555133283138275,1.7477474045790586e-07,1.7477474045790586e-07,7.329604727601691e-07,7.329604727601691e-07,0.2222222222222222,supports,False,0.3135992884635925,0.3135992884635925,0.372408390045166,0.372408390045166,0.2945992648601532,0.2945992648601532,9.527722255597837e-08,9.527722255597837e-08,5.899470920667227e-07,5.899470920667227e-07,0.22811723242926993,0.10195414285283824,-0.6384359510984039
51,Humans also provide a habitat for billions of living organisms that reside in our bodies. Many of these creatures would go extinct without humans.,Would the world be a better place without humans?,2,52,refutes,"False

Explanation:
The argument",0.0614200793206691,0.0614200793206691,0.7309165596961975,0.7309165596961975,0.1936735957860946,0.1936735957860946,1.4101586032211344e-07,1.4101586032211344e-07,5.138036272001045e-07,5.138036272001045e-07,0.4444444444444444,refutes,False,0.3135992884635925,0.3135992884635925,0.372408390045166,0.372408390045166,0.2945992648601532,0.2945992648601532,9.527722255597837e-08,9.527722255597837e-08,5.899470920667227e-07,5.899470920667227e-07,-0.34258628962284815,-0.8041447108455422,0.5712443633158708
52,"Not all animals suffer or feel pain, and thus cannot feel the effects of a loss of autonomy.",Would the world be a better place without humans?,3,53,insufficient-neutral,"None

Argument: ""Not all animals suffer",0.2254946231842041,0.2254946231842041,0.0340445972979068,0.0340445972979068,0.7279055714607239,0.7279055714607239,9.614313256633977e-08,9.614313256633977e-08,3.6284041016187984e-07,3.6284041016187984e-07,0.2222222222222222,insufficient-neutral,False,0.3135992884635925,0.3135992884635925,0.372408390045166,0.372408390045166,0.2945992648601532,0.2945992648601532,9.527722255597837e-08,9.527722255597837e-08,5.899470920667227e-07,5.899470920667227e-07,0.6142697122574831,-0.28094663642585704,-0.9085826253974089
53,"Suffering should be put in the context of the complexity of the nervous system. Animals tend to have less complex nervous systems than human beings,
 which implies that they have a reduced capacity for suffering.",Would the world be a better place without humans?,3,54,insufficient-neutral,"None

Argument: ""Suffering should",0.1247623041272163,0.1247623041272163,0.0220218542963266,0.0220218542963266,0.8393773436546326,0.8393773436546326,1.2760661149968658e-07,1.2760661149968658e-07,4.4020185896442854e-07,4.4020185896442854e-07,0.3333333333333333,insufficient-neutral,False,0.3135992884635925,0.3135992884635925,0.372408390045166,0.372408390045166,0.2945992648601532,0.2945992648601532,9.527722255597837e-08,9.527722255597837e-08,5.899470920667227e-07,5.899470920667227e-07,0.7722958761681419,-0.6021601173317055,-0.9408663851701736
54,Scientists studying other creatures are constantly discovering how much more complex other life forms are than previously assumed.,Would the world be a better place without humans?,4,55,insufficient-neutral,"None

The question is not related to the",0.1265527606010437,0.1265527606010437,0.0715464502573013,0.0715464502573013,0.7874377369880676,0.7874377369880676,9.089322361433004e-08,9.089322361433004e-08,3.318248786854383e-07,3.318248786854383e-07,0.0,insufficient-neutral,False,0.3135992884635925,0.3135992884635925,0.372408390045166,0.372408390045166,0.2945992648601532,0.2945992648601532,9.527722255597837e-08,9.527722255597837e-08,5.899470920667227e-07,5.899470920667227e-07,0.6986645286529343,-0.5964507406217029,-0.8078817444241143
55,"Many cephalopods, decapods, and other invertebrates feel pain, debunking the previous understanding of their nature.",Would the world be a better place without humans?,0,56,insufficient-neutral,"None

Argument: ""Many cephal",0.0182722676545381,0.0182722676545381,0.0074989236891269,0.0074989236891269,0.9669381380081176,0.9669381380081176,2.6666153729593134e-08,2.6666153729593134e-08,1.4931397629425194e-07,1.4931397629425194e-07,0.1111111111111111,insufficient-neutral,False,0.3135992884635925,0.3135992884635925,0.372408390045166,0.372408390045166,0.2945992648601532,0.2945992648601532,9.527722255597837e-08,9.527722255597837e-08,5.899470920667227e-07,5.899470920667227e-07,0.9531303834191102,-0.9417337081851848,-0.9798637090635433
56,All of humanity need not necessarily contribute to a cataclysmic event. It only takes a handful of individuals to use nuclear weapons for most life to be destroyed on the planet.,Would the world be a better place without humans?,3,57,supports,"True

The question is not directly answered by",0.7457734942436218,0.7457734942436218,0.023972850292921,0.023972850292921,0.2136676907539367,0.2136676907539367,1.0485607759846972e-07,1.0485607759846972e-07,4.773327191287535e-07,4.773327191287535e-07,0.3333333333333333,supports,False,0.3135992884635925,0.3135992884635925,0.372408390045166,0.372408390045166,0.2945992648601532,0.2945992648601532,9.527722255597837e-08,9.527722255597837e-08,5.899470920667227e-07,5.899470920667227e-07,-0.2747175019076672,0.6296237729892072,-0.9356275236172483
57,"Value judgements are only relevant for human beings who assign value, meaning that the Earth cannot be better or worse without human beings to make value judgments about it.",Would the world be a better place without humans?,1,58,refutes,"None

Argument: ""Value judgements are",0.2891264855861664,0.2891264855861664,0.0241066869348287,0.0241066869348287,0.6722391843795776,0.6722391843795776,9.544466195166025e-08,9.544466195166025e-08,8.133201276905311e-07,8.133201276905311e-07,0.4444444444444444,refutes,False,0.3135992884635925,0.3135992884635925,0.372408390045166,0.372408390045166,0.2945992648601532,0.2945992648601532,9.527722255597837e-08,9.527722255597837e-08,5.899470920667227e-07,5.899470920667227e-07,0.5353551544634508,-0.0780384515453621,-0.9352681422351816
58,If the world would be better or worse is subjective as those things aren't intrinsic qualities of something.,Would the world be a better place without humans?,1,59,insufficient-neutral,"True

Argument: ""If the world would",0.7540692090988159,0.7540692090988159,0.0023813596926629,0.0023813596926629,0.2372783869504928,0.2372783869504928,3.3296348789235715e-08,3.3296348789235715e-08,7.187863815261154e-08,7.187863815261154e-08,0.5555555555555556,insufficient-neutral,False,0.3135992884635925,0.3135992884635925,0.372408390045166,0.372408390045166,0.2945992648601532,0.2945992648601532,9.527722255597837e-08,9.527722255597837e-08,5.899470920667227e-07,5.899470920667227e-07,-0.19457237253076895,0.6417095921262902,-0.9936055154601268
59,"There are general or pragmatic standards for Earthly wellness, like the stability of weather patterns or the preservation of species, that could be adopted without falling into naive subjectivism.",Would the world be a better place without humans?,1,60,insufficient-neutral,"None

The question is not directly related to",0.2727184593677521,0.2727184593677521,0.2444632649421692,0.2444632649421692,0.4639097452163696,0.4639097452163696,1.620675220692647e-07,1.620675220692647e-07,5.905071702727582e-07,5.905071702727582e-07,0.3333333333333333,insufficient-neutral,False,0.3135992884635925,0.3135992884635925,0.372408390045166,0.372408390045166,0.2945992648601532,0.2945992648601532,9.527722255597837e-08,9.527722255597837e-08,5.899470920667227e-07,5.899470920667227e-07,0.24002027772575302,-0.13036008243553934,-0.34356133890399065
60,"If the species making such a judgement does not exist and therefore cannot ascertain a value, it is impossible for the Earth to be better off.",Would the world be a better place without humans?,3,61,refutes,"True

The question is asking whether the world",0.6419419646263123,0.6419419646263123,0.0135328890755772,0.0135328890755772,0.3278718590736389,0.3278718590736389,6.58404957221137e-08,6.58404957221137e-08,3.083329715991568e-07,3.083329715991568e-07,0.4444444444444444,refutes,False,0.3135992884635925,0.3135992884635925,0.372408390045166,0.372408390045166,0.2945992648601532,0.2945992648601532,9.527722255597837e-08,9.527722255597837e-08,5.899470920667227e-07,5.899470920667227e-07,0.04716835772348518,0.4783542188174205,-0.9636611595299023
61,"The point of judging our existence on Earth is for humans to decide whether or not our presence is better than our absence. The question is an internal reflection, not outwardly asking the Earth itself.",Would the world be a better place without humans?,1,62,insufficient-neutral,"True

In this scenario, the argument suggests",0.5998193621635437,0.5998193621635437,0.0133556695654988,0.0133556695654988,0.3695379793643951,0.3695379793643951,1.2222811562878633e-07,1.2222811562878633e-07,8.856818567437585e-07,8.856818567437585e-07,0.3333333333333333,insufficient-neutral,False,0.3135992884635925,0.3135992884635925,0.372408390045166,0.372408390045166,0.2945992648601532,0.2945992648601532,9.527722255597837e-08,9.527722255597837e-08,5.899470920667227e-07,5.899470920667227e-07,0.10623566261152985,0.41698685460172313,-0.9641370336369731
62,Removing humans from the picture would most likely benefit the remaining conscious beings on the planet.,Would the world be a better place without humans?,2,63,supports,"True

Argument: ""The Earth's",0.9794543385505676,0.9794543385505676,0.0002899622777476,0.0002899622777476,0.0107960803434252,0.0107960803434252,6.304901489784244e-08,6.304901489784244e-08,1.3584174496372725e-07,1.3584174496372725e-07,0.3333333333333333,supports,False,0.3135992884635925,0.3135992884635925,0.372408390045166,0.372408390045166,0.2945992648601532,0.2945992648601532,9.527722255597837e-08,9.527722255597837e-08,5.899470920667227e-07,5.899470920667227e-07,-0.9633533357642622,0.970067540571973,-0.9992213862912368
63,"All human suffering would be eliminated without humans. In this manner, the world would in fact be better, even if only in the eyes of the humans who lived prior to their extinction.",Would the world be a better place without humans?,2,64,supports,"True

In this scenario, the argument suggests",0.9800708889961244,0.9800708889961244,0.0011297540040686,0.0011297540040686,0.0094593148678541,0.0094593148678541,5.2918895931952654e-08,5.2918895931952654e-08,1.372611819761005e-07,1.372611819761005e-07,0.7777777777777778,supports,False,0.3135992884635925,0.3135992884635925,0.372408390045166,0.372408390045166,0.2945992648601532,0.2945992648601532,9.527722255597837e-08,9.527722255597837e-08,5.899470920667227e-07,5.899470920667227e-07,-0.9678909081041174,0.9709657774694506,-0.9969663572726393
64,"Humans are the most advanced species that has ever been on Earth, and humanity is still evolving. Removing humanity from existence would eliminate this progress.",Would the world be a better place without humans?,5,65,refutes,"False

In this scenario, the argument suggests",0.0067468518391251,0.0067468518391251,0.926071047782898,0.926071047782898,0.0573802925646305,0.0573802925646305,4.9517240086061065e-08,4.9517240086061065e-08,2.650862427344691e-07,2.650862427344691e-07,0.3333333333333333,refutes,False,0.3135992884635925,0.3135992884635925,0.372408390045166,0.372408390045166,0.2945992648601532,0.2945992648601532,9.527722255597837e-08,9.527722255597837e-08,5.899470920667227e-07,5.899470920667227e-07,-0.8052259478927449,-0.97848575527011,0.8822021342471061
65,"Humans might be the most advanced species in the entire universe. If humanity did not exist, the universe could lose the species with the most advanced consciousness.",Would the world be a better place without humans?,3,66,refutes,"False

In this case, the question is",0.0505587644875049,0.0505587644875049,0.5877262353897095,0.5877262353897095,0.3455063998699188,0.3455063998699188,1.3179200664126256e-07,1.3179200664126256e-07,5.071877353657328e-07,5.071877353657328e-07,0.3333333333333333,refutes,False,0.3135992884635925,0.3135992884635925,0.372408390045166,0.372408390045166,0.2945992648601532,0.2945992648601532,9.527722255597837e-08,9.527722255597837e-08,5.899470920667227e-07,5.899470920667227e-07,0.07216768068674213,-0.8387790841771168,0.34308592073122085
66,"In near future, humanity could develop a reliable technological ability to protect the planet and life from extinction events.",Would the world be a better place without humans?,2,67,refutes,"None

The question is not directly related to",0.0778902918100357,0.0778902918100357,0.2418006956577301,0.2418006956577301,0.6676331162452698,0.6676331162452698,8.365249470898561e-08,8.365249470898561e-08,3.231878622500517e-07,3.231878622500517e-07,0.2222222222222222,refutes,False,0.3135992884635925,0.3135992884635925,0.372408390045166,0.372408390045166,0.2945992648601532,0.2945992648601532,9.527722255597837e-08,9.527722255597837e-08,5.899470920667227e-07,5.899470920667227e-07,0.5288254360993287,-0.7516247814475561,-0.3507109342289407
67,"Humans have created a unique set of values, cultures, and traditions in a way that only they could. To say the world would be a better place without humans is to fail to take into account the complex and rich culture of every human society.",Would the world be a better place without humans?,0,68,refutes,False,0.0054674078710377,0.0054674078710377,0.8637683987617493,0.8637683987617493,0.1225084140896797,0.1225084140896797,2.6264585173407795e-08,2.6264585173407795e-08,1.419850121919808e-07,1.419850121919808e-07,1.0,refutes,False,0.3135992884635925,0.3135992884635925,0.372408390045166,0.372408390045166,0.2945992648601532,0.2945992648601532,9.527722255597837e-08,9.527722255597837e-08,5.899470920667227e-07,5.899470920667227e-07,-0.58415234285179,-0.9825656241191617,0.7829295371745729
68,These technological advancements have no inherent value to the universe and are only of limited value to humans.,Would the world be a better place without humans?,1,69,insufficient-supports,"True

In this scenario, the argument suggests",0.497650682926178,0.497650682926178,0.0263745207339525,0.0263745207339525,0.4602516293525696,0.4602516293525696,1.194886607436274e-07,1.194886607436274e-07,5.767680590906821e-07,5.767680590906821e-07,0.2222222222222222,insufficient-supports,False,0.3135992884635925,0.3135992884635925,0.372408390045166,0.372408390045166,0.2945992648601532,0.2945992648601532,9.527722255597837e-08,9.527722255597837e-08,5.899470920667227e-07,5.899470920667227e-07,0.2348344086423096,0.26813986548850366,-0.9291785001654936
69,"Just because humans are the most advanced species, doesn't mean we make the Earth better. We are too smart for our own good- we create factories and cars and such that just destroy our atmosphere.",Would the world be a better place without humans?,0,70,supports,"True

In this context, the question is",0.8707026839256287,0.8707026839256287,0.0282082092016935,0.0282082092016935,0.0889478772878646,0.0889478772878646,4.99480279358977e-08,4.99480279358977e-08,2.260482716565093e-07,2.260482716565093e-07,0.3333333333333333,supports,False,0.3135992884635925,0.3135992884635925,0.372408390045166,0.372408390045166,0.2945992648601532,0.2945992648601532,9.527722255597837e-08,9.527722255597837e-08,5.899470920667227e-07,5.899470920667227e-07,-0.6980716250935374,0.8116299795421857,-0.9242546356211997
70,Removing humans means giving chance for new intelligent life to develop.,Would the world be a better place without humans?,2,71,supports,"True

In this scenario, the argument suggests",0.7549266815185547,0.7549266815185547,0.0573111772537231,0.0573111772537231,0.1737939864397049,0.1737939864397049,1.0368422209694472e-07,1.0368422209694472e-07,4.701579712218518e-07,4.701579712218518e-07,0.1111111111111111,supports,False,0.3135992884635925,0.3135992884635925,0.372408390045166,0.372408390045166,0.2945992648601532,0.2945992648601532,9.527722255597837e-08,9.527722255597837e-08,5.899470920667227e-07,5.899470920667227e-07,-0.41006646258195784,0.6429588222120508,-0.846106643175326
71,"In the cosmic perspective of life, there is no absolute sense of ""good"" and ""bad"".That's a human-created concept that wouldn't matter if humans were eradicated. Therefore, it makes humanity's existence irrelevant.",Would the world be a better place without humans?,1,72,insufficient-neutral,"None

The argument suggests that the concepts of",0.2565991282463074,0.2565991282463074,0.0244334377348423,0.0244334377348423,0.7084929347038269,0.7084929347038269,5.522761625798012e-08,5.522761625798012e-08,3.0563776931558095e-07,3.0563776931558095e-07,0.4444444444444444,insufficient-neutral,False,0.3135992884635925,0.3135992884635925,0.372408390045166,0.372408390045166,0.2945992648601532,0.2945992648601532,9.527722255597837e-08,9.527722255597837e-08,5.899470920667227e-07,5.899470920667227e-07,0.5867497001709513,-0.181761127381839,-0.9343907430982449
72,Retrocausality is possible in some interpretations of quantum physics.,Free Will or Determinism: Do we have free will?,0,73,insufficient-neutral,"None

Argument: ""Retrocausality",0.3804742395877838,0.3804742395877838,0.0282150637358427,0.0282150637358427,0.5801539421081543,0.5801539421081543,1.7921203721016354e-07,1.7921203721016354e-07,6.645543066952087e-07,6.645543066952087e-07,0.0,insufficient-neutral,"True

Question: Free Will or Determ",0.9107849597930908,0.9107849597930908,0.0260396227240562,0.0260396227240562,0.0453453101217746,0.0453453101217746,6.096415461342987e-08,6.096415461342987e-08,3.102068433236127e-07,3.102068433236127e-07,0.5602116007564989,-0.5822567824635371,0.0022336031963342937
73,"Retrocausation provides a viable alternative to the problematic superdeterminism vs. 
action-at-a-distance debate by preserving local causation (link).",Free Will or Determinism: Do we have free will?,4,74,insufficient-neutral,"True

Argument: ""Retrocausation",0.6359210014343262,0.6359210014343262,0.0509903691709041,0.0509903691709041,0.2957307398319244,0.2957307398319244,1.673678866609407e-07,1.673678866609407e-07,6.950768351998704e-07,6.950768351998704e-07,0.0,insufficient-neutral,"True

Question: Free Will or Determ",0.9107849597930908,0.9107849597930908,0.0260396227240562,0.0260396227240562,0.0453453101217746,0.0453453101217746,6.096415461342987e-08,6.096415461342987e-08,3.102068433236127e-07,3.102068433236127e-07,0.262278531038368,-0.3017879856307765,0.02561782494338455
74,"The laws of physics, as we know them, are either deterministic or fundamentally random. In both cases,
 they are out of our control.",Free Will or Determinism: Do we have free will?,3,75,refutes,"True

Argument: ""The laws of physics",0.8717105388641357,0.8717105388641357,0.029365848749876,0.029365848749876,0.0904531851410865,0.0904531851410865,3.940365544963242e-08,3.940365544963242e-08,2.167916477446852e-07,2.167916477446852e-07,0.2857142857142857,refutes,"True

Question: Free Will or Determ",0.9107849597930908,0.9107849597930908,0.0260396227240562,0.0260396227240562,0.0453453101217746,0.0453453101217746,6.096415461342987e-08,6.096415461342987e-08,3.102068433236127e-07,3.102068433236127e-07,0.04725046186602383,-0.04290191719660355,0.003415155383551514
75,"The laws of physics are probabilistic, meaning that events and motivations merely change the distribution of possible 
outcomes and choices, but don't necessarily determine them.",Free Will or Determinism: Do we have free will?,3,76,supports,"True

In this context, the argument suggests",0.9723027348518372,0.9723027348518372,0.0053889723494648,0.0053889723494648,0.0175322536379098,0.0175322536379098,1.7414221176181854e-08,1.7414221176181854e-08,5.4590795883768806e-08,5.4590795883768806e-08,0.14285714285714285,supports,"True

Question: Free Will or Determ",0.9107849597930908,0.9107849597930908,0.0260396227240562,0.0260396227240562,0.0453453101217746,0.0453453101217746,6.096415461342987e-08,6.096415461342987e-08,3.102068433236127e-07,3.102068433236127e-07,-0.6133612585110341,0.6895448896965486,-0.7930472185955942
76,"The Earth orbiting around the Sun was not compatible with our understanding of the mechanisms that govern the
 universe less than 500 years ago, yet is now accepted as fact.",Free Will or Determinism: Do we have free will?,0,77,insufficient-neutral,"None

The question you provided is about the",0.321076363325119,0.321076363325119,0.0343741215765476,0.0343741215765476,0.6385365724563599,0.6385365724563599,4.16694234672832e-08,4.16694234672832e-08,1.1709326486197825e-07,1.1709326486197825e-07,0.0,insufficient-neutral,"True

Question: Free Will or Determ",0.9107849597930908,0.9107849597930908,0.0260396227240562,0.0260396227240562,0.0453453101217746,0.0453453101217746,6.096415461342987e-08,6.096415461342987e-08,3.102068433236127e-07,3.102068433236127e-07,0.6213673578770686,-0.6474729189664483,0.008557328457038516
77,"If entropy leads to universal randomness and randomness is the lack of all deterministic forces, then at least one part 
of a wholly deterministic universe is false, meaning there most be something else influencing the universe outside 
of determinism.",Free Will or Determinism: Do we have free will?,3,78,supports,"True

In this argument, the premise",0.7881991267204285,0.7881991267204285,0.037445094436407,0.037445094436407,0.152799367904663,0.152799367904663,1.434132173017133e-07,1.434132173017133e-07,4.928008365823189e-07,4.928008365823189e-07,0.14285714285714285,supports,"True

Question: Free Will or Determ",0.9107849597930908,0.9107849597930908,0.0260396227240562,0.0260396227240562,0.0453453101217746,0.0453453101217746,6.096415461342987e-08,6.096415461342987e-08,3.102068433236127e-07,3.102068433236127e-07,0.1125580368715259,-0.13459360714576468,0.011710406273662391
78,"The inexistence of free will cannot be scientifically proven as it would be impossible to put two distinct human 
beings in exactly the same conditions twice and observe their decisions.",Free Will or Determinism: Do we have free will?,3,79,insufficient-supports,"True

The argument suggests that the inex",0.959441065788269,0.959441065788269,0.0003792397910729,0.0003792397910729,0.0296596754342317,0.0296596754342317,3.7606387337518754e-08,3.7606387337518754e-08,7.22056014978989e-08,7.22056014978989e-08,0.2857142857142857,insufficient-supports,"True

Question: Free Will or Determ",0.9107849597930908,0.9107849597930908,0.0260396227240562,0.0260396227240562,0.0453453101217746,0.0453453101217746,6.096415461342987e-08,6.096415461342987e-08,3.102068433236127e-07,3.102068433236127e-07,-0.3459152588309399,0.5453800825772659,-0.9854360489362026
79,"Determinism based on physical causation inherits the philosophical doubt about causality expressed most famously 
by Hume: we can't in the end tell the difference between ""A causes B"" and ""A happens then B happens"".",Free Will or Determinism: Do we have free will?,4,80,supports,"True

In this context, the argument suggests",0.933901846408844,0.933901846408844,0.0013293416704982,0.0013293416704982,0.0535168386995792,0.0535168386995792,6.602531499311226e-08,6.602531499311226e-08,2.242349665948496e-07,2.242349665948496e-07,0.2857142857142857,supports,"True

Question: Free Will or Determ",0.9107849597930908,0.9107849597930908,0.0260396227240562,0.0260396227240562,0.0453453101217746,0.0453453101217746,6.096415461342987e-08,6.096415461342987e-08,3.102068433236127e-07,3.102068433236127e-07,0.008559669443248584,0.25911423188444527,-0.9489492730142317
80,"By Occam's Razor, the simplest explanation for the lack of empirical evidence for the existence of free will
 is that free will does not exist.",Free Will or Determinism: Do we have free will?,4,81,refutes,"True

Argument: ""The existence of free",0.8377686142921448,0.8377686142921448,0.1133796498179435,0.1133796498179435,0.038878034800291,0.038878034800291,7.256870304672702e-08,7.256870304672702e-08,1.9649314708658494e-07,1.9649314708658494e-07,0.2857142857142857,refutes,"True

Question: Free Will or Determ",0.9107849597930908,0.9107849597930908,0.0260396227240562,0.0260396227240562,0.0453453101217746,0.0453453101217746,6.096415461342987e-08,6.096415461342987e-08,3.102068433236127e-07,3.102068433236127e-07,-0.14262280496297772,-0.0801685894303016,0.08967513374431864
81,Free will and determinism are not mutually exclusive because freedom and weak forms of determinism are compatible.,Free Will or Determinism: Do we have free will?,3,82,supports,"True

Argument: ""Free will and determin",0.832964301109314,0.832964301109314,0.0063597611151635,0.0063597611151635,0.1516940742731094,0.1516940742731094,1.3907768448007118e-07,1.3907768448007118e-07,2.149874092083337e-07,2.149874092083337e-07,0.42857142857142855,supports,"True

Question: Free Will or Determ",0.9107849597930908,0.9107849597930908,0.0260396227240562,0.0260396227240562,0.0453453101217746,0.0453453101217746,6.096415461342987e-08,6.096415461342987e-08,3.102068433236127e-07,3.102068433236127e-07,0.11140024270440711,-0.08544350436073944,-0.755766003887293
82,"Compatiblism is a widely held position within the academic community, which suggests that it is plausible in many
 different forms.",Free Will or Determinism: Do we have free will?,4,83,insufficient-supports,"True

Argument: ""Compatibilism is",0.8336882591247559,0.8336882591247559,0.0441838577389717,0.0441838577389717,0.1076606884598732,0.1076606884598732,2.714750166887825e-07,2.714750166887825e-07,4.287617230147589e-07,4.287617230147589e-07,0.0,insufficient-supports,"True

Question: Free Will or Determ",0.9107849597930908,0.9107849597930908,0.0260396227240562,0.0260396227240562,0.0453453101217746,0.0453453101217746,6.096415461342987e-08,6.096415461342987e-08,3.102068433236127e-07,3.102068433236127e-07,0.06527530739522945,-0.08464863175370127,0.01862933589317346
83,The consensus among academics lends reasonable credibility to the accuracy of a position relative to the general public.,Free Will or Determinism: Do we have free will?,4,84,insufficient-neutral,"True

Argument: ""The consensus among academ",0.6744247078895569,0.6744247078895569,0.0637191459536552,0.0637191459536552,0.2367453426122665,0.2367453426122665,2.120271602734647e-07,2.120271602734647e-07,7.635391625626653e-07,7.635391625626653e-07,0.0,insufficient-neutral,"True

Question: Free Will or Determ",0.9107849597930908,0.9107849597930908,0.0260396227240562,0.0260396227240562,0.0453453101217746,0.0453453101217746,6.096415461342987e-08,6.096415461342987e-08,3.102068433236127e-07,3.102068433236127e-07,0.20049137611727091,-0.2595126866798827,0.03868691592463375
84,"Debating necessarily involves the implicit assumption that it's possible in principle to change the minds of others 
involved. This is only possible if the participants are free in some sense.",Free Will or Determinism: Do we have free will?,0,85,supports,"True

Argument: ""Debating necessarily",0.8643326759338379,0.8643326759338379,0.00697020906955,0.00697020906955,0.1188167929649353,0.1188167929649353,1.0233477354404387e-07,1.0233477354404387e-07,2.633705662447028e-07,2.633705662447028e-07,0.14285714285714285,supports,"True

Question: Free Will or Determ",0.9107849597930908,0.9107849597930908,0.0260396227240562,0.0260396227240562,0.0453453101217746,0.0453453101217746,6.096415461342987e-08,6.096415461342987e-08,3.102068433236127e-07,3.102068433236127e-07,0.07696131765982593,-0.05100247139544971,-0.7323229624555694
85,"Computer programs can and have participated in a debate, yet lack free will.",Free Will or Determinism: Do we have free will?,0,86,refutes,"True

Argument: ""Computer programs can",0.7359600067138672,0.7359600067138672,0.1404604315757751,0.1404604315757751,0.1146404594182968,0.1146404594182968,5.23369152460873e-08,5.23369152460873e-08,1.780939697937356e-07,1.780939697937356e-07,0.42857142857142855,refutes,"True

Question: Free Will or Determ",0.9107849597930908,0.9107849597930908,0.0260396227240562,0.0260396227240562,0.0453453101217746,0.0453453101217746,6.096415461342987e-08,6.096415461342987e-08,3.102068433236127e-07,3.102068433236127e-07,0.07258661171544802,-0.19194975850165533,0.11747994222489919
86,"Free will could be like gravity, which is a set of assumptions that are only supported by our observations of 
how they impact other things.",Free Will or Determinism: Do we have free will?,7,87,insufficient-neutral,"True

Argument: ""The universe is a",0.8735113143920898,0.8735113143920898,0.0346729084849357,0.0346729084849357,0.0799895599484443,0.0799895599484443,1.9246351712354226e-07,1.9246351712354226e-07,3.444461924573261e-07,3.444461924573261e-07,0.2857142857142857,insufficient-neutral,"True

Question: Free Will or Determ",0.9107849597930908,0.9107849597930908,0.0260396227240562,0.0260396227240562,0.0453453101217746,0.0453453101217746,6.096415461342987e-08,6.096415461342987e-08,3.102068433236127e-07,3.102068433236127e-07,0.0362898231098502,-0.040924748482307705,0.008864103676399872
87,"Current science falls short of explaining consciousness and personhood. Thus restricting the conversation to purely
 scientific description of the topic would leave the discussion incomplete.",Free Will or Determinism: Do we have free will?,0,88,insufficient-neutral,"None

Argument: ""Current science falls short",0.3953600823879242,0.3953600823879242,0.0026226150803267,0.0026226150803267,0.5843043327331543,0.5843043327331543,9.928970712280717e-08,9.928970712280717e-08,2.77921515134949e-07,2.77921515134949e-07,0.0,insufficient-neutral,"True

Question: Free Will or Determ",0.9107849597930908,0.9107849597930908,0.0260396227240562,0.0260396227240562,0.0453453101217746,0.0453453101217746,6.096415461342987e-08,6.096415461342987e-08,3.102068433236127e-07,3.102068433236127e-07,0.564559131511865,-0.5659128116501387,-0.8992836759534212
88,"Unknowns and incompleteness are not problematic for the scientific process.
 Despite not fully understanding what the force of gravity is, scientific studies and models remain useful.",Free Will or Determinism: Do we have free will?,0,89,insufficient-neutral,"None

Argument: ""Unknowns and in",0.0631569474935531,0.0631569474935531,0.0053071789443492,0.0053071789443492,0.9280846118927002,0.9280846118927002,2.263135989721832e-08,2.263135989721832e-08,7.066910256980918e-08,7.066910256980918e-08,0.0,insufficient-neutral,"True

Question: Free Will or Determ",0.9107849597930908,0.9107849597930908,0.0260396227240562,0.0260396227240562,0.0453453101217746,0.0453453101217746,6.096415461342987e-08,6.096415461342987e-08,3.102068433236127e-07,3.102068433236127e-07,0.9246686902921167,-0.9306565761605232,-0.7961883318898371
89,Life can't be given back. So the death penalty carries the risk of ruining innocent people lives.,Should the death penalty be abolished?,2,90,supports,"True

In this context, the argument suggests",0.933935523033142,0.933935523033142,0.0080172456800937,0.0080172456800937,0.0457770265638828,0.0457770265638828,1.053060785238813e-07,1.053060785238813e-07,1.541198457744031e-07,1.541198457744031e-07,0.6666666666666666,supports,True,0.8392085433006287,0.8392085433006287,0.0647128149867057,0.0647128149867057,0.0750681832432746,0.0750681832432746,1.426050886266239e-07,1.426050886266239e-07,4.514311626735434e-07,4.514311626735434e-07,-0.39019402646881046,0.5891294330993126,-0.876110385837168
90,Research has estimated that many death row inmates were wrongly convicted and could have been exonerated.,Should the death penalty be abolished?,4,91,supports,"True

In this scenario, the argument suggests",0.913479745388031,0.913479745388031,0.003320361720398,0.003320361720398,0.0597816444933414,0.0597816444933414,3.925310068098042e-07,3.925310068098042e-07,6.199549034135998e-07,6.199549034135998e-07,0.16666666666666666,supports,True,0.8392085433006287,0.8392085433006287,0.0647128149867057,0.0647128149867057,0.0750681832432746,0.0750681832432746,1.426050886266239e-07,1.426050886266239e-07,4.514311626735434e-07,4.514311626735434e-07,-0.20363538971489278,0.4619101263959923,-0.9486908161686349
91,The death penalty negatively affects both the families of the victims as well as the defendant(s).,Should the death penalty be abolished?,2,92,supports,"True

In this scenario, the argument suggests",0.9252706170082092,0.9252706170082092,0.0059489291161298,0.0059489291161298,0.0406535528600215,0.0406535528600215,5.055641736362304e-07,5.055641736362304e-07,5.684210577783233e-07,5.684210577783233e-07,0.5,supports,True,0.8392085433006287,0.8392085433006287,0.0647128149867057,0.0647128149867057,0.0750681832432746,0.0750681832432746,1.426050886266239e-07,1.426050886266239e-07,4.514311626735434e-07,4.514311626735434e-07,-0.4584449615854574,0.5352403384745071,-0.9080718538151691
92,The death penalty does not sufficiently punish criminals as they will not experience the long-term struggles of imprisonment.,Should the death penalty be abolished?,2,93,,"True

In this scenario, if you agree",0.468138724565506,0.468138724565506,0.4329575300216675,0.4329575300216675,0.0865969583392143,0.0865969583392143,1.1044411252214561e-07,1.1044411252214561e-07,2.3153799588726545e-07,2.3153799588726545e-07,0.5,,True,0.8392085433006287,0.8392085433006287,0.0647128149867057,0.0647128149867057,0.0750681832432746,0.0750681832432746,1.426050886266239e-07,1.426050886266239e-07,4.514311626735434e-07,4.514311626735434e-07,0.012464459419684963,-0.44216639796789436,0.39372368288113296
93,It is more humane to kill people than to restrain their liberty for life.,Should the death penalty be abolished?,6,94,refutes,"True

Argument: ""The death penalty is",0.8234367370605469,0.8234367370605469,0.0998942106962204,0.0998942106962204,0.0620257258415222,0.0620257258415222,1.6616505149613658e-07,1.6616505149613658e-07,3.41615134402673e-07,3.41615134402673e-07,0.0,refutes,True,0.8392085433006287,0.8392085433006287,0.0647128149867057,0.0647128149867057,0.0750681832432746,0.0750681832432746,1.426050886266239e-07,1.426050886266239e-07,4.514311626735434e-07,4.514311626735434e-07,-0.17374148192031652,-0.0187936673976779,0.03761560756230679
94,"Restraining liberty is done to protect the well-being of others. Once someone is restrained, the decision to live or die should be theirs alone.",Should the death penalty be abolished?,1,95,supports,"True

In this scenario, the argument suggests",0.6824399828910828,0.6824399828910828,0.0945484191179275,0.0945484191179275,0.1986013501882553,0.1986013501882553,4.308649010908994e-07,4.308649010908994e-07,7.636122631993203e-07,7.636122631993203e-07,0.5,supports,True,0.8392085433006287,0.8392085433006287,0.0647128149867057,0.0647128149867057,0.0750681832432746,0.0750681832432746,1.426050886266239e-07,1.426050886266239e-07,4.514311626735434e-07,4.514311626735434e-07,0.13355921453556427,-0.18680524842248525,0.03189993898055784
95,"Killing someone is irreversible, whereas someone in prison can always commit suicide.",Should the death penalty be abolished?,5,96,supports,"True

In this case, the argument is",0.6796988248825073,0.6796988248825073,0.1075439676642417,0.1075439676642417,0.1829384565353393,0.1829384565353393,3.3355794926137605e-07,3.3355794926137605e-07,8.159457252077118e-07,8.159457252077118e-07,0.0,supports,True,0.8392085433006287,0.8392085433006287,0.0647128149867057,0.0647128149867057,0.0750681832432746,0.0750681832432746,1.426050886266239e-07,1.426050886266239e-07,4.514311626735434e-07,4.514311626735434e-07,0.11662510829210303,-0.1900716093651353,0.045794653624947494
96,"This manner of justice motivates and perpetuates violence and brutality. Death penalty often sends the wrong message ‘we kill people to
 show that killing is wrong’. If we are to advance as a society, then we have to move from the ‘an eye for an eye’ revenge mentality.",Should the death penalty be abolished?,1,97,supports,"True

In this context, the argument suggests",0.9605115056037904,0.9605115056037904,0.0028944017831236,0.0028944017831236,0.0163979027420282,0.0163979027420282,1.4125329528269506e-07,1.4125329528269506e-07,1.882298903410629e-07,1.882298903410629e-07,0.5,supports,True,0.8392085433006287,0.8392085433006287,0.0647128149867057,0.0647128149867057,0.0750681832432746,0.0750681832432746,1.426050886266239e-07,1.426050886266239e-07,4.514311626735434e-07,4.514311626735434e-07,-0.7815598828482732,0.7544117379940125,-0.9552731281475205
97,Death penalty is not applied fairly in all countries.,Should the death penalty be abolished?,2,98,supports,"True

In this scenario, the argument suggests",0.6562510132789612,0.6562510132789612,0.0272991601377725,0.0272991601377725,0.2866948544979095,0.2866948544979095,3.7212933534647163e-07,3.7212933534647163e-07,7.314454819606908e-07,7.314454819606908e-07,0.3333333333333333,supports,True,0.8392085433006287,0.8392085433006287,0.0647128149867057,0.0647128149867057,0.0750681832432746,0.0750681832432746,1.426050886266239e-07,1.426050886266239e-07,4.514311626735434e-07,4.514311626735434e-07,0.2288024559439463,-0.2180119965200674,-0.5781490861836142
98,"The death penalty is often used in a disproportional manner against the poor, minorities and members of racial, ethnic, political and religious groups.",Should the death penalty be abolished?,4,99,supports,"True

The question you've asked is",0.7556447386741638,0.7556447386741638,0.0140580665320158,0.0140580665320158,0.1940656155347824,0.1940656155347824,1.1602179483816144e-06,1.1602179483816144e-06,1.0899238986894488e-06,1.0899238986894488e-06,0.5,supports,True,0.8392085433006287,0.8392085433006287,0.0647128149867057,0.0647128149867057,0.0750681832432746,0.0750681832432746,1.426050886266239e-07,1.426050886266239e-07,4.514311626735434e-07,4.514311626735434e-07,0.12865535614157209,-0.09957453995619046,-0.782762246783673
99,No person has the moral authority to determine that another person deserves to die.,Should the death penalty be abolished?,1,100,supports,"True

In this case, the argument suggests",0.8530480265617371,0.8530480265617371,0.0236385371536016,0.0236385371536016,0.1051161438226699,0.1051161438226699,3.587715298181138e-07,3.587715298181138e-07,6.929022333679313e-07,6.929022333679313e-07,0.16666666666666666,supports,True,0.8392085433006287,0.8392085433006287,0.0647128149867057,0.0647128149867057,0.0750681832432746,0.0750681832432746,1.426050886266239e-07,1.426050886266239e-07,4.514311626735434e-07,4.514311626735434e-07,0.032486676352813236,0.08607101114199003,-0.6347162898344355
100,Some crimes deserve the death penalty.,Should the death penalty be abolished?,1,101,refutes,"False

Argument: ""The government should not",0.3006152808666229,0.3006152808666229,0.5113638639450073,0.5113638639450073,0.1712854355573654,0.1712854355573654,1.9735691125788438e-07,1.9735691125788438e-07,4.762167975513876e-07,4.762167975513876e-07,0.5,refutes,True,0.8392085433006287,0.8392085433006287,0.0647128149867057,0.0647128149867057,0.0750681832432746,0.0750681832432746,1.426050886266239e-07,1.426050886266239e-07,4.514311626735434e-07,4.514311626735434e-07,0.10402631909828414,-0.6417871537814721,0.47755497574999156
101,"This Capital punishment does not address the root cause of the crime. Our focus should be on preventing crime rather than killing criminals 
and supporting violence.",Should the death penalty be abolished?,6,102,supports,"True

Argument: ""The death penalty is",0.9868447780609132,0.9868447780609132,0.0002680920879356,0.0002680920879356,0.0040646404959261,0.0040646404959261,2.3602306953307561e-07,2.3602306953307561e-07,5.76144465469497e-08,5.76144465469497e-08,0.5,supports,True,0.8392085433006287,0.8392085433006287,0.0647128149867057,0.0647128149867057,0.0750681832432746,0.0750681832432746,1.426050886266239e-07,1.426050886266239e-07,4.514311626735434e-07,4.514311626735434e-07,-0.9458540180364595,0.918184571437257,-0.9958572025032341
102,There are many examples of killing that are generally accepted as moral acts. Killing in battle is viewed as heroic.,Should the death penalty be abolished?,0,103,refutes,"True

In this case, the argument is",0.4656854569911957,0.4656854569911957,0.1660452634096145,0.1660452634096145,0.3407027721405029,0.3407027721405029,3.338138583330874e-07,3.338138583330874e-07,7.434969688802084e-07,7.434969688802084e-07,0.0,refutes,True,0.8392085433006287,0.8392085433006287,0.0647128149867057,0.0647128149867057,0.0750681832432746,0.0750681832432746,1.426050886266239e-07,1.426050886266239e-07,4.514311626735434e-07,4.514311626735434e-07,0.28719369804865863,-0.44508970897788663,0.10834367245336357
103,"The death penalty goes against our most basic human right, the right to life.",Should the death penalty be abolished?,1,104,supports,"True

Argument: ""The death penalty is",0.9888550639152528,0.9888550639152528,0.0004826554504688,0.0004826554504688,0.0020965598523616,0.0020965598523616,7.485657249617361e-08,7.485657249617361e-08,1.2197978094263817e-07,1.2197978094263817e-07,0.5,supports,True,0.8392085433006287,0.8392085433006287,0.0647128149867057,0.0647128149867057,0.0750681832432746,0.0750681832432746,1.426050886266239e-07,1.426050886266239e-07,4.514311626735434e-07,4.514311626735434e-07,-0.972071258930468,0.9306870133928529,-0.9925415785023731
104,"Since murder is justified in self defense, the right to life is not particularly sacred.",Should the death penalty be abolished?,7,105,refutes,"True

The argument does not necessarily imply that",0.4843418896198272,0.4843418896198272,0.1500421166419983,0.1500421166419983,0.3226412534713745,0.3226412534713745,5.859893690285389e-07,5.859893690285389e-07,9.291211426898372e-07,9.291211426898372e-07,0.16666666666666666,refutes,True,0.8392085433006287,0.8392085433006287,0.0647128149867057,0.0647128149867057,0.0750681832432746,0.0750681832432746,1.426050886266239e-07,1.426050886266239e-07,4.514311626735434e-07,4.514311626735434e-07,0.2676662925232859,-0.42285872386987605,0.09123326291921738
105,It is cheaper for the society to execute people.,Should the death penalty be abolished?,2,106,refutes,"True

In this response, the argument is",0.4818392395973205,0.4818392395973205,0.3752567768096924,0.3752567768096924,0.1237465515732765,0.1237465515732765,2.1868937949420802e-07,2.1868937949420802e-07,4.332201797296875e-07,4.332201797296875e-07,0.16666666666666666,refutes,True,0.8392085433006287,0.8392085433006287,0.0647128149867057,0.0647128149867057,0.0750681832432746,0.0750681832432746,1.426050886266239e-07,1.426050886266239e-07,4.514311626735434e-07,4.514311626735434e-07,0.05262914243851256,-0.4258408789521679,0.33203059637620563
106,It is immoral to value saving resources at the cost of the life of a human being.,Should the death penalty be abolished?,1,107,supports,"True

Argument: ""It is immoral",0.8162052035331726,0.8162052035331726,0.0894543379545211,0.0894543379545211,0.0753281041979789,0.0753281041979789,2.541067658512475e-07,2.541067658512475e-07,5.715210704693163e-07,5.715210704693163e-07,0.16666666666666666,supports,True,0.8392085433006287,0.8392085433006287,0.0647128149867057,0.0647128149867057,0.0750681832432746,0.0750681832432746,1.426050886266239e-07,1.426050886266239e-07,4.514311626735434e-07,4.514311626735434e-07,0.0002810163408754947,-0.027410754991820427,0.026453396736600982
107,"With due process, it is objectively more expensive to seek the death penalty rather than life imprisonment.",Should the death penalty be abolished?,2,108,supports,"True

In this case, the argument suggests",0.8608136177062988,0.8608136177062988,0.0171811953186988,0.0171811953186988,0.094343326985836,0.094343326985836,7.443051686095714e-07,7.443051686095714e-07,7.70937504057656e-07,7.70937504057656e-07,0.5,supports,True,0.8392085433006287,0.8392085433006287,0.0647128149867057,0.0647128149867057,0.0750681832432746,0.0750681832432746,1.426050886266239e-07,1.426050886266239e-07,4.514311626735434e-07,4.514311626735434e-07,0.02083952935055225,0.1343670543769297,-0.7345008817460896
108,"If the death penalty was in regular use, improvements would be made and the cost would be lowered over time.",Should the death penalty be abolished?,6,109,refutes,"False

In this scenario, the argument suggests",0.1771072596311569,0.1771072596311569,0.5045316219329834,0.5045316219329834,0.2965988218784332,0.2965988218784332,2.783793888738728e-07,2.783793888738728e-07,6.730349468853092e-07,6.730349468853092e-07,0.6666666666666666,refutes,True,0.8392085433006287,0.8392085433006287,0.0647128149867057,0.0647128149867057,0.0750681832432746,0.0750681832432746,1.426050886266239e-07,1.426050886266239e-07,4.514311626735434e-07,4.514311626735434e-07,0.23951023699450202,-0.7889591794018331,0.470250008760706
109,The death sentence provides an effective deterrent in terms of stopping other people from committing the same crime.,Should the death penalty be abolished?,2,110,refutes,"False

In this case, the question is",0.2072266191244125,0.2072266191244125,0.6901699900627136,0.6901699900627136,0.0837271213531494,0.0837271213531494,2.0866491468041207e-07,2.0866491468041207e-07,5.370237090573937e-07,5.370237090573937e-07,0.3333333333333333,refutes,True,0.8392085433006287,0.8392085433006287,0.0647128149867057,0.0647128149867057,0.0750681832432746,0.0750681832432746,1.426050886266239e-07,1.426050886266239e-07,4.514311626735434e-07,4.514311626735434e-07,0.009361704239170161,-0.753068982937918,0.6687327540653918
110,"Among the 25 states in the US with the highest murder rate, 20 have the death penalty.",Should the death penalty be abolished?,0,111,,"None

In this case, the question is",0.2347961217164993,0.2347961217164993,0.1564079374074936,0.1564079374074936,0.5811259746551514,0.5811259746551514,4.870129259870737e-07,4.870129259870737e-07,2.39716155192582e-06,2.39716155192582e-06,0.5,,True,0.8392085433006287,0.8392085433006287,0.0647128149867057,0.0647128149867057,0.0750681832432746,0.0750681832432746,1.426050886266239e-07,1.426050886266239e-07,4.514311626735434e-07,4.514311626735434e-07,0.5471298340523836,-0.7202171932222708,0.09803953682898427
111,"In a study, 88.2% of criminology experts interviewed do not think that the death penalty deters murder.",Should the death penalty be abolished?,4,112,supports,"True

In this case, the argument suggests",0.8311336040496826,0.8311336040496826,0.0121366288512945,0.0121366288512945,0.1335753202438354,0.1335753202438354,3.5575368428908405e-07,3.5575368428908405e-07,6.517801693917136e-07,6.517801693917136e-07,0.5,supports,True,0.8392085433006287,0.8392085433006287,0.0647128149867057,0.0647128149867057,0.0750681832432746,0.0750681832432746,1.426050886266239e-07,1.426050886266239e-07,4.514311626735434e-07,4.514311626735434e-07,0.0632556215935096,-0.00962208894965142,-0.8124540115618862
112,Giving a killer the death sentence will ensure that they do not do it again and hence saves innocent lives.,Should the death penalty be abolished?,2,113,refutes,"False

In this case, the argument suggests",0.1833256483078003,0.1833256483078003,0.7138258814811707,0.7138258814811707,0.0845908895134925,0.0845908895134925,1.3270155818645438e-07,1.3270155818645438e-07,4.376686604246061e-07,4.376686604246061e-07,0.3333333333333333,refutes,True,0.8392085433006287,0.8392085433006287,0.0647128149867057,0.0647128149867057,0.0750681832432746,0.0750681832432746,1.426050886266239e-07,1.426050886266239e-07,4.514311626735434e-07,4.514311626735434e-07,0.010295576492988723,-0.7815493541250476,0.6940254040637137
113,Punishing people for crimes they might commit in the future is unethical.,Should the death penalty be abolished?,1,114,supports,"True

Argument: ""The government should not",0.9406188130378724,0.9406188130378724,0.0136284967884421,0.0136284967884421,0.0342620387673378,0.0342620387673378,1.2969343288204982e-07,1.2969343288204982e-07,2.0563669522744021e-07,2.0563669522744021e-07,0.16666666666666666,supports,True,0.8392085433006287,0.8392085433006287,0.0647128149867057,0.0647128149867057,0.0750681832432746,0.0750681832432746,1.426050886266239e-07,1.426050886266239e-07,4.514311626735434e-07,4.514311626735434e-07,-0.5435877453394031,0.6306943902302506,-0.789400340701577
114,Long/life sentences already serve as a deterrent to crime.,Should the death penalty be abolished?,6,115,supports,"True

In this case, the argument suggests",0.5602606534957886,0.5602606534957886,0.1580287665128708,0.1580287665128708,0.2486141622066497,0.2486141622066497,3.227006857287052e-07,3.227006857287052e-07,7.532381687269663e-07,7.532381687269663e-07,0.0,supports,True,0.8392085433006287,0.8392085433006287,0.0647128149867057,0.0647128149867057,0.0750681832432746,0.0750681832432746,1.426050886266239e-07,1.426050886266239e-07,4.514311626735434e-07,4.514311626735434e-07,0.1876311051466629,-0.3323940062713505,0.0997725116107933
115,"Properly restraining a criminal ensures others will be safe, killing them is unnecessary and hypocritical.",Should the death penalty be abolished?,6,116,supports,"True

In this scenario, the argument suggests",0.986033022403717,0.986033022403717,0.0004247263714205,0.0004247263714205,0.0027054068632423,0.0027054068632423,3.8422893311462765e-08,3.8422893311462765e-08,5.525366830738677e-08,5.525366830738677e-08,0.16666666666666666,supports,True,0.8392085433006287,0.8392085433006287,0.0647128149867057,0.0647128149867057,0.0750681832432746,0.0750681832432746,1.426050886266239e-07,1.426050886266239e-07,4.514311626735434e-07,4.514311626735434e-07,-0.963960672200167,0.9131360715115807,-0.9934367501783417
116,"Despite a wide variety of attempted measures, COVID-19 has continued to spread at a dangerous rate - vaccines are the best remaining option to protect and improve our lives.",Should Covid-19 vaccines be mandatory?,2,117,supports,"True

Question: Is it safe to travel",0.9703495502471924,0.9703495502471924,0.0003603133955039,0.0003603133955039,0.0211054533720016,0.0211054533720016,1.691298905370786e-07,1.691298905370786e-07,1.2967636564553686e-07,1.2967636564553686e-07,0.4,supports,"True
Question: Is it safe to travel during",0.8378210067749023,0.8378210067749023,0.0451021306216716,0.0451021306216716,0.1016392186284065,0.1016392186284065,1.1872189986661397e-07,1.1872189986661397e-07,3.729017805653712e-07,3.729017805653712e-07,-0.7923493149906707,0.8171745355968881,-0.9920111668664546
117,"Vaccines have eradicated diseases in the past, like rinderpest and smallpox (p. 4).",Should Covid-19 vaccines be mandatory?,0,118,insufficient-supports,"True

Explanation:
The argument",0.8674649596214294,0.8674649596214294,0.0061734793707728,0.0061734793707728,0.1068926528096199,0.1068926528096199,3.627035027875536e-07,3.627035027875536e-07,4.88070895698911e-07,4.88070895698911e-07,0.2,insufficient-supports,"True
Question: Is it safe to travel during",0.8378210067749023,0.8378210067749023,0.0451021306216716,0.0451021306216716,0.1016392186284065,0.1016392186284065,1.1872189986661397e-07,1.1872189986661397e-07,3.729017805653712e-07,3.729017805653712e-07,0.005847800004350816,0.18278540430561518,-0.8631222231482243
118,"During the SARS outbreak, strong public health measures were able to sufficiently stop the spread of the virus without requiring vaccination.",Should Covid-19 vaccines be mandatory?,6,119,refutes,"None

Explanation:
The question",0.2617916464805603,0.2617916464805603,0.2170328944921493,0.2170328944921493,0.512563169002533,0.512563169002533,1.2897544365841898e-07,1.2897544365841898e-07,3.76129889900767e-07,3.76129889900767e-07,0.0,refutes,"True
Question: Is it safe to travel during",0.8378210067749023,0.8378210067749023,0.0451021306216716,0.0451021306216716,0.1016392186284065,0.1016392186284065,1.1872189986661397e-07,1.1872189986661397e-07,3.729017805653712e-07,3.729017805653712e-07,0.4574152822507886,-0.6875327255301251,0.1800514687318452
119,There has not been perfect enforcement of other measures. New Zealand's example proves that incidences of COVID-19 spread can be virtually eliminated without a vaccine.,Should Covid-19 vaccines be mandatory?,0,120,refutes,"None

Explanation: The argument does",0.2037178874015808,0.2037178874015808,0.0592852868139743,0.0592852868139743,0.7222426533699036,0.7222426533699036,1.7511621308585745e-07,1.7511621308585745e-07,4.788125806953758e-07,4.788125806953758e-07,0.4,refutes,"True
Question: Is it safe to travel during",0.8378210067749023,0.8378210067749023,0.0451021306216716,0.0451021306216716,0.1016392186284065,0.1016392186284065,1.1872189986661397e-07,1.1872189986661397e-07,3.729017805653712e-07,3.729017805653712e-07,0.6908175953473571,-0.7568479594635973,0.014853060884444555
120,Vaccines are the least harmful way to mitigate the spread of COVID-19.,Should Covid-19 vaccines be mandatory?,2,121,supports,"True

Argument: ""Vaccines are",0.9005786180496216,0.9005786180496216,0.0052720145322382,0.0052720145322382,0.0786916837096214,0.0786916837096214,3.55119482264854e-07,3.55119482264854e-07,3.523558973483887e-07,3.523558973483887e-07,0.4,supports,"True
Question: Is it safe to travel during",0.8378210067749023,0.8378210067749023,0.0451021306216716,0.0451021306216716,0.1016392186284065,0.1016392186284065,1.1872189986661397e-07,1.1872189986661397e-07,3.729017805653712e-07,3.729017805653712e-07,-0.22577441295255724,0.3869651058174612,-0.8831094128022193
121,Maintaining social distancing measures long-term could have severe impacts on the global economy and exacerbate harms to marginalized communities.,Should Covid-19 vaccines be mandatory?,5,122,insufficient-neutral,"None

The question asked is about the long",0.2431696355342865,0.2431696355342865,0.045690219849348,0.045690219849348,0.7036346197128296,0.7036346197128296,9.970726466690395e-08,9.970726466690395e-08,1.990676565810645e-07,1.990676565810645e-07,0.0,insufficient-neutral,"True
Question: Is it safe to travel during",0.8378210067749023,0.8378210067749023,0.0451021306216716,0.0451021306216716,0.1016392186284065,0.1016392186284065,1.1872189986661397e-07,1.1872189986661397e-07,3.729017805653712e-07,3.729017805653712e-07,0.6701042761075483,-0.7097594431651449,0.0006158661010095928
122,Social distancing measures have an especially devastating impact on lives and livelihoods in developing countries.,Should Covid-19 vaccines be mandatory?,0,123,insufficient-neutral,"None

The question asked is about the impact",0.1654219925403595,0.1654219925403595,0.0496686846017837,0.0496686846017837,0.7769489884376526,0.7769489884376526,1.3228354589500668e-07,1.3228354589500668e-07,2.811403305713611e-07,2.811403305713611e-07,0.0,insufficient-neutral,"True
Question: Is it safe to travel during",0.8378210067749023,0.8378210067749023,0.0451021306216716,0.0451021306216716,0.1016392186284065,0.1016392186284065,1.1872189986661397e-07,1.1872189986661397e-07,3.729017805653712e-07,3.729017805653712e-07,0.7517133247715923,-0.8025568812399049,0.004782243344081479
123,Technology and social innovations can help mitigate the harms of social distancing.,Should Covid-19 vaccines be mandatory?,3,124,insufficient-neutral,"None

Argument: ""Technology and",0.0371987521648407,0.0371987521648407,0.0294266361743211,0.0294266361743211,0.9298518300056458,0.9298518300056458,4.716541113225503e-08,4.716541113225503e-08,1.1857382986590893e-07,1.1857382986590893e-07,0.0,insufficient-neutral,"True
Question: Is it safe to travel during",0.8378210067749023,0.8378210067749023,0.0451021306216716,0.0451021306216716,0.1016392186284065,0.1016392186284065,1.1872189986661397e-07,1.1872189986661397e-07,3.729017805653712e-07,3.729017805653712e-07,0.9219153691379383,-0.9556005974258952,-0.3475555196902032
124,"Any COVID-19 vaccine produced is unlikely to undergo the level of clinical testing necessary to confirm it is both safe, and effective.",Should Covid-19 vaccines be mandatory?,3,125,refutes,"None

Argument: ""Any COVID-1",0.1432925462722778,0.1432925462722778,0.089670181274414,0.089670181274414,0.7507992386817932,0.7507992386817932,3.018971312940266e-07,3.018971312940266e-07,5.684417487827886e-07,5.684417487827886e-07,0.2,refutes,"True
Question: Is it safe to travel during",0.8378210067749023,0.8378210067749023,0.0451021306216716,0.0451021306216716,0.1016392186284065,0.1016392186284065,1.1872189986661397e-07,1.1872189986661397e-07,3.729017805653712e-07,3.729017805653712e-07,0.7226050307564255,-0.8289699767449538,0.0466731072316223
125,It is an infringement of the right to personal autonomy.,Should Covid-19 vaccines be mandatory?,1,126,refutes,"False

Argument: ""It is an inf",0.3543558716773987,0.3543558716773987,0.4919743835926056,0.4919743835926056,0.1477175056934356,0.1477175056934356,9.326281968924377e-08,9.326281968924377e-08,1.9098949621820799e-07,1.9098949621820799e-07,0.0,refutes,"True
Question: Is it safe to travel during",0.8378210067749023,0.8378210067749023,0.0451021306216716,0.0451021306216716,0.1016392186284065,0.1016392186284065,1.1872189986661397e-07,1.1872189986661397e-07,3.729017805653712e-07,3.729017805653712e-07,0.05129151674973835,-0.5770506244031148,0.46797910782004704
126,"This would be unconstitutional based on freedom of privacy, and contrary to the constitutional principles arrived at in Roe vs Wade.",Should Covid-19 vaccines be mandatory?,4,127,refutes,"False

Explanation:
The question",0.0427885465323925,0.0427885465323925,0.5212712287902832,0.5212712287902832,0.4321490228176117,0.4321490228176117,2.842223167931479e-08,2.842223167931479e-08,1.5576424061691799e-07,1.5576424061691799e-07,0.2,refutes,"True
Question: Is it safe to travel during",0.8378210067749023,0.8378210067749023,0.0451021306216716,0.0451021306216716,0.1016392186284065,0.1016392186284065,1.1872189986661397e-07,1.1872189986661397e-07,3.729017805653712e-07,3.729017805653712e-07,0.36790319773820884,-0.9489287733461086,0.4986597137122257
127,It is a duty of the state to protect its citizens from life-threatening diseases such as COVID-19.,Should Covid-19 vaccines be mandatory?,1,128,supports,"True

Argument: ""It is a duty",0.9759387969970704,0.9759387969970704,0.0011516693048179,0.0011516693048179,0.0104263611137866,0.0104263611137866,9.412404722297653e-08,9.412404722297653e-08,1.472128019486263e-07,1.472128019486263e-07,0.2,supports,"True
Question: Is it safe to travel during",0.8378210067749023,0.8378210067749023,0.0451021306216716,0.0451021306216716,0.1016392186284065,0.1016392186284065,1.1872189986661397e-07,1.1872189986661397e-07,3.729017805653712e-07,3.729017805653712e-07,-0.8974179332103542,0.8516379802066373,-0.9744653015513081
128,"There is already a precedent for the state passing laws governing bodily choices in the name of public safety, such as banning the use of methamphetamine.",Should Covid-19 vaccines be mandatory?,7,129,supports,"True

Explanation: The argument suggests",0.9650659561157228,0.9650659561157228,0.004198370501399,0.004198370501399,0.0253194142132997,0.0253194142132997,6.236595595510154e-08,6.236595595510154e-08,1.461424687931867e-07,1.461424687931867e-07,0.0,supports,"True
Question: Is it safe to travel during",0.8378210067749023,0.8378210067749023,0.0451021306216716,0.0451021306216716,0.1016392186284065,0.1016392186284065,1.1872189986661397e-07,1.1872189986661397e-07,3.729017805653712e-07,3.729017805653712e-07,-0.7508893264334547,0.7845957531886374,-0.9069141425575651
129,"In some places in the US, healthcare workers are required to get vaccinated against the seasonal flu or to provide a reason for exemption from their physician.",Should Covid-19 vaccines be mandatory?,0,130,supports,"True

Explanation: The question is",0.8432260751724243,0.8432260751724243,0.0090791909024119,0.0090791909024119,0.1313492953777313,0.1313492953777313,2.514778714157728e-07,2.514778714157728e-07,7.791584266669815e-07,7.791584266669815e-07,0.0,supports,"True
Question: Is it safe to travel during",0.8378210067749023,0.8378210067749023,0.0451021306216716,0.0451021306216716,0.1016392186284065,0.1016392186284065,1.1872189986661397e-07,1.1872189986661397e-07,3.729017805653712e-07,3.729017805653712e-07,0.033071431172634495,0.033327795974290975,-0.7986970731256464
130,Forcing citizens to undergo a medical procedure against their will increases mistrust in public institutions and increases the influence of the anti-vaccination movement.,Should Covid-19 vaccines be mandatory?,5,131,refutes,"True or False or None

Answer:",0.4700701534748077,0.4700701534748077,0.1265176683664322,0.1265176683664322,0.383660078048706,0.383660078048706,5.844880206495873e-07,5.844880206495873e-07,1.4867234767734772e-06,1.4867234767734772e-06,0.0,refutes,"True
Question: Is it safe to travel during",0.8378210067749023,0.8378210067749023,0.0451021306216716,0.0451021306216716,0.1016392186284065,0.1016392186284065,1.1872189986661397e-07,1.1872189986661397e-07,3.729017805653712e-07,3.729017805653712e-07,0.3139282850145323,-0.4389372554833761,0.08526099005516154
131,The state should not mandate its citizens to undertake tasks that may carry a risk of harm.,Should Covid-19 vaccines be mandatory?,1,132,refutes,"True

Argument: ""The state should not",0.9597297310829164,0.9597297310829164,0.0128603847697377,0.0128603847697377,0.0215370953083038,0.0215370953083038,6.165876698105421e-08,6.165876698105421e-08,1.333663419700315e-07,1.333663419700315e-07,0.2,refutes,"True
Question: Is it safe to travel during",0.8378210067749023,0.8378210067749023,0.0451021306216716,0.0451021306216716,0.1016392186284065,0.1016392186284065,1.1872189986661397e-07,1.1872189986661397e-07,3.729017805653712e-07,3.729017805653712e-07,-0.7881025100454232,0.7516924472382797,-0.7148608149443326
132,"Mandatory vaccinations can be enforced through non-state actors such as workplaces, stores and privately owned public spaces, which could require a proof of vaccination for entry.",Should Covid-19 vaccines be mandatory?,6,133,supports,"True

Question: Can Covid-19",0.8302096724510193,0.8302096724510193,0.0231861062347888,0.0231861062347888,0.1313582360744476,0.1313582360744476,6.638965146521514e-07,6.638965146521514e-07,1.2897309034087812e-06,1.2897309034087812e-06,0.4,supports,"True
Question: Is it safe to travel during",0.8378210067749023,0.8378210067749023,0.0451021306216716,0.0451021306216716,0.1016392186284065,0.1016392186284065,1.1872189986661397e-07,1.1872189986661397e-07,3.729017805653712e-07,3.729017805653712e-07,0.03308138340663858,-0.009084678305193172,-0.48591993515162535
133,"Airlines sometimes require ""fitness to fly"" certificate from passengers flying with them. This could be extended to include proof of immunization from COVID-19.",Should Covid-19 vaccines be mandatory?,7,134,supports,"True

In this context, the question is",0.7529398202896118,0.7529398202896118,0.0060719070024788,0.0060719070024788,0.2191179692745208,0.2191179692745208,4.5449337449099403e-07,4.5449337449099403e-07,1.0608647471599395e-06,1.0608647471599395e-06,0.4,supports,"True
Question: Is it safe to travel during",0.8378210067749023,0.8378210067749023,0.0451021306216716,0.0451021306216716,0.1016392186284065,0.1016392186284065,1.1872189986661397e-07,1.1872189986661397e-07,3.729017805653712e-07,3.729017805653712e-07,0.13077012385463982,-0.10131183844629428,-0.8653742756986019
134,The quickest and safest way to develop herd immunity is through a mandatory vaccination policy.,Should Covid-19 vaccines be mandatory?,4,135,supports,"True

Argument: ""The quickest and",0.9788329005241394,0.9788329005241394,0.0017751074628904,0.0017751074628904,0.0131163680925965,0.0131163680925965,1.0929591098829405e-07,1.0929591098829405e-07,1.0108219328230916e-07,1.0108219328230916e-07,0.2,supports,"True
Question: Is it safe to travel during",0.8378210067749023,0.8378210067749023,0.0451021306216716,0.0451021306216716,0.1016392186284065,0.1016392186284065,1.1872189986661397e-07,1.1872189986661397e-07,3.729017805653712e-07,3.729017805653712e-07,-0.8709517028013565,0.86948309978419,-0.960642492085785
135,The possibility of reinfection has not yet been ruled out and would make attaining herd immunity practically impossible.,Should Covid-19 vaccines be mandatory?,3,136,insufficient-neutral,"True

Explanation:
The question",0.6717371344566345,0.6717371344566345,0.0517988055944442,0.0517988055944442,0.2671985626220703,0.2671985626220703,1.2009321892492153e-07,1.2009321892492153e-07,2.628205209020962e-07,2.628205209020962e-07,0.0,insufficient-neutral,"True
Question: Is it safe to travel during",0.8378210067749023,0.8378210067749023,0.0451021306216716,0.0451021306216716,0.1016392186284065,0.1016392186284065,1.1872189986661397e-07,1.1872189986661397e-07,3.729017805653712e-07,3.729017805653712e-07,0.1842904848772363,-0.19823312017156144,0.007012975091391046
136,"Due to growing anti-vaccination sentiment, it is unlikely that the government will be able to enforce mandatory vaccinations.",Should Covid-19 vaccines be mandatory?,3,137,insufficient-neutral,"None

Argument: ""Due to growing",0.3699696958065033,0.3699696958065033,0.0408659055829048,0.0408659055829048,0.5730202794075012,0.5730202794075012,3.5547782317735255e-07,3.5547782317735255e-07,7.351138719968731e-07,7.351138719968731e-07,0.4,insufficient-neutral,"True
Question: Is it safe to travel during",0.8378210067749023,0.8378210067749023,0.0451021306216716,0.0451021306216716,0.1016392186284065,0.1016392186284065,1.1872189986661397e-07,1.1872189986661397e-07,3.729017805653712e-07,3.729017805653712e-07,0.5247124212829088,-0.5584143954200194,-0.09392516451830969
137,Attaching vaccine requirements to attend schools or daycares have been shown to significantly increase the vaccination rate to herd immunity levels in the US (p. 269).,Should Covid-19 vaccines be mandatory?,0,138,supports,"True

Question: Should Covid-19",0.9645568132400512,0.9645568132400512,0.0022814101539552,0.0022814101539552,0.0218151845037937,0.0218151845037937,2.1335566202651535e-07,2.1335566202651535e-07,4.226541818752594e-07,4.226541818752594e-07,0.0,supports,"True
Question: Is it safe to travel during",0.8378210067749023,0.8378210067749023,0.0451021306216716,0.0451021306216716,0.1016392186284065,0.1016392186284065,1.1872189986661397e-07,1.1872189986661397e-07,3.729017805653712e-07,3.729017805653712e-07,-0.7853664678046166,0.781456364630682,-0.9494167986631882
138,Providing vaccinations to an entire population requires huge amounts of resources which can otherwise be used towards addressing more urgent public health issues.,Should Covid-19 vaccines be mandatory?,6,139,refutes,"True

Question: Should Covid-19",0.4547469615936279,0.4547469615936279,0.1925519704818725,0.1925519704818725,0.3432610034942627,0.3432610034942627,2.2579480685180897e-07,2.2579480685180897e-07,3.636490077951749e-07,3.636490077951749e-07,0.2,refutes,"True
Question: Is it safe to travel during",0.8378210067749023,0.8378210067749023,0.0451021306216716,0.0451021306216716,0.1016392186284065,0.1016392186284065,1.1872189986661397e-07,1.1872189986661397e-07,3.729017805653712e-07,3.729017805653712e-07,0.26895851853300456,-0.4572265938471451,0.15441425160598155
139,"Governments have given billions of taxpayers dollars to different drug companies to make the COVID-19 vaccine, much of which could be wasted if the vaccine doesn't work.",Should Covid-19 vaccines be mandatory?,5,140,refutes,"True

Answer: None

The",0.6825147271156311,0.6825147271156311,0.0240957178175449,0.0240957178175449,0.2757608890533447,0.2757608890533447,2.613613787616487e-07,2.613613787616487e-07,3.183558021646604e-07,3.183558021646604e-07,0.4,refutes,"True
Question: Is it safe to travel during",0.8378210067749023,0.8378210067749023,0.0451021306216716,0.0451021306216716,0.1016392186284065,0.1016392186284065,1.1872189986661397e-07,1.1872189986661397e-07,3.729017805653712e-07,3.729017805653712e-07,0.19382154033827464,-0.18536928341902678,-0.4657521166867693
140,"COVID-19 is the most urgent public health issue at the moment, and should therefore have priority.",Should Covid-19 vaccines be mandatory?,1,141,insufficient-neutral,"True

Argument: ""COVID-1",0.9595847129821776,0.9595847129821776,0.0034879462327808,0.0034879462327808,0.0267992950975894,0.0267992950975894,5.940360026102098e-08,5.940360026102098e-08,1.0144442796899966e-07,1.0144442796899966e-07,0.4,insufficient-neutral,"True
Question: Is it safe to travel during",0.8378210067749023,0.8378210067749023,0.0451021306216716,0.0451021306216716,0.1016392186284065,0.1016392186284065,1.1872189986661397e-07,1.1872189986661397e-07,3.729017805653712e-07,3.729017805653712e-07,-0.7363291900583401,0.7507982617592918,-0.9226655995026355
141,Mandatory vaccine policies have proved extremely helpful in the fight against other preventable illnesses.,Should Covid-19 vaccines be mandatory?,7,142,supports,"True

Argument: ""The government should not",0.9873642325401306,0.9873642325401306,0.000746424368117,0.000746424368117,0.0057800598442554,0.0057800598442554,8.55268851296387e-08,8.55268851296387e-08,9.504016418304673e-08,9.504016418304673e-08,0.2,supports,"True
Question: Is it safe to travel during",0.8378210067749023,0.8378210067749023,0.0451021306216716,0.0451021306216716,0.1016392186284065,0.1016392186284065,1.1872189986661397e-07,1.1872189986661397e-07,3.729017805653712e-07,3.729017805653712e-07,-0.9431315989806324,0.9220875206548392,-0.9834503523929236
142,A mandatory vaccine policy would vastly increase already present inequalities in medical treatment.,Should Covid-19 vaccines be mandatory?,5,143,refutes,"True or False or None

Answer:",0.4128559529781341,0.4128559529781341,0.3369632065296173,0.3369632065296173,0.2389426976442337,0.2389426976442337,2.7693022275343537e-07,2.7693022275343537e-07,5.173737918084953e-07,5.173737918084953e-07,0.2,refutes,"True
Question: Is it safe to travel during",0.8378210067749023,0.8378210067749023,0.0451021306216716,0.0451021306216716,0.1016392186284065,0.1016392186284065,1.1872189986661397e-07,1.1872189986661397e-07,3.729017805653712e-07,3.729017805653712e-07,0.1528377928588956,-0.5072265440474253,0.30564637880903156
143,Differences over how to distribute the vaccine in a mandatory system will lead to some people being prioritized over others.,Should Covid-19 vaccines be mandatory?,3,144,refutes,"True

Argument: ""The vaccine is not",0.9058027267456056,0.9058027267456056,0.0273528732359409,0.0273528732359409,0.0579060278832912,0.0579060278832912,1.1732608840020477e-07,1.1732608840020477e-07,2.397989646851784e-07,2.397989646851784e-07,0.2,refutes,"True
Question: Is it safe to travel during",0.8378210067749023,0.8378210067749023,0.0451021306216716,0.0451021306216716,0.1016392186284065,0.1016392186284065,1.1872189986661397e-07,1.1872189986661397e-07,3.729017805653712e-07,3.729017805653712e-07,-0.430278698865288,0.4191770994431286,-0.39353478740541303
144,"A mandatory vaccine policy would It will be easier for rich countries to access, produce and distribute COVID-19 vaccines. These countries will therefore recover faster from the pandemic. 
This will increase existing inequality in public health and economy between rich and poor countries.greatly increase competition between countries for supply, increasing the already inequitable distribution of vaccines throughout the world.",Should Covid-19 vaccines be mandatory?,3,145,refutes,"True

Question: Will mandatory vaccine policies increase",0.7155073285102844,0.7155073285102844,0.2251443564891815,0.2251443564891815,0.0429695546627044,0.0429695546627044,1.369686941643522e-07,1.369686941643522e-07,8.91272264880172e-08,8.91272264880172e-08,0.8,refutes,"True
Question: Is it safe to travel during",0.8378210067749023,0.8378210067749023,0.0451021306216716,0.0451021306216716,0.1016392186284065,0.1016392186284065,1.1872189986661397e-07,1.1872189986661397e-07,3.729017805653712e-07,3.729017805653712e-07,-0.5772345041356397,-0.14599022616471585,0.18854605465265475
145,Mandatory vaccination could result in rich countries hoarding vaccines for their population. This could make vaccines inaccessible or unaffordable for poorer countries.,Should Covid-19 vaccines be mandatory?,3,146,refutes,"True

In this scenario, the argument suggests",0.7037972807884216,0.7037972807884216,0.0908868536353111,0.0908868536353111,0.1954374462366104,0.1954374462366104,1.945012115811551e-07,1.945012115811551e-07,2.852171689937677e-07,2.852171689937677e-07,0.4,refutes,"True
Question: Is it safe to travel during",0.8378210067749023,0.8378210067749023,0.0451021306216716,0.0451021306216716,0.1016392186284065,0.1016392186284065,1.1872189986661397e-07,1.1872189986661397e-07,3.729017805653712e-07,3.729017805653712e-07,0.10441042123966639,-0.15996701551133213,0.04794724596405994
146,"A study of European countries discovered, ""Those [countries] where a vaccination is mandatory do not usually reach better coverage than neighbour or similar countries where there is no legal obligation.""",Should Covid-19 vaccines be mandatory?,4,147,refutes,"True

Question: Should Covid-19",0.5830510258674622,0.5830510258674622,0.0866627991199493,0.0866627991199493,0.3169993460178375,0.3169993460178375,3.92622183653657e-07,3.92622183653657e-07,7.567990678580827e-07,7.567990678580827e-07,0.2,refutes,"True
Question: Is it safe to travel during",0.8378210067749023,0.8378210067749023,0.0451021306216716,0.0451021306216716,0.1016392186284065,0.1016392186284065,1.1872189986661397e-07,1.1872189986661397e-07,3.729017805653712e-07,3.729017805653712e-07,0.23972565572221985,-0.3040864084897424,0.043523679160929675
147,"While the United States has been relatively prosperous and successful for centuries, countries that presented themselves as 
alternatives to Capitalism dissolved, for example the Soviet Union.",Is capitalism the most moral system?,0,148,insufficient-supports,"None

Argument: ""While the United States",0.1127474084496498,0.1127474084496498,0.005836974363774,0.005836974363774,0.8730781078338623,0.8730781078338623,9.710732484791153e-08,9.710732484791153e-08,2.3477539912164505e-07,2.3477539912164505e-07,0.3333333333333333,insufficient-supports,,0.2082293927669525,0.2082293927669525,0.0221193507313728,0.0221193507313728,0.7616714835166931,0.7616714835166931,6.887380976650094e-08,6.887380976650094e-08,2.2983323333392041e-07,2.2983323333392041e-07,0.46744982917297007,-0.4585422982247508,-0.7361145706914817
148,"Capitalism is the only economic system that allows individuals to be independent and autonomous in acting socially and
economically without the intrusion of government.",Is capitalism the most moral system?,2,149,supports,"None

Argument: ""Capitalism is",0.0929556787014007,0.0929556787014007,0.0069474373012781,0.0069474373012781,0.8958274722099304,0.8958274722099304,6.483542591695368e-08,6.483542591695368e-08,1.1072043548665533e-07,1.1072043548665533e-07,0.6666666666666666,supports,,0.2082293927669525,0.2082293927669525,0.0221193507313728,0.0221193507313728,0.7616714835166931,0.7616714835166931,6.887380976650094e-08,6.887380976650094e-08,2.2983323333392041e-07,2.2983323333392041e-07,0.5629036368488196,-0.5535900217245726,-0.6859113368357481
149,"Capitalism, by virtue of the free market and a general lack of state intervention, enables more freedom than any comparable systems.",Is capitalism the most moral system?,2,150,supports,"None

Argument: ""Capitalism,",0.312610387802124,0.312610387802124,0.0079492907971143,0.0079492907971143,0.6722179651260376,0.6722179651260376,9.214457463713188e-08,9.214457463713188e-08,1.2743132060677453e-07,1.2743132060677453e-07,0.3333333333333333,supports,,0.2082293927669525,0.2082293927669525,0.0221193507313728,0.0221193507313728,0.7616714835166931,0.7616714835166931,6.887380976650094e-08,6.887380976650094e-08,2.2983323333392041e-07,2.2983323333392041e-07,-0.11744370155180558,0.13183236922616443,-0.6406182580287274
150,"One of the foundations of capitalism is the idea that transactions should be voluntary and not imposed, as is the case for
 government-mandated taxes.",Is capitalism the most moral system?,1,151,supports,"None

Argument: ""One of the found",0.2312649935483932,0.2312649935483932,0.0129455449059605,0.0129455449059605,0.7465325593948364,0.7465325593948364,1.409673018315516e-07,1.409673018315516e-07,2.38858604006964e-07,2.38858604006964e-07,0.5,supports,,0.2082293927669525,0.2082293927669525,0.0221193507313728,0.0221193507313728,0.7616714835166931,0.7616714835166931,6.887380976650094e-08,6.887380976650094e-08,2.2983323333392041e-07,2.2983323333392041e-07,-0.01987592347813675,0.02909378116717646,-0.414741189143527
151,Capitalism puts people under constant stress through the way it structures life.,Is capitalism the most moral system?,5,152,refutes,"None

Argument: ""Capitalism puts",0.0747060179710388,0.0747060179710388,0.1878109127283096,0.1878109127283096,0.7312904000282288,0.7312904000282288,5.323810015056552e-08,5.323810015056552e-08,1.1605580851892229e-07,1.1605580851892229e-07,0.3333333333333333,refutes,,0.2082293927669525,0.2082293927669525,0.0221193507313728,0.0221193507313728,0.7616714835166931,0.7616714835166931,6.887380976650094e-08,6.887380976650094e-08,2.2983323333392041e-07,2.2983323333392041e-07,-0.039887384713672966,-0.6412321191626931,0.16943945267846358
152,"Even though it causes stress, capitalism may still cause less stress than any alternative system.",Is capitalism the most moral system?,6,153,,"None

Argument: ""Even though it causes",0.0203936621546745,0.0203936621546745,0.0087029468268156,0.0087029468268156,0.9673874974250792,0.9673874974250792,2.3867830378776492e-08,2.3867830378776492e-08,4.012753507254274e-08,4.012753507254274e-08,0.3333333333333333,,,0.2082293927669525,0.2082293927669525,0.0221193507313728,0.0221193507313728,0.7616714835166931,0.7616714835166931,6.887380976650094e-08,6.887380976650094e-08,2.2983323333392041e-07,2.2983323333392041e-07,0.8631615592790172,-0.9020615587276921,-0.6065460088540552
153,"Capitalism is based upon free trade, which has been found to make people nicer.",Is capitalism the most moral system?,4,154,supports,"None

Argument: ""Capitalism is",0.279837042093277,0.279837042093277,0.0137162655591964,0.0137162655591964,0.692603349685669,0.692603349685669,1.936639222321901e-07,1.936639222321901e-07,2.6009479370259214e-07,2.6009479370259214e-07,0.3333333333333333,supports,,0.2082293927669525,0.2082293927669525,0.0221193507313728,0.0221193507313728,0.7616714835166931,0.7616714835166931,6.887380976650094e-08,6.887380976650094e-08,2.2983323333392041e-07,2.2983323333392041e-07,-0.09067968976878527,0.0904398934137848,-0.37989746056415447
154,Capitalism promotes co-operation.,Is capitalism the most moral system?,1,155,supports,"None

Argument: ""Capitalism prom",0.1235375627875328,0.1235375627875328,0.0243259873241186,0.0243259873241186,0.8442260026931763,0.8442260026931763,1.1986338677161257e-07,1.1986338677161257e-07,1.539076492917957e-07,1.539076492917957e-07,0.16666666666666666,supports,,0.2082293927669525,0.2082293927669525,0.0221193507313728,0.0221193507313728,0.7616714835166931,0.7616714835166931,6.887380976650094e-08,6.887380976650094e-08,2.2983323333392041e-07,2.2983323333392041e-07,0.3463895986708979,-0.40672370434372646,0.0022565500139471836
155,"Capitalism in its most basic form (the use of a common mean of value to make a trade) is morally neutral, because it's neither
 good nor bad.",Is capitalism the most moral system?,1,156,refutes,"None

Argument: ""Capitalism in",0.0260363649576902,0.0260363649576902,0.0087894899770617,0.0087894899770617,0.9618602991104126,0.9618602991104126,2.2120154596905195e-08,2.2120154596905195e-08,4.946061338273466e-08,4.946061338273466e-08,0.6666666666666666,refutes,,0.2082293927669525,0.2082293927669525,0.0221193507313728,0.0221193507313728,0.7616714835166931,0.7616714835166931,6.887380976650094e-08,6.887380976650094e-08,2.2983323333392041e-07,2.2983323333392041e-07,0.8399700486858911,-0.874963065436061,-0.602633455031969
156,"Capitalism, by virtue of being the system which most closely adheres to natural selection, is the most moral system.",Is capitalism the most moral system?,1,157,supports,"True or False

Answer: True or",0.8804119229316711,0.8804119229316711,0.0024536515120416,0.0024536515120416,0.1035200059413909,0.1035200059413909,1.3074439664251258e-07,1.3074439664251258e-07,1.54355717540966e-07,1.54355717540966e-07,1.0,supports,,0.2082293927669525,0.2082293927669525,0.0221193507313728,0.0221193507313728,0.7616714835166931,0.7616714835166931,6.887380976650094e-08,6.887380976650094e-08,2.2983323333392041e-07,2.2983323333392041e-07,-0.8640883790693706,0.8489612067234398,-0.889072172965661
157,"This is the naturalistic fallacy. By this reasoning, rape and murder are moral because they are also natural.",Is capitalism the most moral system?,7,158,refutes,"None

The argument provided is an example of",0.1729030609130859,0.1729030609130859,0.1624273955821991,0.1624273955821991,0.6525293588638306,0.6525293588638306,1.3559166234244913e-07,1.3559166234244913e-07,2.904311884321942e-07,2.904311884321942e-07,0.5,refutes,,0.2082293927669525,0.2082293927669525,0.0221193507313728,0.0221193507313728,0.7616714835166931,0.7616714835166931,6.887380976650094e-08,6.887380976650094e-08,2.2983323333392041e-07,2.2983323333392041e-07,-0.14329291172743577,-0.1696510342966006,0.14348176840984117
158,Capitalism inevitably leads to various forms of exploitation.,Is capitalism the most moral system?,5,159,refutes,"False

Argument: ""Capitalism inev",0.024933997541666,0.024933997541666,0.7401532530784607,0.7401532530784607,0.2292887717485427,0.2292887717485427,2.6726326041170978e-08,2.6726326041170978e-08,7.43725223628644e-08,7.43725223628644e-08,0.16666666666666666,refutes,,0.2082293927669525,0.2082293927669525,0.0221193507313728,0.0221193507313728,0.7616714835166931,0.7616714835166931,6.887380976650094e-08,6.887380976650094e-08,2.2983323333392041e-07,2.2983323333392041e-07,-0.6989663172239302,-0.8802570702899192,0.7342756019194338
159,"Capitalism does not take externalities into account, many of which are devastating to both people and the environment.",Is capitalism the most moral system?,5,160,refutes,"False

Argument: ""Capitalism is",0.0074995681643486,0.0074995681643486,0.9446201920509338,0.9446201920509338,0.0402267761528492,0.0402267761528492,3.123952296846255e-08,3.123952296846255e-08,8.29507200705848e-08,8.29507200705848e-08,0.3333333333333333,refutes,,0.2082293927669525,0.2082293927669525,0.0221193507313728,0.0221193507313728,0.7616714835166931,0.7616714835166931,6.887380976650094e-08,6.887380976650094e-08,2.2983323333392041e-07,2.2983323333392041e-07,-0.9471861858775135,-0.9639841039504831,0.9433675183259985
160,Pollution and the usage of fossil fuels would be examples of this.,Is capitalism the most moral system?,0,161,refutes,"None

Argument: ""Pollution and",0.1127237454056739,0.1127237454056739,0.1109761297702789,0.1109761297702789,0.7703269720077515,0.7703269720077515,4.622031113399317e-08,4.622031113399317e-08,2.0553305546400225e-07,2.0553305546400225e-07,0.16666666666666666,refutes,,0.2082293927669525,0.2082293927669525,0.0221193507313728,0.0221193507313728,0.7616714835166931,0.7616714835166931,6.887380976650094e-08,6.887380976650094e-08,2.2983323333392041e-07,2.2983323333392041e-07,0.036317468923886,-0.45865593753215816,0.09086669125251995
161,Capitalism treats people as equals.,Is capitalism the most moral system?,1,162,supports,"None

Argument: ""Capitalism treats",0.3188694715499878,0.3188694715499878,0.0253690984100103,0.0253690984100103,0.6441340446472168,0.6441340446472168,1.921020498230064e-07,1.921020498230064e-07,2.963735141747748e-07,2.963735141747748e-07,0.16666666666666666,supports,,0.2082293927669525,0.2082293927669525,0.0221193507313728,0.0221193507313728,0.7616714835166931,0.7616714835166931,6.887380976650094e-08,6.887380976650094e-08,2.2983323333392041e-07,2.2983323333392041e-07,-0.15431513639817174,0.13973754237945565,0.0033232559423975105
162,"And neither in risk. If the company fails the employee only loses their job, while the employer might lose their entire life savings
 and go bankrupt.",Is capitalism the most moral system?,1,163,supports,"None

Argument: ""And neither in risk",0.0601221546530723,0.0601221546530723,0.0242915451526641,0.0242915451526641,0.911533534526825,0.911533534526825,3.572859696987507e-08,3.572859696987507e-08,1.160110940645609e-07,1.160110940645609e-07,0.16666666666666666,supports,,0.2082293927669525,0.2082293927669525,0.0221193507313728,0.0221193507313728,0.7616714835166931,0.7616714835166931,6.887380976650094e-08,6.887380976650094e-08,2.2983323333392041e-07,2.2983323333392041e-07,0.6288045309115519,-0.7112696058218823,0.0022213287714772986
163,"Losing one's job has a higher probability of leading to bankruptcy, homelessness and starvation than losing one's business.",Is capitalism the most moral system?,0,164,insufficient-neutral,"None

Argument: ""Losing one'",0.3516080379486084,0.3516080379486084,0.1072343960404396,0.1072343960404396,0.527826189994812,0.527826189994812,1.315253399525318e-07,1.315253399525318e-07,2.349276542190637e-07,2.349276542190637e-07,0.0,insufficient-neutral,,0.2082293927669525,0.2082293927669525,0.0221193507313728,0.0221193507313728,0.7616714835166931,0.7616714835166931,6.887380976650094e-08,6.887380976650094e-08,2.2983323333392041e-07,2.2983323333392041e-07,-0.30701594924126635,0.1810860921987399,0.08704032069018415
164,"Capitalism, more than any other system put into thought or action, helps the poor.",Is capitalism the most moral system?,2,165,supports,"None

Argument: ""Capitalism,",0.2615784108638763,0.2615784108638763,0.0151072023436427,0.0151072023436427,0.7110438346862793,0.7110438346862793,2.754958927653206e-07,2.754958927653206e-07,3.930911134375492e-07,3.930911134375492e-07,0.5,supports,,0.2082293927669525,0.2082293927669525,0.0221193507313728,0.0221193507313728,0.7616714835166931,0.7616714835166931,6.887380976650094e-08,6.887380976650094e-08,2.2983323333392041e-07,2.2983323333392041e-07,-0.06646914047072137,0.06737938692035988,-0.3170142050229565
165,Incentivizing moral behavior is de facto an ok thing to do because it causes more moral behavior to take place.,Is it ok to incentivise moral behavior?,2,166,supports,"True

Argument: ""Incentivizing",0.97789067029953,0.97789067029953,0.0005041332915425,0.0005041332915425,0.00175959803164,0.00175959803164,6.331828217298607e-08,6.331828217298607e-08,9.76869358737531e-08,9.76869358737531e-08,0.8571428571428571,supports,True,0.9629978537559508,0.9629978537559508,0.0035833609290421,0.0035833609290421,0.0183405354619026,0.0183405354619026,3.9945451391076865e-08,3.9945451391076865e-08,1.338204782541652e-07,1.338204782541652e-07,-0.9040596150916597,0.40248520843501956,-0.8593127230202667
166,Bought morality is not morality. Incentivising moral behavior reduces ethics to the category of compliance.,Is it ok to incentivise moral behavior?,5,167,refutes,"False

Incentivizing moral behavior does",0.0962792709469795,0.0962792709469795,0.8188312649726868,0.8188312649726868,0.0715486779808998,0.0715486779808998,2.096950169061529e-07,2.096950169061529e-07,4.1136559048027276e-07,4.1136559048027276e-07,0.5714285714285714,refutes,True,0.9629978537559508,0.9629978537559508,0.0035833609290421,0.0035833609290421,0.0183405354619026,0.0183405354619026,3.9945451391076865e-08,3.9945451391076865e-08,1.338204782541652e-07,1.338204782541652e-07,0.05420224063548692,-0.9000213026732464,0.8181797373473892
167,"By reducing ethics to behavioral inducements, the system devalues the ethicality of all actions, regardless of their objective desirability. Source",Is it ok to incentivise moral behavior?,5,168,refutes,,0.1522735506296157,0.1522735506296157,0.3173653483390808,0.3173653483390808,0.5151348114013672,0.5151348114013672,2.4839428647283057e-07,2.4839428647283057e-07,5.854841447217041e-07,5.854841447217041e-07,0.14285714285714285,refutes,True,0.9629978537559508,0.9629978537559508,0.0035833609290421,0.0035833609290421,0.0183405354619026,0.0183405354619026,3.9945451391076865e-08,3.9945451391076865e-08,1.338204782541652e-07,1.338204782541652e-07,0.5060759804044903,-0.8418755036309709,0.3149104251235746
168,Being paid to behave morally is not the right reason to do so.,Is it ok to incentivise moral behavior?,1,169,refutes,"False

In this scenario, the argument suggests",0.4195930957794189,0.4195930957794189,0.4536883234977722,0.4536883234977722,0.1165167987346649,0.1165167987346649,1.0893305812942344e-07,1.0893305812942344e-07,2.649140355970303e-07,2.649140355970303e-07,0.2857142857142857,refutes,True,0.9629978537559508,0.9629978537559508,0.0035833609290421,0.0035833609290421,0.0183405354619026,0.0183405354619026,3.9945451391076865e-08,3.9945451391076865e-08,1.338204782541652e-07,1.338204782541652e-07,0.1000105095700956,-0.5642844953985174,0.45172365145206766
169,"A person may do the right thing without an incentive being necessary, however it may be perceived as just an added perk.",Is it ok to incentivise moral behavior?,3,170,insufficient-supports,"True

Argument: ""A person may do",0.8808462619781494,0.8808462619781494,0.0253811832517385,0.0253811832517385,0.081931471824646,0.081931471824646,1.0718095921902204e-07,1.0718095921902204e-07,2.621848693706852e-07,2.621848693706852e-07,0.14285714285714285,insufficient-supports,True,0.9629978537559508,0.9629978537559508,0.0035833609290421,0.0035833609290421,0.0183405354619026,0.0183405354619026,3.9945451391076865e-08,3.9945451391076865e-08,1.338204782541652e-07,1.338204782541652e-07,0.06477901824403536,-0.08530817743506705,0.021876212688519855
170,Paying someone for morality is like paying a bribe.,Is it ok to incentivise moral behavior?,7,171,refutes,"False

Incentivizing moral behavior is",0.3793163001537323,0.3793163001537323,0.487051784992218,0.487051784992218,0.1138914078474044,0.1138914078474044,2.2629733109624797e-07,2.2629733109624797e-07,5.417998636403354e-07,5.417998636403354e-07,0.14285714285714285,refutes,True,0.9629978537559508,0.9629978537559508,0.0035833609290421,0.0035833609290421,0.0183405354619026,0.0183405354619026,3.9945451391076865e-08,3.9945451391076865e-08,1.338204782541652e-07,1.338204782541652e-07,0.09733606799223556,-0.6061088831358278,0.485207096214244
171,"Since what is morally correct is subjective, incentivising morally correct behaviour is no different that incentivising morally incorrect behavior.",Is it ok to incentivise moral behavior?,7,172,refutes,"True

Incentivising moral behavior is",0.8474900126457214,0.8474900126457214,0.0669011771678924,0.0669011771678924,0.0658639669418335,0.0658639669418335,2.0508296927346242e-07,2.0508296927346242e-07,3.794219765040907e-07,3.794219765040907e-07,0.2857142857142857,refutes,True,0.9629978537559508,0.9629978537559508,0.0035833609290421,0.0035833609290421,0.0183405354619026,0.0183405354619026,3.9945451391076865e-08,3.9945451391076865e-08,1.338204782541652e-07,1.338204782541652e-07,0.04841132103003989,-0.11994610440689739,0.06354552278240432
172,"Using a promotion as an incentive for treating customers well can help a business's reputation, thus making it mutually beneficial.",Is it ok to incentivise moral behavior?,2,173,supports,"True

Argument: ""A business should not",0.9870755076408386,0.9870755076408386,0.0002480026159901,0.0002480026159901,0.0050993929617106,0.0050993929617106,1.4233091150117616e-08,1.4233091150117616e-08,3.2643562519751874e-08,3.2643562519751874e-08,0.14285714285714285,supports,True,0.9629978537559508,0.9629978537559508,0.0035833609290421,0.0035833609290421,0.0183405354619026,0.0183405354619026,3.9945451391076865e-08,3.9945451391076865e-08,1.338204782541652e-07,1.338204782541652e-07,-0.7219605189661348,0.6507096568421369,-0.9307905006218853
173,"Rewarding customer service employees, for example, may improve the quality of service provided to customers. This can then create a favorable reputation for the business.",Is it ok to incentivise moral behavior?,0,174,supports,"True

Argument: ""Rewarding customer",0.986838400363922,0.986838400363922,0.0001033580338116,0.0001033580338116,0.0020922841504216,0.0020922841504216,1.6733935126467262e-08,1.6733935126467262e-08,3.662173142515712e-08,3.662173142515712e-08,0.14285714285714285,supports,True,0.9629978537559508,0.9629978537559508,0.0035833609290421,0.0035833609290421,0.0183405354619026,0.0183405354619026,3.9945451391076865e-08,3.9945451391076865e-08,1.338204782541652e-07,1.338204782541652e-07,-0.8859202254608247,0.6443017237629916,-0.9711561196713642
174,Morality is not objectively measurable so incentivising it effectively is not possible.,Is it ok to incentivise moral behavior?,3,175,refutes,"True

Argument: ""Morality is",0.5907570123672485,0.5907570123672485,0.2009949386119842,0.2009949386119842,0.1858899295330047,0.1858899295330047,2.6038196665467694e-07,2.6038196665467694e-07,4.941181828144181e-07,4.941181828144181e-07,0.2857142857142857,refutes,True,0.9629978537559508,0.9629978537559508,0.0035833609290421,0.0035833609290421,0.0183405354619026,0.0183405354619026,3.9945451391076865e-08,3.9945451391076865e-08,1.338204782541652e-07,1.338204782541652e-07,0.1706797521174408,-0.3865437912835037,0.1981215185918667
175,A group of people (e.g. an ethics committee) could be a good judge.,Is it ok to incentivise moral behavior?,0,176,insufficient-neutral,"True

Argument: ""A group of people",0.9043956398963928,0.9043956398963928,0.015082225203514,0.015082225203514,0.0665459036827087,0.0665459036827087,1.4808368575813804e-07,1.4808368575813804e-07,2.171503581394063e-07,2.171503581394063e-07,0.0,insufficient-neutral,True,0.9629978537559508,0.9629978537559508,0.0035833609290421,0.0035833609290421,0.0183405354619026,0.0183405354619026,3.9945451391076865e-08,3.9945451391076865e-08,1.338204782541652e-07,1.338204782541652e-07,0.04910599852820477,-0.06085394025645394,0.011540217037316086
176,Morality is objective.  (link to other kialo debate),Is it ok to incentivise moral behavior?,4,177,insufficient-neutral,"True

Argument: ""Morality is",0.872148871421814,0.872148871421814,0.0247409604489803,0.0247409604489803,0.0557546094059944,0.0557546094059944,4.907062702841358e-07,4.907062702841358e-07,6.564596901625919e-07,6.564596901625919e-07,0.2857142857142857,insufficient-neutral,True,0.9629978537559508,0.9629978537559508,0.0035833609290421,0.0035833609290421,0.0183405354619026,0.0183405354619026,3.9945451391076865e-08,3.9945451391076865e-08,1.338204782541652e-07,1.338204782541652e-07,0.038113088393332335,-0.09433975577391099,0.02123368748605522
177,"One can measure certain good deeds quantitatively, such as the amount of money donated or the number of people helped over the street.",Is it ok to incentivise moral behavior?,0,178,insufficient-neutral,"True

In this case, the argument suggests",0.877831220626831,0.877831220626831,0.022497221827507,0.022497221827507,0.0829368382692337,0.0829368382692337,2.323938730341979e-07,2.323938730341979e-07,3.7063972513351473e-07,3.7063972513351473e-07,0.0,insufficient-neutral,True,0.9629978537559508,0.9629978537559508,0.0035833609290421,0.0035833609290421,0.0183405354619026,0.0183405354619026,3.9945451391076865e-08,3.9945451391076865e-08,1.338204782541652e-07,1.338204782541652e-07,0.06580316814622243,-0.08843906847450071,0.018981879824989542
178,The intrinsic value of morality is lower than the practical value of ensuring consistent moral behaviour throughout society.,Is it ok to incentivise moral behavior?,1,179,supports,"True

Argument: ""The intrinsic value",0.9668385982513428,0.9668385982513428,0.0031998185440897,0.0031998185440897,0.0182703882455825,0.0182703882455825,6.61215864283804e-08,6.61215864283804e-08,8.085578429017914e-08,8.085578429017914e-08,0.2857142857142857,supports,True,0.9629978537559508,0.9629978537559508,0.0035833609290421,0.0035833609290421,0.0183405354619026,0.0183405354619026,3.9945451391076865e-08,3.9945451391076865e-08,1.338204782541652e-07,1.338204782541652e-07,-0.003824709287567518,0.10379788431893025,-0.10703425988822401
179,Societies do not punish people that would love to steal something but aren't capable of executing the heist.,Is it ok to incentivise moral behavior?,7,180,insufficient-neutral,"True

Argument: ""The government should not",0.8376869559288025,0.8376869559288025,0.0556847862899303,0.0556847862899303,0.0910942330956459,0.0910942330956459,1.093542394414726e-07,1.093542394414726e-07,2.6854812062993005e-07,2.6854812062993005e-07,0.14285714285714285,insufficient-neutral,True,0.9629978537559508,0.9629978537559508,0.0035833609290421,0.0035833609290421,0.0183405354619026,0.0183405354619026,3.9945451391076865e-08,3.9945451391076865e-08,1.338204782541652e-07,1.338204782541652e-07,0.07411296917304849,-0.1301258329272512,0.05228879498586725
180,Moral behaviour is relative; sociologically driven reinforcement of 'correct' behaviour is helpful.,Is it ok to incentivise moral behavior?,1,181,supports,"True

Argument: ""Moral behaviour is",0.9763264060020448,0.9763264060020448,0.0017295468132942,0.0017295468132942,0.0072249979712069,0.0072249979712069,7.610545793568235e-08,7.610545793568235e-08,1.1559454549114889e-07,1.1559454549114889e-07,0.2857142857142857,supports,True,0.9629978537559508,0.9629978537559508,0.0035833609290421,0.0035833609290421,0.0183405354619026,0.0183405354619026,3.9945451391076865e-08,3.9945451391076865e-08,1.338204782541652e-07,1.338204782541652e-07,-0.6060639567358959,0.36021024721606565,-0.5173394900645578
181,Moral behaviour is not something which is inherent to human beings and needs to be taught. Helping people improve their moral behaviour should therefore be commended.,Is it ok to incentivise moral behavior?,1,182,supports,"True

Argument: ""Moral behaviour is",0.950208842754364,0.950208842754364,0.0042649554088711,0.0042649554088711,0.0226986799389123,0.0226986799389123,1.8548492164427446e-07,1.8548492164427446e-07,2.0813938306218918e-07,2.0813938306218918e-07,0.42857142857142855,supports,True,0.9629978537559508,0.9629978537559508,0.0035833609290421,0.0035833609290421,0.0183405354619026,0.0183405354619026,3.9945451391076865e-08,3.9945451391076865e-08,1.338204782541652e-07,1.338204782541652e-07,0.00443956854127653,-0.013280414854203691,0.0006840456623290708
182,"Children are taught the difference between right and wrong by their parents. Without this guidance, they would behave in a manner that is more in alignment with instinct than moral correctness.",Is it ok to incentivise moral behavior?,3,183,insufficient-neutral,"True

Argument: ""Children are taught the",0.9275559186935424,0.9275559186935424,0.0039417138323187,0.0039417138323187,0.0548404492437839,0.0548404492437839,1.268970493129018e-07,1.268970493129018e-07,1.6518201562121249e-07,1.6518201562121249e-07,0.2857142857142857,insufficient-neutral,True,0.9629978537559508,0.9629978537559508,0.0035833609290421,0.0035833609290421,0.0183405354619026,0.0183405354619026,3.9945451391076865e-08,3.9945451391076865e-08,1.338204782541652e-07,1.338204782541652e-07,0.03718184879830573,-0.036803752909910815,0.00035964162903855416
183,Moral behavior's inherency to human nature is irrelevant to whether or not incentivizing moral behavior is good.,Is it ok to incentivise moral behavior?,1,184,insufficient-neutral,"True

Argument: ""Moral behavior'",0.9551807045936584,0.9551807045936584,0.0013596306089311,0.0013596306089311,0.0231767725199461,0.0231767725199461,1.266558484758207e-07,1.266558484758207e-07,1.278987866726311e-07,1.278987866726311e-07,0.5714285714285714,insufficient-neutral,True,0.9629978537559508,0.9629978537559508,0.0035833609290421,0.0035833609290421,0.0183405354619026,0.0183405354619026,3.9945451391076865e-08,3.9945451391076865e-08,1.338204782541652e-07,1.338204782541652e-07,0.0049265934193576015,-0.0081175146256073,-0.620571124189113
184,"The only one that can properly evaluate the morality of an action is the person performing the action.
Therefore, incentivising the behaviour can only be done subjectively.
",Is it ok to incentivise moral behavior?,3,185,insufficient-neutral,"True

Incentivizing moral behavior can",0.8091525435447693,0.8091525435447693,0.0375500582158565,0.0375500582158565,0.1384296864271164,0.1384296864271164,1.626460175430111e-07,1.626460175430111e-07,1.5702732980571454e-07,1.5702732980571454e-07,0.14285714285714285,insufficient-neutral,True,0.9629978537559508,0.9629978537559508,0.0035833609290421,0.0035833609290421,0.0183405354619026,0.0183405354619026,3.9945451391076865e-08,3.9945451391076865e-08,1.338204782541652e-07,1.338204782541652e-07,0.12233280002217432,-0.15975664910481724,0.03408884993980467
185,"Some people get to be known for their moral attitude and impactful choices not only by themselves and their colleagues, but also get recognised as morally good by wider population. Virtue of those could be easily recognised and rewarded.",Is it ok to incentivise moral behavior?,1,186,supports,"True

Argument: ""Some people get to",0.9414447546005248,0.9414447546005248,0.0068588564172387,0.0068588564172387,0.0293316077440977,0.0293316077440977,1.9870721246206813e-07,1.9870721246206813e-07,2.5714624030115374e-07,2.5714624030115374e-07,0.2857142857142857,supports,True,0.9629978537559508,0.9629978537559508,0.0035833609290421,0.0035833609290421,0.0183405354619026,0.0183405354619026,3.9945451391076865e-08,3.9945451391076865e-08,1.338204782541652e-07,1.338204782541652e-07,0.011196420631839734,-0.022381253573269283,0.0032872749809262688
186,Not being punished for rule-breaking and enjoying the liberties and benefits of not being incarcerated are equivalent to directly incentivizing good behavior.,Is it ok to incentivise moral behavior?,7,187,insufficient-neutral,"True

Argument: ""Not being punished",0.8106793761253357,0.8106793761253357,0.0062870853580534,0.0062870853580534,0.1621460765600204,0.1621460765600204,3.629418188211275e-07,3.629418188211275e-07,4.883916062681237e-07,4.883916062681237e-07,0.2857142857142857,insufficient-neutral,True,0.9629978537559508,0.9629978537559508,0.0035833609290421,0.0035833609290421,0.0183405354619026,0.0183405354619026,3.9945451391076865e-08,3.9945451391076865e-08,1.338204782541652e-07,1.338204782541652e-07,0.1464922881029655,-0.15817114964122928,0.002713447691451848
187,"As incentives are usually scarce, this will lead to competition. People competing for morality is not ok.",Is it ok to incentivise moral behavior?,3,188,refutes,"False

Incentivizing moral behavior is",0.0531185530126094,0.0531185530126094,0.8640137910842896,0.8640137910842896,0.0682055652141571,0.0682055652141571,9.36898558734356e-08,9.36898558734356e-08,3.64093892812889e-07,3.64093892812889e-07,0.42857142857142855,refutes,True,0.9629978537559508,0.9629978537559508,0.0035833609290421,0.0035833609290421,0.0183405354619026,0.0183405354619026,3.9945451391076865e-08,3.9945451391076865e-08,1.338204782541652e-07,1.338204782541652e-07,0.05079666784012276,-0.9448404243006018,0.863524751009275
188,Competition means you can either make yourself look good or others look bad. This is not good for overall morality.,Is it ok to incentivise moral behavior?,1,189,refutes,"True

The argument suggests that competition can lead",0.857027530670166,0.857027530670166,0.0271219965070486,0.0271219965070486,0.0976700633764267,0.0976700633764267,1.430954483794267e-07,1.430954483794267e-07,2.953382249870629e-07,2.953382249870629e-07,0.14285714285714285,refutes,True,0.9629978537559508,0.9629978537559508,0.0035833609290421,0.0035833609290421,0.0183405354619026,0.0183405354619026,3.9945451391076865e-08,3.9945451391076865e-08,1.338204782541652e-07,1.338204782541652e-07,0.08081165697500936,-0.11004211761477144,0.023623286339290287
189,Incentivising moral behaviour sends a clear message that morality is valued.,Is it ok to incentivise moral behavior?,3,190,supports,"True

Argument: ""Incentivising",0.9882405996322632,0.9882405996322632,0.0001200677870656,0.0001200677870656,0.0005339189083315,0.0005339189083315,2.2994726123215518e-08,2.2994726123215518e-08,3.638837142716511e-08,3.638837142716511e-08,0.2857142857142857,supports,True,0.9629978537559508,0.9629978537559508,0.0035833609290421,0.0035833609290421,0.0183405354619026,0.0183405354619026,3.9945451391076865e-08,3.9945451391076865e-08,1.338204782541652e-07,1.338204782541652e-07,-0.9708885866805487,0.6821968031211701,-0.9664929686282826
190,Behaving ethically should be the “ticket of admission” for even having a job Source,Is it ok to incentivise moral behavior?,4,191,supports,"True

Argument: ""Behaving eth",0.9771406650543212,0.9771406650543212,0.0005404411931522,0.0005404411931522,0.0049698050133883,0.0049698050133883,4.206447812293845e-08,4.206447812293845e-08,6.894742909935303e-08,6.894742909935303e-08,0.0,supports,True,0.9629978537559508,0.9629978537559508,0.0035833609290421,0.0035833609290421,0.0183405354619026,0.0183405354619026,3.9945451391076865e-08,3.9945451391076865e-08,1.338204782541652e-07,1.338204782541652e-07,-0.7290261768141013,0.3822159721517467,-0.8491803633923446
191,Incentivising moral behavior is the easiest way to get people to do the right thing.,Is it ok to incentivise moral behavior?,2,192,supports,"True

Argument: ""The government should not",0.984330117702484,0.984330117702484,0.0002066376182483,0.0002066376182483,0.0032072018366307,0.0032072018366307,3.3982008318389496e-08,3.3982008318389496e-08,4.6995413782724433e-08,4.6995413782724433e-08,0.5714285714285714,supports,True,0.9629978537559508,0.9629978537559508,0.0035833609290421,0.0035833609290421,0.0183405354619026,0.0183405354619026,3.9945451391076865e-08,3.9945451391076865e-08,1.338204782541652e-07,1.338204782541652e-07,-0.8251304143604326,0.5765142326024921,-0.942334132022939
192,"If doing the right thing is costly, it would be good to compensate.",Is it ok to incentivise moral behavior?,2,193,supports,"True

Argument: ""If doing the right",0.9803295135498048,0.9803295135498048,0.001165923778899,0.001165923778899,0.006605408154428,0.006605408154428,4.885936988330286e-08,4.885936988330286e-08,1.1998703541848954e-07,1.1998703541848954e-07,0.42857142857142855,supports,True,0.9629978537559508,0.9629978537559508,0.0035833609290421,0.0035833609290421,0.0183405354619026,0.0183405354619026,3.9945451391076865e-08,3.9945451391076865e-08,1.338204782541652e-07,1.338204782541652e-07,-0.6398464936779565,0.46839606761030306,-0.6746284278958543
193,Whistle-blowers often pay a high price for doing the right thing. This is very discouraging for other potential whistle-blowers. Compensation would mitigate this effect.,Is it ok to incentivise moral behavior?,0,194,supports,"True

In this context, incentivizing",0.976938545703888,0.976938545703888,0.0004731282533612,0.0004731282533612,0.0101952692493796,0.0101952692493796,4.3645762559663126e-08,4.3645762559663126e-08,6.988208411939922e-08,6.988208411939922e-08,0.14285714285714285,supports,True,0.9629978537559508,0.9629978537559508,0.0035833609290421,0.0035833609290421,0.0183405354619026,0.0183405354619026,3.9945451391076865e-08,3.9945451391076865e-08,1.338204782541652e-07,1.338204782541652e-07,-0.4441127811912876,0.3767536038582958,-0.8679652251810214
194,The perspective of compensation might encourage false cases of whistle-blowing.,Is it ok to incentivise moral behavior?,5,195,refutes,"None

Argument: ""The perspective of compensation",0.3617283701896667,0.3617283701896667,0.2126491516828537,0.2126491516828537,0.4098919630050659,0.4098919630050659,2.0794290378489682e-07,2.0794290378489682e-07,6.493263526863302e-07,6.493263526863302e-07,0.0,refutes,True,0.9629978537559508,0.9629978537559508,0.0035833609290421,0.0035833609290421,0.0183405354619026,0.0183405354619026,3.9945451391076865e-08,3.9945451391076865e-08,1.338204782541652e-07,1.338204782541652e-07,0.39886685932112004,-0.6243726101996712,0.2098176430983138
195,It might make whistle-blowing an interesting tool for employees who hold a grudge against their employer.,Is it ok to incentivise moral behavior?,5,196,refutes,"True

The question is not directly related to",0.7492870688438416,0.7492870688438416,0.0416165180504322,0.0416165180504322,0.1924328356981277,0.1924328356981277,1.4427801886540692e-07,1.4427801886540692e-07,3.756933892873349e-07,3.756933892873349e-07,0.14285714285714285,refutes,True,0.9629978537559508,0.9629978537559508,0.0035833609290421,0.0035833609290421,0.0183405354619026,0.0183405354619026,3.9945451391076865e-08,3.9945451391076865e-08,1.338204782541652e-07,1.338204782541652e-07,0.177344900676062,-0.2219223896279516,0.03816993377072825
196,A one-size-fits-all prescription to good health is both ideologically and practically dangerous.,Do people have a right to not wear a mask in public spaces during the Covid-19 pandemic?,1,197,supports,"True

Argument: ""A one-size",0.8613023161888123,0.8613023161888123,0.015052898786962,0.015052898786962,0.1202647536993026,0.1202647536993026,3.2466413557585845e-08,3.2466413557585845e-08,8.688462571626587e-08,8.688462571626587e-08,0.125,supports,True,0.9882312417030334,0.9882312417030334,0.0006291042664088,0.0006291042664088,0.0070880958810448,0.0070880958810448,6.010203001949321e-09,6.010203001949321e-09,1.7289496057060205e-08,1.7289496057060205e-08,0.11398459153199833,-0.12844051084185792,0.014432874303353983
197,"The UK government has made exceptions to the rule requiring masks for specific groups of people.
 This is an acknowledgement of the practical dangers of a one-size-fits-all prescription.",Do people have a right to not wear a mask in public spaces during the Covid-19 pandemic?,3,198,supports,True,0.9764147996902466,0.9764147996902466,0.0011888067238032,0.0011888067238032,0.0193368475884199,0.0193368475884199,2.2586824854897717e-08,2.2586824854897717e-08,3.1604653116801273e-08,3.1604653116801273e-08,0.25,supports,True,0.9882312417030334,0.9882312417030334,0.0006291042664088,0.0006291042664088,0.0070880958810448,0.0070880958810448,6.010203001949321e-09,6.010203001949321e-09,1.7289496057060205e-08,1.7289496057060205e-08,0.012336191817786533,-0.011957162973742276,0.0005600547902523705
198,It is not reasonable for everyone to wear masks.,Do people have a right to not wear a mask in public spaces during the Covid-19 pandemic?,1,199,supports,"True

Argument: ""The government should mand",0.9943976402282716,0.9943976402282716,0.0001871232379926,0.0001871232379926,0.0023155265953391,0.0023155265953391,2.913078001043345e-09,2.913078001043345e-09,7.195868789722226e-09,7.195868789722226e-09,0.1875,supports,True,0.9882312417030334,0.9882312417030334,0.0006291042664088,0.0006291042664088,0.0070880958810448,0.0070880958810448,6.010203001949321e-09,6.010203001949321e-09,1.7289496057060205e-08,1.7289496057060205e-08,-0.6733217729840039,0.523963392707926,-0.7025560817433641
199,"For people with certain underlying conditions and medical considerations, mask wearing is not possible.",Do people have a right to not wear a mask in public spaces during the Covid-19 pandemic?,3,200,supports,"True

Explanation:
The argument",0.9501575827598572,0.9501575827598572,0.0055622509680688,0.0055622509680688,0.0410997830331325,0.0410997830331325,1.9587131916409817e-08,1.9587131916409817e-08,2.9925196542990307e-08,2.9925196542990307e-08,0.1875,supports,True,0.9882312417030334,0.9882312417030334,0.0006291042664088,0.0006291042664088,0.0070880958810448,0.0070880958810448,6.010203001949321e-09,6.010203001949321e-09,1.7289496057060205e-08,1.7289496057060205e-08,0.034254486234876425,-0.03852707477408159,0.004936252118928087
200,"Many rape survivors, for whom wearing a mask can trigger trauma and flashbacks, are being stigmatized for not wearing masks.",Do people have a right to not wear a mask in public spaces during the Covid-19 pandemic?,0,201,supports,"True

The question is not directly related to",0.9778600931167604,0.9778600931167604,0.0006176576716825,0.0006176576716825,0.0179101321846246,0.0179101321846246,2.6239957762186353e-08,2.6239957762186353e-08,3.862895781026055e-08,3.862895781026055e-08,0.1875,supports,True,0.9882312417030334,0.9882312417030334,0.0006291042664088,0.0006291042664088,0.0070880958810448,0.0070880958810448,6.010203001949321e-09,6.010203001949321e-09,1.7289496057060205e-08,1.7289496057060205e-08,0.01089929152695834,-0.010494657675869799,-0.018195067713722802
201,"Mandating mask-wearing during a pandemic is like mandating safety/hand brakes on a car. It may never be required
 but is in everyone’s interest that it is there and working if it is required.",Do people have a right to not wear a mask in public spaces during the Covid-19 pandemic?,7,202,refutes,False,0.0329415500164032,0.0329415500164032,0.8106690049171448,0.8106690049171448,0.1523201912641525,0.1523201912641525,1.6388394641353443e-08,1.6388394641353443e-08,7.44587609347036e-08,7.44587609347036e-08,0.25,refutes,True,0.9882312417030334,0.9882312417030334,0.0006291042664088,0.0006291042664088,0.0070880958810448,0.0070880958810448,6.010203001949321e-09,6.010203001949321e-09,1.7289496057060205e-08,1.7289496057060205e-08,0.14626886310923737,-0.9666661519831791,0.8105498210012647
202,COVID-19 is universally transmitted through infected secretions and through respiratory droplets. ,Do people have a right to not wear a mask in public spaces during the Covid-19 pandemic?,3,203,insufficient-neutral,"False

Explanation:
The argument",0.1047022715210914,0.1047022715210914,0.621645987033844,0.621645987033844,0.2673666179180145,0.2673666179180145,4.1448174670222215e-08,4.1448174670222215e-08,1.222997667582604e-07,1.222997667582604e-07,0.0625,insufficient-neutral,True,0.9882312417030334,0.9882312417030334,0.0006291042664088,0.0006291042664088,0.0070880958810448,0.0070880958810448,6.010203001949321e-09,6.010203001949321e-09,1.7289496057060205e-08,1.7289496057060205e-08,0.26213657118747485,-0.8940508384043228,0.6214078130738196
203,"During a world pandemic, it is important to be guided by those who are more informed than we are.",Do people have a right to not wear a mask in public spaces during the Covid-19 pandemic?,1,204,insufficient-refutes,"False

Explanation:
The argument",0.0778145343065261,0.0778145343065261,0.7858989238739014,0.7858989238739014,0.1323669701814651,0.1323669701814651,2.2891741835451285e-08,2.2891741835451285e-08,4.9321219108833254e-08,4.9321219108833254e-08,0.25,insufficient-refutes,True,0.9882312417030334,0.9882312417030334,0.0006291042664088,0.0006291042664088,0.0070880958810448,0.0070880958810448,6.010203001949321e-09,6.010203001949321e-09,1.7289496057060205e-08,1.7289496057060205e-08,0.12617320205419888,-0.9212587792990362,0.7857641471848776
204,"While certain attributes of the virus are still being investigated, the overwhelming consensus is that the wearing of masks will limit the spread of the virus.",Do people have a right to not wear a mask in public spaces during the Covid-19 pandemic?,4,205,refutes,False,0.2750580906867981,0.2750580906867981,0.6198529601097107,0.6198529601097107,0.1011882126331329,0.1011882126331329,2.2208201500006908e-08,2.2208201500006908e-08,6.072290403835724e-08,6.072290403835724e-08,0.0625,refutes,True,0.9882312417030334,0.9882312417030334,0.0006291042664088,0.0006291042664088,0.0070880958810448,0.0070880958810448,6.010203001949321e-09,6.010203001949321e-09,1.7289496057060205e-08,1.7289496057060205e-08,0.09477186884528932,-0.7216662668822467,0.6196136574387218
205,Educating people will more effectively guide them to make responsible decisions regarding mask-wearing.,Do people have a right to not wear a mask in public spaces during the Covid-19 pandemic?,6,206,insufficient-neutral,"True

Argument: ""Educating people",0.8868020176887512,0.8868020176887512,0.0045813638716936,0.0045813638716936,0.1059134006500244,0.1059134006500244,1.194228449463708e-08,1.194228449463708e-08,2.2267590438218576e-08,2.2267590438218576e-08,0.125,insufficient-neutral,True,0.9882312417030334,0.9882312417030334,0.0006291042664088,0.0006291042664088,0.0070880958810448,0.0070880958810448,6.010203001949321e-09,6.010203001949321e-09,1.7289496057060205e-08,1.7289496057060205e-08,0.09953078854127616,-0.10263713565611197,0.003954747553843493
206,"Mandatory face mask wearing, and the undercutting of people's rights not to wear one, provoked protests in Spain.",Do people have a right to not wear a mask in public spaces during the Covid-19 pandemic?,0,207,insufficient-supports,"True

Argument: ""The government's",0.9897337555885316,0.9897337555885316,8.936161611927673e-05,8.936161611927673e-05,0.0033532700035721,0.0033532700035721,1.2159402373868032e-08,1.2159402373868032e-08,1.8396589140934342e-08,1.8396589140934342e-08,0.4375,insufficient-supports,True,0.9882312417030334,0.9882312417030334,0.0006291042664088,0.0006291042664088,0.0070880958810448,0.0070880958810448,6.010203001949321e-09,6.010203001949321e-09,1.7289496057060205e-08,1.7289496057060205e-08,-0.526915259069856,0.1276697037686157,-0.8579542042698397
207,"In many places, such as Florida, mask wearing is not mandatory, and yet there have been protests 
(https://abc7news.com/viral-target-anti-mask-video-protesters-parade-around-store-demand-customers-remove-face-masks-rant-caught-on/6428893/).",Do people have a right to not wear a mask in public spaces during the Covid-19 pandemic?,0,208,insufficient-supports,True,0.9961100220680236,0.9961100220680236,9.207012772094458e-05,9.207012772094458e-05,0.0016192818293347,0.0016192818293347,2.8504965055020644e-09,2.8504965055020644e-09,4.801736341875085e-09,4.801736341875085e-09,0.25,insufficient-supports,True,0.9882312417030334,0.9882312417030334,0.0006291042664088,0.0006291042664088,0.0070880958810448,0.0070880958810448,6.010203001949321e-09,6.010203001949321e-09,1.7289496057060205e-08,1.7289496057060205e-08,-0.7715491076150602,0.6694657300440023,-0.8536488581669922
208,"Most anti-maskers are not educated on the benefits of wearing masks; whereas government officials 
and researchers who recommend masks to the point of making it mandatory are much more informed.",Do people have a right to not wear a mask in public spaces during the Covid-19 pandemic?,4,209,refutes,"True

Question: Is it true that most",0.9084805846214294,0.9084805846214294,0.000809236546047,0.000809236546047,0.0858325660228729,0.0858325660228729,4.0905657527900985e-08,4.0905657527900985e-08,5.580231388080392e-08,5.580231388080392e-08,0.1875,refutes,True,0.9882312417030334,0.9882312417030334,0.0006291042664088,0.0006291042664088,0.0070880958810448,0.0070880958810448,6.010203001949321e-09,6.010203001949321e-09,1.7289496057060205e-08,1.7289496057060205e-08,0.07930660294752007,-0.08070040059062343,0.00018024567296006093
209,Statistical modeling studies of mortality rate shows that masks significantly reduce the loss of life.,Do people have a right to not wear a mask in public spaces during the Covid-19 pandemic?,4,210,refutes,"True

The argument provided does not necessarily imply",0.8212018609046936,0.8212018609046936,0.0212109796702861,0.0212109796702861,0.154299259185791,0.154299259185791,1.5717821710836688e-08,1.5717821710836688e-08,3.21879447540141e-08,3.21879447540141e-08,0.0625,refutes,True,0.9882312417030334,0.9882312417030334,0.0006291042664088,0.0006291042664088,0.0070880958810448,0.0070880958810448,6.010203001949321e-09,6.010203001949321e-09,1.7289496057060205e-08,1.7289496057060205e-08,0.14826205899441974,-0.1690185188949255,0.02059483170036597
210,Wearing facemasks help prevent the spread of COVID-19.,Do people have a right to not wear a mask in public spaces during the Covid-19 pandemic?,2,211,refutes,"True

Argument: ""Wearing facem",0.9666990041732788,0.9666990041732788,0.0083635849878191,0.0083635849878191,0.0182677488774061,0.0182677488774061,1.7415601405446072e-08,1.7415601405446072e-08,4.429891831136956e-08,4.429891831136956e-08,0.125,refutes,True,0.9882312417030334,0.9882312417030334,0.0006291042664088,0.0006291042664088,0.0070880958810448,0.0070880958810448,6.010203001949321e-09,6.010203001949321e-09,1.7289496057060205e-08,1.7289496057060205e-08,0.011259461136465466,-0.021788663038670802,0.007739349579249835
211,A systematic review of 172 studies revealed that masks are effective at protecting people form COVID-19.,Do people have a right to not wear a mask in public spaces during the Covid-19 pandemic?,4,212,insufficient-neutral,"None

The question is asking about a right",0.1635253876447677,0.1635253876447677,0.2781660258769989,0.2781660258769989,0.5446226596832275,0.5446226596832275,8.753590918786358e-08,8.753590918786358e-08,3.028567903129442e-07,3.028567903129442e-07,0.1875,insufficient-neutral,True,0.9882312417030334,0.9882312417030334,0.0006291042664088,0.0006291042664088,0.0070880958810448,0.0070880958810448,6.010203001949321e-09,6.010203001949321e-09,1.7289496057060205e-08,1.7289496057060205e-08,0.5413718594492586,-0.8345272030026474,0.27771163118259845
212,"Now that research has demonstrated its definite benefits, the CDC website officially recommends that masks be worn.",Do people have a right to not wear a mask in public spaces during the Covid-19 pandemic?,4,213,refutes,"True

The argument does not state or imply",0.7842665314674377,0.7842665314674377,0.1280279904603958,0.1280279904603958,0.0839628055691719,0.0839628055691719,1.927434922777138e-08,1.927434922777138e-08,3.9394208783960494e-08,3.9394208783960494e-08,0.0625,refutes,True,0.9882312417030334,0.9882312417030334,0.0006291042664088,0.0006291042664088,0.0070880958810448,0.0070880958810448,6.010203001949321e-09,6.010203001949321e-09,1.7289496057060205e-08,1.7289496057060205e-08,0.07742349484302001,-0.20639370789786035,0.12747908382950204
213,People's choice to not wear a mask must be respected.,Do people have a right to not wear a mask in public spaces during the Covid-19 pandemic?,1,214,supports,"True

Argument: ""The government should mand",0.9973300695419312,0.9973300695419312,3.553966962499544e-05,3.553966962499544e-05,0.0003617531328927,0.0003617531328927,2.8819955311121252e-09,2.8819955311121252e-09,6.571234667518411e-09,6.571234667518411e-09,0.375,supports,True,0.9882312417030334,0.9882312417030334,0.0006291042664088,0.0006291042664088,0.0070880958810448,0.0070880958810448,6.010203001949321e-09,6.010203001949321e-09,1.7289496057060205e-08,1.7289496057060205e-08,-0.9489632845035137,0.7731340562277472,-0.9435075049993361
214,People have the right to bodily autonomy and integrity. They should not be forced to wear masks if they don't wish to.,Do people have a right to not wear a mask in public spaces during the Covid-19 pandemic?,1,215,supports,"True

Argument: ""The government has the",0.9886751174926758,0.9886751174926758,0.0002836868516169,0.0002836868516169,0.0055660093203186,0.0055660093203186,2.4440739210263015e-08,2.4440739210263015e-08,3.5353306060414986e-08,3.5353306060414986e-08,0.5,supports,True,0.9882312417030334,0.9882312417030334,0.0006291042664088,0.0006291042664088,0.0070880958810448,0.0070880958810448,6.010203001949321e-09,6.010203001949321e-09,1.7289496057060205e-08,1.7289496057060205e-08,-0.21473842711363564,0.03771645049051138,-0.5490622671559555
215,"The Jacobsen v. Massachusetts case in the US shows that masks do not violate the constitutional right to bodily integrity 
because they are required to protect public health.",Do people have a right to not wear a mask in public spaces during the Covid-19 pandemic?,4,216,refutes,"False

Question: Is the Jacobsen v",0.3916566371917724,0.3916566371917724,0.535331130027771,0.535331130027771,0.0680597200989723,0.0680597200989723,2.8235598747983204e-08,2.8235598747983204e-08,8.920831362502214e-08,8.920831362502214e-08,0.4375,refutes,True,0.9882312417030334,0.9882312417030334,0.0006291042664088,0.0006291042664088,0.0070880958810448,0.0070880958810448,6.010203001949321e-09,6.010203001949321e-09,1.7289496057060205e-08,1.7289496057060205e-08,0.061406882085908436,-0.6036791586179517,0.5350386208404264
216,This right to bodily autonomy is not without limits. Prostitution is illegal in many countries.,Do people have a right to not wear a mask in public spaces during the Covid-19 pandemic?,0,217,refutes,"True

Explanation:
The argument",0.7712036371231079,0.7712036371231079,0.0980475470423698,0.0980475470423698,0.1258955299854278,0.1258955299854278,3.7619610537831256e-08,3.7619610537831256e-08,1.8372921317677537e-07,1.8372921317677537e-07,0.25,refutes,True,0.9882312417030334,0.9882312417030334,0.0006291042664088,0.0006291042664088,0.0070880958810448,0.0070880958810448,6.010203001949321e-09,6.010203001949321e-09,1.7289496057060205e-08,1.7289496057060205e-08,0.11965556421624828,-0.21961216709352224,0.09747976771371825
217,"The government has a moral obligation to reasonably restrict personal choices, especially ones that harm the public good.",Do people have a right to not wear a mask in public spaces during the Covid-19 pandemic?,1,218,refutes,"False

Argument: ""The government has a",0.1571529805660247,0.1571529805660247,0.810656726360321,0.810656726360321,0.0286196842789649,0.0286196842789649,2.149978151066989e-08,2.149978151066989e-08,6.519727691056687e-08,6.519727691056687e-08,0.25,refutes,True,0.9882312417030334,0.9882312417030334,0.0006291042664088,0.0006291042664088,0.0070880958810448,0.0070880958810448,6.010203001949321e-09,6.010203001949321e-09,1.7289496057060205e-08,1.7289496057060205e-08,0.02168529585414309,-0.8409754985126754,0.8105375347150859
218,Not wearing a mask can constitute self-harm and the state is obligated to prevent such harm by limiting choice.,Do people have a right to not wear a mask in public spaces during the Covid-19 pandemic?,7,219,refutes,"False

Argument: ""The state has no",0.0202298983931541,0.0202298983931541,0.9447417855262756,0.9447417855262756,0.031332679092884,0.031332679092884,1.742365007828539e-08,1.742365007828539e-08,7.8087374788538e-08,7.8087374788538e-08,0.3125,refutes,True,0.9882312417030334,0.9882312417030334,0.0006291042664088,0.0006291042664088,0.0070880958810448,0.0070880958810448,6.010203001949321e-09,6.010203001949321e-09,1.7289496057060205e-08,1.7289496057060205e-08,0.02441765791231222,-0.979529185539316,0.9447070004643652
219,"Individual choice of clothing is already restricted by laws prohibiting ""indecent exposure"", so it is not uncommon that the government regulates 
what people are allowed to wear (or not wear).",Do people have a right to not wear a mask in public spaces during the Covid-19 pandemic?,7,220,refutes,False,0.1474524289369583,0.1474524289369583,0.6505905985832214,0.6505905985832214,0.1953427344560623,0.1953427344560623,3.6958560656330526e-08,3.6958560656330526e-08,1.3866528547623602e-07,1.3866528547623602e-07,0.3125,refutes,True,0.9882312417030334,0.9882312417030334,0.0006291042664088,0.0006291042664088,0.0070880958810448,0.0070880958810448,6.010203001949321e-09,6.010203001949321e-09,1.7289496057060205e-08,1.7289496057060205e-08,0.18959853114266192,-0.8507915731515922,0.6503706452644956
220,"If people's choices cause harm to other people, their choices should be restricted.",Do people have a right to not wear a mask in public spaces during the Covid-19 pandemic?,1,221,refutes,"False

Explanation:
The argument",0.4412687718868255,0.4412687718868255,0.4552761614322662,0.4552761614322662,0.0984603762626648,0.0984603762626648,4.1248629401025034e-08,4.1248629401025034e-08,1.5658551433261894e-07,1.5658551433261894e-07,0.125,refutes,True,0.9882312417030334,0.9882312417030334,0.0006291042664088,0.0006291042664088,0.0070880958810448,0.0070880958810448,6.010203001949321e-09,6.010203001949321e-09,1.7289496057060205e-08,1.7289496057060205e-08,0.09202455928121615,-0.5534761974066105,0.45493325761915687
221,It is very well accepted that certain liberties should be curtailed where they would affect other people - consider the illegality of murder and theft.,Do people have a right to not wear a mask in public spaces during the Covid-19 pandemic?,7,222,refutes,"False

Explanation:
The argument",0.3754150867462158,0.3754150867462158,0.3873320519924164,0.3873320519924164,0.2312865257263183,0.2312865257263183,4.2329997285150966e-08,4.2329997285150966e-08,1.6644030154111533e-07,1.6644030154111533e-07,0.125,refutes,True,0.9882312417030334,0.9882312417030334,0.0006291042664088,0.0006291042664088,0.0070880958810448,0.0070880958810448,6.010203001949321e-09,6.010203001949321e-09,1.7289496057060205e-08,1.7289496057060205e-08,0.22579891419895146,-0.6201141282487108,0.38694637734286547
222,"For most people, wearing a mask poses no risk. It is therefore justified that people are required to wear a mask 
since it does no harm to people wearing them but reduces harm for others and oneself.",Do people have a right to not wear a mask in public spaces during the Covid-19 pandemic?,2,223,refutes,False,0.2160416096448898,0.2160416096448898,0.742368757724762,0.742368757724762,0.0326174087822437,0.0326174087822437,3.29723413017291e-08,3.29723413017291e-08,1.0727081445338629e-07,1.0727081445338629e-07,0.3125,refutes,True,0.9882312417030334,0.9882312417030334,0.0006291042664088,0.0006291042664088,0.0070880958810448,0.0070880958810448,6.010203001949321e-09,6.010203001949321e-09,1.7289496057060205e-08,1.7289496057060205e-08,0.0257115588959042,-0.7813855699678325,0.7422065787836226
223,"Public health has long been used as a justification to curtail civil liberties, such as mandatory quarantine for those with yellow fever in 1799.",Do people have a right to not wear a mask in public spaces during the Covid-19 pandemic?,0,224,refutes,"True

The argument provided is about a historical",0.5651727318763733,0.5651727318763733,0.1321590840816497,0.1321590840816497,0.2978251278400421,0.2978251278400421,3.48509168190958e-08,3.48509168190958e-08,1.4277010507157686e-07,1.4277010507157686e-07,0.25,refutes,True,0.9882312417030334,0.9882312417030334,0.0006291042664088,0.0006291042664088,0.0070880958810448,0.0070880958810448,6.010203001949321e-09,6.010203001949321e-09,1.7289496057060205e-08,1.7289496057060205e-08,0.29281251514149004,-0.4280966761358376,0.13161277797537912
224,Many people do not wear facemasks properly. This could increase the risk of infection to oneself or others.,Do people have a right to not wear a mask in public spaces during the Covid-19 pandemic?,5,225,refutes,"False

Explanation:
The question",0.3787833452224731,0.3787833452224731,0.4292177557945251,0.4292177557945251,0.1875113546848297,0.1875113546848297,3.3068086935372776e-08,3.3068086935372776e-08,8.216463243115869e-08,8.216463243115869e-08,0.375,refutes,True,0.9882312417030334,0.9882312417030334,0.0006291042664088,0.0006291042664088,0.0070880958810448,0.0070880958810448,6.010203001949321e-09,6.010203001949321e-09,1.7289496057060205e-08,1.7289496057060205e-08,0.18171124553479961,-0.6167057574806983,0.4288584482075692
225,A study has shown that people wearing a mask are less likely to touch their faces than those who don't wear a mask.,Do people have a right to not wear a mask in public spaces during the Covid-19 pandemic?,4,226,,"None

The question is about the right to",0.3990486860275268,0.3990486860275268,0.0216503348201513,0.0216503348201513,0.5716108679771423,0.5716108679771423,3.8112091260700254e-08,3.8112091260700254e-08,1.4383351754077014e-07,1.4383351754077014e-07,0.375,,True,0.9882312417030334,0.9882312417030334,0.0006291042664088,0.0006291042664088,0.0070880958810448,0.0070880958810448,6.010203001949321e-09,6.010203001949321e-09,1.7289496057060205e-08,1.7289496057060205e-08,0.5685527283480583,-0.5961990785275718,0.021034463424424426
226,"Even if some people wear masks incorrectly, the net effect of wearing masks is still positive.",Do people have a right to not wear a mask in public spaces during the Covid-19 pandemic?,2,227,refutes,"True

Argument: ""The Covid-1",0.8348113894462585,0.8348113894462585,0.0428821593523025,0.0428821593523025,0.1184014305472374,0.1184014305472374,1.1897284046824552e-08,1.1897284046824552e-08,3.0859204969146965e-08,3.0859204969146965e-08,0.1875,refutes,True,0.9882312417030334,0.9882312417030334,0.0006291042664088,0.0006291042664088,0.0070880958810448,0.0070880958810448,6.010203001949321e-09,6.010203001949321e-09,1.7289496057060205e-08,1.7289496057060205e-08,0.11210796668307119,-0.15524691568380716,0.04227965339622755
227,Even the WHO advice on masks has changed over time.,Do people have a right to not wear a mask in public spaces during the Covid-19 pandemic?,0,228,insufficient-neutral,"True

Explanation:
The question",0.6502920985221863,0.6502920985221863,0.0114542301744222,0.0114542301744222,0.3321366906166076,0.3321366906166076,8.116204952557382e-08,8.116204952557382e-08,2.0127073696585285e-07,2.0127073696585285e-07,0.0625,insufficient-neutral,True,0.9882312417030334,0.9882312417030334,0.0006291042664088,0.0006291042664088,0.0070880958810448,0.0070880958810448,6.010203001949321e-09,6.010203001949321e-09,1.7289496057060205e-08,1.7289496057060205e-08,0.32736901772165733,-0.34196363049449,0.01083194032788716
228,Schools should close during the Covid-19 pandemic because that would reduce the rate of infection of Covid-19.,Should schools close during the Covid-19 pandemic?,2,229,supports,"True

Argument: ""Schools should not",0.9957854151725768,0.9957854151725768,7.168091542553157e-05,7.168091542553157e-05,0.0001277850533369,0.0001277850533369,7.791448375371601e-09,7.791448375371601e-09,1.5955819776536373e-08,1.5955819776536373e-08,1.0,supports,"True
Question: Is it safe to travel during",0.959595799446106,0.959595799446106,0.0059332652017474,0.0059332652017474,0.0245926994830369,0.0245926994830369,3.753906341330549e-08,3.753906341330549e-08,1.343935878139746e-07,1.343935878139746e-07,-0.9948039436083445,0.8956894389779724,-0.9879188081118604
229,Schools can reduce cohort sizes to decrease the chances of widespread Covid-19 transmission.,Should schools close during the Covid-19 pandemic?,4,230,refutes,"None

Argument: ""Schools can",0.3833815455436706,0.3833815455436706,0.0527021177113056,0.0527021177113056,0.5491687059402466,0.5491687059402466,2.497350806152099e-07,2.497350806152099e-07,5.465379331326403e-07,5.465379331326403e-07,0.42857142857142855,refutes,"True
Question: Is it safe to travel during",0.959595799446106,0.959595799446106,0.0059332652017474,0.0059332652017474,0.0245926994830369,0.0245926994830369,3.753906341330549e-08,3.753906341330549e-08,1.343935878139746e-07,1.343935878139746e-07,0.5378020096622056,-0.6004760069135727,0.04704800077537049
230,School closures negatively impact students' academic performance.,Should schools close during the Covid-19 pandemic?,5,231,refutes,"True

Argument: ""School closures",0.5113798975944519,0.5113798975944519,0.1334014236927032,0.1334014236927032,0.3406524360179901,0.3406524360179901,1.5551837861949025e-07,1.5551837861949025e-07,4.186345563539362e-07,4.186345563539362e-07,0.0,refutes,"True
Question: Is it safe to travel during",0.959595799446106,0.959595799446106,0.0059332652017474,0.0059332652017474,0.0245926994830369,0.0245926994830369,3.753906341330549e-08,3.753906341330549e-08,1.343935878139746e-07,1.343935878139746e-07,0.3240284713549329,-0.46708822830442925,0.1282289750062159
231,"A study showed that, when students return to school, they will only have 63 to 68% of the learning gains in reading and 37 to 50% of the learning
 gains in mathematics relative to the average school year.",Should schools close during the Covid-19 pandemic?,4,232,refutes,"True

Question: Should schools reopen during",0.7277078032493591,0.7277078032493591,0.0137515235692262,0.0137515235692262,0.2514891028404236,0.2514891028404236,5.595516583412064e-08,5.595516583412064e-08,1.740454393939217e-07,1.740454393939217e-07,0.14285714285714285,refutes,"True
Question: Is it safe to travel during",0.959595799446106,0.959595799446106,0.0059332652017474,0.0059332652017474,0.0245926994830369,0.0245926994830369,3.753906341330549e-08,3.753906341330549e-08,1.343935878139746e-07,1.343935878139746e-07,0.2326170854340871,-0.24165174162975317,0.007864923041676401
232,A study found that students learn better when studying from home.,Should schools close during the Covid-19 pandemic?,4,233,supports,"True

Argument: ""A study",0.6089974045753479,0.6089974045753479,0.0191227085888385,0.0191227085888385,0.3636489510536194,0.3636489510536194,1.3313811564330538e-07,1.3313811564330538e-07,1.7776270055946952e-07,1.7776270055946952e-07,0.0,supports,"True
Question: Is it safe to travel during",0.959595799446106,0.959595799446106,0.0059332652017474,0.0059332652017474,0.0245926994830369,0.0245926994830369,3.753906341330549e-08,3.753906341330549e-08,1.343935878139746e-07,1.343935878139746e-07,0.34760479175302833,-0.36536049352563765,0.013268166940288893
233,Remote learning is a good substitute for in-person education.,Should schools close during the Covid-19 pandemic?,4,234,supports,"None

Argument: ""Remote learning is",0.4454000890254974,0.4454000890254974,0.0593438185751438,0.0593438185751438,0.4815923273563385,0.4815923273563385,3.718125185514509e-07,3.718125185514509e-07,4.355427449809213e-07,4.355427449809213e-07,0.0,supports,"True
Question: Is it safe to travel during",0.959595799446106,0.959595799446106,0.0059332652017474,0.0059332652017474,0.0245926994830369,0.0245926994830369,3.753906341330549e-08,3.753906341330549e-08,1.343935878139746e-07,1.343935878139746e-07,0.4685218448037995,-0.5358461455515026,0.05372934381939272
234,"First of all, school closures reduce the risk of illness. And it hardly affects the quality of education (at school) or, on the contrary, improves, because you can watch webinars.",Should schools close during the Covid-19 pandemic?,2,235,supports,"True

Argument: ""First of all,",0.9645383954048156,0.9645383954048156,0.0112292794510722,0.0112292794510722,0.012527166865766,0.012527166865766,8.755931446557953e-08,8.755931446557953e-08,1.4778431989270757e-07,1.4778431989270757e-07,0.14285714285714285,supports,"True
Question: Is it safe to travel during",0.959595799446106,0.959595799446106,0.0059332652017474,0.0059332652017474,0.0245926994830369,0.0245926994830369,3.753906341330549e-08,3.753906341330549e-08,1.343935878139746e-07,1.343935878139746e-07,-0.4906144047176782,0.12232876510245053,0.005327624458130203
235,Many students have been thriving in remote education due to the ability to self-pace.,Should schools close during the Covid-19 pandemic?,0,236,supports,"None

Argument: ""Many students have been",0.0650331228971481,0.0650331228971481,0.0207858346402645,0.0207858346402645,0.9118921160697936,0.9118921160697936,4.154326305183531e-08,4.154326305183531e-08,6.82262353279839e-08,6.82262353279839e-08,0.14285714285714285,supports,"True
Question: Is it safe to travel during",0.959595799446106,0.959595799446106,0.0059332652017474,0.0059332652017474,0.0245926994830369,0.0245926994830369,3.753906341330549e-08,3.753906341330549e-08,1.343935878139746e-07,1.343935878139746e-07,0.9096706741035161,-0.93222862903872,0.014941219657180715
236,Online schooling does not allow for an accurate assessment of the progress of students.,Should schools close during the Covid-19 pandemic?,5,237,refutes,"None

Argument: ""Online schooling",0.2879067659378052,0.2879067659378052,0.1219073981046676,0.1219073981046676,0.5815876722335815,0.5815876722335815,1.3964239542474388e-07,1.3964239542474388e-07,2.854104934613133e-07,2.854104934613133e-07,0.14285714285714285,refutes,"True
Question: Is it safe to travel during",0.959595799446106,0.959595799446106,0.0059332652017474,0.0059332652017474,0.0245926994830369,0.0245926994830369,3.753906341330549e-08,3.753906341330549e-08,1.343935878139746e-07,1.343935878139746e-07,0.5710383472169409,-0.6999707938446692,0.1166663452695229
237,Students in remote learning programs tend to score lower than those engaging in in-person education.,Should schools close during the Covid-19 pandemic?,5,238,refutes,"None

Argument: ""Students in remote",0.3067099452018738,0.3067099452018738,0.1542234271764755,0.1542234271764755,0.5299472212791443,0.5299472212791443,1.4702928297083417e-07,1.4702928297083417e-07,2.7468686880638415e-07,2.7468686880638415e-07,0.0,refutes,"True
Question: Is it safe to travel during",0.959595799446106,0.959595799446106,0.0059332652017474,0.0059332652017474,0.0245926994830369,0.0245926994830369,3.753906341330549e-08,3.753906341330549e-08,1.343935878139746e-07,1.343935878139746e-07,0.5180958985321014,-0.680375898499231,0.14917525834402237
238,Schools are critical for the social development of students.,Should schools close during the Covid-19 pandemic?,5,239,refutes,"False

Argument: ""The Earth's",0.1572864800691604,0.1572864800691604,0.6029406785964966,0.6029406785964966,0.2324543446302414,0.2324543446302414,4.355262461785969e-08,4.355262461785969e-08,1.3336779147721245e-07,1.3336779147721245e-07,0.2857142857142857,refutes,"True
Question: Is it safe to travel during",0.959595799446106,0.959595799446106,0.0059332652017474,0.0059332652017474,0.0245926994830369,0.0245926994830369,3.753906341330549e-08,3.753906341330549e-08,1.343935878139746e-07,1.343935878139746e-07,0.21310240864204974,-0.8360909039410669,0.6005707589801934
239,Students can take part in social activities online.,Should schools close during the Covid-19 pandemic?,6,240,supports,"None

Argument: ""Students can take",0.2704823911190033,0.2704823911190033,0.0230869948863983,0.0230869948863983,0.70157790184021,0.70157790184021,7.788010947251679e-08,7.788010947251679e-08,1.0479914180905325e-07,1.0479914180905325e-07,0.0,supports,"True
Question: Is it safe to travel during",0.959595799446106,0.959595799446106,0.0059332652017474,0.0059332652017474,0.0245926994830369,0.0245926994830369,3.753906341330549e-08,3.753906341330549e-08,1.343935878139746e-07,1.343935878139746e-07,0.6940538603703016,-0.7181288295810277,0.017256114790052075
240,"Kids don't play a significant role in the spread of Covid-19. Therefore, closing schools will not significantly reduce the spread of the virus.",Should schools close during the Covid-19 pandemic?,3,241,refutes,"None

Argument: ""Kids don",0.1574546098709106,0.1574546098709106,0.3958408534526825,0.3958408534526825,0.434746116399765,0.434746116399765,2.162858550036617e-07,2.162858550036617e-07,5.239344318397343e-07,5.239344318397343e-07,0.42857142857142855,refutes,"True
Question: Is it safe to travel during",0.959595799446106,0.959595799446106,0.0059332652017474,0.0059332652017474,0.0245926994830369,0.0245926994830369,3.753906341330549e-08,3.753906341330549e-08,1.343935878139746e-07,1.343935878139746e-07,0.42049451208674365,-0.8359156949605282,0.39223482146806515
241,Students can wear masks and practise social distancing to reduce the rate of infection.,Should schools close during the Covid-19 pandemic?,6,242,refutes,"None

Explanation: The question asks",0.0397891551256179,0.0397891551256179,0.1169468313455581,0.1169468313455581,0.837540328502655,0.837540328502655,5.2974364450619766e-08,5.2974364450619766e-08,1.403890479423353e-07,1.403890479423353e-07,0.14285714285714285,refutes,"True
Question: Is it safe to travel during",0.959595799446106,0.959595799446106,0.0059332652017474,0.0059332652017474,0.0245926994830369,0.0245926994830369,3.753906341330549e-08,3.753906341330549e-08,1.343935878139746e-07,1.343935878139746e-07,0.8334442735755189,-0.9585355051068535,0.11167617047998399
242,Schools can reduce cohort sizes to decrease the chances of widespread Covid-19 transmission.,Should schools close during the Covid-19 pandemic?,6,243,refutes,"None

Argument: ""Schools can reduce",0.4235700070858001,0.4235700070858001,0.0436097756028175,0.0436097756028175,0.5189688205718994,0.5189688205718994,2.3370814972167866e-07,2.3370814972167866e-07,4.721034372323629e-07,4.721034372323629e-07,0.42857142857142855,refutes,"True
Question: Is it safe to travel during",0.959595799446106,0.959595799446106,0.0059332652017474,0.0059332652017474,0.0245926994830369,0.0245926994830369,3.753906341330549e-08,3.753906341330549e-08,1.343935878139746e-07,1.343935878139746e-07,0.5068407021629268,-0.5585953926327194,0.037901389395870504
243,A study found that Covid-19 cases in schools were 37% less than the ones in the surrounding community.,Should schools close during the Covid-19 pandemic?,4,244,refutes,"False

In this case, the question is",0.0507593154907226,0.0507593154907226,0.6480515003204346,0.6480515003204346,0.2920997142791748,0.2920997142791748,4.4147114408588095e-08,4.4147114408588095e-08,2.1268095906634699e-07,2.1268095906634699e-07,0.42857142857142855,refutes,"True
Question: Is it safe to travel during",0.959595799446106,0.959595799446106,0.0059332652017474,0.0059332652017474,0.0245926994830369,0.0245926994830369,3.753906341330549e-08,3.753906341330549e-08,1.343935878139746e-07,1.343935878139746e-07,0.27425160202754273,-0.9471034413447602,0.6459508327164837
244,"Scientists showed that 1 in 3 people that have COVID-19 won't show symptoms, and would thus continue to go outside and spread the virus without even knowing.",Should schools close during the Covid-19 pandemic?,4,245,supports,"True

The argument does not necessarily imply that",0.7299326658248901,0.7299326658248901,0.0270064920186996,0.0270064920186996,0.2157676815986633,0.2157676815986633,2.0290941904477225e-07,2.0290941904477225e-07,4.792079835169716e-07,4.792079835169716e-07,0.2857142857142857,supports,"True
Question: Is it safe to travel during",0.959595799446106,0.959595799446106,0.0059332652017474,0.0059332652017474,0.0245926994830369,0.0245926994830369,3.753906341330549e-08,3.753906341330549e-08,1.343935878139746e-07,1.343935878139746e-07,0.19599502896308463,-0.23933320024304092,0.021199006142408584
245,Schools can reduce cohort sizes to decrease the chances of widespread Covid-19 transmission.,Should schools close during the Covid-19 pandemic?,6,246,refutes,"None

Argument: ""Schools can reduce",0.4235700070858001,0.4235700070858001,0.0436097756028175,0.0436097756028175,0.5189688205718994,0.5189688205718994,2.3370814972167866e-07,2.3370814972167866e-07,4.721034372323629e-07,4.721034372323629e-07,0.42857142857142855,refutes,"True
Question: Is it safe to travel during",0.959595799446106,0.959595799446106,0.0059332652017474,0.0059332652017474,0.0245926994830369,0.0245926994830369,3.753906341330549e-08,3.753906341330549e-08,1.343935878139746e-07,1.343935878139746e-07,0.5068407021629268,-0.5585953926327194,0.037901389395870504
246,It is much more difficult to ensure that students are present and engaged in classes when they are conducted remotely.,Should schools close during the Covid-19 pandemic?,5,247,refutes,"None

Argument: ""It is much more",0.4168063104152679,0.4168063104152679,0.0482488311827182,0.0482488311827182,0.5268925428390503,0.5268925428390503,9.165707126612689e-08,9.165707126612689e-08,1.5560969757189016e-07,1.5560969757189016e-07,0.0,refutes,"True
Question: Is it safe to travel during",0.959595799446106,0.959595799446106,0.0059332652017474,0.0059332652017474,0.0245926994830369,0.0245926994830369,3.753906341330549e-08,3.753906341330549e-08,1.343935878139746e-07,1.343935878139746e-07,0.5149642032510889,-0.5656438777078274,0.04256813400919086
247,90% of teachers surveyed in May 2020 in the US said that remote attendance did not approach normal attendance levels.,Should schools close during the Covid-19 pandemic?,0,248,refutes,"None

Explanation: The argument does",0.2525348961353302,0.2525348961353302,0.0537677779793739,0.0537677779793739,0.6864609718322754,0.6864609718322754,8.719558053371658e-08,8.719558053371658e-08,2.200676476604713e-07,2.200676476604713e-07,0.14285714285714285,refutes,"True
Question: Is it safe to travel during",0.959595799446106,0.959595799446106,0.0059332652017474,0.0059332652017474,0.0245926994830369,0.0245926994830369,3.753906341330549e-08,3.753906341330549e-08,1.343935878139746e-07,1.343935878139746e-07,0.6785557909997703,-0.7368320116854437,0.04812002162745602
248,Data suggested that only 60 percent of low-income students were regularly logging into online instruction early in the Covid-19 pandemic.,Should schools close during the Covid-19 pandemic?,0,249,refutes,"None

Question: Is it true that only",0.0376239232718944,0.0376239232718944,0.0160559192299842,0.0160559192299842,0.940479815006256,0.940479815006256,6.545952402348122e-08,6.545952402348122e-08,2.3298248663650162e-07,2.3298248663650162e-07,0.42857142857142855,refutes,"True
Question: Is it safe to travel during",0.959595799446106,0.959595799446106,0.0059332652017474,0.0059332652017474,0.0245926994830369,0.0245926994830369,3.753906341330549e-08,3.753906341330549e-08,1.343935878139746e-07,1.343935878139746e-07,0.9389791475189918,-0.9607919049941532,0.010183072900323144
249,Attendance is difficult to monitor when classes are conducted remotely.,Should schools close during the Covid-19 pandemic?,3,250,refutes,"None

Argument: ""Attendance is difficult",0.4115146398544311,0.4115146398544311,0.0370991714298725,0.0370991714298725,0.5451683402061462,0.5451683402061462,5.842694150715033e-08,5.842694150715033e-08,9.446655013789497e-08,9.446655013789497e-08,0.0,refutes,"True
Question: Is it safe to travel during",0.959595799446106,0.959595799446106,0.0059332652017474,0.0059332652017474,0.0245926994830369,0.0245926994830369,3.753906341330549e-08,3.753906341330549e-08,1.343935878139746e-07,1.343935878139746e-07,0.5337007837107696,-0.571158356370501,0.031351925516801715
250,Students can ignore classes and leave them running in the background while they do other activities.,Should schools close during the Covid-19 pandemic?,0,251,refutes,"None

Argument: ""Students can ignore",0.1024746149778366,0.1024746149778366,0.0095316236838698,0.0095316236838698,0.8852455615997314,0.8852455615997314,1.9388048499990876e-08,1.9388048499990876e-08,4.751955273718522e-08,4.751955273718522e-08,0.14285714285714285,refutes,"True
Question: Is it safe to travel during",0.959595799446106,0.959595799446106,0.0059332652017474,0.0059332652017474,0.0245926994830369,0.0245926994830369,3.753906341330549e-08,3.753906341330549e-08,1.343935878139746e-07,1.343935878139746e-07,0.8823522867427289,-0.8932106465691215,0.003619835928674037
251,This [30] can be avoided by requiring students to turn on their cameras.,Should schools close during the Covid-19 pandemic?,0,252,,"None

Argument: ""This [30",0.0270036123692989,0.0270036123692989,0.0346733257174491,0.0346733257174491,0.9371521472930908,0.9371521472930908,1.335578936334514e-08,1.335578936334514e-08,3.8949366398810525e-08,3.8949366398810525e-08,0.0,,"True
Question: Is it safe to travel during",0.959595799446106,0.959595799446106,0.0059332652017474,0.0059332652017474,0.0245926994830369,0.0245926994830369,3.753906341330549e-08,3.753906341330549e-08,1.343935878139746e-07,1.343935878139746e-07,0.9355675801548748,-0.9718593887292067,0.02891160071012188
252,Students may not have enough personal space to be able to turn on their cameras comfortably.,Should schools close during the Covid-19 pandemic?,0,253,refutes,"None

Argument: ""Students may not",0.0485012903809547,0.0485012903809547,0.0057028466835618,0.0057028466835618,0.9442022442817688,0.9442022442817688,1.3856321423588724e-08,1.3856321423588724e-08,3.0383443316850396e-08,3.0383443316850396e-08,0.0,refutes,"True
Question: Is it safe to travel during",0.959595799446106,0.959595799446106,0.0059332652017474,0.0059332652017474,0.0245926994830369,0.0245926994830369,3.753906341330549e-08,3.753906341330549e-08,1.343935878139746e-07,1.343935878139746e-07,0.94279542946966,-0.949456541588708,-0.03883502765353209
253,Students may not have stable enough (or any) internet connections for them to switch on their cameras.,Should schools close during the Covid-19 pandemic?,0,254,refutes,"None

Argument: ""Students may not",0.2150013744831085,0.2150013744831085,0.0179263092577457,0.0179263092577457,0.7622460722923279,0.7622460722923279,5.505983935449876e-08,5.505983935449876e-08,1.2191723897103657e-07,1.2191723897103657e-07,0.0,refutes,"True
Question: Is it safe to travel during",0.959595799446106,0.959595799446106,0.0059332652017474,0.0059332652017474,0.0245926994830369,0.0245926994830369,3.753906341330549e-08,3.753906341330549e-08,1.343935878139746e-07,1.343935878139746e-07,0.7562516421789511,-0.7759458986719088,0.012064626685684546
254,Students can get the materials for their school work via the computer.,Should schools close during the Covid-19 pandemic?,0,255,supports,"None

Argument: ""Students can get",0.2513015568256378,0.2513015568256378,0.027327774092555,0.027327774092555,0.7158914804458618,0.7158914804458618,7.306744720381175e-08,7.306744720381175e-08,9.793966881943561e-08,9.793966881943561e-08,0.14285714285714285,supports,"True
Question: Is it safe to travel during",0.959595799446106,0.959595799446106,0.0059332652017474,0.0059332652017474,0.0245926994830369,0.0245926994830369,3.753906341330549e-08,3.753906341330549e-08,1.343935878139746e-07,1.343935878139746e-07,0.7087283236412507,-0.7381172812858361,0.021522205845817433
255,Only 54% of the global population has access to the internet (p. 8).,Should schools close during the Covid-19 pandemic?,4,256,insufficient-refutes,"None

Argument: ""Only",0.0490190833806991,0.0490190833806991,0.0375842340290546,0.0375842340290546,0.9105826616287231,0.9105826616287231,1.8016969249856632e-08,1.8016969249856632e-08,5.714608519724607e-08,5.714608519724607e-08,0.14285714285714285,insufficient-refutes,"True
Question: Is it safe to travel during",0.959595799446106,0.959595799446106,0.0059332652017474,0.0059332652017474,0.0245926994830369,0.0245926994830369,3.753906341330549e-08,3.753906341330549e-08,1.343935878139746e-07,1.343935878139746e-07,0.9083282047162391,-0.9489169466883934,0.03183988329891233
256,"In the US, 4.4 million students cannot consistently access computers and thus, online learning.",Should schools close during the Covid-19 pandemic?,4,257,refutes,"True

Argument: ""In the US,",0.6060245633125305,0.6060245633125305,0.0333975665271282,0.0333975665271282,0.3507401347160339,0.3507401347160339,1.242182889882315e-07,1.242182889882315e-07,1.8038389271168853e-07,1.8038389271168853e-07,0.14285714285714285,refutes,"True
Question: Is it safe to travel during",0.959595799446106,0.959595799446106,0.0059332652017474,0.0059332652017474,0.0245926994830369,0.0245926994830369,3.753906341330549e-08,3.753906341330549e-08,1.343935878139746e-07,1.343935878139746e-07,0.3343705086686759,-0.36845850756918946,0.027628226922767635
257,Many governments are taking measures to improve internet access for students.,Should schools close during the Covid-19 pandemic?,0,258,insufficient-neutral,"None

Argument: ""Many governments are taking",0.023861039429903,0.023861039429903,0.0217257253825664,0.0217257253825664,0.9531258940696716,0.9531258940696716,1.409698136001225e-08,1.409698136001225e-08,3.8095695487072596e-08,3.8095695487072596e-08,0.0,insufficient-neutral,"True
Question: Is it safe to travel during",0.959595799446106,0.959595799446106,0.0059332652017474,0.0059332652017474,0.0245926994830369,0.0245926994830369,3.753906341330549e-08,3.753906341330549e-08,1.343935878139746e-07,1.343935878139746e-07,0.9519440690002164,-0.9751342810757654,0.01588672030557798
258,"In order to improve access to the internet, the government of Panama made the internet free for four months (p. 4).",Should schools close during the Covid-19 pandemic?,0,259,insufficient-neutral,"None

Argument: ""In order to improve",0.0060016517527401,0.0060016517527401,0.0139542575925588,0.0139542575925588,0.9782690405845642,0.9782690405845642,5.868826313815134e-09,5.868826313815134e-09,1.78666503813929e-08,1.78666503813929e-08,0.14285714285714285,insufficient-neutral,"True
Question: Is it safe to travel during",0.959595799446106,0.959595799446106,0.0059332652017474,0.0059332652017474,0.0245926994830369,0.0245926994830369,3.753906341330549e-08,3.753906341330549e-08,1.343935878139746e-07,1.343935878139746e-07,0.9777211433583505,-0.9937456460770208,0.008068867119307913
259,School isn't just about materials alone but also about personal contact and interaction.,Should schools close during the Covid-19 pandemic?,1,260,refutes,"False

Explanation:
The argument",0.0355666950345039,0.0355666950345039,0.8890555500984192,0.8890555500984192,0.0707328170537948,0.0707328170537948,1.7284513376125688e-08,1.7284513376125688e-08,6.068340496767632e-08,6.068340496767632e-08,0.0,refutes,"True
Question: Is it safe to travel during",0.959595799446106,0.959595799446106,0.0059332652017474,0.0059332652017474,0.0245926994830369,0.0245926994830369,3.753906341330549e-08,3.753906341330549e-08,1.343935878139746e-07,1.343935878139746e-07,0.04730343677590251,-0.9629357537256482,0.8883933582949065
260,A decline in the quality of assessment is detrimental may result in a student's abilities to be misrepresented and thus may harm their future educational prospects.,Should schools close during the Covid-19 pandemic?,5,261,refutes,"None

Argument: ""A decline in the",0.2113180160522461,0.2113180160522461,0.0355917587876319,0.0355917587876319,0.7491874098777771,0.7491874098777771,2.8517426642338254e-08,2.8517426642338254e-08,8.430993858610236e-08,8.430993858610236e-08,0.14285714285714285,refutes,"True
Question: Is it safe to travel during",0.959595799446106,0.959595799446106,0.0059332652017474,0.0059332652017474,0.0245926994830369,0.0245926994830369,3.753906341330549e-08,3.753906341330549e-08,1.343935878139746e-07,1.343935878139746e-07,0.7428637349860997,-0.7797843465194176,0.029835515612444005
261,Students won't get help for exams. Students that are in low sets and need help from the teachers for every lesson will have no help with exam preparation and would go into the exam without any help.,Should schools close during the Covid-19 pandemic?,0,262,refutes,"True

Explanation: The argument suggests",0.6059697866439819,0.6059697866439819,0.2061708271503448,0.2061708271503448,0.1763472557067871,0.1763472557067871,1.440827190890559e-07,1.440827190890559e-07,1.846448753894947e-07,1.846448753894947e-07,0.14285714285714285,refutes,"True
Question: Is it safe to travel during",0.959595799446106,0.959595799446106,0.0059332652017474,0.0059332652017474,0.0245926994830369,0.0245926994830369,3.753906341330549e-08,3.753906341330549e-08,1.343935878139746e-07,1.343935878139746e-07,0.15558070576601252,-0.36851559063330896,0.20143271567098153
262,There are multiple online assessment methods that can be combined in order to accurately track the progress of students.,Should schools close during the Covid-19 pandemic?,6,263,supports,"None

Argument: ""There are multiple online",0.0050446246750652,0.0050446246750652,0.0023095975629985,0.0023095975629985,0.9918513894081116,0.9918513894081116,3.7748670855819455e-09,3.7748670855819455e-09,9.677187939871601e-09,9.677187939871601e-09,0.14285714285714285,supports,"True
Question: Is it safe to travel during",0.959595799446106,0.959595799446106,0.0059332652017474,0.0059332652017474,0.0245926994830369,0.0245926994830369,3.753906341330549e-08,3.753906341330549e-08,1.343935878139746e-07,1.343935878139746e-07,0.9916459405342058,-0.9947429691980967,-0.6107375139209515
263,School closures are detrimental to students' well-being.,Should schools close during the Covid-19 pandemic?,5,264,refutes,"True

Argument: ""Online learning is",0.5680481791496277,0.5680481791496277,0.2331265062093734,0.2331265062093734,0.1902723014354705,0.1902723014354705,1.1329356652822753e-07,1.1329356652822753e-07,2.079721781456101e-07,2.079721781456101e-07,0.0,refutes,"True
Question: Is it safe to travel during",0.959595799446106,0.959595799446106,0.0059332652017474,0.0059332652017474,0.0245926994830369,0.0245926994830369,3.753906341330549e-08,3.753906341330549e-08,1.343935878139746e-07,1.343935878139746e-07,0.16985684017807112,-0.40803390398591344,0.22854928452437875
264,"Schools provide important benefits for students, particularly those from low-income families, that would be disrupted by school closures.",Should schools close during the Covid-19 pandemic?,5,265,refutes,"False

Explanation: The argument suggests",0.0141631634905934,0.0141631634905934,0.9623656272888184,0.9623656272888184,0.0190586186945438,0.0190586186945438,2.7010701231233725e-08,2.7010701231233725e-08,5.15585192317758e-08,5.15585192317758e-08,0.14285714285714285,refutes,"True
Question: Is it safe to travel during",0.959595799446106,0.959595799446106,0.0059332652017474,0.0059332652017474,0.0245926994830369,0.0245926994830369,3.753906341330549e-08,3.753906341330549e-08,1.343935878139746e-07,1.343935878139746e-07,-0.22502941542917226,-0.9852404903202279,0.9621409998003609
265,School closures have been linked to an increase in child marriages across the world.,Should schools close during the Covid-19 pandemic?,5,266,refutes,"None

Explanation:
The question",0.064436562359333,0.064436562359333,0.1545752733945846,0.1545752733945846,0.7728277444839478,0.7728277444839478,9.096625319671149e-08,9.096625319671149e-08,4.451357256129995e-07,4.451357256129995e-07,0.14285714285714285,refutes,"True
Question: Is it safe to travel during",0.959595799446106,0.959595799446106,0.0059332652017474,0.0059332652017474,0.0245926994830369,0.0245926994830369,3.753906341330549e-08,3.753906341330549e-08,1.343935878139746e-07,1.343935878139746e-07,0.7671001074159978,-0.9328503080187233,0.14952920461924957
266,"School closures disrupt students' routines, increase rates of anxiety and depression among them.",Should schools close during the Covid-19 pandemic?,5,267,refutes,"True

Explanation: The argument states",0.4227109849452972,0.4227109849452972,0.1875768601894378,0.1875768601894378,0.3789156675338745,0.3789156675338745,1.0678238737682477e-07,1.0678238737682477e-07,3.393537326701335e-07,3.393537326701335e-07,0.0,refutes,"True
Question: Is it safe to travel during",0.959595799446106,0.959595799446106,0.0059332652017474,0.0059332652017474,0.0245926994830369,0.0245926994830369,3.753906341330549e-08,3.753906341330549e-08,1.343935878139746e-07,1.343935878139746e-07,0.3632564241246169,-0.5594905842759078,0.18272776729074963
267,Contracting Covid-19 or spreading it to family members would be worse for a student's well-being.,Should schools close during the Covid-19 pandemic?,6,268,supports,"True

Argument: ""Students who are",0.8699548840522766,0.8699548840522766,0.0748372972011566,0.0748372972011566,0.0453911162912845,0.0453911162912845,5.823116211445267e-08,5.823116211445267e-08,1.2065513033121533e-07,1.2065513033121533e-07,0.14285714285714285,supports,"True
Question: Is it safe to travel during",0.959595799446106,0.959595799446106,0.0059332652017474,0.0059332652017474,0.0245926994830369,0.0245926994830369,3.753906341330549e-08,3.753906341330549e-08,1.343935878139746e-07,1.343935878139746e-07,0.02132280207173403,-0.09341528531655882,0.06931529804524983
268,It is unethical to employ people without economic compensation.,Should unpaid internships be banned?,1,269,supports,"True

In this scenario, the argument suggests",0.9608027338981628,0.9608027338981628,0.0061293062753975,0.0061293062753975,0.0102646565064787,0.0102646565064787,1.366816775316693e-07,1.366816775316693e-07,3.2091307389237045e-07,3.2091307389237045e-07,0.0,supports,"True

Question: Is it legal to discrim",0.8611099123954773,0.8611099123954773,0.0331290215253829,0.0331290215253829,0.0740764141082763,0.0740764141082763,1.889913932018317e-07,1.889913932018317e-07,5.107305014462327e-07,5.107305014462327e-07,-0.8614315146049724,0.7177821198194653,-0.8149868002983025
269,Unpaid internships are an unfair way to replace paid workers.,Should unpaid internships be banned?,1,270,supports,"True

In this scenario, the argument suggests",0.933311641216278,0.933311641216278,0.0047468873672187,0.0047468873672187,0.0293062757700681,0.0293062757700681,4.2608562011992046e-07,4.2608562011992046e-07,5.210323479332146e-07,5.210323479332146e-07,0.4,supports,"True

Question: Is it legal to discrim",0.8611099123954773,0.8611099123954773,0.0331290215253829,0.0331290215253829,0.0740764141082763,0.0740764141082763,1.889913932018317e-07,1.889913932018317e-07,5.107305014462327e-07,5.107305014462327e-07,-0.6043777749928393,0.5198479608306442,-0.8567151352906178
270,"The UN Declaration of Human Rights, Article 23 (3) states: “Everyone who works has the right to just and favourable remuneration.”",Should unpaid internships be banned?,4,271,supports,"True

The UN Declaration of Human Rights",0.9333896636962892,0.9333896636962892,0.018775874748826,0.018775874748826,0.0221233870834112,0.0221233870834112,2.917267920565792e-07,2.917267920565792e-07,3.68057641253472e-07,3.68057641253472e-07,0.0,supports,"True

Question: Is it legal to discrim",0.8611099123954773,0.8611099123954773,0.0331290215253829,0.0331290215253829,0.0740764141082763,0.0740764141082763,1.889913932018317e-07,1.889913932018317e-07,5.107305014462327e-07,5.107305014462327e-07,-0.701343709064078,0.5204097178383392,-0.4332499456876431
271,"In the long run, the experience gained from an unpaid internship can lead one to have a career where they earn more money.",Should unpaid internships be banned?,2,272,refutes,"False

In this scenario, the argument suggests",0.335194319486618,0.335194319486618,0.3858062922954559,0.3858062922954559,0.2414314150810241,0.2414314150810241,3.152190686250833e-07,3.152190686250833e-07,6.712403433084546e-07,6.712403433084546e-07,0.2,refutes,"True

Question: Is it legal to discrim",0.8611099123954773,0.8611099123954773,0.0331290215253829,0.0331290215253829,0.0740764141082763,0.0740764141082763,1.889913932018317e-07,1.889913932018317e-07,5.107305014462327e-07,5.107305014462327e-07,0.18074385783312152,-0.6107415387262722,0.36476146106533663
272,"In the UK, people who have done unpaid internships have a higher average salary than those who have not (Sutton Trust, pp. 44-45).",Should unpaid internships be banned?,0,273,refutes,"True

In this case, the argument suggests",0.4014546573162079,0.4014546573162079,0.2397195249795913,0.2397195249795913,0.3225778937339782,0.3225778937339782,5.334445631888229e-07,5.334445631888229e-07,1.1470860954432285e-06,1.1470860954432285e-06,0.4,refutes,"True

Question: Is it legal to discrim",0.8611099123954773,0.8611099123954773,0.0331290215253829,0.0331290215253829,0.0740764141082763,0.0740764141082763,1.889913932018317e-07,1.889913932018317e-07,5.107305014462327e-07,5.107305014462327e-07,0.26838227626136024,-0.5337939425184157,0.2136691534377582
273,"Those people who have done paid internships gain an ever higher salary than those who have done unpaid internships (Sutton Trust, pp. 44-45). Therefore in 
terms of best promoting individual's longer-term salary, ideally unpaid internships would be banned and everyone would do paid internships.",Should unpaid internships be banned?,0,274,supports,"True

In this scenario, the argument suggests",0.7946521043777466,0.7946521043777466,0.1034245118498802,0.1034245118498802,0.0580158904194831,0.0580158904194831,7.650180009477481e-07,7.650180009477481e-07,8.095997259260912e-07,8.095997259260912e-07,0.8,supports,"True

Question: Is it legal to discrim",0.8611099123954773,0.8611099123954773,0.0331290215253829,0.0331290215253829,0.0740764141082763,0.0740764141082763,1.889913932018317e-07,1.889913932018317e-07,5.107305014462327e-07,5.107305014462327e-07,-0.2168102206637296,-0.07717691674556987,0.07270410622459567
274,"There may never be enough paid internships to go around. Therefore if unpaid internships were banned, some people would never be able to gain the long-term benefits of an internship.",Should unpaid internships be banned?,5,275,refutes,"None

In this case, the argument does",0.3581761121749878,0.3581761121749878,0.2539848685264587,0.2539848685264587,0.3638165593147278,0.3638165593147278,3.239274803945591e-07,3.239274803945591e-07,6.830810548308364e-07,6.830810548308364e-07,0.8,refutes,"True

Question: Is it legal to discrim",0.8611099123954773,0.8611099123954773,0.0331290215253829,0.0331290215253829,0.0740764141082763,0.0740764141082763,1.889913932018317e-07,1.889913932018317e-07,5.107305014462327e-07,5.107305014462327e-07,0.3129201476463235,-0.5840529681297059,0.22842328699275757
275,Banning unpaid internships would not necessarily mean they would be replaced with paid internships meaning there would be less opportunities existing.,Should unpaid internships be banned?,5,276,refutes,"True

In this scenario, the argument suggests",0.4812945127487182,0.4812945127487182,0.2102620005607605,0.2102620005607605,0.2785519063472748,0.2785519063472748,4.412652572227671e-07,4.412652572227671e-07,8.639554494038748e-07,8.639554494038748e-07,0.6,refutes,"True

Question: Is it legal to discrim",0.8611099123954773,0.8611099123954773,0.0331290215253829,0.0331290215253829,0.0740764141082763,0.0740764141082763,1.889913932018317e-07,1.889913932018317e-07,5.107305014462327e-07,5.107305014462327e-07,0.22083408971818713,-0.44107656198053763,0.18320229170062716
276,People choose to opt into internships. If they feel it is in their interests they should be free to choose to do so.,Should unpaid internships be banned?,1,277,refutes,"False

In this scenario, the argument suggests",0.1215632855892181,0.1215632855892181,0.6369460821151733,0.6369460821151733,0.2067861109972,0.2067861109972,2.8404954832694784e-07,2.8404954832694784e-07,6.630198186030611e-07,6.630198186030611e-07,0.6,refutes,"True

Question: Is it legal to discrim",0.8611099123954773,0.8611099123954773,0.0331290215253829,0.0331290215253829,0.0740764141082763,0.0740764141082763,1.889913932018317e-07,1.889913932018317e-07,5.107305014462327e-07,5.107305014462327e-07,0.1433268348609089,-0.8588295363468207,0.6245063447269891
277,Unpaid internships lower the value placed on work done by other paid interns and entry level workers.,Should unpaid internships be banned?,1,278,supports,"True

In this scenario, the argument suggests",0.849504828453064,0.849504828453064,0.0212669372558593,0.0212669372558593,0.0697316005825996,0.0697316005825996,1.1806685051851673e-06,1.1806685051851673e-06,1.4522470337396951e-06,1.4522470337396951e-06,0.4,supports,"True

Question: Is it legal to discrim",0.8611099123954773,0.8611099123954773,0.0331290215253829,0.0331290215253829,0.0740764141082763,0.0740764141082763,1.889913932018317e-07,1.889913932018317e-07,5.107305014462327e-07,5.107305014462327e-07,-0.05865312971718577,-0.013476890435658492,-0.35805718742508197
278,When work is done without payment it makes similar work seem worth less.,Should unpaid internships be banned?,1,279,supports,"True

In this scenario, the argument suggests",0.8735790848731995,0.8735790848731995,0.0196038056164979,0.0196038056164979,0.0585261471569538,0.0585261471569538,6.614002927562979e-07,6.614002927562979e-07,1.216501232192968e-06,1.216501232192968e-06,0.0,supports,"True

Question: Is it legal to discrim",0.8611099123954773,0.8611099123954773,0.0331290215253829,0.0331290215253829,0.0740764141082763,0.0740764141082763,1.889913932018317e-07,1.889913932018317e-07,5.107305014462327e-07,5.107305014462327e-07,-0.2099219723108212,0.08977726699422235,-0.408258840319875
279,Where work is seen as less valuable this drives wages for those jobs down.,Should unpaid internships be banned?,3,280,supports,"True

Argument: ""Where work is seen",0.8559250235557556,0.8559250235557556,0.0413029007613658,0.0413029007613658,0.0615204907953739,0.0615204907953739,3.428265245020157e-07,3.428265245020157e-07,5.663304136760416e-07,5.663304136760416e-07,0.0,supports,"True

Question: Is it legal to discrim",0.8611099123954773,0.8611099123954773,0.0331290215253829,0.0331290215253829,0.0740764141082763,0.0740764141082763,1.889913932018317e-07,1.889913932018317e-07,5.107305014462327e-07,5.107305014462327e-07,-0.16949961015323453,-0.006021169615035675,0.008453950338729178
280,Unpaid internships have replaced many entry-level jobs.,Should unpaid internships be banned?,3,281,supports,"True

In this scenario, the argument suggests",0.9230195879936218,0.9230195879936218,0.0046217595227062,0.0046217595227062,0.0366380736231803,0.0366380736231803,5.29571025253972e-07,5.29571025253972e-07,6.839786124146485e-07,6.839786124146485e-07,0.4,supports,"True

Question: Is it legal to discrim",0.8611099123954773,0.8611099123954773,0.0331290215253829,0.0331290215253829,0.0740764141082763,0.0740764141082763,1.889913932018317e-07,1.889913932018317e-07,5.107305014462327e-07,5.107305014462327e-07,-0.5054016306779238,0.4457458171847863,-0.8604921211100338
281,Changing paid jobs for unpaid internships is harmful for the economy since those positions should have paid taxes.,Should unpaid internships be banned?,5,282,supports,"True

In this scenario, the argument suggests",0.9019601941108704,0.9019601941108704,0.0118062952533364,0.0118062952533364,0.0563246831297874,0.0563246831297874,3.9522529959867835e-07,3.9522529959867835e-07,5.728074938815553e-07,5.728074938815553e-07,0.6,supports,"True

Question: Is it legal to discrim",0.8611099123954773,0.8611099123954773,0.0331290215253829,0.0331290215253829,0.0740764141082763,0.0740764141082763,1.889913932018317e-07,1.889913932018317e-07,5.107305014462327e-07,5.107305014462327e-07,-0.23964079784614675,0.29411948987828884,-0.6436268048456965
282,"Many paid or unpaid internships are never advertised and instead offered through informal networks, which encourages nepotism.",Should unpaid internships be banned?,3,283,supports,"True

In this scenario, the argument suggests",0.8060094118118286,0.8060094118118286,0.0162135194987058,0.0162135194987058,0.142269104719162,0.142269104719162,5.470175779009878e-07,5.470175779009878e-07,7.476843961740087e-07,7.476843961740087e-07,0.4,supports,"True

Question: Is it legal to discrim",0.8611099123954773,0.8611099123954773,0.0331290215253829,0.0331290215253829,0.0740764141082763,0.0740764141082763,1.889913932018317e-07,1.889913932018317e-07,5.107305014462327e-07,5.107305014462327e-07,0.0736482919864405,-0.06398776717175098,-0.5105946764445405
283,72% of privileged young adults in the UK admit they secured their internships through family connections.,Should unpaid internships be banned?,0,284,supports,"True

In this case, the argument suggests",0.8420979976654053,0.8420979976654053,0.008857007138431,0.008857007138431,0.1013630777597427,0.1013630777597427,8.869024554769567e-07,8.869024554769567e-07,1.1795535783676314e-06,1.1795535783676314e-06,0.2,supports,"True

Question: Is it legal to discrim",0.8611099123954773,0.8611099123954773,0.0331290215253829,0.0331290215253829,0.0740764141082763,0.0740764141082763,1.889913932018317e-07,1.889913932018317e-07,5.107305014462327e-07,5.107305014462327e-07,0.02946967122042538,-0.022078383324126132,-0.7326511097937224
284,This [24] is not sufficient reason to ban unpaid internships. It is only sufficient reason to regulate them such that they must be allocated on the basis of merit.,Should unpaid internships be banned?,6,285,refutes,"None

Argument: ""This [24",0.0423986390233039,0.0423986390233039,0.3662683367729187,0.3662683367729187,0.5762209892272949,0.5762209892272949,1.943494964962156e-07,1.943494964962156e-07,4.171016314558074e-07,4.171016314558074e-07,0.6,refutes,"True

Question: Is it legal to discrim",0.8611099123954773,0.8611099123954773,0.0331290215253829,0.0331290215253829,0.0740764141082763,0.0740764141082763,1.889913932018317e-07,1.889913932018317e-07,5.107305014462327e-07,5.107305014462327e-07,0.542317511693388,-0.950762802270668,0.3445540539163898
285,There are more effective methods to deal with the problems of unpaid internships than a ban.,Should unpaid internships be banned?,6,286,refutes,"False

In this scenario, the argument suggests",0.0271589774638414,0.0271589774638414,0.8649269938468933,0.8649269938468933,0.0955376178026199,0.0955376178026199,1.0022849750157549e-07,1.0022849750157549e-07,2.5744648723957653e-07,2.5744648723957653e-07,0.4,refutes,"True

Question: Is it legal to discrim",0.8611099123954773,0.8611099123954773,0.0331290215253829,0.0331290215253829,0.0740764141082763,0.0740764141082763,1.889913932018317e-07,1.889913932018317e-07,5.107305014462327e-07,5.107305014462327e-07,0.02317815856658959,-0.9684604983952754,0.8602988308055285
286,"Governments could introduce regulations to ensure that unpaid interns are entitled to the same rights as employees in relation to discrimination, harassment and working conditions.",Should unpaid internships be banned?,2,287,refutes,"None

Argument: ""Governments could",0.1293154060840606,0.1293154060840606,0.0772177577018737,0.0772177577018737,0.7677809000015259,0.7677809000015259,4.562666902074852e-07,4.562666902074852e-07,1.2647234370888327e-06,1.2647234370888327e-06,0.2,refutes,"True

Question: Is it legal to discrim",0.8611099123954773,0.8611099123954773,0.0331290215253829,0.0331290215253829,0.0740764141082763,0.0740764141082763,1.889913932018317e-07,1.889913932018317e-07,5.107305014462327e-07,5.107305014462327e-07,0.7492027381775438,-0.8498270613047239,0.04559939966969258
287,Governments could cap the length of unpaid internships.,Should unpaid internships be banned?,4,288,insufficient-refutes,"None

Argument: ""Governments could",0.3446613252162933,0.3446613252162933,0.1209875047206878,0.1209875047206878,0.5014792680740356,0.5014792680740356,9.88663600764994e-07,9.88663600764994e-07,1.966192257896182e-06,1.966192257896182e-06,0.4,insufficient-refutes,"True

Question: Is it legal to discrim",0.8611099123954773,0.8611099123954773,0.0331290215253829,0.0331290215253829,0.0740764141082763,0.0740764141082763,1.889913932018317e-07,1.889913932018317e-07,5.107305014462327e-07,5.107305014462327e-07,0.4615962488461108,-0.5997475812843708,0.09086888028629707
288,"Effectiveness is not the only measure to consider. Other methods may be more difficult or more expensive to implement, may be easier to bypass, or come with undesirable collateral effects.",Should unpaid internships be banned?,6,289,insufficient-neutral,"None

Argument: ""Effectiveness is not",0.2907947301864624,0.2907947301864624,0.1212212815880775,0.1212212815880775,0.5693484544754028,0.5693484544754028,2.529141340801289e-07,2.529141340801289e-07,4.369964585748676e-07,4.369964585748676e-07,0.2,insufficient-neutral,"True

Question: Is it legal to discrim",0.8611099123954773,0.8611099123954773,0.0331290215253829,0.0331290215253829,0.0740764141082763,0.0740764141082763,1.889913932018317e-07,1.889913932018317e-07,5.107305014462327e-07,5.107305014462327e-07,0.5348951554032916,-0.6623024238827823,0.09111066732158334
289,Unpaid internships are a barrier to greater social equality in society.,Should unpaid internships be banned?,5,290,supports,"True

Argument: ""The use of foss",0.9254322052001952,0.9254322052001952,0.0059036649763584,0.0059036649763584,0.0381971485912799,0.0381971485912799,7.200820846264833e-07,7.200820846264833e-07,6.256181563912833e-07,6.256181563912833e-07,0.4,supports,"True

Question: Is it legal to discrim",0.8611099123954773,0.8611099123954773,0.0331290215253829,0.0331290215253829,0.0740764141082763,0.0740764141082763,1.889913932018317e-07,1.889913932018317e-07,5.107305014462327e-07,5.107305014462327e-07,-0.4843547834881998,0.4631165111499531,-0.8217977862148718
290,Unpaid internships are a barrier to social mobility.,Should unpaid internships be banned?,3,291,supports,"True

In this scenario, the argument suggests",0.9130927920341492,0.9130927920341492,0.0078998003154993,0.0078998003154993,0.0447554178535938,0.0447554178535938,7.592628890051856e-07,7.592628890051856e-07,7.445773917424958e-07,7.445773917424958e-07,0.4,supports,"True

Question: Is it legal to discrim",0.8611099123954773,0.8611099123954773,0.0331290215253829,0.0331290215253829,0.0740764141082763,0.0740764141082763,1.889913932018317e-07,1.889913932018317e-07,5.107305014462327e-07,5.107305014462327e-07,-0.3958209452717902,0.37427350313644087,-0.7615444117645731
291,Unpaid internships serve as a mechanism for wealthier individuals to maintain socio-economic class advantage.,Should unpaid internships be banned?,5,292,supports,"True

In this scenario, the argument suggests",0.951961100101471,0.951961100101471,0.0024345798883587,0.0024345798883587,0.0161254554986953,0.0161254554986953,5.110844085720601e-07,5.110844085720601e-07,6.360547786243842e-07,6.360547786243842e-07,0.4,supports,"True

Question: Is it legal to discrim",0.8611099123954773,0.8611099123954773,0.0331290215253829,0.0331290215253829,0.0740764141082763,0.0740764141082763,1.889913932018317e-07,1.889913932018317e-07,5.107305014462327e-07,5.107305014462327e-07,-0.7823132275932663,0.6541229059102073,-0.9265121704094591
292,Many interns have bought their place on unpaid internships.,Should unpaid internships be banned?,0,293,supports,"True

In this scenario, the argument suggests",0.8538163900375366,0.8538163900375366,0.0126641942188143,0.0126641942188143,0.0872228369116783,0.0872228369116783,1.2436098586476874e-06,1.2436098586476874e-06,1.9374597286514472e-06,1.9374597286514472e-06,0.4,supports,"True

Question: Is it legal to discrim",0.8611099123954773,0.8611099123954773,0.0331290215253829,0.0331290215253829,0.0740764141082763,0.0740764141082763,1.889913932018317e-07,1.889913932018317e-07,5.107305014462327e-07,5.107305014462327e-07,0.014198172509820186,-0.008469908722396656,-0.6177311120066976
293,"Unpaid internships are difficult to regulate and monitor, often resulting in illegal practices.",Should unpaid internships be banned?,5,294,supports,"True

In this scenario, the argument suggests",0.9086750149726868,0.9086750149726868,0.0085670631378889,0.0085670631378889,0.063799001276493,0.063799001276493,2.216136607557928e-07,2.216136607557928e-07,3.224459419470805e-07,3.224459419470805e-07,0.4,supports,"True

Question: Is it legal to discrim",0.8611099123954773,0.8611099123954773,0.0331290215253829,0.0331290215253829,0.0740764141082763,0.0740764141082763,1.889913932018317e-07,1.889913932018317e-07,5.107305014462327e-07,5.107305014462327e-07,-0.1387406903466057,0.34246578281847523,-0.7414030736970314
294,"Unpaid internships, in countries such as Australia, are often under legislated, allowing employers to bypass fair work requirements.",Should unpaid internships be banned?,0,295,supports,"True

In this scenario, the argument suggests",0.9582307934761048,0.9582307934761048,0.0030261045321822,0.0030261045321822,0.0164872705936431,0.0164872705936431,2.668933802851825e-07,2.668933802851825e-07,3.263665462327481e-07,3.263665462327481e-07,0.4,supports,"True

Question: Is it legal to discrim",0.8611099123954773,0.8611099123954773,0.0331290215253829,0.0331290215253829,0.0740764141082763,0.0740764141082763,1.889913932018317e-07,1.889913932018317e-07,5.107305014462327e-07,5.107305014462327e-07,-0.7774288781103265,0.6992643086032944,-0.9086569903713079
295,Malpractice is not limited to unpaid internships. Paid interns at top companies can be subject to extreme conditions.,Should unpaid internships be banned?,0,296,refutes,"True

In this scenario, the argument suggests",0.6671546697616577,0.6671546697616577,0.0736921951174736,0.0736921951174736,0.216593399643898,0.216593399643898,6.904078304614814e-07,6.904078304614814e-07,1.1206425369891804e-06,1.1206425369891804e-06,0.6,refutes,"True

Question: Is it legal to discrim",0.8611099123954773,0.8611099123954773,0.0331290215253829,0.0331290215253829,0.0740764141082763,0.0740764141082763,1.889913932018317e-07,1.889913932018317e-07,5.107305014462327e-07,5.107305014462327e-07,0.1539187333675799,-0.22523865982945834,0.04195303664619777
296,Internships are becoming increasingly regulated to ensure standards.,Should unpaid internships be banned?,4,297,insufficient-neutral,"True

In this scenario, the argument suggests",0.9313973784446716,0.9313973784446716,0.0061784102581441,0.0061784102581441,0.0339261479675769,0.0339261479675769,4.588663955473749e-07,4.588663955473749e-07,6.861545216452214e-07,6.861545216452214e-07,0.2,insufficient-neutral,"True

Question: Is it legal to discrim",0.8611099123954773,0.8611099123954773,0.0331290215253829,0.0331290215253829,0.0740764141082763,0.0740764141082763,1.889913932018317e-07,1.889913932018317e-07,5.107305014462327e-07,5.107305014462327e-07,-0.5420114705068256,0.506065387829056,-0.8135045958598474
297,Unpaid internships can pave the way for a good career.,Should unpaid internships be banned?,2,298,refutes,"True

In this scenario, the argument suggests",0.611457347869873,0.611457347869873,0.2671259343624115,0.2671259343624115,0.0982701405882835,0.0982701405882835,1.774380251617913e-07,1.774380251617913e-07,3.771064882585051e-07,3.771064882585051e-07,0.4,refutes,"True

Question: Is it legal to discrim",0.8611099123954773,0.8611099123954773,0.0331290215253829,0.0331290215253829,0.0740764141082763,0.0740764141082763,1.889913932018317e-07,1.889913932018317e-07,5.107305014462327e-07,5.107305014462327e-07,0.026129290633316236,-0.28991951077546957,0.24201462040591348
298,Unpaid internships are a good way for young professionals to gain work experience.,Should unpaid internships be banned?,2,299,refutes,"True

In this scenario, the argument suggests",0.7682598233222961,0.7682598233222961,0.0703514218330383,0.0703514218330383,0.1293960660696029,0.1293960660696029,3.867140208058117e-07,3.867140208058117e-07,6.565391004187404e-07,6.565391004187404e-07,0.4,refutes,"True

Question: Is it legal to discrim",0.8611099123954773,0.8611099123954773,0.0331290215253829,0.0331290215253829,0.0740764141082763,0.0740764141082763,1.889913932018317e-07,1.889913932018317e-07,5.107305014462327e-07,5.107305014462327e-07,0.059745375108951615,-0.10782605999144322,0.03849779457273532
299,"If drugs were legalised, the drug trade would be less able to fuel serious crime.",Should all drugs be legalized? ,2,300,supports,"True

Argument: ""If drugs were legal",0.8901122808456421,0.8901122808456421,0.0154353464022278,0.0154353464022278,0.0610479786992073,0.0610479786992073,1.254135668204981e-06,1.254135668204981e-06,9.37471384077071e-07,9.37471384077071e-07,0.4,supports,"True

Question: Is it ethical to clone",0.7794212698936462,0.7794212698936462,0.080876775085926,0.080876775085926,0.1233223527669906,0.1233223527669906,1.1826056578456701e-07,1.1826056578456701e-07,3.239868249238498e-07,3.239868249238498e-07,-0.5049723158091753,0.501820873203075,-0.8091498284170109
300,"Around half of the total income of criminal organisations comes from illicit drug trafficking. Without this, they would lose significant power.",Should all drugs be legalized? ,4,301,supports,"True

Argument: ""Around half of",0.910223126411438,0.910223126411438,0.0064273658208549,0.0064273658208549,0.0581886172294616,0.0581886172294616,2.26812176151725e-07,2.26812176151725e-07,3.880877841311303e-07,3.880877841311303e-07,0.0,supports,"True

Question: Is it ethical to clone",0.7794212698936462,0.7794212698936462,0.080876775085926,0.080876775085926,0.1233223527669906,0.1233223527669906,1.1826056578456701e-07,1.1826056578456701e-07,3.239868249238498e-07,3.239868249238498e-07,-0.5281583920199355,0.592993968433514,-0.9205289056836617
301,The legalisation of alcohol after Prohibition in the US greatly decreased the ability of gangs to make money from alcohol sales.,Should all drugs be legalized? ,7,302,supports,"None

The question is not directly related to",0.3164736032485962,0.3164736032485962,0.0892654731869697,0.0892654731869697,0.5641751885414124,0.5641751885414124,5.441978601083974e-07,5.441978601083974e-07,1.4677713124910952e-06,1.4677713124910952e-06,0.0,supports,"True

Question: Is it ethical to clone",0.7794212698936462,0.7794212698936462,0.080876775085926,0.080876775085926,0.1233223527669906,0.1233223527669906,1.1826056578456701e-07,1.1826056578456701e-07,3.239868249238498e-07,3.239868249238498e-07,0.5028676585582532,-0.5939633475850874,0.009126848145772767
302,"Legalization of drugs would have significant economic benefits for the state and its citizens, rather than criminal gangs.",Should all drugs be legalized? ,2,303,supports,"True or False or None

True or False",0.9582105278968812,0.9582105278968812,0.0009747663279995,0.0009747663279995,0.0245571974664926,0.0245571974664926,2.83546171431226e-07,2.83546171431226e-07,2.942660444205103e-07,2.942660444205103e-07,0.2,supports,"True

Question: Is it ethical to clone",0.7794212698936462,0.7794212698936462,0.080876775085926,0.080876775085926,0.1233223527669906,0.1233223527669906,1.1826056578456701e-07,1.1826056578456701e-07,3.239868249238498e-07,3.239868249238498e-07,-0.8008698592306961,0.810546229534599,-0.9879475124105297
303,"Legalisation would create jobs, which would likely improve employment rates. This would prevent people from turning to crime in order to generate income.",Should all drugs be legalized? ,3,304,supports,"True

Argument: ""Legalisation would",0.9406667947769164,0.9406667947769164,0.0039048290345817,0.0039048290345817,0.0288529992103576,0.0288529992103576,8.358973673239234e-07,8.358973673239234e-07,3.4038191643048776e-07,3.4038191643048776e-07,0.0,supports,"True

Question: Is it ethical to clone",0.7794212698936462,0.7794212698936462,0.080876775085926,0.080876775085926,0.1233223527669906,0.1233223527669906,1.1826056578456701e-07,1.1826056578456701e-07,3.239868249238498e-07,3.239868249238498e-07,-0.7660359329595875,0.7310112122121855,-0.951718784157342
304,"Drug legalisation is not necessary for governments to funnel more money into harm reduction and other social programmes, which could equally combat socioeconomic deprivation.",Should all drugs be legalized? ,6,305,refutes,"None

Argument: ""Drug legalisation",0.124045044183731,0.124045044183731,0.1862136572599411,0.1862136572599411,0.6705811619758606,0.6705811619758606,2.518247583793709e-07,2.518247583793709e-07,4.873047600995051e-07,4.873047600995051e-07,0.0,refutes,"True

Question: Is it ethical to clone",0.7794212698936462,0.7794212698936462,0.080876775085926,0.080876775085926,0.1233223527669906,0.1233223527669906,1.1826056578456701e-07,1.1826056578456701e-07,3.239868249238498e-07,3.239868249238498e-07,0.6242417733999961,-0.8408498087296781,0.11460583229616761
305,Redistributive policies aim to tax certain wealthier demographics more heavily and use this revenue for positive community investment.,Should all drugs be legalized? ,0,306,not_applicable,"None

Argument: ""Redistributive policies",0.0389534533023834,0.0389534533023834,0.0524176023900508,0.0524176023900508,0.9005380868911743,0.9005380868911743,3.794285419189691e-08,3.794285419189691e-08,1.4235824608022085e-07,1.4235824608022085e-07,0.0,not_applicable,"True

Question: Is it ethical to clone",0.7794212698936462,0.7794212698936462,0.080876775085926,0.080876775085926,0.1233223527669906,0.1233223527669906,1.1826056578456701e-07,1.1826056578456701e-07,3.239868249238498e-07,3.239868249238498e-07,0.8865467673063757,-0.9500225939334467,-0.3518831291880678
306,Research shows that there is a positive correlation between a region's unemployment rate and the amount of property crimes reported in the area.,Should all drugs be legalized? ,4,307,not_applicable,"None

Argument: ""Research shows that",0.0533455274999141,0.0533455274999141,0.0248079765588045,0.0248079765588045,0.9164799451828004,0.9164799451828004,2.1076530742902836e-08,2.1076530742902836e-08,6.883785630407148e-08,6.883785630407148e-08,0.0,not_applicable,"True

Question: Is it ethical to clone",0.7794212698936462,0.7794212698936462,0.080876775085926,0.080876775085926,0.1233223527669906,0.1233223527669906,1.1826056578456701e-07,1.1826056578456701e-07,3.239868249238498e-07,3.239868249238498e-07,0.9047311687701775,-0.9315575163772561,-0.6932620454704366
307,"The legalisation of drugs may create a drugs market that competes with the alcohol industry, jeopardising jobs in the latter.",Should all drugs be legalized? ,3,308,refutes,"True

Argument: ""The legalisation of",0.6089280247688293,0.6089280247688293,0.1613498628139495,0.1613498628139495,0.2104399055242538,0.2104399055242538,2.531168377117865e-07,2.531168377117865e-07,4.547686103251181e-07,4.547686103251181e-07,0.2,refutes,"True

Question: Is it ethical to clone",0.7794212698936462,0.7794212698936462,0.080876775085926,0.080876775085926,0.1233223527669906,0.1233223527669906,1.1826056578456701e-07,1.1826056578456701e-07,3.239868249238498e-07,3.239868249238498e-07,0.09937238964883575,-0.2187433826999372,0.08755418810741801
308,Studies indicate that cannabis could be a substitute for alcohol if legalised for recreational use.,Should all drugs be legalized? ,4,309,insufficient-neutral,"None

Argument: ""Studies indicate that",0.2002756297588348,0.2002756297588348,0.043652344495058,0.043652344495058,0.7441142201423645,0.7441142201423645,1.3020516576034424e-07,1.3020516576034424e-07,4.913891302749107e-07,4.913891302749107e-07,0.2,insufficient-neutral,"True

Question: Is it ethical to clone",0.7794212698936462,0.7794212698936462,0.080876775085926,0.080876775085926,0.1233223527669906,0.1233223527669906,1.1826056578456701e-07,1.1826056578456701e-07,3.239868249238498e-07,3.239868249238498e-07,0.7081187359284588,-0.7430457218775119,-0.46026106445663306
309,A 10-year study found that monthly alcohol sales dipped by 15% in US counties when medical marijuana was legalised.,Should all drugs be legalized? ,0,310,insufficient-neutral,"None

Explanation:
The question",0.4435292780399322,0.4435292780399322,0.0272676572203636,0.0272676572203636,0.5104990601539612,0.5104990601539612,2.056735013411526e-07,2.056735013411526e-07,6.021513172527193e-07,6.021513172527193e-07,0.0,insufficient-neutral,"True

Question: Is it ethical to clone",0.7794212698936462,0.7794212698936462,0.080876775085926,0.080876775085926,0.1233223527669906,0.1233223527669906,1.1826056578456701e-07,1.1826056578456701e-07,3.239868249238498e-07,3.239868249238498e-07,0.44164090257004596,-0.43095050754715386,-0.6628493508625487
310,"The sensations felt when consuming marijuana and alcohol are very different. As such, they are not interchangeable, meaning that people may use both.",Should all drugs be legalized? ,3,311,insufficient-neutral,"None

The argument provided does not discuss the",0.3295265436172485,0.3295265436172485,0.0505345351994037,0.0505345351994037,0.5966954827308655,0.5966954827308655,2.0683420132172614e-07,2.0683420132172614e-07,6.346103305077122e-07,6.346103305077122e-07,0.0,insufficient-neutral,"True

Question: Is it ethical to clone",0.7794212698936462,0.7794212698936462,0.080876775085926,0.080876775085926,0.1233223527669906,0.1233223527669906,1.1826056578456701e-07,1.1826056578456701e-07,3.239868249238498e-07,3.239868249238498e-07,0.5399625865424381,-0.5772163830450597,-0.37516629284841985
311,"Many find marijuana to be more relaxing and calming, and alcohol more energising and stimulating.",Should all drugs be legalized? ,0,312,insufficient-neutral,"None

Argument: ""Many find marijuana to",0.2106982767581939,0.2106982767581939,0.0236396919935941,0.0236396919935941,0.7469902634620667,0.7469902634620667,1.8289395598003466e-07,1.8289395598003466e-07,5.744641953242535e-07,5.744641953242535e-07,0.2,insufficient-neutral,"True

Question: Is it ethical to clone",0.7794212698936462,0.7794212698936462,0.080876775085926,0.080876775085926,0.1233223527669906,0.1233223527669906,1.1826056578456701e-07,1.1826056578456701e-07,3.239868249238498e-07,3.239868249238498e-07,0.7113993526166789,-0.7296734322031728,-0.7077072871849978
312,"Many people see marijuana as being safer than alcohol, so may make the switch even if the sensations felt are different.",Should all drugs be legalized? ,6,313,insufficient-supports,"None

Argument: ""Many people see marijuana",0.4006837010383606,0.4006837010383606,0.0202630162239074,0.0202630162239074,0.5562942028045654,0.5562942028045654,3.160651829148265e-07,3.160651829148265e-07,8.608338930571335e-07,8.608338930571335e-07,0.0,insufficient-supports,"True

Question: Is it ethical to clone",0.7794212698936462,0.7794212698936462,0.080876775085926,0.080876775085926,0.1233223527669906,0.1233223527669906,1.1826056578456701e-07,1.1826056578456701e-07,3.239868249238498e-07,3.239868249238498e-07,0.4938780535857516,-0.4859215208573474,-0.7494581577668082
313,"Drugs are already easily accessible, and the alcohol industry is nonetheless highly successful.",Should all drugs be legalized? ,0,314,supports,"True

Argument: ""The government should not",0.9077774286270142,0.9077774286270142,0.0102433040738105,0.0102433040738105,0.0617750287055969,0.0617750287055969,2.0435714986888345e-07,2.0435714986888345e-07,3.8104445820863486e-07,3.8104445820863486e-07,0.2,supports,"True

Question: Is it ethical to clone",0.7794212698936462,0.7794212698936462,0.080876775085926,0.080876775085926,0.1233223527669906,0.1233223527669906,1.1826056578456701e-07,1.1826056578456701e-07,3.239868249238498e-07,3.239868249238498e-07,-0.4990767908692375,0.5819063273756268,-0.8733467789371214
314,"If the legalisation of drugs makes them cheaper than alcohol, people might be financially motivated to begin consuming only drugs.",Should all drugs be legalized? ,3,315,refutes,"True

In this case, the argument does",0.6720431447029114,0.6720431447029114,0.043299239128828,0.043299239128828,0.2511241734027862,0.2511241734027862,4.578833170398866e-07,4.578833170398866e-07,8.982445933725103e-07,8.982445933725103e-07,0.4,refutes,"True

Question: Is it ethical to clone",0.7794212698936462,0.7794212698936462,0.080876775085926,0.080876775085926,0.1233223527669906,0.1233223527669906,1.1826056578456701e-07,1.1826056578456701e-07,3.239868249238498e-07,3.239868249238498e-07,0.14577971850789936,-0.13776648051365964,-0.4646270318911017
315,"In a behavioural study conducted on misusers of both alcohol and illicit drugs, results indicated that which drugs users choose to use is not a decision solely influenced by economic considerations.",Should all drugs be legalized? ,4,316,insufficient-neutral,"None

Explanation:
The question",0.4213850796222687,0.4213850796222687,0.0124299591407179,0.0124299591407179,0.5495897531509399,0.5495897531509399,1.5397527874938532e-07,1.5397527874938532e-07,3.442883382831497e-07,3.442883382831497e-07,0.2,insufficient-neutral,"True

Question: Is it ethical to clone",0.7794212698936462,0.7794212698936462,0.080876775085926,0.080876775085926,0.1233223527669906,0.1233223527669906,1.1826056578456701e-07,1.1826056578456701e-07,3.239868249238498e-07,3.239868249238498e-07,0.4862304881724138,-0.459361585449461,-0.8463099063048456
316,"Studies indicate that alcohol consumption is common among drug misusers, suggesting that consumption of one often accompanies the other.",Should all drugs be legalized? ,4,317,insufficient-neutral,"None

The argument does not provide enough information",0.4345561861991882,0.4345561861991882,0.0640883594751358,0.0640883594751358,0.4772666096687317,0.4772666096687317,1.9228457404096846e-07,1.9228457404096846e-07,5.61853994440753e-07,5.61853994440753e-07,0.0,insufficient-neutral,"True

Question: Is it ethical to clone",0.7794212698936462,0.7794212698936462,0.080876775085926,0.080876775085926,0.1233223527669906,0.1233223527669906,1.1826056578456701e-07,1.1826056578456701e-07,3.239868249238498e-07,3.239868249238498e-07,0.4037336391761194,-0.4424630132835811,-0.2075801809970002
317,"The legal cannabis industry in the US currently supports 321,000 full-time jobs and creates jobs at a faster rate than any other US industry.",Should all drugs be legalized? ,0,318,insufficient-supports,"None

Explanation:
The question",0.1183614432811737,0.1183614432811737,0.010024107992649,0.010024107992649,0.8610202670097351,0.8610202670097351,1.518430394753523e-07,1.518430394753523e-07,3.201984952738713e-07,3.201984952738713e-07,0.0,insufficient-supports,"True

Question: Is it ethical to clone",0.7794212698936462,0.7794212698936462,0.080876775085926,0.080876775085926,0.1233223527669906,0.1233223527669906,1.1826056578456701e-07,1.1826056578456701e-07,3.239868249238498e-07,3.239868249238498e-07,0.8414699708280279,-0.8481418869960728,-0.8760570264825833
318,"Particularly between poorer countries, and in areas like Central America, it is often difficult to monitor and control movements across borders, meaning that drug smuggling will remain rampant.",Should all drugs be legalized? ,3,319,insufficient-refutes,"None

Explanation:
The argument",0.3743937611579895,0.3743937611579895,0.0282013714313507,0.0282013714313507,0.5708823204040527,0.5708823204040527,2.840135095993901e-07,2.840135095993901e-07,6.866565627206e-07,6.866565627206e-07,0.0,insufficient-refutes,"True

Question: Is it ethical to clone",0.7794212698936462,0.7794212698936462,0.080876775085926,0.080876775085926,0.1233223527669906,0.1233223527669906,1.1826056578456701e-07,1.1826056578456701e-07,3.239868249238498e-07,3.239868249238498e-07,0.5105182834872789,-0.5196515984108615,-0.6513044517243833
319,"The sale of drugs with potentially fatal or otherwise highly dangerous effects is likely to stay banned even if drugs are legalised, so there will remain a black market demand for these substances (p. 1-2).",Should all drugs be legalized? ,3,320,refutes,"True

The argument does not necessarily imply that",0.774324893951416,0.774324893951416,0.0655780881643295,0.0655780881643295,0.1345574855804443,0.1345574855804443,1.9985263577382287e-07,1.9985263577382287e-07,2.994289332036715e-07,2.994289332036715e-07,0.2,refutes,"True

Question: Is it ethical to clone",0.7794212698936462,0.7794212698936462,0.080876775085926,0.080876775085926,0.1233223527669906,0.1233223527669906,1.1826056578456701e-07,1.1826056578456701e-07,3.239868249238498e-07,3.239868249238498e-07,0.012815580332080204,-0.006538666750684949,-0.189160446931059
320,"There will still be a black market demand for drugs in places where they are legalised. Thus, criminals can continue to generate drug-related income regardless.",Should all drugs be legalized? ,3,321,refutes,"True

In this case, the argument suggests",0.9032607674598694,0.9032607674598694,0.0281419493257999,0.0281419493257999,0.0559669472277164,0.0559669472277164,6.486467185595758e-08,6.486467185595758e-08,1.4905783984886514e-07,1.4905783984886514e-07,0.4,refutes,"True

Question: Is it ethical to clone",0.7794212698936462,0.7794212698936462,0.080876775085926,0.080876775085926,0.1233223527669906,0.1233223527669906,1.1826056578456701e-07,1.1826056578456701e-07,3.239868249238498e-07,3.239868249238498e-07,-0.5461735364921052,0.5614299144188244,-0.6520391756978314
321,"In some US states where marijuana is legal, there are still large marijuana black markets due to regulations that increase the cost of legal marijuana.",Should all drugs be legalized? ,0,322,refutes,"True

The argument does not necessarily imply that",0.6094055771827698,0.6094055771827698,0.01098860707134,0.01098860707134,0.3582510352134704,0.3582510352134704,1.9960769748195162e-07,1.9960769748195162e-07,3.885297132910637e-07,3.885297132910637e-07,0.0,refutes,"True

Question: Is it ethical to clone",0.7794212698936462,0.7794212698936462,0.080876775085926,0.080876775085926,0.1233223527669906,0.1233223527669906,1.1826056578456701e-07,1.1826056578456701e-07,3.239868249238498e-07,3.239868249238498e-07,0.26797612918267877,-0.2181306814145263,-0.8641314881847679
322,"Despite alcohol often being very expensive due to heavy taxation, black markets for it are still much rarer in places where it is legally sold.",Should all drugs be legalized? ,7,323,supports,"True

The argument provided does not directly support",0.5657391548156738,0.5657391548156738,0.0724897757172584,0.0724897757172584,0.3378182649612427,0.3378182649612427,3.121511156223278e-07,3.121511156223278e-07,6.355081723086187e-07,6.355081723086187e-07,0.0,supports,"True

Question: Is it ethical to clone",0.7794212698936462,0.7794212698936462,0.080876775085926,0.080876775085926,0.1233223527669906,0.1233223527669906,1.1826056578456701e-07,1.1826056578456701e-07,3.239868249238498e-07,3.239868249238498e-07,0.24466907861886195,-0.2741548419728523,-0.10370096186151084
323,"Cheaper black market alcohol is highly popular and accounts for a substantial amount of total alcohol trade in many lower-income countries in Central and Latin America and Africa,
 despite alcohol being a legally purchasable substance in such countries.",Should all drugs be legalized? ,0,324,insufficient-neutral,"None

Explanation:
The argument",0.3613199591636657,0.3613199591636657,0.0265861079096794,0.0265861079096794,0.5957158803939819,0.5957158803939819,7.822359293641058e-08,7.822359293641058e-08,3.099851539900556e-07,3.099851539900556e-07,0.0,insufficient-neutral,"True

Question: Is it ethical to clone",0.7794212698936462,0.7794212698936462,0.080876775085926,0.080876775085926,0.1233223527669906,0.1233223527669906,1.1826056578456701e-07,1.1826056578456701e-07,3.239868249238498e-07,3.239868249238498e-07,0.5388451834239996,-0.5364253284838267,-0.6712763598519662
324,The enforcement of the criminalisation of drugs has harmed communities around the world and should be stopped.,Should all drugs be legalized? ,5,325,supports,"True or False or None

True or False",0.8003751635551453,0.8003751635551453,0.0090313833206892,0.0090313833206892,0.1600850969552993,0.1600850969552993,8.186219702110975e-07,8.186219702110975e-07,1.3870939028493012e-06,1.3870939028493012e-06,0.6,supports,"True

Question: Is it ethical to clone",0.7794212698936462,0.7794212698936462,0.080876775085926,0.080876775085926,0.1233223527669906,0.1233223527669906,1.1826056578456701e-07,1.1826056578456701e-07,3.239868249238498e-07,3.239868249238498e-07,0.041934163947649546,0.09499507795423402,-0.888331559819318
325,"Incarceration often creates, or else fails to treat, substance use disorders or other mental illnesses.",Should all drugs be legalized? ,0,326,supports,"True

In this case, the argument suggests",0.5741762518882751,0.5741762518882751,0.0301934164017438,0.0301934164017438,0.3649686276912689,0.3649686276912689,3.040752005745162e-07,3.040752005745162e-07,5.965143259345496e-07,5.965143259345496e-07,0.0,supports,"True

Question: Is it ethical to clone",0.7794212698936462,0.7794212698936462,0.080876775085926,0.080876775085926,0.1233223527669906,0.1233223527669906,1.1826056578456701e-07,1.1826056578456701e-07,3.239868249238498e-07,3.239868249238498e-07,0.27563868622288706,-0.263330019250536,-0.6266738334996002
326,Time spent in prison can have a lasting positive impact on an offender's life by deterring them from future crime and rehabilitating them via training and well-being programmes.,Should all drugs be legalized? ,2,327,refutes,"None

Argument: ""Time spent in prison",0.0390901900827884,0.0390901900827884,0.0923186764121055,0.0923186764121055,0.8623157739639282,0.8623157739639282,3.16278594425512e-08,3.16278594425512e-08,9.895481412058873e-08,9.895481412058873e-08,0.0,refutes,"True

Question: Is it ethical to clone",0.7794212698936462,0.7794212698936462,0.080876775085926,0.080876775085926,0.1233223527669906,0.1233223527669906,1.1826056578456701e-07,1.1826056578456701e-07,3.239868249238498e-07,3.239868249238498e-07,0.842947716905257,-0.9498471602037211,0.012448713095297067
327,Those who have been to prison find it very hard to find employment upon their release (p. 3).,Should all drugs be legalized? ,5,328,insufficient-neutral,"None

Argument: ""Those who have",0.4432744979858398,0.4432744979858398,0.0533568151295185,0.0533568151295185,0.4792940318584442,0.4792940318584442,1.572972507801751e-07,1.572972507801751e-07,3.530928438522096e-07,3.530928438522096e-07,0.0,insufficient-neutral,"True

Question: Is it ethical to clone",0.7794212698936462,0.7794212698936462,0.080876775085926,0.080876775085926,0.1233223527669906,0.1233223527669906,1.1826056578456701e-07,1.1826056578456701e-07,3.239868249238498e-07,3.239868249238498e-07,0.40604625909532405,-0.4312773911772698,-0.3402702435547095
328,"Many who go to prison suffer from stigma, affecting their employment opportunities and their daily life.",Should all drugs be legalized? ,3,329,insufficient-supports,"True

The argument does not necessarily imply that",0.7939257025718689,0.7939257025718689,0.0189653728157281,0.0189653728157281,0.1690365374088287,0.1690365374088287,1.4166114681302133e-07,1.4166114681302133e-07,2.3631288570413747e-07,2.3631288570413747e-07,0.0,insufficient-supports,"True

Question: Is it ethical to clone",0.7794212698936462,0.7794212698936462,0.080876775085926,0.080876775085926,0.1233223527669906,0.1233223527669906,1.1826056578456701e-07,1.1826056578456701e-07,3.239868249238498e-07,3.239868249238498e-07,0.052144804633860904,0.06575626159072197,-0.7655028554788602
329,"Due to this, many who leave prison often continue to commit crime to make money.",Should all drugs be legalized? ,3,330,insufficient-neutral,"True

In this case, the argument does",0.5087620615959167,0.5087620615959167,0.0727237462997436,0.0727237462997436,0.3962242901325226,0.3962242901325226,2.1819334961037387e-07,2.1819334961037387e-07,5.033667775933282e-07,5.033667775933282e-07,0.0,insufficient-neutral,"True

Question: Is it ethical to clone",0.7794212698936462,0.7794212698936462,0.080876775085926,0.080876775085926,0.1233223527669906,0.1233223527669906,1.1826056578456701e-07,1.1826056578456701e-07,3.239868249238498e-07,3.239868249238498e-07,0.3112910865548717,-0.3472566361124088,-0.10080803515620365
330,It is not necessary to end drug prohibition in order to mitigate cruel and dangerous policing practices: adapting the criminal justice system with regards to drug law enforcement would be sufficient.,Should all drugs be legalized? ,6,331,refutes,"None

Argument: ""It is not necessary",0.1567244082689285,0.1567244082689285,0.1044009625911712,0.1044009625911712,0.713451087474823,0.713451087474823,2.086592587602354e-07,2.086592587602354e-07,5.054596385889454e-07,5.054596385889454e-07,0.2,refutes,"True

Question: Is it ethical to clone",0.7794212698936462,0.7794212698936462,0.080876775085926,0.080876775085926,0.1233223527669906,0.1233223527669906,1.1826056578456701e-07,1.1826056578456701e-07,3.239868249238498e-07,3.239868249238498e-07,0.6731422166065378,-0.7989220793393104,0.025594160682257158
331,"If drugs were legalised, prison systems would be less overcrowded, which is a significant social issue in the US.",Should all drugs be legalized? ,2,332,supports,"True

Argument: ""If drugs were legal",0.9497045278549194,0.9497045278549194,0.0010947498958557,0.0010947498958557,0.0277962442487478,0.0277962442487478,5.281169137560937e-07,5.281169137560937e-07,4.4039722979505314e-07,4.4039722979505314e-07,0.4,supports,"True

Question: Is it ethical to clone",0.7794212698936462,0.7794212698936462,0.080876775085926,0.080876775085926,0.1233223527669906,0.1233223527669906,1.1826056578456701e-07,1.1826056578456701e-07,3.239868249238498e-07,3.239868249238498e-07,-0.7746049793481725,0.7719840343589329,-0.9864639768995165
332,"Many other countries have significantly more overcrowded prisons than the US does. Legalisation could help resolve this serious issue in those countries, too.",Should all drugs be legalized? ,2,333,supports,"True

In this case, the argument does",0.5269507765769958,0.5269507765769958,0.0475060567259788,0.0475060567259788,0.4040271937847137,0.4040271937847137,3.131493429009425e-07,3.131493429009425e-07,4.840688347940159e-07,4.840688347940159e-07,0.0,supports,"True

Question: Is it ethical to clone",0.7794212698936462,0.7794212698936462,0.080876775085926,0.080876775085926,0.1233223527669906,0.1233223527669906,1.1826056578456701e-07,1.1826056578456701e-07,3.239868249238498e-07,3.239868249238498e-07,0.32019162562623826,-0.32392045620092014,-0.4126118817731433
333,"In the US, the War on Drugs has led to the mass incarceration of African Americans and other minority groups.",Should all drugs be legalized? ,0,334,supports,"True

The question is not directly related to",0.7552276253700256,0.7552276253700256,0.0080056227743625,0.0080056227743625,0.2097191363573074,0.2097191363573074,1.1550567933227285e-06,1.1550567933227285e-06,1.258709517060197e-06,1.258709517060197e-06,0.2,supports,"True

Question: Is it ethical to clone",0.7794212698936462,0.7794212698936462,0.080876775085926,0.080876775085926,0.1233223527669906,0.1233223527669906,1.1826056578456701e-07,1.1826056578456701e-07,3.239868249238498e-07,3.239868249238498e-07,0.09855022979427429,-0.031040523858069567,-0.9010145648629403
334,"Other countries, like Japan, have strict drug laws which are not used as instruments of social oppression.",Should all drugs be legalized? ,0,335,refutes,"True

Argument: ""The United States has",0.5194220542907715,0.5194220542907715,0.0490746088325977,0.0490746088325977,0.4045262932777405,0.4045262932777405,4.089282867880684e-07,4.089282867880684e-07,6.585907499356836e-07,6.585907499356836e-07,0.0,refutes,"True

Question: Is it ethical to clone",0.7794212698936462,0.7794212698936462,0.080876775085926,0.080876775085926,0.1233223527669906,0.1233223527669906,1.1826056578456701e-07,1.1826056578456701e-07,3.239868249238498e-07,3.239868249238498e-07,0.3207609335065088,-0.33357983114619416,-0.39321753642551516
335,Legalisation would increase overall drug use.,Should all drugs be legalized? ,5,336,refutes,"True

Argument: ""Legalisation would",0.5007640719413757,0.5007640719413757,0.36636683344841,0.36636683344841,0.1009446755051612,0.1009446755051612,5.111809855407046e-07,5.111809855407046e-07,9.274388617086516e-07,9.274388617086516e-07,0.0,refutes,"True

Question: Is it ethical to clone",0.7794212698936462,0.7794212698936462,0.080876775085926,0.080876775085926,0.1233223527669906,0.1233223527669906,1.1826056578456701e-07,1.1826056578456701e-07,3.239868249238498e-07,3.239868249238498e-07,-0.18145678183833014,-0.3575180826028701,0.3106112984895726
336,"If legal, drugs will likely be easier for individuals to access, which may lead to more people trying them.",Should all drugs be legalized? ,3,337,refutes,"True

Argument: ""If legal, drugs",0.9505472779273988,0.9505472779273988,0.0041352091357111,0.0041352091357111,0.0251340977847576,0.0251340977847576,2.2120966036709438e-07,2.2120966036709438e-07,3.9744179503031773e-07,3.9744179503031773e-07,0.4,refutes,"True

Question: Is it ethical to clone",0.7794212698936462,0.7794212698936462,0.080876775085926,0.080876775085926,0.1233223527669906,0.1233223527669906,1.1826056578456701e-07,1.1826056578456701e-07,3.239868249238498e-07,3.239868249238498e-07,-0.7961918725938776,0.7758046659858945,-0.9488702519194451
337,"Substance abuse increased during the COVID-19 pandemic despite it being harder to access drugs during periods of lockdown. 
This indicates that psychological stress, rather than ease of access, is a primary determinant of frequent drug (mis)use.",Should all drugs be legalized? ,0,338,insufficient-refutes,"True

Question: Is psychological stress a primary",0.5367607474327087,0.5367607474327087,0.0192483905702829,0.0192483905702829,0.4180296957492828,0.4180296957492828,1.7174055244595365e-07,1.7174055244595365e-07,4.35992689062914e-07,4.35992689062914e-07,0.2,insufficient-refutes,"True

Question: Is it ethical to clone",0.7794212698936462,0.7794212698936462,0.080876775085926,0.080876775085926,0.1233223527669906,0.1233223527669906,1.1826056578456701e-07,1.1826056578456701e-07,3.239868249238498e-07,3.239868249238498e-07,0.3361638612692527,-0.31133423199247445,-0.7620034855515343
338,"The current American opioid crisis, in which hundreds of thousands of people have become addicted to and overdosed on opioids, has been caused by easy access to certain opioids due to their legality.",Should all drugs be legalized? ,7,339,refutes,"True

The question is not directly related to",0.5734145641326904,0.5734145641326904,0.0958271846175193,0.0958271846175193,0.2974835634231567,0.2974835634231567,3.670143087219913e-07,3.670143087219913e-07,1.017325075736153e-06,1.017325075736153e-06,0.0,refutes,"True

Question: Is it ethical to clone",0.7794212698936462,0.7794212698936462,0.080876775085926,0.080876775085926,0.1233223527669906,0.1233223527669906,1.1826056578456701e-07,1.1826056578456701e-07,3.239868249238498e-07,3.239868249238498e-07,0.1986604896404714,-0.2643072670945532,0.01626594685711588
339,"In many places where drugs have been legalised, their consumption has not increased.",Should all drugs be legalized? ,0,340,supports,"True

Argument: ""The legalization of",0.431294173002243,0.431294173002243,0.1315373033285141,0.1315373033285141,0.4115437567234039,0.4115437567234039,2.333672455279157e-07,2.333672455279157e-07,6.306519253485021e-07,6.306519253485021e-07,0.2,supports,"True

Question: Is it ethical to clone",0.7794212698936462,0.7794212698936462,0.080876775085926,0.080876775085926,0.1233223527669906,0.1233223527669906,1.1826056578456701e-07,1.1826056578456701e-07,3.239868249238498e-07,3.239868249238498e-07,0.328765544400618,-0.4466481867230875,0.05511832023102691
340,"In some cases, drug legalisation has actually lead to decreases in drug use.",Should all drugs be legalized? ,2,341,supports,"None

Argument: ""In some cases,",0.4561020135879516,0.4561020135879516,0.0455144122242927,0.0455144122242927,0.4705802500247955,0.4705802500247955,2.9885120511607965e-07,2.9885120511607965e-07,5.485989618136955e-07,5.485989618136955e-07,0.0,supports,"True

Question: Is it ethical to clone",0.7794212698936462,0.7794212698936462,0.080876775085926,0.080876775085926,0.1233223527669906,0.1233223527669906,1.1826056578456701e-07,1.1826056578456701e-07,3.239868249238498e-07,3.239868249238498e-07,0.39610670849636515,-0.41481964733886756,-0.4372375484069837
341,"In the US state of Colorado, there has been a drop in teen drug use following the legalisation of marijuana.",Should all drugs be legalized? ,0,342,insufficient-supports,"None

Explanation:
The question",0.2315527498722076,0.2315527498722076,0.0116187511011958,0.0116187511011958,0.7358731627464294,0.7358731627464294,3.33986179157364e-07,3.33986179157364e-07,1.073917360372434e-06,1.073917360372434e-06,0.0,insufficient-supports,"True

Question: Is it ethical to clone",0.7794212698936462,0.7794212698936462,0.080876775085926,0.080876775085926,0.1233223527669906,0.1233223527669906,1.1826056578456701e-07,1.1826056578456701e-07,3.239868249238498e-07,3.239868249238498e-07,0.6987184079721732,-0.702917076020002,-0.8563400792272976
342,Using drugs can be an important and positive experience for individuals and communities.,Should all drugs be legalized? ,2,343,supports,"True

Argument: ""The use of drugs",0.7096379995346069,0.7096379995346069,0.0196645483374595,0.0196645483374595,0.2414421588182449,0.2414421588182449,4.949636149831349e-07,4.949636149831349e-07,7.258162213474861e-07,7.258162213474861e-07,0.4,supports,"True

Question: Is it ethical to clone",0.7794212698936462,0.7794212698936462,0.080876775085926,0.080876775085926,0.1233223527669906,0.1233223527669906,1.1826056578456701e-07,1.1826056578456701e-07,3.239868249238498e-07,3.239868249238498e-07,0.13473573373755657,-0.0895321606614115,-0.7568579073959456
343,Creativity can be stimulated through the use of drugs.,Should all drugs be legalized? ,0,344,supports,"None

Argument: ""Creativity can be",0.4016120135784149,0.4016120135784149,0.0413490310311317,0.0413490310311317,0.5320494771003723,0.5320494771003723,3.0645151127828285e-07,3.0645151127828285e-07,7.674154289816215e-07,7.674154289816215e-07,0.4,supports,"True

Question: Is it ethical to clone",0.7794212698936462,0.7794212698936462,0.080876775085926,0.080876775085926,0.1233223527669906,0.1233223527669906,1.1826056578456701e-07,1.1826056578456701e-07,3.239868249238498e-07,3.239868249238498e-07,0.46622281932636916,-0.48473049287811226,-0.48874035856151277
344,"Drugs are not necessary for creativity, which can be boosted by a multitude of legal alternatives such as walking, meditation, and visually stimulating environments.",Should all drugs be legalized? ,6,345,refutes,"None

Argument: ""Drugs are",0.1971570253372192,0.1971570253372192,0.1071924194693565,0.1071924194693565,0.6774769425392151,0.6774769425392151,1.3224646977505472e-07,1.3224646977505472e-07,3.879355574554211e-07,3.879355574554211e-07,0.4,refutes,"True

Question: Is it ethical to clone",0.7794212698936462,0.7794212698936462,0.080876775085926,0.080876775085926,0.1233223527669906,0.1233223527669906,1.1826056578456701e-07,1.1826056578456701e-07,3.239868249238498e-07,3.239868249238498e-07,0.6321075842657334,-0.747046901396312,0.02863124733453522
345,"Some drugs can impair one's ability to make moral, rational, and autonomous judgements.",Should all drugs be legalized? ,5,346,refutes,"True

In this case, the argument suggests",0.6880632638931274,0.6880632638931274,0.0686618164181709,0.0686618164181709,0.2199182361364364,0.2199182361364364,1.322306246720473e-07,1.322306246720473e-07,4.3867831323041173e-07,4.3867831323041173e-07,0.2,refutes,"True

Question: Is it ethical to clone",0.7794212698936462,0.7794212698936462,0.080876775085926,0.080876775085926,0.1233223527669906,0.1233223527669906,1.1826056578456701e-07,1.1826056578456701e-07,3.239868249238498e-07,3.239868249238498e-07,0.11018403819730548,-0.11721261598748108,-0.15103172270132614
346,Individuals routinely take many decisions which partially remove their autonomy. It would be arbitrary to only ban drugs for this reason.,Should all drugs be legalized? ,7,347,supports,"True

Argument: ""The government has the",0.5906168818473816,0.5906168818473816,0.0236276481300592,0.0236276481300592,0.3638685047626495,0.3638685047626495,2.803759286962304e-07,2.803759286962304e-07,7.386921652141609e-07,7.386921652141609e-07,0.4,supports,"True

Question: Is it ethical to clone",0.7794212698936462,0.7794212698936462,0.080876775085926,0.080876775085926,0.1233223527669906,0.1233223527669906,1.1826056578456701e-07,1.1826056578456701e-07,3.239868249238498e-07,3.239868249238498e-07,0.2743838088662079,-0.24223663805329232,-0.7078562034038023
347,"Drugs can alter and intensify thoughts, feelings, and perceptions, allowing users to experience states of consciousness they would not otherwise have access to. This can bring about noticeable health benefits.",Should all drugs be legalized? ,2,348,supports,"True

The argument presented does not necessarily imply",0.6948767900466919,0.6948767900466919,0.0119560156017541,0.0119560156017541,0.2637454867362976,0.2637454867362976,3.723342558714649e-07,3.723342558714649e-07,6.794981004532019e-07,6.794981004532019e-07,0.2,supports,"True

Question: Is it ethical to clone",0.7794212698936462,0.7794212698936462,0.080876775085926,0.080876775085926,0.1233223527669906,0.1233223527669906,1.1826056578456701e-07,1.1826056578456701e-07,3.239868249238498e-07,3.239868249238498e-07,0.16017647354476736,-0.10847083998424963,-0.8521699760029791
348,Drugs should remain banned because they are detrimental to the health of those who use them.,Should all drugs be legalized? ,5,349,refutes,"False

Argument: ""The government should not",0.2726239562034607,0.2726239562034607,0.6747507452964783,0.6747507452964783,0.0335938595235347,0.0335938595235347,7.036401683535588e-08,7.036401683535588e-08,2.2981527081356037e-07,2.2981527081356037e-07,0.4,refutes,"True

Question: Is it ethical to clone",0.7794212698936462,0.7794212698936462,0.080876775085926,0.080876775085926,0.1233223527669906,0.1233223527669906,1.1826056578456701e-07,1.1826056578456701e-07,3.239868249238498e-07,3.239868249238498e-07,-0.7275931023874637,-0.6502225859955543,0.6461309584099256
349,"While enjoyable, these experiences are not important or necessary for a good life. It is, therefore, not particularly harmful for people to be denied them.",Should all drugs be legalized? ,1,350,refutes,"None

Argument: ""While enjoyable, these",0.2247525155544281,0.2247525155544281,0.109535627067089,0.109535627067089,0.6503429412841797,0.6503429412841797,1.5283188758985489e-07,1.5283188758985489e-07,3.964157144764613e-07,3.964157144764613e-07,0.2,refutes,"True

Question: Is it ethical to clone",0.7794212698936462,0.7794212698936462,0.080876775085926,0.080876775085926,0.1233223527669906,0.1233223527669906,1.1826056578456701e-07,1.1826056578456701e-07,3.239868249238498e-07,3.239868249238498e-07,0.6011566397074042,-0.7116417985551048,0.031180641729341815
350,"Health problems associated with illegal drugs are often the result of dangerous, poor-quality drugs. These drugs would become less common with legalisation.",Should all drugs be legalized? ,3,351,supports,"True

Argument: ""Health problems associated with",0.5690205097198486,0.5690205097198486,0.1028199046850204,0.1028199046850204,0.2906272113323211,0.2906272113323211,7.089066684784484e-07,7.089066684784484e-07,1.385263658448821e-06,1.385263658448821e-06,0.2,supports,"True

Question: Is it ethical to clone",0.7794212698936462,0.7794212698936462,0.080876775085926,0.080876775085926,0.1233223527669906,0.1233223527669906,1.1826056578456701e-07,1.1826056578456701e-07,3.239868249238498e-07,3.239868249238498e-07,0.19083965365534533,-0.26994485306066546,0.023873980119636082
351,Many illegal drugs have valuable medicinal properties that could be beneficial to the health of those who use them.,Should all drugs be legalized? ,2,352,supports,"True

The question is not directly related to",0.4849656522274017,0.4849656522274017,0.0180837828665971,0.0180837828665971,0.4700448215007782,0.4700448215007782,2.9216624852779205e-07,2.9216624852779205e-07,8.964269113675982e-07,8.964269113675982e-07,0.4,supports,"True

Question: Is it ethical to clone",0.7794212698936462,0.7794212698936462,0.080876775085926,0.080876775085926,0.1233223527669906,0.1233223527669906,1.1826056578456701e-07,1.1826056578456701e-07,3.239868249238498e-07,3.239868249238498e-07,0.3954959611758338,-0.3777875059868762,-0.7764032647520339
352,"Legalisation could fuel the creation of more hygienic supervised injection sites, reducing the health risks associated with injecting illegal drugs.",Should all drugs be legalized? ,2,353,supports,"None

Argument: ""Legalisation could",0.2201711535453796,0.2201711535453796,0.0397841148078441,0.0397841148078441,0.7219133973121643,0.7219133973121643,2.965861085613142e-07,2.965861085613142e-07,7.412613172164129e-07,7.412613172164129e-07,0.2,supports,"True

Question: Is it ethical to clone",0.7794212698936462,0.7794212698936462,0.080876775085926,0.080876775085926,0.1233223527669906,0.1233223527669906,1.1826056578456701e-07,1.1826056578456701e-07,3.239868249238498e-07,3.239868249238498e-07,0.6827949206124518,-0.7175197007705185,-0.5080897480695018
353,Moral anti-realism is correct and there are no such things as moral properties.,Are moral properties natural properties?,4,354,refutes,"True

Argument: ""Moral anti-",0.7927604913711548,0.7927604913711548,0.0875662937760353,0.0875662937760353,0.1072884649038314,0.1072884649038314,7.497866505445927e-08,7.497866505445927e-08,3.748697281480418e-07,3.748697281480418e-07,0.75,refutes,True,0.8648330569267273,0.8648330569267273,0.0074240444228053,0.0074240444228053,0.1188855767250061,0.1188855767250061,3.9476411473060586e-08,3.9476411473060586e-08,1.4439871165450313e-07,1.4439871165450313e-07,-0.09754851800063141,-0.0833369688847114,0.08074167916613126
354,Moral Error Theory (an anti-realist theory) provides the best explanation for moral phenomena.,Are moral properties natural properties?,4,355,refutes,"True

Argument: ""Moral Error Theory",0.784310519695282,0.784310519695282,0.055499143898487,0.055499143898487,0.1450828611850738,0.1450828611850738,1.402191003307962e-07,1.402191003307962e-07,4.922888479086396e-07,4.922888479086396e-07,0.25,refutes,True,0.8648330569267273,0.8648330569267273,0.0074240444228053,0.0074240444228053,0.1188855767250061,0.1188855767250061,3.9476411473060586e-08,3.9476411473060586e-08,1.4439871165450313e-07,1.4439871165450313e-07,0.029731989135639854,-0.09310760797880505,0.048434680696778976
355,Almost all of the investigative methods and tools available to us are designed to explore the natural world.,Are moral properties natural properties?,3,356,insufficient-supports,"None

Argument: ""Almost all of",0.1277160793542862,0.1277160793542862,0.0073761153034865,0.0073761153034865,0.8592497706413269,0.8592497706413269,2.9261062906016377e-08,2.9261062906016377e-08,2.2925878795376775e-07,2.2925878795376775e-07,0.5,insufficient-supports,True,0.8648330569267273,0.8648330569267273,0.0074240444228053,0.0074240444228053,0.1188855767250061,0.1188855767250061,3.9476411473060586e-08,3.9476411473060586e-08,1.4439871165450313e-07,1.4439871165450313e-07,0.8402588521527978,-0.8523228519870201,-0.006455931105634358
356,"In Wittgensteinian philosophy, the meaning of a term simply means its common use between two or more agents, and all concepts exist within a 'language-game' rather than in nature.",Are moral properties natural properties?,4,357,refutes,"None

The question you've asked is",0.1333462297916412,0.1333462297916412,0.0047076973132789,0.0047076973132789,0.8560459017753601,0.8560459017753601,4.291583266535781e-08,4.291583266535781e-08,2.2051364112485322e-07,2.2051364112485322e-07,0.0,refutes,True,0.8648330569267273,0.8648330569267273,0.0074240444228053,0.0074240444228053,0.1188855767250061,0.1188855767250061,3.9476411473060586e-08,3.9476411473060586e-08,1.4439871165450313e-07,1.4439871165450313e-07,0.8366226968688355,-0.8458127511158041,-0.36588508295859345
357,"There is no such thing as absolute morality. What we perceive (as living organisms) to be moral on a fundamental level arises from our biology. 
We've evolved to consider as ""good"" the things that serve our instincts of survival and reproduction and as ""bad"" things that go against our basic instincts. This means that the basis of morality in humans is natural, and then specificities that come from that basis are mostly social constructs",Are moral properties natural properties?,3,358,supports,True,0.9913528561592102,0.9913528561592102,2.998135823872872e-05,2.998135823872872e-05,8.343045192304999e-05,8.343045192304999e-05,6.6867498205169795e-09,6.6867498205169795e-09,1.6229762422881322e-08,1.6229762422881322e-08,0.75,supports,True,0.8648330569267273,0.8648330569267273,0.0074240444228053,0.0074240444228053,0.1188855767250061,0.1188855767250061,3.9476411473060586e-08,3.9476411473060586e-08,1.4439871165450313e-07,1.4439871165450313e-07,-0.9992982289843617,0.9360261936522285,-0.9959615869017928
358,No attempt by philosophers to bridge the is/ought divide has yet succeeded.,Are moral properties natural properties?,4,359,refutes,"None

Argument: ""No attempt by philosoph",0.3310027420520782,0.3310027420520782,0.0107235172763466,0.0107235172763466,0.6480719447135925,0.6480719447135925,1.4335061848669286e-07,1.4335061848669286e-07,3.689296477205062e-07,3.689296477205062e-07,0.0,refutes,True,0.8648330569267273,0.8648330569267273,0.0074240444228053,0.0074240444228053,0.1188855767250061,0.1188855767250061,3.9476411473060586e-08,3.9476411473060586e-08,1.4439871165450313e-07,1.4439871165450313e-07,0.6005875673010388,-0.6172640032651732,0.0033241515019599866
359,"Normative (moral) properties are quite commonly used in the natural sciences. The study of medicine and biology makes natural use of notions about how organs ""ought"" to function.",Are moral properties natural properties?,0,360,supports,"True or False or None

True or False",0.7932572364807129,0.7932572364807129,0.0167227927595376,0.0167227927595376,0.1769996136426925,0.1769996136426925,9.103002440724597e-08,9.103002440724597e-08,2.938485010872683e-07,2.938485010872683e-07,1.0,supports,True,0.8648330569267273,0.8648330569267273,0.0074240444228053,0.0074240444228053,0.1188855767250061,0.1188855767250061,3.9476411473060586e-08,3.9476411473060586e-08,1.4439871165450313e-07,1.4439871165450313e-07,0.06595515336326431,-0.08276258622718054,0.009368299004709386
360,"In medicine, these ought claims are attached to an implied ""in order to be healthy"". Doctors are paid to keep people healthy, and for them to 
question whether, in an objective sense, one ""ought"" to be healthy is counterproductive or irrelevant.",Are moral properties natural properties?,1,361,insufficient-supports,"None

Argument: ""In medicine, these",0.2588086724281311,0.2588086724281311,0.0059922328218817,0.0059922328218817,0.7258468866348267,0.7258468866348267,5.6801823689056625e-08,5.6801823689056625e-08,2.2553484768650378e-07,2.2553484768650378e-07,0.25,insufficient-supports,True,0.8648330569267273,0.8648330569267273,0.0074240444228053,0.0074240444228053,0.1188855767250061,0.1188855767250061,3.9476411473060586e-08,3.9476411473060586e-08,1.4439871165450313e-07,1.4439871165450313e-07,0.6888564003456215,-0.70074146639603,-0.19286139998372556
361,"It is possible for people to draw differing conclusions from the same facts because they have unique prior experiences and value judgments
 about the world that they will subconsciously rely on when evaluating the same evidence.",Are moral properties natural properties?,3,362,insufficient-neutral,"None

Argument: ""It is possible for",0.1884054094552993,0.1884054094552993,0.0009001859580166,0.0009001859580166,0.8057077527046204,0.8057077527046204,4.7131180735959794e-08,4.7131180735959794e-08,1.0600451361142404e-07,1.0600451361142404e-07,0.0,insufficient-neutral,True,0.8648330569267273,0.8648330569267273,0.0074240444228053,0.0074240444228053,0.1188855767250061,0.1188855767250061,3.9476411473060586e-08,3.9476411473060586e-08,1.4439871165450313e-07,1.4439871165450313e-07,0.779492603726518,-0.7821482331806128,-0.8787472290371277
362,"The principle of Occam's razor states that, all things being equal, the simplest explanation is the best.",Are moral properties natural properties?,4,363,insufficient-neutral,"None

The principle of Occam's",0.0921528488397598,0.0921528488397598,0.001957926666364,0.001957926666364,0.9020758271217346,0.9020758271217346,3.2573215236197945e-08,3.2573215236197945e-08,9.225033892334977e-08,9.225033892334977e-08,0.0,insufficient-neutral,True,0.8648330569267273,0.8648330569267273,0.0074240444228053,0.0074240444228053,0.1188855767250061,0.1188855767250061,3.9476411473060586e-08,3.9476411473060586e-08,1.4439871165450313e-07,1.4439871165450313e-07,0.888863273268989,-0.8934443496329403,-0.7362722318377286
363,"The Open Question Argument argues that if moral properties were natural properties, then ""yes"" would logically follow from ""is [eg. pleasure] goodness?"" just like ""yes"" follows from ""is H20 water?"". However, intuitively the former question requires a much more open answer to the latter. This indicates that moral properties are not self-evidently natural.",Are moral properties natural properties?,4,364,refutes,True or False or None.,0.6340541243553162,0.6340541243553162,0.0831697955727577,0.0831697955727577,0.2522093057632446,0.2522093057632446,2.9575159032901865e-07,2.9575159032901865e-07,1.7219946357727167e-06,1.7219946357727167e-06,1.0,refutes,True,0.8648330569267273,0.8648330569267273,0.0074240444228053,0.0074240444228053,0.1188855767250061,0.1188855767250061,3.9476411473060586e-08,3.9476411473060586e-08,1.4439871165450313e-07,1.4439871165450313e-07,0.15131261674583713,-0.26684795490069224,0.07631229703313269
364,"There's no natural property or set of natural properties which are synonymous with ""good"" or ""bad"" - good and bad are judgments we make of natural properties and so can't be identical to these natural properties. Saying pleasure is good is not the same as saying ""pleasure is pleasure"" and so can't be identical.",Are moral properties natural properties?,0,365,refutes,"True

In this context, the question is",0.93332839012146,0.93332839012146,0.0176371429115533,0.0176371429115533,0.0423093102872371,0.0423093102872371,1.7690320319729835e-08,1.7690320319729835e-08,5.7328559677216624e-08,5.7328559677216624e-08,0.75,refutes,True,0.8648330569267273,0.8648330569267273,0.0074240444228053,0.0074240444228053,0.1188855767250061,0.1188855767250061,3.9476411473060586e-08,3.9476411473060586e-08,1.4439871165450313e-07,1.4439871165450313e-07,-0.6441173820008238,0.5067461883605816,0.010289488105531392
365,"H2O is water by definition (as otherwise, some substance not made of H2O but with indistinguishable macroscopic properties to H2O could be accurately classified as ""water""). The same would apply to questions like ""Is X goodness?"", the only difference being that X is more difficult to fully define in terms of natural properties.",Are moral properties natural properties?,7,366,supports,"True

The argument is based on the definition",0.667892336845398,0.667892336845398,0.0417078547179698,0.0417078547179698,0.2615503966808319,0.2615503966808319,1.563441145435718e-07,1.563441145435718e-07,6.367367291204573e-07,6.367367291204573e-07,0.5,supports,True,0.8648330569267273,0.8648330569267273,0.0074240444228053,0.0074240444228053,0.1188855767250061,0.1188855767250061,3.9476411473060586e-08,3.9476411473060586e-08,1.4439871165450313e-07,1.4439871165450313e-07,0.16191406721678464,-0.2277210827037282,0.03454023856061278
366,Moral properties are capable of explaining human intuitions in relation to moral dilemmas.,Are moral properties natural properties?,0,367,insufficient-neutral,"True

Argument: ""Moral properties are",0.840440571308136,0.840440571308136,0.0011869965819641,0.0011869965819641,0.1415532827377319,0.1415532827377319,1.3869112081010826e-07,1.3869112081010826e-07,3.527794376623206e-07,3.527794376623206e-07,0.75,insufficient-neutral,True,0.8648330569267273,0.8648330569267273,0.0074240444228053,0.0074240444228053,0.1188855767250061,0.1188855767250061,3.9476411473060586e-08,3.9476411473060586e-08,1.4439871165450313e-07,1.4439871165450313e-07,0.025726177456581324,-0.028204848812408374,-0.8401145636578002
367,"There are no truly objective morals. The example of ""murder"" is a semantic deception where intentional death is labeled after the fact to show condemnation, rather than being an intrinsic quality clearly different than ""defense"", ""accident"", ""euthanasia"", ""sacrifice"" or ""execution"". That we employ a legal debate process to make those distinctions underlines the fact that even the most important morals are subjective in nature.",Are moral properties natural properties?,0,368,refutes,"True

Question: Is the concept of """,0.885837733745575,0.885837733745575,0.0030485277529805,0.0030485277529805,0.1009533777832984,0.1009533777832984,3.949851645757008e-08,3.949851645757008e-08,1.0591016774696983e-07,1.0591016774696983e-07,0.25,refutes,True,0.8648330569267273,0.8648330569267273,0.0074240444228053,0.0074240444228053,0.1188855767250061,0.1188855767250061,3.9476411473060586e-08,3.9476411473060586e-08,1.4439871165450313e-07,1.4439871165450313e-07,-0.15083578206620157,0.1553980310663771,-0.5893710248263084
368,You should pull the lever because five lives are worth more than one.,What's the right solution to the trolley problem?,1,369,supports,"True

The trolley problem is a",0.9203870296478271,0.9203870296478271,0.0067580323666334,0.0067580323666334,0.0597649477422237,0.0597649477422237,8.569990228579628e-08,8.569990228579628e-08,2.2800495003139082e-07,2.2800495003139082e-07,0.125,supports,"None

The trolley problem is a",0.3087828457355499,0.3087828457355499,0.0241857413202524,0.0241857413202524,0.6639874577522278,0.6639874577522278,8.06240052497742e-09,8.06240052497742e-09,7.86144127573607e-08,7.86144127573607e-08,-0.9099908484046614,0.8848220564825363,-0.7205778281861294
369,"There is no moral difference between causing death directly and causing death through negligence;
 therefore the only relevant variable here is the number of people who will die.",What's the right solution to the trolley problem?,7,370,supports,"True

Explanation: The trol",0.7128957509994507,0.7128957509994507,0.0305968709290027,0.0305968709290027,0.2425505518913269,0.2425505518913269,1.1380143405403943e-07,1.1380143405403943e-07,5.813276402477641e-07,5.813276402477641e-07,0.125,supports,"None

The trolley problem is a",0.3087828457355499,0.3087828457355499,0.0241857413202524,0.0241857413202524,0.6639874577522278,0.6639874577522278,8.06240052497742e-09,8.06240052497742e-09,7.86144127573607e-08,7.86144127573607e-08,-0.6347061242505629,0.5846395778385048,0.006570030671025854
370,"From a simple utilitaristic point of view, pulling the lever would be not only permissible, but, morally speaking, the better option as it maximizes utility.",What's the right solution to the trolley problem?,4,371,supports,"True

The trolley problem is a",0.9692937135696412,0.9692937135696412,0.0054144305177032,0.0054144305177032,0.0194981135427951,0.0194981135427951,6.094958138191943e-08,6.094958138191943e-08,1.090796359903834e-07,1.090796359903834e-07,0.125,supports,"None

The trolley problem is a",0.3087828457355499,0.3087828457355499,0.0241857413202524,0.0241857413202524,0.6639874577522278,0.6639874577522278,8.06240052497742e-09,8.06240052497742e-09,7.86144127573607e-08,7.86144127573607e-08,-0.970634816493671,0.9555764982959162,-0.7761312979408523
371,There is more suffering and pain if more people die.,What's the right solution to the trolley problem?,1,372,supports,"True

The trolley problem is a",0.8868187069892883,0.8868187069892883,0.0175624918192625,0.0175624918192625,0.0851054042577743,0.0851054042577743,7.592253581378827e-08,7.592253581378827e-08,5.720605713577243e-07,5.720605713577243e-07,0.0,supports,"None

The trolley problem is a",0.3087828457355499,0.3087828457355499,0.0241857413202524,0.0241857413202524,0.6639874577522278,0.6639874577522278,8.06240052497742e-09,8.06240052497742e-09,7.86144127573607e-08,7.86144127573607e-08,-0.8718267894006936,0.8362579801261557,-0.27384934839453495
372,"If morality is merely about the eventual death toll, it should be considered moral for a doctor to kill one patient and use their organs to save more people. Yet, this is clearly immoral.",What's the right solution to the trolley problem?,7,373,refutes,"True

Explanation:
The t",0.7730802297592163,0.7730802297592163,0.0827652066946029,0.0827652066946029,0.1343411952257156,0.1343411952257156,6.02622520773366e-08,6.02622520773366e-08,3.2450458320454345e-07,3.2450458320454345e-07,0.25,refutes,"None

The trolley problem is a",0.3087828457355499,0.3087828457355499,0.0241857413202524,0.0241857413202524,0.6639874577522278,0.6639874577522278,8.06240052497742e-09,8.06240052497742e-09,7.86144127573607e-08,7.86144127573607e-08,-0.7976751011525188,0.6717098688294889,0.060031368524586896
373,"Possible good consequences (such as saving five people) are irrelevant to whether or not pulling the lever is right, as the action must be right in and of itself
 regardless of consequence to be morally correct (under deontology).",What's the right solution to the trolley problem?,4,374,,"True

Explanation:
The t",0.8388813734054565,0.8388813734054565,0.0109806191176176,0.0109806191176176,0.1435156762599945,0.1435156762599945,3.4190740905160055e-08,3.4190740905160055e-08,6.400158980568449e-08,6.400158980568449e-08,0.375,,"None

The trolley problem is a",0.3087828457355499,0.3087828457355499,0.0241857413202524,0.0241857413202524,0.6639874577522278,0.6639874577522278,8.06240052497742e-09,8.06240052497742e-09,7.86144127573607e-08,7.86144127573607e-08,-0.7838578506500216,0.7669059200852795,-0.5459879036900653
374,"In the trolley problem, you are not initially the cause of any person's death unless you pull the lever. You had no prior obligation to either group, and you did not, by your own action cause the situation to exist.",What's the right solution to the trolley problem?,3,375,insufficient-neutral,"True

In the classic trolley problem",0.7987597584724426,0.7987597584724426,0.0615937411785125,0.0615937411785125,0.1244227737188339,0.1244227737188339,3.9039985466615696e-08,3.9039985466615696e-08,6.000471444167488e-07,6.000471444167488e-07,0.625,insufficient-neutral,"None

The trolley problem is a",0.3087828457355499,0.3087828457355499,0.0241857413202524,0.0241857413202524,0.6639874577522278,0.6639874577522278,8.06240052497742e-09,8.06240052497742e-09,7.86144127573607e-08,7.86144127573607e-08,-0.8126127650964406,0.7088610427475507,0.03833516422364251
375,Negligence is as much of a choice as intervening.,What's the right solution to the trolley problem?,7,376,insufficient-neutral,"None

Argument: ""Negligence is",0.4058524966239929,0.4058524966239929,0.0064582913182675,0.0064582913182675,0.5813568830490112,0.5813568830490112,6.00356102609112e-08,6.00356102609112e-08,3.1456409033125965e-07,3.1456409033125965e-07,0.0,insufficient-neutral,"None

The trolley problem is a",0.3087828457355499,0.3087828457355499,0.0241857413202524,0.0241857413202524,0.6639874577522278,0.6639874577522278,8.06240052497742e-09,8.06240052497742e-09,7.86144127573607e-08,7.86144127573607e-08,-0.12444598725244417,0.14043293093866924,-0.732971124070548
376,There is a moral difference between causing death and failing to prevent one.,What's the right solution to the trolley problem?,7,377,insufficient-supports,"True

The trolley problem is a",0.8176053762435913,0.8176053762435913,0.0140676768496632,0.0140676768496632,0.1465885639190673,0.1465885639190673,1.5110637718862566e-07,1.5110637718862566e-07,8.200705110539275e-07,8.200705110539275e-07,0.125,insufficient-supports,"None

The trolley problem is a",0.3087828457355499,0.3087828457355499,0.0241857413202524,0.0241857413202524,0.6639874577522278,0.6639874577522278,8.06240052497742e-09,8.06240052497742e-09,7.86144127573607e-08,7.86144127573607e-08,-0.7792299203733334,0.7361254381041779,-0.41834832915030984
377,"It's unfair to consider the one who pulls or not the lever to be the resposible of one or five's people's deaths.
 The responsible one is really whoever put the trolley on the tracks in the first place.",What's the right solution to the trolley problem?,1,378,refutes,"True

In the classic trolley problem",0.6466771960258484,0.6466771960258484,0.1177686676383018,0.1177686676383018,0.2132515013217926,0.2132515013217926,1.1538740807282013e-07,1.1538740807282013e-07,5.569714858211228e-07,5.569714858211228e-07,0.5,refutes,"None

The trolley problem is a",0.3087828457355499,0.3087828457355499,0.0241857413202524,0.0241857413202524,0.6639874577522278,0.6639874577522278,8.06240052497742e-09,8.06240052497742e-09,7.86144127573607e-08,7.86144127573607e-08,-0.6788320339006025,0.4888396478670505,0.09590239688100557
378,"When people's lives are at stake, it is selfish to change the focus to whether or not the bystander deserves blame for what happens. The bystander's priority should be saving lives, not avoiding blame.",What's the right solution to the trolley problem?,1,379,supports,"True

The trolley problem is a",0.7171145677566528,0.7171145677566528,0.0023183613084256,0.0023183613084256,0.2721859812736511,0.2721859812736511,5.439188299760645e-08,5.439188299760645e-08,2.036753841139216e-07,2.036753841139216e-07,0.5,supports,"None

The trolley problem is a",0.3087828457355499,0.3087828457355499,0.0241857413202524,0.0241857413202524,0.6639874577522278,0.6639874577522278,8.06240052497742e-09,8.06240052497742e-09,7.86144127573607e-08,7.86144127573607e-08,-0.5900736104337388,0.5907430385688618,-0.9041434671062046
379,You should pull the lever because a world where people are willing to sacrifice one person to save five is a better world to live in overall.,What's the right solution to the trolley problem?,1,380,supports,"True

The trolley problem is a",0.969716727733612,0.969716727733612,0.0026193901430815,0.0026193901430815,0.0228055529296398,0.0228055529296398,2.6638520722599424e-08,2.6638520722599424e-08,1.0576975029152893e-07,1.0576975029152893e-07,0.25,supports,"None

The trolley problem is a",0.3087828457355499,0.3087828457355499,0.0241857413202524,0.0241857413202524,0.6639874577522278,0.6639874577522278,8.06240052497742e-09,8.06240052497742e-09,7.86144127573607e-08,7.86144127573607e-08,-0.965653638990648,0.9561884827661524,-0.8916969255398385
380,"If all seven participants were asked what action they would prefer, knowing that they would be put into this scenario but unaware of where they would be, they would likely opt to kill only one person.",What's the right solution to the trolley problem?,0,381,supports,"True or False or None

Answer:",0.5439357757568359,0.5439357757568359,0.0088608581572771,0.0088608581572771,0.4302886128425598,0.4302886128425598,1.0291186924860085e-07,1.0291186924860085e-07,4.332751473157259e-07,4.332751473157259e-07,0.25,supports,"None

The trolley problem is a",0.3087828457355499,0.3087828457355499,0.0241857413202524,0.0241857413202524,0.6639874577522278,0.6639874577522278,8.06240052497742e-09,8.06240052497742e-09,7.86144127573607e-08,7.86144127573607e-08,-0.3519627399300584,0.3402012357050383,-0.6336329724217595
381,It is highly problematic to apply statistical analysis to moral issues simply because moral values cannot be mathematically equated.,What's the right solution to the trolley problem?,1,382,insufficient-neutral,"None

Argument: ""It is highly problem",0.0424988716840744,0.0424988716840744,0.0040784929879009,0.0040784929879009,0.952273726463318,0.952273726463318,4.090789929023231e-09,4.090789929023231e-09,2.005707244734367e-08,2.005707244734367e-08,0.125,insufficient-neutral,"None

The trolley problem is a",0.3087828457355499,0.3087828457355499,0.0241857413202524,0.0241857413202524,0.6639874577522278,0.6639874577522278,8.06240052497742e-09,8.06240052497742e-09,7.86144127573607e-08,7.86144127573607e-08,0.857962821216688,-0.8623664744625367,-0.8313678735790623
382,There is no better framework than mathematics and statistics to make any kind of judgement in these situations.,What's the right solution to the trolley problem?,1,383,insufficient-neutral,"None

The trolley problem is a",0.0292542707175016,0.0292542707175016,0.0010490663116797,0.0010490663116797,0.9687683582305908,0.9687683582305908,5.789171808601168e-09,5.789171808601168e-09,2.385526265413773e-08,2.385526265413773e-08,0.125,insufficient-neutral,"None

The trolley problem is a",0.3087828457355499,0.3087828457355499,0.0241857413202524,0.0241857413202524,0.6639874577522278,0.6639874577522278,8.06240052497742e-09,8.06240052497742e-09,7.86144127573607e-08,7.86144127573607e-08,0.9070521547782604,-0.9052594043952955,-0.9566245955503855
383,"For some, if in the thought experiment their parent was on the tracks, but they didn't know which one, they would pull the lever to maximize the chances of saving their parent.",What's the right solution to the trolley problem?,3,384,insufficient-neutral,"True

In the classic trolley problem",0.853042721748352,0.853042721748352,0.0325632579624652,0.0325632579624652,0.1051154881715774,0.1051154881715774,3.6011972071037235e-08,3.6011972071037235e-08,3.062728808345128e-07,3.062728808345128e-07,0.25,insufficient-neutral,"None

The trolley problem is a",0.3087828457355499,0.3087828457355499,0.0241857413202524,0.0241857413202524,0.6639874577522278,0.6639874577522278,8.06240052497742e-09,8.06240052497742e-09,7.86144127573607e-08,7.86144127573607e-08,-0.8416905516146027,0.7873934734619966,0.008585154979747246
384,"If the five people are murderers, it would be better to let them die than to let them live on to murder others.",What's the right solution to the trolley problem?,0,385,,"True

Explanation:
The t",0.7521886825561523,0.7521886825561523,0.0223619807511568,0.0223619807511568,0.2056369334459304,0.2056369334459304,9.64820685567247e-08,9.64820685567247e-08,3.4406878057779977e-07,3.4406878057779977e-07,0.25,,"None

The trolley problem is a",0.3087828457355499,0.3087828457355499,0.0241857413202524,0.0241857413202524,0.6639874577522278,0.6639874577522278,8.06240052497742e-09,8.06240052497742e-09,7.86144127573607e-08,7.86144127573607e-08,-0.6902999732222872,0.6414855795823631,-0.07540643658370892
385,"Even if the five people on the tracks have done heinous things, many believe it is illegitimate to kill them.",What's the right solution to the trolley problem?,1,386,,"None

The trolley problem is a",0.2834701538085937,0.2834701538085937,0.001312727225013,0.001312727225013,0.7126438617706299,0.7126438617706299,1.846251329595816e-08,1.846251329595816e-08,1.0749680967592212e-07,1.0749680967592212e-07,0.25,,"None

The trolley problem is a",0.3087828457355499,0.3087828457355499,0.0241857413202524,0.0241857413202524,0.6639874577522278,0.6639874577522278,8.06240052497742e-09,8.06240052497742e-09,7.86144127573607e-08,7.86144127573607e-08,0.14480532093508391,-0.0819757064763718,-0.9457230933039972
386,"If self-sacrifice for a greater number of people is not an obligation, then sacrificing someone else to save a greater amount of people without their consent cannot be the right thing to do.",What's the right solution to the trolley problem?,7,387,refutes,"True

The trolley problem is a",0.8963765501976013,0.8963765501976013,0.0083200894296169,0.0083200894296169,0.0795579403638839,0.0795579403638839,1.1014103762363449e-07,1.1014103762363449e-07,4.347663207227015e-07,4.347663207227015e-07,0.375,refutes,"None

The trolley problem is a",0.3087828457355499,0.3087828457355499,0.0241857413202524,0.0241857413202524,0.6639874577522278,0.6639874577522278,8.06240052497742e-09,8.06240052497742e-09,7.86144127573607e-08,7.86144127573607e-08,-0.880181561511405,0.8500855351128138,-0.6559919615674583
387,"Judith Jarvis Thompson set up a trolley problem where the bystander can turn the trolley towards themself. If one is wary of doing this, they are not entitled to turn the track on others.",What's the right solution to the trolley problem?,0,388,supports,"None

The trolley problem is a",0.2995890378952026,0.2995890378952026,0.0082372091710567,0.0082372091710567,0.6751343011856079,0.6751343011856079,1.1882927708484205e-07,1.1882927708484205e-07,8.901230899027723e-07,8.901230899027723e-07,0.5,supports,"None

The trolley problem is a",0.3087828457355499,0.3087828457355499,0.0241857413202524,0.0241857413202524,0.6639874577522278,0.6639874577522278,8.06240052497742e-09,8.06240052497742e-09,7.86144127573607e-08,7.86144127573607e-08,0.03317389094708423,-0.02977434778945322,-0.6594187847300296
388,"If individuals have no moral right to make others sacrifice themselves, then killing the one person is an immoral act in a way that allowing the five to die is not.",What's the right solution to the trolley problem?,7,389,refutes,"True

Explanation:
The t",0.6632065176963806,0.6632065176963806,0.0200271010398864,0.0200271010398864,0.2989306151866913,0.2989306151866913,1.8763000753097006e-07,1.8763000753097006e-07,7.053475883367355e-07,7.053475883367355e-07,0.375,refutes,"None

The trolley problem is a",0.3087828457355499,0.3087828457355499,0.0241857413202524,0.0241857413202524,0.6639874577522278,0.6639874577522278,8.06240052497742e-09,8.06240052497742e-09,7.86144127573607e-08,7.86144127573607e-08,-0.5497947864879104,0.5127530035593317,-0.17194595052100736
389,Self-sacrifice for a greater number of people is a moral obligation.,What's the right solution to the trolley problem?,1,390,supports,"True

The trolley problem is a",0.7160211801528931,0.7160211801528931,0.0058651161380112,0.0058651161380112,0.2593256831169128,0.2593256831169128,1.362662800374892e-07,1.362662800374892e-07,7.91853608461679e-07,7.91853608461679e-07,0.0,supports,"None

The trolley problem is a",0.3087828457355499,0.3087828457355499,0.0241857413202524,0.0241857413202524,0.6639874577522278,0.6639874577522278,8.06240052497742e-09,8.06240052497742e-09,7.86144127573607e-08,7.86144127573607e-08,-0.6094418951906133,0.5891612091871484,-0.7574969458099706
390,"Self-sacrifice may be a highly moral and virtuous act, but it does not follow that such an obligation exists.",What's the right solution to the trolley problem?,1,391,insufficient-refutes,"None

The trolley problem is a",0.0395735241472721,0.0395735241472721,0.0008950263727456,0.0008950263727456,0.9587787985801696,0.9587787985801696,4.550127830071915e-09,4.550127830071915e-09,2.0352468155238057e-08,2.0352468155238057e-08,0.0,insufficient-refutes,"None

The trolley problem is a",0.3087828457355499,0.3087828457355499,0.0241857413202524,0.0241857413202524,0.6639874577522278,0.6639874577522278,8.06240052497742e-09,8.06240052497742e-09,7.86144127573607e-08,7.86144127573607e-08,0.877322432239942,-0.8718402764473387,-0.962993634931664
391,Pulling the lever can benefit you directly.,What's the right solution to the trolley problem?,2,392,insufficient-neutral,"True

Explanation:
The t",0.5462262630462646,0.5462262630462646,0.040191613137722,0.040191613137722,0.4059208929538727,0.4059208929538727,8.255508276988621e-08,8.255508276988621e-08,1.7273299590669924e-07,1.7273299590669924e-07,0.125,insufficient-neutral,"None

The trolley problem is a",0.3087828457355499,0.3087828457355499,0.0241857413202524,0.0241857413202524,0.6639874577522278,0.6639874577522278,8.06240052497742e-09,8.06240052497742e-09,7.86144127573607e-08,7.86144127573607e-08,-0.3886618064623966,0.34351493715949094,0.016402580383612295
392,Five people will be eternally thankful.,What's the right solution to the trolley problem?,2,393,supports,"None

The trolley problem is a",0.0640113800764083,0.0640113800764083,0.0506371669471263,0.0506371669471263,0.8836498260498047,0.8836498260498047,1.0604624733900891e-08,1.0604624733900891e-08,6.53429523822524e-08,6.53429523822524e-08,0.0,supports,"None

The trolley problem is a",0.3087828457355499,0.3087828457355499,0.0241857413202524,0.0241857413202524,0.6639874577522278,0.6639874577522278,8.06240052497742e-09,8.06240052497742e-09,7.86144127573607e-08,7.86144127573607e-08,0.653732645895105,-0.7926977454854166,0.02710702922363731
393,Pulling the lever might cause severe mental problems for the person who pulls the lever.,What's the right solution to the trolley problem?,5,394,,"True

The trolley problem is a",0.532774031162262,0.532774031162262,0.0221626833081245,0.0221626833081245,0.4348374903202057,0.4348374903202057,8.03648347869057e-08,8.03648347869057e-08,1.912849540985917e-07,1.912849540985917e-07,0.125,,"None

The trolley problem is a",0.3087828457355499,0.3087828457355499,0.0241857413202524,0.0241857413202524,0.6639874577522278,0.6639874577522278,8.06240052497742e-09,8.06240052497742e-09,7.86144127573607e-08,7.86144127573607e-08,-0.3451118914320385,0.32405327912480614,-0.08364672330443945
394,Making a decision that will result in the death of others out of self-interest is immoral because it prioritizes your self-interest.,What's the right solution to the trolley problem?,1,395,insufficient-neutral,"True

The trolley problem is a",0.8362365961074829,0.8362365961074829,0.0053346543572843,0.0053346543572843,0.1365118771791458,0.1365118771791458,8.601987389056377e-08,8.601987389056377e-08,5.609200570688699e-07,5.609200570688699e-07,0.125,insufficient-neutral,"None

The trolley problem is a",0.3087828457355499,0.3087828457355499,0.0241857413202524,0.0241857413202524,0.6639874577522278,0.6639874577522278,8.06240052497742e-09,8.06240052497742e-09,7.86144127573607e-08,7.86144127573607e-08,-0.7944059400741176,0.7630796590012529,-0.7794297769646108
395,"By consciously pulling the lever, rather than passively watching, you choose to kill one person instead of merely allowing five people to die. This active choice is immoral.",What's the right solution to the trolley problem?,1,396,refutes,"True

The trolley problem is a",0.8335824012756348,0.8335824012756348,0.0386837646365165,0.0386837646365165,0.1059781163930893,0.1059781163930893,2.0369704145650763e-07,2.0369704145650763e-07,5.569598329202563e-07,5.569598329202563e-07,0.25,refutes,"None

The trolley problem is a",0.3087828457355499,0.3087828457355499,0.0241857413202524,0.0241857413202524,0.6639874577522278,0.6639874577522278,8.06240052497742e-09,8.06240052497742e-09,7.86144127573607e-08,7.86144127573607e-08,-0.8403913881869801,0.7592397733510298,0.014857359571563922
396,"By pulling the lever, you actively interfere with the plan of fate, nature or a higher being, which is wrong.",What's the right solution to the trolley problem?,1,397,refutes,"True

Explanation:
The t",0.5396807193756104,0.5396807193756104,0.0252412036061286,0.0252412036061286,0.4137875735759735,0.4137875735759735,8.49808401426344e-08,8.49808401426344e-08,5.32915692019742e-07,5.32915692019742e-07,0.125,refutes,"None

The trolley problem is a",0.3087828457355499,0.3087828457355499,0.0241857413202524,0.0241857413202524,0.6639874577522278,0.6639874577522278,8.06240052497742e-09,8.06240052497742e-09,7.86144127573607e-08,7.86144127573607e-08,-0.3768141720978386,0.3340453462642539,0.0010816221186439846
397,"According to many philosophers, the fate of the universe tends towards Goodness.",What's the right solution to the trolley problem?,4,398,not_applicable,"None

The trolley problem is a",0.0109629705548286,0.0109629705548286,0.0014268381055444,0.0014268381055444,0.9868552088737488,0.9868552088737488,4.206354820013303e-09,4.206354820013303e-09,1.9794901717773428e-08,1.9794901717773428e-08,0.25,not_applicable,"None

The trolley problem is a",0.3087828457355499,0.3087828457355499,0.0241857413202524,0.0241857413202524,0.6639874577522278,0.6639874577522278,8.06240052497742e-09,8.06240052497742e-09,7.86144127573607e-08,7.86144127573607e-08,0.9608800581123594,-0.9644961800623549,-0.9410049877466601
398,All humans should go vegans because a vegan society has envinornmental advantages ,Should all humans be vegans?,2,399,supports,"True

Argument: ""All humans should go",0.943396270275116,0.943396270275116,0.0020001784432679,0.0020001784432679,0.0289367213845253,0.0289367213845253,4.861325351157575e-07,4.861325351157575e-07,3.10214062437808e-07,3.10214062437808e-07,0.8,supports,"True or False
Answer: True",0.5484957098960876,0.5484957098960876,0.1499503850936889,0.1499503850936889,0.2845558226108551,0.2845558226108551,1.0397748440027502e-07,1.0397748440027502e-07,2.848568954050279e-07,2.848568954050279e-07,-0.8983091573420454,0.8746330190752853,-0.9866610649781381
399,a vegan society would be the most effective at combating climate change.(link),Should all humans be vegans?,4,400,supports,"True

Argument: ""a vegan society",0.6081452369689941,0.6081452369689941,0.0130223054438829,0.0130223054438829,0.3358497023582458,0.3358497023582458,9.59631393016025e-07,9.59631393016025e-07,1.22499227472872e-06,1.22499227472872e-06,0.2,supports,"True or False
Answer: True",0.5484957098960876,0.5484957098960876,0.1499503850936889,0.1499503850936889,0.2845558226108551,0.2845558226108551,1.0397748440027502e-07,1.0397748440027502e-07,2.848568954050279e-07,2.848568954050279e-07,0.0716951529811541,0.1321128688703674,-0.9131559052966316
400,"A vegan society has environmental advantages, because a vegan society would be the most effective at combating climate change.",Should all humans be vegans?,2,401,supports,"True

Argument: ""A vegan society",0.8182265162467957,0.8182265162467957,0.006150382105261,0.006150382105261,0.1490101218223571,0.1490101218223571,6.659172413492342e-07,6.659172413492342e-07,6.803788323850313e-07,6.803788323850313e-07,0.2,supports,"True or False
Answer: True",0.5484957098960876,0.5484957098960876,0.1499503850936889,0.1499503850936889,0.2845558226108551,0.2845558226108551,1.0397748440027502e-07,1.0397748440027502e-07,2.848568954050279e-07,2.848568954050279e-07,-0.4763413362792573,0.5974047473361334,-0.9589838858938692
401,[a vegan society would not be the most effective] because the environmental advantages of a vegan society can be pursued by significantly decreasing meat consumption and sustainably restructuring the meat industry.,Should all humans be vegans?,6,402,refutes,"None

Argument: ""[a vegan society",0.0393265224993228,0.0393265224993228,0.1405181437730789,0.1405181437730789,0.808626115322113,0.808626115322113,1.6769978117281428e-07,1.6769978117281428e-07,3.6700609484796587e-07,3.6700609484796587e-07,0.2,refutes,"True or False
Answer: True",0.5484957098960876,0.5484957098960876,0.1499503850936889,0.1499503850936889,0.2845558226108551,0.2845558226108551,1.0397748440027502e-07,1.0397748440027502e-07,2.848568954050279e-07,2.848568954050279e-07,0.7325103890337558,-0.9283011301824527,-0.06290241478684273
402,A vegan society would cause the least harm to wildlife.,Should all humans be vegans?,2,403,supports,"True

Argument: ""A vegan society",0.6490628719329834,0.6490628719329834,0.015027841553092,0.015027841553092,0.3114237487316131,0.3114237487316131,5.180255016057345e-07,5.180255016057345e-07,6.822629643465916e-07,6.822629643465916e-07,0.0,supports,"True or False
Answer: True",0.5484957098960876,0.5484957098960876,0.1499503850936889,0.1499503850936889,0.2845558226108551,0.2845558226108551,1.0397748440027502e-07,1.0397748440027502e-07,2.848568954050279e-07,2.848568954050279e-07,0.037554189369192366,0.22273799882111978,-0.8997812406836927
403,"In a vegan world, species would not be as endangered any more.",Should all humans be vegans?,2,404,supports,"True

Argument: ""In a vegan",0.7246392369270325,0.7246392369270325,0.0408813469111919,0.0408813469111919,0.2012250423431396,0.2012250423431396,6.40168480003922e-07,6.40168480003922e-07,8.547370384803799e-07,8.547370384803799e-07,0.2,supports,"True or False
Answer: True",0.5484957098960876,0.5484957098960876,0.1499503850936889,0.1499503850936889,0.2845558226108551,0.2845558226108551,1.0397748440027502e-07,1.0397748440027502e-07,2.848568954050279e-07,2.848568954050279e-07,-0.29284510681643894,0.3901259210414278,-0.7273675096889597
404,The fishing industry is especially deleterious to the ocean's biota.,Should all humans be vegans?,4,405,supports,"None

Argument: ""The fishing industry is",0.3606530725955963,0.3606530725955963,0.0553079396486282,0.0553079396486282,0.5673869252204895,0.5673869252204895,1.2164211682375026e-07,1.2164211682375026e-07,2.6004349251707026e-07,2.6004349251707026e-07,0.0,supports,"True or False
Answer: True",0.5484957098960876,0.5484957098960876,0.1499503850936889,0.1499503850936889,0.2845558226108551,0.2845558226108551,1.0397748440027502e-07,1.0397748440027502e-07,2.848568954050279e-07,2.848568954050279e-07,0.3953223906884865,-0.342468744807645,-0.631158402066978
405,"Humans have a moral responsibility towards domestic species, which we have bred selectively throughout history, since they are not capable of surviving in the wild.",Should all humans be vegans?,1,406,insufficient-refutes,"True

Question: Should all humans be ve",0.7448559403419495,0.7448559403419495,0.0180733930319547,0.0180733930319547,0.2100962549448013,0.2100962549448013,3.494762950140285e-07,3.494762950140285e-07,7.241158641591028e-07,7.241158641591028e-07,0.2,insufficient-refutes,"True or False
Answer: True",0.5484957098960876,0.5484957098960876,0.1499503850936889,0.1499503850936889,0.2845558226108551,0.2845558226108551,1.0397748440027502e-07,1.0397748440027502e-07,2.848568954050279e-07,2.848568954050279e-07,-0.2616694572715918,0.4349022473311828,-0.8794708461691347
406,"Industrial farming uses massive amounts of resources and contributes to climate change, which could lead to a mass extinction event.",Should all humans be vegans?,4,407,supports,"True

Argument: ""Industrial farming",0.8962222337722778,0.8962222337722778,0.0089246165007352,0.0089246165007352,0.0846744105219841,0.0846744105219841,1.3893573225232106e-07,1.3893573225232106e-07,1.589798017676003e-07,1.589798017676003e-07,0.0,supports,"True or False
Answer: True",0.5484957098960876,0.5484957098960876,0.1499503850936889,0.1499503850936889,0.2845558226108551,0.2845558226108551,1.0397748440027502e-07,1.0397748440027502e-07,2.848568954050279e-07,2.848568954050279e-07,-0.7024330419772125,0.770151096008771,-0.9404828704163773
407,The issue of animal extinction could be largely fixed with lab-grown meat. US consultancy firm Kearney suggests that 35% of all meat consumed globally will be cell-based by 2040.,Should all humans be vegans?,2,408,refutes,"None

Explanation:
The argument",0.0553328916430473,0.0553328916430473,0.0444612279534339,0.0444612279534339,0.893027663230896,0.893027663230896,9.570781855927637e-08,9.570781855927637e-08,1.9295787012652e-07,1.9295787012652e-07,0.4,refutes,"True or False
Answer: True",0.5484957098960876,0.5484957098960876,0.1499503850936889,0.1499503850936889,0.2845558226108551,0.2845558226108551,1.0397748440027502e-07,1.0397748440027502e-07,2.848568954050279e-07,2.848568954050279e-07,0.8504812253005177,-0.8991188250979574,-0.7034937394415188
408,"Over 100,000 species per year go extinct in large part due to the environmental effects of animal agriculture.",Should all humans be vegans?,2,409,supports,"True

Question: Is it true that over",0.6981078386306763,0.6981078386306763,0.0219208039343357,0.0219208039343357,0.2489180117845535,0.2489180117845535,5.51754339994659e-07,5.51754339994659e-07,8.218356128963933e-07,8.218356128963933e-07,0.0,supports,"True or False
Answer: True",0.5484957098960876,0.5484957098960876,0.1499503850936889,0.1499503850936889,0.2845558226108551,0.2845558226108551,1.0397748440027502e-07,1.0397748440027502e-07,2.848568954050279e-07,2.848568954050279e-07,-0.12524013917310756,0.33136369246935804,-0.8538129533936202
409,Sustainable farming practices do not have these problems. This fails as a criticism of farming as a whole.,Should all humans be vegans?,6,410,refutes,"None

Argument: ""Sustainable farming",0.2817597091197967,0.2817597091197967,0.1936504244804382,0.1936504244804382,0.5102009177207947,0.5102009177207947,8.370245296873692e-08,8.370245296873692e-08,1.6228884192059922e-07,1.6228884192059922e-07,0.0,refutes,"True or False
Answer: True",0.5484957098960876,0.5484957098960876,0.1499503850936889,0.1499503850936889,0.2845558226108551,0.2845558226108551,1.0397748440027502e-07,1.0397748440027502e-07,2.848568954050279e-07,2.848568954050279e-07,0.3153916157838916,-0.4863046254761482,0.05140881028640397
410,Creating more animals for the meat and dairy industry adds more animals into a world already struggling to provide for its existing population.,Should all humans be vegans?,3,411,supports,"True

Argument: ""Creating more animals",0.5668085217475891,0.5668085217475891,0.0376782901585102,0.0376782901585102,0.3775758743286133,0.3775758743286133,2.0152687341123965e-07,2.0152687341123965e-07,5.393138735598768e-07,5.393138735598768e-07,0.0,supports,"True or False
Answer: True",0.5484957098960876,0.5484957098960876,0.1499503850936889,0.1499503850936889,0.2845558226108551,0.2845558226108551,1.0397748440027502e-07,1.0397748440027502e-07,2.848568954050279e-07,2.848568954050279e-07,0.13001720421740556,0.04055955226313979,-0.7487282867932027
411,"Computer modelling indicates that the United States could support the largest human population on domestic production if everybody followed a lacto-ovo vegetarian diet, surpassing the carrying capacity of veganism.",Should all humans be vegans?,4,412,refutes,"None

The question is based on the assumption",0.0998201519250869,0.0998201519250869,0.4335989654064178,0.4335989654064178,0.4544078111648559,0.4544078111648559,3.7126923757568885e-07,3.7126923757568885e-07,4.593526057306008e-07,4.593526057306008e-07,0.0,refutes,"True or False
Answer: True",0.5484957098960876,0.5484957098960876,0.1499503850936889,0.1499503850936889,0.2845558226108551,0.2845558226108551,1.0397748440027502e-07,1.0397748440027502e-07,2.848568954050279e-07,2.848568954050279e-07,0.2374077446179491,-0.8180110616653723,0.3336847347951466
412,"Many areas that can only be used as grazing land are barren because they have been exploited and overworked by human agriculture. Allowing these areas to be taken over by natural plants and forests again would benefit soil quality and biodiversity, there is no need to put animals on them for grazing.",Should all humans be vegans?,2,413,supports,"None

Explanation:
The argument",0.1459739804267883,0.1459739804267883,0.0745562091469764,0.0745562091469764,0.7648489475250244,0.7648489475250244,1.1051915294046921e-07,1.1051915294046921e-07,4.090275922408182e-07,4.090275922408182e-07,0.2,supports,"True or False
Answer: True",0.5484957098960876,0.5484957098960876,0.1499503850936889,0.1499503850936889,0.2845558226108551,0.2845558226108551,1.0397748440027502e-07,1.0397748440027502e-07,2.848568954050279e-07,2.848568954050279e-07,0.6713215930652937,-0.7338648638574711,-0.5027941468746897
413,"While the vegetarian diet can maximize the use of all available land in the US, it is not necessary to use up every inch of land if you don't need it in order to sustain the population. This is like saying a school bus is better suited for transporting a family of six than a minivan.",Should all humans be vegans?,7,414,refutes,"None

Argument: ""While the vegetarian",0.0840052440762519,0.0840052440762519,0.2754426002502441,0.2754426002502441,0.6304943561553955,0.6304943561553955,6.249344863817896e-08,6.249344863817896e-08,2.1141258343959637e-07,2.1141258343959637e-07,0.2,refutes,"True or False
Answer: True",0.5484957098960876,0.5484957098960876,0.1499503850936889,0.1499503850936889,0.2845558226108551,0.2845558226108551,1.0397748440027502e-07,1.0397748440027502e-07,2.848568954050279e-07,2.848568954050279e-07,0.4835297350618835,-0.8468443005831957,0.14762928299236558
414,Veganism is not feasible for many.,Should all humans be vegans?,5,415,refutes,"None

Argument: ""Veganism",0.0358320884406566,0.0358320884406566,0.3144165873527527,0.3144165873527527,0.635138988494873,0.635138988494873,5.659700264004641e-08,5.659700264004641e-08,2.1505996983250955e-07,2.1505996983250955e-07,0.0,refutes,"True or False
Answer: True",0.5484957098960876,0.5484957098960876,0.1499503850936889,0.1499503850936889,0.2845558226108551,0.2845558226108551,1.0397748440027502e-07,1.0397748440027502e-07,2.848568954050279e-07,2.848568954050279e-07,0.49002169136856155,-0.9346720716421922,0.19347835629240367
415,A person's inability to adhere to a moral principle does not affect the validity of the principle.,Should all humans be vegans?,1,416,insufficient-supports,"True

Argument: ""A person's",0.7668826580047607,0.7668826580047607,0.0387820973992347,0.0387820973992347,0.1850190460681915,0.1850190460681915,4.2889439555438e-08,4.2889439555438e-08,8.397344686272845e-08,8.397344686272845e-08,0.0,insufficient-supports,"True or False
Answer: True",0.5484957098960876,0.5484957098960876,0.1499503850936889,0.1499503850936889,0.2845558226108551,0.2845558226108551,1.0397748440027502e-07,1.0397748440027502e-07,2.848568954050279e-07,2.848568954050279e-07,-0.34979701216230363,0.48368742644374874,-0.7413671370366693
416,"When it comes to dietary change as radical as switching to veganism, inability to adhere may be due to more than a weakness of morality or willpower, but rather an innate and instinctual drive against the principle.",Should all humans be vegans?,1,417,refutes,"None

Argument: ""When it comes to",0.0609031319618225,0.0609031319618225,0.0352480262517929,0.0352480262517929,0.8949649930000305,0.8949649930000305,5.266007718773835e-08,5.266007718773835e-08,1.983492836643564e-07,1.983492836643564e-07,0.2,refutes,"True or False
Answer: True",0.5484957098960876,0.5484957098960876,0.1499503850936889,0.1499503850936889,0.2845558226108551,0.2845558226108551,1.0397748440027502e-07,1.0397748440027502e-07,2.848568954050279e-07,2.848568954050279e-07,0.8531890952229544,-0.8889633394336656,-0.7649354069363012
417,It is likely easier to overcome issues of morality or willpower than it is to go against one's biological instincts.,Should all humans be vegans?,1,418,insufficient-refutes,"None

Argument: ""It is likely easier",0.2742414176464081,0.2742414176464081,0.2616829872131347,0.2616829872131347,0.4521476328372955,0.4521476328372955,8.291372211033378e-08,8.291372211033378e-08,1.9928852168504818e-07,1.9928852168504818e-07,0.0,insufficient-refutes,"True or False
Answer: True",0.5484957098960876,0.5484957098960876,0.1499503850936889,0.1499503850936889,0.2845558226108551,0.2845558226108551,1.0397748440027502e-07,1.0397748440027502e-07,2.848568954050279e-07,2.848568954050279e-07,0.23424861858269583,-0.5000117362843858,0.13144244778201625
418,"Just because it is in our nature, does not make it healthy. We developed a craving for sugars, because it was scarce in the past. We should not cater to our nature just because it is innate.",Should all humans be vegans?,0,419,insufficient-neutral,"None

Argument: ""Just because it is",0.1910617500543594,0.1910617500543594,0.1105780601501464,0.1105780601501464,0.6773727536201477,0.6773727536201477,2.271314940571756e-07,2.271314940571756e-07,5.459253884509963e-07,5.459253884509963e-07,0.2,insufficient-neutral,"True or False
Answer: True",0.5484957098960876,0.5484957098960876,0.1499503850936889,0.1499503850936889,0.2845558226108551,0.2845558226108551,1.0397748440027502e-07,1.0397748440027502e-07,2.848568954050279e-07,2.848568954050279e-07,0.5490532223531276,-0.6516622708123715,-0.2625690152042137
419,Veganism is necessarily flexible and thus feasible for most people and circumstances.,Should all humans be vegans?,4,420,insufficient-supports,"None

Argument: ""Veganism",0.0478484183549881,0.0478484183549881,0.0664309561252594,0.0664309561252594,0.8750562071800232,0.8750562071800232,7.148489089559007e-08,7.148489089559007e-08,2.0324416993844355e-07,2.0324416993844355e-07,0.0,insufficient-supports,"True or False
Answer: True",0.5484957098960876,0.5484957098960876,0.1499503850936889,0.1499503850936889,0.2845558226108551,0.2845558226108551,1.0397748440027502e-07,1.0397748440027502e-07,2.848568954050279e-07,2.848568954050279e-07,0.8253619265224416,-0.9127642796621819,-0.5569804233330019
420,"Due to the mass availability of vegan products and the development of meat substitutes, becoming vegan is easier than ever.",Should all humans be vegans?,3,421,insufficient-supports,"None

Argument: ""Due to the",0.0388505272567272,0.0388505272567272,0.0123207420110702,0.0123207420110702,0.9412621259689332,0.9412621259689332,5.94185962654592e-08,5.94185962654592e-08,1.8159786918658938e-07,1.8159786918658938e-07,0.0,insufficient-supports,"True or False
Answer: True",0.5484957098960876,0.5484957098960876,0.1499503850936889,0.1499503850936889,0.2845558226108551,0.2845558226108551,1.0397748440027502e-07,1.0397748440027502e-07,2.848568954050279e-07,2.848568954050279e-07,0.917900129894945,-0.9291689496275414,-0.9178345423829876
421,Vegan cosmetics exist.,Should all humans be vegans?,0,422,insufficient-supports,"None

Argument: ""Vegan cos",0.2083016037940979,0.2083016037940979,0.0423190370202064,0.0423190370202064,0.7384933233261108,0.7384933233261108,9.602935335806253e-08,9.602935335806253e-08,2.259068168086742e-07,2.259068168086742e-07,0.0,insufficient-supports,"True or False
Answer: True",0.5484957098960876,0.5484957098960876,0.1499503850936889,0.1499503850936889,0.2845558226108551,0.2845558226108551,1.0397748440027502e-07,1.0397748440027502e-07,2.848568954050279e-07,2.848568954050279e-07,0.634483465043772,-0.6202311156935747,-0.7177797376527877
422,A study found that the performance of participants on a test was significantly better when participants were told that the test was easy compared to participants who were told it would be difficult.,Should all humans be vegans?,4,423,not_applicable,"None

Argument: ""A study found that",0.0131684141233563,0.0131684141233563,0.0360762067139148,0.0360762067139148,0.9450696110725404,0.9450696110725404,1.6025657245677394e-08,1.6025657245677394e-08,6.252204087786596e-08,6.252204087786596e-08,0.2,not_applicable,"True or False
Answer: True",0.5484957098960876,0.5484957098960876,0.1499503850936889,0.1499503850936889,0.2845558226108551,0.2845558226108551,1.0397748440027502e-07,1.0397748440027502e-07,2.848568954050279e-07,2.848568954050279e-07,0.923221977809763,-0.975991764592195,-0.7594123770247445
423,"Vegans miss out on enjoyable and culturally important foods and experiences, making veganism a difficult lifestyle to maintain.",Should all humans be vegans?,5,424,refutes,"None

Argument: ""Vegans miss",0.0547729730606079,0.0547729730606079,0.0565116517245769,0.0565116517245769,0.883991003036499,0.883991003036499,1.4303499717982504e-08,1.4303499717982504e-08,6.9720101691928e-08,6.9720101691928e-08,0.2,refutes,"True or False
Answer: True",0.5484957098960876,0.5484957098960876,0.1499503850936889,0.1499503850936889,0.2845558226108551,0.2845558226108551,1.0397748440027502e-07,1.0397748440027502e-07,2.848568954050279e-07,2.848568954050279e-07,0.8378503863336338,-0.9001396509172612,-0.6231309997018784
424,"Veganism is incompatible with some religions, cultures and traditions.",Should all humans be vegans?,1,425,refutes,"None

Argument: ""Veganism",0.125184416770935,0.125184416770935,0.4169277846813202,0.4169277846813202,0.4438173174858093,0.4438173174858093,8.170466259116439e-08,8.170466259116439e-08,2.463188195633848e-07,2.463188195633848e-07,0.0,refutes,"True or False
Answer: True",0.5484957098960876,0.5484957098960876,0.1499503850936889,0.1499503850936889,0.2845558226108551,0.2845558226108551,1.0397748440027502e-07,1.0397748440027502e-07,2.848568954050279e-07,2.848568954050279e-07,0.22260506117492462,-0.7717677376279731,0.3140727257632561
425,"It is often necessary for a vegan diet to include supplements, as it lacks specific essential nutrients. These may not be affordable to the less privileged.",Should all humans be vegans?,5,426,refutes,"None

Argument: ""It is often necessary",0.0232495106756687,0.0232495106756687,0.0101569583639502,0.0101569583639502,0.958178460597992,0.958178460597992,3.785146063250977e-08,3.785146063250977e-08,6.617239023398724e-08,6.617239023398724e-08,0.2,refutes,"True or False
Answer: True",0.5484957098960876,0.5484957098960876,0.1499503850936889,0.1499503850936889,0.2845558226108551,0.2845558226108551,1.0397748440027502e-07,1.0397748440027502e-07,2.848568954050279e-07,2.848568954050279e-07,0.941544650548941,-0.9576122287627858,-0.9322645396502041
426,Worldwide veganism would improve public health.,Should all humans be vegans?,4,427,supports,"None

Argument: ""Worldwide vegan",0.2950010001659393,0.2950010001659393,0.025979071855545,0.025979071855545,0.6544883251190186,0.6544883251190186,4.93591414851835e-07,4.93591414851835e-07,6.130858309916221e-07,6.130858309916221e-07,0.0,supports,"True or False
Answer: True",0.5484957098960876,0.5484957098960876,0.1499503850936889,0.1499503850936889,0.2845558226108551,0.2845558226108551,1.0397748440027502e-07,1.0397748440027502e-07,2.848568954050279e-07,2.848568954050279e-07,0.5170668994164579,-0.46216352317171794,-0.8267488820431285
427,Global veganism could help eradicate world hunger.,Should all humans be vegans?,2,428,supports,"None

Argument: ""Global veganism",0.1820509433746338,0.1820509433746338,0.0144838839769363,0.0144838839769363,0.790793240070343,0.790793240070343,2.8783148309230455e-07,2.8783148309230455e-07,4.717814476862259e-07,4.717814476862259e-07,0.0,supports,"True or False
Answer: True",0.5484957098960876,0.5484957098960876,0.1499503850936889,0.1499503850936889,0.2845558226108551,0.2845558226108551,1.0397748440027502e-07,1.0397748440027502e-07,2.848568954050279e-07,2.848568954050279e-07,0.7075847892240723,-0.6680904880566463,-0.9034088244062408
428,Universal veganism would worsen existing food distribution and access problems.,Should all humans be vegans?,5,429,refutes,"True or False or None

Answer:",0.5190291404724121,0.5190291404724121,0.2413709610700607,0.2413709610700607,0.2163635343313217,0.2163635343313217,3.084417699028563e-07,3.084417699028563e-07,6.684560389658145e-07,6.684560389658145e-07,0.0,refutes,"True or False
Answer: True",0.5484957098960876,0.5484957098960876,0.1499503850936889,0.1499503850936889,0.2845558226108551,0.2845558226108551,1.0397748440027502e-07,1.0397748440027502e-07,2.848568954050279e-07,2.848568954050279e-07,-0.23964467728636119,-0.05372251576818708,0.1075473412060163
429,Fresh food and vegetables can be very difficult to source in food deserts. It is unclear how this problem would be solved in a vegan society.,Should all humans be vegans?,4,430,refutes,"None

Argument: ""Fresh food and",0.1313864737749099,0.1313864737749099,0.036484707146883,0.036484707146883,0.8175141215324402,0.8175141215324402,2.615696530483547e-07,2.615696530483547e-07,6.436088710870536e-07,6.436088710870536e-07,0.2,refutes,"True or False
Answer: True",0.5484957098960876,0.5484957098960876,0.1499503850936889,0.1499503850936889,0.2845558226108551,0.2845558226108551,1.0397748440027502e-07,1.0397748440027502e-07,2.848568954050279e-07,2.848568954050279e-07,0.744933449408308,-0.7604603438014109,-0.7566881397197655
430,Livestock farming can benefit the environment,Should all humans be vegans?,6,431,refutes,"None

Argument: ""Livestock",0.0047301268205046,0.0047301268205046,0.0594539493322372,0.0594539493322372,0.930016279220581,0.930016279220581,2.2414251787949982e-08,2.2414251787949982e-08,6.74414337709095e-08,6.74414337709095e-08,0.0,refutes,"True or False
Answer: True",0.5484957098960876,0.5484957098960876,0.1499503850936889,0.1499503850936889,0.2845558226108551,0.2845558226108551,1.0397748440027502e-07,1.0397748440027502e-07,2.848568954050279e-07,2.848568954050279e-07,0.9021814377820376,-0.9913761826479907,-0.6035091920898342
431,Pasture animals can damage biodiversity.,Should all humans be vegans?,5,432,supports,"None

Argument: ""Pasture animals",0.1561585813760757,0.1561585813760757,0.1124768033623695,0.1124768033623695,0.7220699191093445,0.7220699191093445,6.658063966824558e-08,6.658063966824558e-08,1.949284325064582e-07,1.949284325064582e-07,0.0,supports,"True or False
Answer: True",0.5484957098960876,0.5484957098960876,0.1499503850936889,0.1499503850936889,0.2845558226108551,0.2845558226108551,1.0397748440027502e-07,1.0397748440027502e-07,2.848568954050279e-07,2.848568954050279e-07,0.611527929537564,-0.7152966220908822,-0.24990653880552519
432,It is an individual's choice to decide if they wish to live or die.,Should individuals sentenced to life in prison be allowed to choose death instead?,1,433,supports,"True

Argument: ""The government should not",0.961517095565796,0.961517095565796,0.0020869420841336,0.0020869420841336,0.0272761415690183,0.0272761415690183,7.278708125113553e-08,7.278708125113553e-08,1.3309380619830338e-07,1.3309380619830338e-07,0.08333333333333333,supports,"True

Question: Is it legal to drive",0.7365460991859436,0.7365460991859436,0.1341350078582763,0.1341350078582763,0.1202378496527671,0.1202378496527671,6.595460888547677e-08,6.595460888547677e-08,2.479396812304913e-07,2.479396812304913e-07,-0.7731484582617817,0.8539292668839058,-0.9844414808821675
433,It is cruel and inhumane to force someone to stay alive against their will.,Should individuals sentenced to life in prison be allowed to choose death instead?,4,434,supports,"True

In this scenario, the argument suggests",0.9775953888893129,0.9775953888893129,0.0011357387993484,0.0011357387993484,0.0123061100021004,0.0123061100021004,5.1361439545871697e-08,5.1361439545871697e-08,9.28220842411065e-08,9.28220842411065e-08,0.08333333333333333,supports,"True

Question: Is it legal to drive",0.7365460991859436,0.7365460991859436,0.1341350078582763,0.1341350078582763,0.1202378496527671,0.1202378496527671,6.595460888547677e-08,6.595460888547677e-08,2.479396812304913e-07,2.479396812304913e-07,-0.8976519453929107,0.9149581348332354,-0.9915328681342578
434,Life imprisonment is similar to the death penalty in terms of the emotional and physical toll it has on the inmate.,Should individuals sentenced to life in prison be allowed to choose death instead?,7,435,insufficient-neutral,"None

Argument: ""Life imprisonment is",0.4369814693927765,0.4369814693927765,0.0288220532238483,0.0288220532238483,0.5189283490180969,0.5189283490180969,2.689754694529256e-07,2.689754694529256e-07,5.761332317888446e-07,5.761332317888446e-07,0.3333333333333333,insufficient-neutral,"True

Question: Is it legal to drive",0.7365460991859436,0.7365460991859436,0.1341350078582763,0.1341350078582763,0.1202378496527671,0.1202378496527671,6.595460888547677e-08,6.595460888547677e-08,2.479396812304913e-07,2.479396812304913e-07,0.45317987277353416,-0.4067153843109839,-0.7851265401624238
435,"Individuals that wish to commit suicide can be assisted through prison rehabilitation as opposed to entertaining their desire to die, which could be impulsive.",Should individuals sentenced to life in prison be allowed to choose death instead?,6,436,refutes,"True

In this scenario, the argument suggests",0.8001970648765564,0.8001970648765564,0.0282504130154848,0.0282504130154848,0.1480215787887573,0.1480215787887573,5.151763389221742e-07,5.151763389221742e-07,8.057510854087013e-07,8.057510854087013e-07,0.3333333333333333,refutes,"True

Question: Is it legal to drive",0.7365460991859436,0.7365460991859436,0.1341350078582763,0.1341350078582763,0.1202378496527671,0.1202378496527671,6.595460888547677e-08,6.595460888547677e-08,2.479396812304913e-07,2.479396812304913e-07,0.03158095529004544,0.2416019102163043,-0.7893882181351681
436,Allowing the option of death makes it seem as though rehabilitation is not a worthwhile option for future life prisoners.,Should individuals sentenced to life in prison be allowed to choose death instead?,5,437,refutes,"True

Argument: ""The death penalty is",0.9198108911514282,0.9198108911514282,0.0144099378958344,0.0144099378958344,0.0450847074389457,0.0450847074389457,4.030472098293103e-07,4.030472098293103e-07,5.639644200527982e-07,5.639644200527982e-07,0.16666666666666666,refutes,"True

Question: Is it legal to drive",0.7365460991859436,0.7365460991859436,0.1341350078582763,0.1341350078582763,0.1202378496527671,0.1202378496527671,6.595460888547677e-08,6.595460888547677e-08,2.479396812304913e-07,2.479396812304913e-07,-0.6250373108871701,0.6956237558039856,-0.8925713866505336
437,"This is just suicide by a different name, which is an irrational action.",Should individuals sentenced to life in prison be allowed to choose death instead?,7,438,refutes,"True

In this scenario, the argument suggests",0.5768643617630005,0.5768643617630005,0.2600131630897522,0.2600131630897522,0.1481510251760482,0.1481510251760482,1.904309385736269e-07,1.904309385736269e-07,3.992245467543398e-07,3.992245467543398e-07,0.0,refutes,"True

Question: Is it legal to drive",0.7365460991859436,0.7365460991859436,0.1341350078582763,0.1341350078582763,0.1202378496527671,0.1202378496527671,6.595460888547677e-08,6.595460888547677e-08,2.479396812304913e-07,2.479396812304913e-07,0.031728093226406774,-0.21679802201033843,0.1453785016993415
438,"The state has a responsibility to protect its citizens from threats, including those posed by themselves (p. 515).",Should individuals sentenced to life in prison be allowed to choose death instead?,4,439,refutes,"True

The argument suggests that the state has",0.5549878478050232,0.5549878478050232,0.3212023377418518,0.3212023377418518,0.1110045537352562,0.1110045537352562,9.051816363125909e-08,9.051816363125909e-08,2.067938567051897e-07,2.067938567051897e-07,0.08333333333333333,refutes,"True

Question: Is it legal to drive",0.7365460991859436,0.7365460991859436,0.1341350078582763,0.1341350078582763,0.1202378496527671,0.1202378496527671,6.595460888547677e-08,6.595460888547677e-08,2.479396812304913e-07,2.479396812304913e-07,-0.07679192487370314,-0.24649950842396004,0.2160467643123705
439,"Suicide cannot reasonably be punished or restricted, so people should be allowed the right to die.",Should individuals sentenced to life in prison be allowed to choose death instead?,7,440,supports,"True

Argument: ""Suicide cannot reasonably",0.8946037292480469,0.8946037292480469,0.008174899034202,0.008174899034202,0.0787826925516128,0.0787826925516128,1.990452176414692e-07,1.990452176414692e-07,3.9895337522466434e-07,3.9895337522466434e-07,0.3333333333333333,supports,"True

Question: Is it legal to drive",0.7365460991859436,0.7365460991859436,0.1341350078582763,0.1341350078582763,0.1202378496527671,0.1202378496527671,6.595460888547677e-08,6.595460888547677e-08,2.479396812304913e-07,2.479396812304913e-07,-0.3447762682123139,0.5999441631864811,-0.9390546944848329
440,"Since many prisoners suffer from mental health conditions (p. 1), a prisoner who desires euthanasia as a product of poor mental health cannot be considered to be making a voluntary decision.",Should individuals sentenced to life in prison be allowed to choose death instead?,3,441,refutes,"True

In this case, the argument is",0.6415922045707703,0.6415922045707703,0.0248772297054529,0.0248772297054529,0.2983680963516235,0.2983680963516235,7.012756100266415e-07,7.012756100266415e-07,2.021297177634551e-06,2.021297177634551e-06,0.16666666666666666,refutes,"True

Question: Is it legal to drive",0.7365460991859436,0.7365460991859436,0.1341350078582763,0.1341350078582763,0.1202378496527671,0.1202378496527671,6.595460888547677e-08,6.595460888547677e-08,2.479396812304913e-07,2.479396812304913e-07,0.2024754607009977,-0.12891778901567694,-0.8145358910946084
441,"Criminals spending long terms in prison develop a wide range of mental health conditions, which can cause violence within prisons themselves.",Should individuals sentenced to life in prison be allowed to choose death instead?,5,442,insufficient-supports,"True

In this scenario, the argument suggests",0.7865415215492249,0.7865415215492249,0.0155766103416681,0.0155766103416681,0.175501137971878,0.175501137971878,2.041986988388089e-07,2.041986988388089e-07,6.4894214801825e-07,6.4894214801825e-07,0.16666666666666666,insufficient-supports,"True

Question: Is it legal to drive",0.7365460991859436,0.7365460991859436,0.1341350078582763,0.1341350078582763,0.1202378496527671,0.1202378496527671,6.595460888547677e-08,6.595460888547677e-08,2.479396812304913e-07,2.479396812304913e-07,0.06281616945818715,0.18976914826008823,-0.8838736390269872
442,PTSD and anxiety are common mental health disorders observed to develop within long-term inmates.,Should individuals sentenced to life in prison be allowed to choose death instead?,0,443,insufficient-neutral,"None

Explanation:
The argument",0.4709452688694,0.4709452688694,0.0296397656202316,0.0296397656202316,0.478361576795578,0.478361576795578,2.984994296184596e-07,2.984994296184596e-07,9.467783002037322e-07,9.467783002037322e-07,0.08333333333333333,insufficient-neutral,"True

Question: Is it legal to drive",0.7365460991859436,0.7365460991859436,0.1341350078582763,0.1341350078582763,0.1202378496527671,0.1202378496527671,6.595460888547677e-08,6.595460888547677e-08,2.479396812304913e-07,2.479396812304913e-07,0.40706880490535224,-0.3606031321190824,-0.7790303508868599
443,Chronic psychological suffering means individuals with mental health disorders have a stronger desire to die than neurotypical people. It would be an injustice to deny them that choice.,Should individuals sentenced to life in prison be allowed to choose death instead?,1,444,supports,"True

The argument does not necessarily imply that",0.7525395750999451,0.7525395750999451,0.0129481581971049,0.0129481581971049,0.208972692489624,0.208972692489624,5.107289666739234e-07,5.107289666739234e-07,1.2396171769069042e-06,1.2396171769069042e-06,0.25,supports,"True

Question: Is it legal to drive",0.7365460991859436,0.7365460991859436,0.1341350078582763,0.1341350078582763,0.1202378496527671,0.1202378496527671,6.595460888547677e-08,6.595460888547677e-08,2.479396812304913e-07,2.479396812304913e-07,0.10086231011624469,0.06070692392324655,-0.9034692105823291
444,"A 2006 survey showed 49% of state prisoners, 40% of federal prisoners and 60% of all inmates in the USA have a symptom of a mental disorder (p. 8).",Should individuals sentenced to life in prison be allowed to choose death instead?,4,445,insufficient-neutral,"None

The question is not directly related to",0.304715096950531,0.304715096950531,0.0205747541040182,0.0205747541040182,0.6552404165267944,0.6552404165267944,3.0863316169416066e-07,3.0863316169416066e-07,6.649630677202367e-07,6.649630677202367e-07,0.08333333333333333,insufficient-neutral,"True

Question: Is it legal to drive",0.7365460991859436,0.7365460991859436,0.1341350078582763,0.1341350078582763,0.1202378496527671,0.1202378496527671,6.595460888547677e-08,6.595460888547677e-08,2.479396812304913e-07,2.479396812304913e-07,0.6081218277722762,-0.5862918868387019,-0.8466116010090597
445,"This argument suggests that individuals with mental health conditions cannot choose for themselves, which is an ableist assumption and is incorrect.",Should individuals sentenced to life in prison be allowed to choose death instead?,1,446,supports,"True

The argument provided does not directly address",0.7886254191398621,0.7886254191398621,0.0898746997117996,0.0898746997117996,0.1101167798042297,0.1101167798042297,2.498743754131283e-07,2.498743754131283e-07,5.37314349458029e-07,5.37314349458029e-07,0.16666666666666666,supports,"True

Question: Is it legal to drive",0.7365460991859436,0.7365460991859436,0.1341350078582763,0.1341350078582763,0.1202378496527671,0.1202378496527671,6.595460888547677e-08,6.595460888547677e-08,2.479396812304913e-07,2.479396812304913e-07,-0.08417540631145579,0.19767906185103562,-0.3299683569053133
446,"As with assisted dying in medical circumstances, the use of safeguards can ensure that the prisoner makes an informed decision.",Should individuals sentenced to life in prison be allowed to choose death instead?,6,447,supports,"True

In this scenario, the argument suggests",0.9367848634719848,0.9367848634719848,0.0033003091812133,0.0033003091812133,0.043473046272993,0.043473046272993,4.268367774784565e-07,4.268367774784565e-07,4.2517271481301577e-07,4.2517271481301577e-07,0.08333333333333333,supports,"True

Question: Is it legal to drive",0.7365460991859436,0.7365460991859436,0.1341350078582763,0.1341350078582763,0.1202378496527671,0.1202378496527671,6.595460888547677e-08,6.595460888547677e-08,2.479396812304913e-07,2.479396812304913e-07,-0.6384412529121396,0.7600523798179326,-0.9753956164471222
447,Medical practitioners follow scientific standards to determine whether patients possess autonomy and the capacity to make an informed choice. Such requirements could also be applied to prisoners in these circumstances.,Should individuals sentenced to life in prison be allowed to choose death instead?,0,448,supports,"True

In this scenario, the argument suggests",0.7341546416282654,0.7341546416282654,0.0125335259363055,0.0125335259363055,0.2274304926395416,0.2274304926395416,6.045380587238469e-07,6.045380587238469e-07,1.608375896466896e-06,1.608375896466896e-06,0.25,supports,"True

Question: Is it legal to drive",0.7365460991859436,0.7365460991859436,0.1341350078582763,0.1341350078582763,0.1202378496527671,0.1202378496527671,6.595460888547677e-08,6.595460888547677e-08,2.479396812304913e-07,2.479396812304913e-07,0.12184275368571686,-0.003246853876928199,-0.9065603667795055
448,A rigorous process to determine whether someone is approved for euthanasia already exists.,Should individuals sentenced to life in prison be allowed to choose death instead?,4,449,supports,"True

In this scenario, the argument is",0.7167150974273682,0.7167150974273682,0.0527362674474716,0.0527362674474716,0.1990245878696441,0.1990245878696441,5.038206154495128e-07,5.038206154495128e-07,9.560834541844088e-07,9.560834541844088e-07,0.08333333333333333,supports,"True

Question: Is it legal to drive",0.7365460991859436,0.7365460991859436,0.1341350078582763,0.1341350078582763,0.1202378496527671,0.1202378496527671,6.595460888547677e-08,6.595460888547677e-08,2.479396812304913e-07,2.479396812304913e-07,0.08955458948282864,-0.026924318492071785,-0.6068418805089912
449,There is no inherent right to die.,Should individuals sentenced to life in prison be allowed to choose death instead?,1,450,refutes,"True

Argument: ""The government should not",0.7392830848693848,0.7392830848693848,0.1000510826706886,0.1000510826706886,0.1478659212589264,0.1478659212589264,1.1460644344651882e-07,1.1460644344651882e-07,2.522867816878716e-07,2.522867816878716e-07,0.08333333333333333,refutes,"True

Question: Is it legal to drive",0.7365460991859436,0.7365460991859436,0.1341350078582763,0.1341350078582763,0.1202378496527671,0.1202378496527671,6.595460888547677e-08,6.595460888547677e-08,2.479396812304913e-07,2.479396812304913e-07,0.03140402391175249,0.010388859967470758,-0.2541016378334277
450,The 'right to die' has not been recognised as a human right by the Universal Declaration of Human Rights.,Should individuals sentenced to life in prison be allowed to choose death instead?,4,451,refutes,"True

The question is asking about a specific",0.6559861898422241,0.6559861898422241,0.0240817014127969,0.0240817014127969,0.3003323674201965,0.3003323674201965,2.983104536724568e-07,2.983104536724568e-07,7.844097922315996e-07,7.844097922315996e-07,0.08333333333333333,refutes,"True

Question: Is it legal to drive",0.7365460991859436,0.7365460991859436,0.1341350078582763,0.1341350078582763,0.1202378496527671,0.1202378496527671,6.595460888547677e-08,6.595460888547677e-08,2.479396812304913e-07,2.479396812304913e-07,0.20470819038571728,-0.10937524403802708,-0.8204666939875903
451,"In 2014, Belgium set a precedent and widened the scope of the country's euthanasia law by allowing a Belgian serving a life sentence for murder and rape the right to an assisted suicide.",Should individuals sentenced to life in prison be allowed to choose death instead?,0,452,supports,"True

In this case, the question is",0.9801458716392516,0.9801458716392516,0.0005378847126848,0.0005378847126848,0.0082190232351422,0.0082190232351422,1.868966421625373e-07,1.868966421625373e-07,1.989504312405188e-07,1.989504312405188e-07,0.25,supports,"True

Question: Is it legal to drive",0.7365460991859436,0.7365460991859436,0.1341350078582763,0.1341350078582763,0.1202378496527671,0.1202378496527671,6.595460888547677e-08,6.595460888547677e-08,2.479396812304913e-07,2.479396812304913e-07,-0.9316436275359399,0.924639079932389,-0.9959899751655206
452,"As of March 2018, active human euthanasia is legal in the Netherlands, Belgium, Colombia, Luxembourg, and Canada.",Should individuals sentenced to life in prison be allowed to choose death instead?,0,453,insufficient-neutral,"True

In this context, the question is",0.8657035827636719,0.8657035827636719,0.0035656809341162,0.0035656809341162,0.0986588150262832,0.0986588150262832,1.119300691243552e-06,1.119300691243552e-06,1.2486701734815142e-06,1.2486701734815142e-06,0.08333333333333333,insufficient-neutral,"True

Question: Is it legal to drive",0.7365460991859436,0.7365460991859436,0.1341350078582763,0.1341350078582763,0.1202378496527671,0.1202378496527671,6.595460888547677e-08,6.595460888547677e-08,2.479396812304913e-07,2.479396812304913e-07,-0.1794695654388501,0.4902469964522809,-0.9734172235045186
453,The prison system would benefit from allowing inmates to choose death.,Should individuals sentenced to life in prison be allowed to choose death instead?,2,454,supports,"True

Argument: ""The prison system would",0.9816374182701112,0.9816374182701112,0.0004571914905682,0.0004571914905682,0.0071516782045364,0.0071516782045364,5.077422216004379e-08,5.077422216004379e-08,7.787641465029084e-08,7.787641465029084e-08,0.3333333333333333,supports,"True

Question: Is it legal to drive",0.7365460991859436,0.7365460991859436,0.1341350078582763,0.1341350078582763,0.1202378496527671,0.1202378496527671,6.595460888547677e-08,6.595460888547677e-08,2.479396812304913e-07,2.479396812304913e-07,-0.9405205746344466,0.9303005889335875,-0.9965915572834554
454,Allowing prisoners to make this choice would allow more money to be spent on improving conditions for other prisoners.,Should individuals sentenced to life in prison be allowed to choose death instead?,2,455,supports,"True

In this scenario, the argument suggests",0.9083102941513062,0.9083102941513062,0.0171643756330013,0.0171643756330013,0.0576144568622112,0.0576144568622112,3.0815789386906545e-07,3.0815789386906545e-07,8.166589964275772e-07,8.166589964275772e-07,0.16666666666666666,supports,"True

Question: Is it legal to drive",0.7365460991859436,0.7365460991859436,0.1341350078582763,0.1341350078582763,0.1202378496527671,0.1202378496527671,6.595460888547677e-08,6.595460888547677e-08,2.479396812304913e-07,2.479396812304913e-07,-0.5208292810575452,0.6519705892933136,-0.872036570414662
455,Prisons often do not meet even the basic standards for treatment and living conditions.,Should individuals sentenced to life in prison be allowed to choose death instead?,2,456,supports,"True

In this scenario, the argument suggests",0.8565259575843811,0.8565259575843811,0.0114774536341428,0.0114774536341428,0.1088950634002685,0.1088950634002685,1.9094566994226625e-07,1.9094566994226625e-07,5.734084425057517e-07,5.734084425057517e-07,0.0,supports,"True

Question: Is it legal to drive",0.7365460991859436,0.7365460991859436,0.1341350078582763,0.1341350078582763,0.1202378496527671,0.1202378496527671,6.595460888547677e-08,6.595460888547677e-08,2.479396812304913e-07,2.479396812304913e-07,-0.09433623676117998,0.4554112048738208,-0.914433570941677
456,The cost of carrying out an inmate execution often exceeds the cost of life imprisonment.,Should individuals sentenced to life in prison be allowed to choose death instead?,3,457,refutes,"True

In this scenario, the argument suggests",0.7665911912918091,0.7665911912918091,0.0207506734877824,0.0207506734877824,0.1968768984079361,0.1968768984079361,1.5170188305546617e-07,1.5170188305546617e-07,2.8900632287331973e-07,2.8900632287331973e-07,0.08333333333333333,refutes,"True

Question: Is it legal to drive",0.7365460991859436,0.7365460991859436,0.1341350078582763,0.1341350078582763,0.1202378496527671,0.1202378496527671,6.595460888547677e-08,6.595460888547677e-08,2.479396812304913e-07,2.479396812304913e-07,0.08711337345545085,0.11404307172157249,-0.8453000911610857
457,Allowing prisoners to choose death reduces public pressure to improve the prison system.,Should individuals sentenced to life in prison be allowed to choose death instead?,2,458,refutes,"True

Argument: ""Allowing prisoners to",0.8505297899246216,0.8505297899246216,0.0054683908820152,0.0054683908820152,0.1151066869497299,0.1151066869497299,7.528529977207654e-07,7.528529977207654e-07,1.1936933788092574e-06,1.1936933788092574e-06,0.3333333333333333,refutes,"True

Question: Is it legal to drive",0.7365460991859436,0.7365460991859436,0.1341350078582763,0.1341350078582763,0.1202378496527671,0.1202378496527671,6.595460888547677e-08,6.595460888547677e-08,2.479396812304913e-07,2.479396812304913e-07,-0.04267510370366231,0.432651368556227,-0.9592321872617104
458,"Rehabilitation and, where appropriate, reintegration should be a central goal of prisons, and allowing people to choose death is contrary to that.",Should individuals sentenced to life in prison be allowed to choose death instead?,6,459,refutes,False,0.0125117879360914,0.0125117879360914,0.9709100127220154,0.9709100127220154,0.0088721867650747,0.0088721867650747,2.013255340216347e-08,2.013255340216347e-08,9.345633600332805e-08,9.345633600332805e-08,0.4166666666666667,refutes,"True

Question: Is it legal to drive",0.7365460991859436,0.7365460991859436,0.1341350078582763,0.1341350078582763,0.1202378496527671,0.1202378496527671,6.595460888547677e-08,6.595460888547677e-08,2.479396812304913e-07,2.479396812304913e-07,-0.926211365300556,-0.983012892268495,0.9664035530458042
459,There may be possible ways for inmates serving life sentences to be released.,Should individuals sentenced to life in prison be allowed to choose death instead?,6,460,insufficient-refutes,"None

Argument: ""There may be possible",0.1005810722708702,0.1005810722708702,0.0974865108728408,0.0974865108728408,0.7911313772201538,0.7911313772201538,7.424229409025429e-08,7.424229409025429e-08,2.63726377625062e-07,2.63726377625062e-07,0.25,insufficient-refutes,"True

Question: Is it legal to drive",0.7365460991859436,0.7365460991859436,0.1341350078582763,0.1341350078582763,0.1202378496527671,0.1202378496527671,6.595460888547677e-08,6.595460888547677e-08,2.479396812304913e-07,2.479396812304913e-07,0.7625851229250907,-0.863442257881705,-0.2732209702045673
460,Release in this situation is rare since almost all life sentences are life without parole.,Should individuals sentenced to life in prison be allowed to choose death instead?,4,461,insufficient-neutral,"True

Argument: ""The death penalty is",0.5030034184455872,0.5030034184455872,0.0670187175273895,0.0670187175273895,0.4170044660568237,0.4170044660568237,1.255849610970472e-07,1.255849610970472e-07,3.5775826745521044e-07,3.5775826745521044e-07,0.16666666666666666,insufficient-neutral,"True

Question: Is it legal to drive",0.7365460991859436,0.7365460991859436,0.1341350078582763,0.1341350078582763,0.1202378496527671,0.1202378496527671,6.595460888547677e-08,6.595460888547677e-08,2.479396812304913e-07,2.479396812304913e-07,0.3373259650769539,-0.3170781584458542,-0.5003637111782198
461,Inmates may still have ways of making the most of life imprisonment.,Should individuals sentenced to life in prison be allowed to choose death instead?,6,462,refutes,"None

Argument: ""Inmates may still",0.3221534788608551,0.3221534788608551,0.0908675640821456,0.0908675640821456,0.5743007063865662,0.5743007063865662,9.060907046887225e-08,9.060907046887225e-08,3.632989944435394e-07,3.632989944435394e-07,0.08333333333333333,refutes,"True

Question: Is it legal to drive",0.7365460991859436,0.7365460991859436,0.1341350078582763,0.1341350078582763,0.1202378496527671,0.1202378496527671,6.595460888547677e-08,6.595460888547677e-08,2.479396812304913e-07,2.479396812304913e-07,0.516120017841851,-0.5626160002518371,-0.3225663789563871
462,Criminals should be forced to live with the consequences of their crimes.,Should individuals sentenced to life in prison be allowed to choose death instead?,1,463,refutes,"False

In this scenario, the argument is",0.2519002854824066,0.2519002854824066,0.576605498790741,0.576605498790741,0.1626390516757965,0.1626390516757965,5.7712938428267086e-08,5.7712938428267086e-08,1.5175665168953858e-07,1.5175665168953858e-07,0.25,refutes,"True

Question: Is it legal to drive",0.7365460991859436,0.7365460991859436,0.1341350078582763,0.1341350078582763,0.1202378496527671,0.1202378496527671,6.595460888547677e-08,6.595460888547677e-08,2.479396812304913e-07,2.479396812304913e-07,0.048196210767073915,-0.6579979369101057,0.5110155681869185
463,There is little benefit to making criminals live with the consequences of their crimes.,Should individuals sentenced to life in prison be allowed to choose death instead?,5,464,supports,"True

In this scenario, the argument suggests",0.7813682556152344,0.7813682556152344,0.0319999419152736,0.0319999419152736,0.1689827442169189,0.1689827442169189,1.441274122271352e-07,1.441274122271352e-07,3.484553872112883e-07,3.484553872112883e-07,0.08333333333333333,supports,"True

Question: Is it legal to drive",0.7365460991859436,0.7365460991859436,0.1341350078582763,0.1341350078582763,0.1202378496527671,0.1202378496527671,6.595460888547677e-08,6.595460888547677e-08,2.479396812304913e-07,2.479396812304913e-07,0.055406901223146156,0.17013282510068387,-0.7614348228235545
464,"Since denying prisoners the right to choose death does not stop them from opting for suicide, they may not necessarily live with the consequences of their crimes.",Should individuals sentenced to life in prison be allowed to choose death instead?,3,465,supports,"True

In this scenario, the argument suggests",0.7980794310569763,0.7980794310569763,0.0092913433909416,0.0092913433909416,0.1780755966901779,0.1780755966901779,2.389452333773079e-07,2.389452333773079e-07,6.846917699476762e-07,6.846917699476762e-07,0.25,supports,"True

Question: Is it legal to drive",0.7365460991859436,0.7365460991859436,0.1341350078582763,0.1341350078582763,0.1202378496527671,0.1202378496527671,6.595460888547677e-08,6.595460888547677e-08,2.479396812304913e-07,2.479396812304913e-07,0.06574248166346192,0.23356394299305683,-0.9307314060714217
465,Access to legal abortion improves the health and safety of women.,Pro-Life vs Pro-Choice: Should abortion be legal?,2,466,supports,"True

Argument: ""Access to legal abortion",0.7750847935676575,0.7750847935676575,0.0495495125651359,0.0495495125651359,0.1170203015208244,0.1170203015208244,2.214668484157301e-06,2.214668484157301e-06,2.7134683477925137e-06,2.7134683477925137e-06,0.2857142857142857,supports,"True

Question: Pro-Life vs Pro",0.8137770891189575,0.8137770891189575,0.0389634482562541,0.0389634482562541,0.1127444729208946,0.1127444729208946,3.6220018273525056e-07,3.6220018273525056e-07,1.11783629108686e-06,1.11783629108686e-06,0.004819162540475882,-0.0475465530655214,0.011015256693071655
466,"When abortion is banned, many women who do not want a child seek out illegal abortions.",Pro-Life vs Pro-Choice: Should abortion be legal?,5,467,supports,"True

In this context, the argument is",0.9833492040634156,0.9833492040634156,0.0011972495121881,0.0011972495121881,0.0063223391771316,0.0063223391771316,2.484070193986554e-07,2.484070193986554e-07,2.814820163621335e-07,2.814820163621335e-07,0.14285714285714285,supports,"True

Question: Pro-Life vs Pro",0.8137770891189575,0.8137770891189575,0.0389634482562541,0.0389634482562541,0.1127444729208946,0.1127444729208946,3.6220018273525056e-07,3.6220018273525056e-07,1.11783629108686e-06,1.11783629108686e-06,-0.9439232894230871,0.9105867486561804,-0.9692724959989667
467,"If abortions will happen anyway, it is preferable to make them as safe as possible so at least the women survive the procedure.",Pro-Life vs Pro-Choice: Should abortion be legal?,2,468,supports,"True

Argument: ""Abortion is the",0.6161803603172302,0.6161803603172302,0.0358659960329532,0.0358659960329532,0.319670170545578,0.319670170545578,5.874370003766671e-07,5.874370003766671e-07,8.715735475561814e-07,8.715735475561814e-07,0.0,supports,"True

Question: Pro-Life vs Pro",0.8137770891189575,0.8137770891189575,0.0389634482562541,0.0389634482562541,0.1127444729208946,0.1127444729208946,3.6220018273525056e-07,3.6220018273525056e-07,1.11783629108686e-06,1.11783629108686e-06,0.23321995897381934,-0.24281431788114977,-0.07949635778973235
468,"When abortion is banned, in practice this means that only women who can afford it can access safe abortion, since it is more expensive when illegal.",Pro-Life vs Pro-Choice: Should abortion be legal?,5,469,supports,"True

In this scenario, the argument suggests",0.92923903465271,0.92923903465271,0.0104038771241903,0.0104038771241903,0.036313097923994,0.036313097923994,1.1828212791442638e-06,1.1828212791442638e-06,8.755712883612432e-07,8.755712883612432e-07,0.14285714285714285,supports,"True

Question: Pro-Life vs Pro",0.8137770891189575,0.8137770891189575,0.0389634482562541,0.0389634482562541,0.1127444729208946,0.1127444729208946,3.6220018273525056e-07,3.6220018273525056e-07,1.11783629108686e-06,1.11783629108686e-06,-0.6779168239185213,0.6200200876867857,-0.7329836657226468
469,Any act will still happen regardless of whether it is legal or illegal. This is not a sufficient reason to legalize an activity which is wrong.,Pro-Life vs Pro-Choice: Should abortion be legal?,1,470,refutes,"True

Question: Pro-Life vs Pro",0.5281926393508911,0.5281926393508911,0.4113568365573883,0.4113568365573883,0.0450838282704353,0.0450838282704353,1.5691037447140846e-07,1.5691037447140846e-07,3.32179268980326e-07,3.32179268980326e-07,0.14285714285714285,refutes,"True

Question: Pro-Life vs Pro",0.8137770891189575,0.8137770891189575,0.0389634482562541,0.0389634482562541,0.1127444729208946,0.1127444729208946,3.6220018273525056e-07,3.6220018273525056e-07,1.11783629108686e-06,1.11783629108686e-06,-0.6001238277811838,-0.3509369501631666,0.3874913889856194
470,It wouldn't be reasonable to argue that we shouldn't regulate guns because people would buy guns illegally and from dangerous people anyway.,Pro-Life vs Pro-Choice: Should abortion be legal?,7,471,insufficient-neutral,"None

Argument: ""It wouldn't",0.0177003424614667,0.0177003424614667,0.0296424962580204,0.0296424962580204,0.9514232277870178,0.9514232277870178,6.884888215097362e-09,6.884888215097362e-09,2.7177129879873974e-08,2.7177129879873974e-08,0.2857142857142857,insufficient-neutral,"True

Question: Pro-Life vs Pro",0.8137770891189575,0.8137770891189575,0.0389634482562541,0.0389634482562541,0.1127444729208946,0.1127444729208946,3.6220018273525056e-07,3.6220018273525056e-07,1.11783629108686e-06,1.11783629108686e-06,0.945250527350447,-0.978249151151908,-0.2392229747462758
471,"The argument isn't just that illegal abortions will still happen, but that illegal abortions are dangerous for women, as opposed to guns which are still dangerous when legal.",Pro-Life vs Pro-Choice: Should abortion be legal?,5,472,supports,"True

Argument: ""The argument isn'",0.7214121222496033,0.7214121222496033,0.1535975039005279,0.1535975039005279,0.1159414798021316,0.1159414798021316,1.4586166230401434e-07,1.4586166230401434e-07,2.540030266118265e-07,2.540030266118265e-07,0.14285714285714285,supports,"True

Question: Pro-Life vs Pro",0.8137770891189575,0.8137770891189575,0.0389634482562541,0.0389634482562541,0.1127444729208946,0.1127444729208946,3.6220018273525056e-07,3.6220018273525056e-07,1.11783629108686e-06,1.11783629108686e-06,0.003603253835748679,-0.11350155724997608,0.11928168125996545
472,"The government knows people will seek out illegal and potentially harmful drugs, but that is not a reason to lift the ban on them, making them easier to access.",Pro-Life vs Pro-Choice: Should abortion be legal?,7,473,refutes,"None

Argument: ""The government knows people",0.0481411814689636,0.0481411814689636,0.1816829144954681,0.1816829144954681,0.7649136781692505,0.7649136781692505,6.236523120151105e-08,6.236523120151105e-08,1.924740047343221e-07,1.924740047343221e-07,0.0,refutes,"True

Question: Pro-Life vs Pro",0.8137770891189575,0.8137770891189575,0.0389634482562541,0.0389634482562541,0.1127444729208946,0.1127444729208946,3.6220018273525056e-07,3.6220018273525056e-07,1.11783629108686e-06,1.11783629108686e-06,0.7350410173215074,-0.9408422993069465,0.14850576284560424
473,"The war on drugs is an good example of why prohibition does not work. Criminalizing behavior may not deter that behavior as long as incentives exist
 and may only compound the problem without addressing the underlying cause.",Pro-Life vs Pro-Choice: Should abortion be legal?,0,474,supports,"None

Argument: ""The war on drugs",0.1231376677751541,0.1231376677751541,0.0127773992717266,0.0127773992717266,0.8547447919845581,0.8547447919845581,1.595205674220779e-07,1.595205674220779e-07,2.385351365319366e-07,2.385351365319366e-07,0.0,supports,"True

Question: Pro-Life vs Pro",0.8137770891189575,0.8137770891189575,0.0389634482562541,0.0389634482562541,0.1127444729208946,0.1127444729208946,3.6220018273525056e-07,3.6220018273525056e-07,1.11783629108686e-06,1.11783629108686e-06,0.8362870632165796,-0.848683786479575,-0.6720670309339042
474,Putting the child up for adoption is an alternative to abortion.,Pro-Life vs Pro-Choice: Should abortion be legal?,6,475,refutes,"None

Argument: ""Putting the child",0.2365497350692749,0.2365497350692749,0.0424110330641269,0.0424110330641269,0.695258378982544,0.695258378982544,4.944984652865969e-07,4.944984652865969e-07,1.149743525274971e-06,1.149743525274971e-06,0.14285714285714285,refutes,"True

Question: Pro-Life vs Pro",0.8137770891189575,0.8137770891189575,0.0389634482562541,0.0389634482562541,0.1127444729208946,0.1127444729208946,3.6220018273525056e-07,3.6220018273525056e-07,1.11783629108686e-06,1.11783629108686e-06,0.6565345475832848,-0.7093187578856792,0.003587360752946758
475,The question here is whether women should or should not have the right to choose abortion. The fact that adoption is a viable option does not automatically negate a right to abortion.,Pro-Life vs Pro-Choice: Should abortion be legal?,1,476,supports,"True

Argument: ""The question here is",0.95603209733963,0.95603209733963,0.0009725502459332,0.0009725502459332,0.0327136181294918,0.0327136181294918,1.1955431489241164e-07,1.1955431489241164e-07,1.7877259494980538e-07,1.7877259494980538e-07,0.2857142857142857,supports,"True

Question: Pro-Life vs Pro",0.8137770891189575,0.8137770891189575,0.0389634482562541,0.0389634482562541,0.1127444729208946,0.1127444729208946,3.6220018273525056e-07,3.6220018273525056e-07,1.11783629108686e-06,1.11783629108686e-06,-0.7098428217191205,0.7638963838963064,-0.975039420547767
476,"If it is true that adoption is a viable option, then abortion is not the only option. If there is another ethical option besides abortion, with the benefit of saving lives, it should be valued over abortion.",Pro-Life vs Pro-Choice: Should abortion be legal?,6,477,refutes,"True

Question: Pro-Life vs Pro",0.7305728197097778,0.7305728197097778,0.1762588918209076,0.1762588918209076,0.0758080035448074,0.0758080035448074,2.711572335556412e-07,2.711572335556412e-07,4.1915706106010486e-07,4.1915706106010486e-07,0.42857142857142855,refutes,"True

Question: Pro-Life vs Pro",0.8137770891189575,0.8137770891189575,0.0389634482562541,0.0389634482562541,0.1127444729208946,0.1127444729208946,3.6220018273525056e-07,3.6220018273525056e-07,1.11783629108686e-06,1.11783629108686e-06,-0.32761224048653,-0.1022445464755729,0.14286183321075432
477,"Believing one option to be ""better"" is not an argument against people having multiple options.",Pro-Life vs Pro-Choice: Should abortion be legal?,1,478,supports,"True

Argument: ""Believing one",0.8081303238868713,0.8081303238868713,0.0121753178536891,0.0121753178536891,0.1591303050518036,0.1591303050518036,3.62507933004963e-07,3.62507933004963e-07,4.811838607565733e-07,4.811838607565733e-07,0.14285714285714285,supports,"True

Question: Pro-Life vs Pro",0.8137770891189575,0.8137770891189575,0.0389634482562541,0.0389634482562541,0.1127444729208946,0.1127444729208946,3.6220018273525056e-07,3.6220018273525056e-07,1.11783629108686e-06,1.11783629108686e-06,0.0522801275565042,-0.006938958232652751,-0.6875194984382622
478,"Adoption is not a reasonable alternative given it requires women to go through pregnancy and childbirth, and bring a genetically related child into the world.",Pro-Life vs Pro-Choice: Should abortion be legal?,1,479,supports,"True

The argument provided is not directly related",0.4320445358753204,0.4320445358753204,0.2833417356014251,0.2833417356014251,0.2661749124526977,0.2661749124526977,3.6136864878244523e-07,3.6136864878244523e-07,5.946336614215397e-07,5.946336614215397e-07,0.0,supports,"True

Question: Pro-Life vs Pro",0.8137770891189575,0.8137770891189575,0.0389634482562541,0.0389634482562541,0.1127444729208946,0.1127444729208946,3.6220018273525056e-07,3.6220018273525056e-07,1.11783629108686e-06,1.11783629108686e-06,0.1729270033818833,-0.46908736845482224,0.2542861526981056
479,"Statistics regarding the number of abortions due to endangerment of mother's life back this up. Florida, 2015: 0.065%. UK,1968-2011: 0.006%. U.S. estimate: 1%. (links)",Pro-Life vs Pro-Choice: Should abortion be legal?,4,480,refutes,"True

In this scenario, the argument provided",0.5041174292564392,0.5041174292564392,0.0962124988436698,0.0962124988436698,0.3631021678447723,0.3631021678447723,4.249585572324577e-07,4.249585572324577e-07,8.787972092250129e-07,8.787972092250129e-07,0.0,refutes,"True

Question: Pro-Life vs Pro",0.8137770891189575,0.8137770891189575,0.0389634482562541,0.0389634482562541,0.1127444729208946,0.1127444729208946,3.6220018273525056e-07,3.6220018273525056e-07,1.11783629108686e-06,1.11783629108686e-06,0.2821709048666839,-0.38052147695356464,0.0595701073840954
480,"The number of times something happens doesn't always make it less important. If you, or someone else you care about, were in that 1%, you would likely want them to be able to access to abortion.",Pro-Life vs Pro-Choice: Should abortion be legal?,0,481,supports,"None

Argument: ""The number of times",0.3420648276805877,0.3420648276805877,0.0060723777860403,0.0060723777860403,0.6390612125396729,0.6390612125396729,2.8332780743767216e-07,2.8332780743767216e-07,3.039663738491072e-07,3.039663738491072e-07,0.2857142857142857,supports,"True

Question: Pro-Life vs Pro",0.8137770891189575,0.8137770891189575,0.0389634482562541,0.0389634482562541,0.1127444729208946,0.1127444729208946,3.6220018273525056e-07,3.6220018273525056e-07,1.11783629108686e-06,1.11783629108686e-06,0.5931963493667289,-0.5796578298229961,-0.8441519409138638
481,"Even if in these cases abortion has a chance of saving the woman's life, abortion is always guaranteed to kill the fetus. We should not kill one person just to try to save another.",Pro-Life vs Pro-Choice: Should abortion be legal?,1,482,refutes,"True

Question: Pro-Life vs Pro",0.9305506348609924,0.9305506348609924,0.05009401217103,0.05009401217103,0.0091943489387631,0.0091943489387631,6.867684021472088e-08,6.867684021472088e-08,1.5296257060981588e-07,1.5296257060981588e-07,0.2857142857142857,refutes,"True

Question: Pro-Life vs Pro",0.8137770891189575,0.8137770891189575,0.0389634482562541,0.0389634482562541,0.1127444729208946,0.1127444729208946,3.6220018273525056e-07,3.6220018273525056e-07,1.11783629108686e-06,1.11783629108686e-06,-0.9184496702981247,0.6270632608499435,0.011581832027699811
482,"In situations where pregnancy endangers a mother, the fetus is also likely in jeopardy. There for it is not as simple as exchanging one life for another, but rather opting to save one person versus allowing two to die.",Pro-Life vs Pro-Choice: Should abortion be legal?,3,483,supports,"True

In this scenario, the argument suggests",0.8495951890945435,0.8495951890945435,0.0543128028512001,0.0543128028512001,0.0790246650576591,0.0790246650576591,2.4177435875571973e-07,2.4177435875571973e-07,3.811080944160494e-07,3.811080944160494e-07,0.0,supports,"True

Question: Pro-Life vs Pro",0.8137770891189575,0.8137770891189575,0.0389634482562541,0.0389634482562541,0.1127444729208946,0.1127444729208946,3.6220018273525056e-07,3.6220018273525056e-07,1.11783629108686e-06,1.11783629108686e-06,-0.2990816932276093,0.19233992104476455,0.015971665767650012
483,"In most of the cases where pregnancy endangers a mother, there is a reasonable non-abortion option that could preserve the life of both mother and child.",Pro-Life vs Pro-Choice: Should abortion be legal?,6,484,refutes,"True

In this context, the question is",0.5571604371070862,0.5571604371070862,0.1243193000555038,0.1243193000555038,0.2936029434204101,0.2936029434204101,3.6222661492502084e-07,3.6222661492502084e-07,1.3563907259594998e-06,1.3563907259594998e-06,0.0,refutes,"True

Question: Pro-Life vs Pro",0.8137770891189575,0.8137770891189575,0.0389634482562541,0.0389634482562541,0.1127444729208946,0.1127444729208946,3.6220018273525056e-07,3.6220018273525056e-07,1.11783629108686e-06,1.11783629108686e-06,0.2038403424714768,-0.3153402270020891,0.08881644682959913
484,"If childbirth poses a threat to the woman, the baby can be delivered via C-section.",Pro-Life vs Pro-Choice: Should abortion be legal?,6,485,refutes,"None

Argument: ""If childbirth",0.2956977188587188,0.2956977188587188,0.0634514689445495,0.0634514689445495,0.6259921193122864,0.6259921193122864,2.2519297715462017e-07,2.2519297715462017e-07,7.662949315090373e-07,7.662949315090373e-07,0.14285714285714285,refutes,"True

Question: Pro-Life vs Pro",0.8137770891189575,0.8137770891189575,0.0389634482562541,0.0389634482562541,0.1127444729208946,0.1127444729208946,3.6220018273525056e-07,3.6220018273525056e-07,1.11783629108686e-06,1.11783629108686e-06,0.5784665530132358,-0.6366354830917414,0.025480842163457043
485,"There are a large number of financial requirements of being pregnant and having a child, even if you plan to give it up for adoption. These costs may mean adoption is not a viable alternative for many women.",Pro-Life vs Pro-Choice: Should abortion be legal?,3,486,supports,"None

Question: Pro-Life vs Pro",0.4124209284782409,0.4124209284782409,0.0857753753662109,0.0857753753662109,0.4821689128875732,0.4821689128875732,5.32194064817304e-07,5.32194064817304e-07,6.381981165759498e-07,6.381981165759498e-07,0.0,supports,"True

Question: Pro-Life vs Pro",0.8137770891189575,0.8137770891189575,0.0389634482562541,0.0389634482562541,0.1127444729208946,0.1127444729208946,3.6220018273525056e-07,3.6220018273525056e-07,1.11783629108686e-06,1.11783629108686e-06,0.41636758373638366,-0.49320159784204315,0.048709830052789595
486,Government services should be available to intended adoptees to support them in this. The lack of this service is not grounds for termination.,Pro-Life vs Pro-Choice: Should abortion be legal?,6,487,insufficient-refutes,"None

Argument: ""Government services",0.0075539289973676,0.0075539289973676,0.0063115437515079,0.0063115437515079,0.9816701412200928,0.9816701412200928,5.4474607935617314e-08,5.4474607935617314e-08,1.492387156076802e-07,1.492387156076802e-07,0.2857142857142857,insufficient-refutes,"True

Question: Pro-Life vs Pro",0.8137770891189575,0.8137770891189575,0.0389634482562541,0.0389634482562541,0.1127444729208946,0.1127444729208946,3.6220018273525056e-07,3.6220018273525056e-07,1.11783629108686e-06,1.11783629108686e-06,0.9793409472012531,-0.9907174469539982,-0.8380137273785869
487,"It is possible for women to research contraception and the likelihood of pregnancy before they have sex, such that they are aware of the risks.",Pro-Life vs Pro-Choice: Should abortion be legal?,3,488,refutes,"None

Argument: ""It is possible for",0.0328137315809726,0.0328137315809726,0.0152598023414611,0.0152598023414611,0.9440905451774596,0.9440905451774596,1.244539475919737e-07,1.244539475919737e-07,2.832136090091808e-07,2.832136090091808e-07,0.0,refutes,"True

Question: Pro-Life vs Pro",0.8137770891189575,0.8137770891189575,0.0389634482562541,0.0389634482562541,0.1127444729208946,0.1127444729208946,3.6220018273525056e-07,3.6220018273525056e-07,1.11783629108686e-06,1.11783629108686e-06,0.9369860732154609,-0.9596772482050353,-0.6083559586127822
488,No form of contraception is 100% effective.,Pro-Life vs Pro-Choice: Should abortion be legal?,3,489,insufficient-neutral,"None

Argument: ""No form of contr",0.2249616384506225,0.2249616384506225,0.0254379585385322,0.0254379585385322,0.7261850833892822,0.7261850833892822,4.702740170614561e-07,4.702740170614561e-07,1.2008866860924172e-06,1.2008866860924172e-06,0.0,insufficient-neutral,"True

Question: Pro-Life vs Pro",0.8137770891189575,0.8137770891189575,0.0389634482562541,0.0389634482562541,0.1127444729208946,0.1127444729208946,3.6220018273525056e-07,3.6220018273525056e-07,1.11783629108686e-06,1.11783629108686e-06,0.691391140146366,-0.7235586483588778,-0.34713276989160974
489,Planned Parenthood states that the pill is only about 91% effective because it is difficult to maintain perfect use.,Pro-Life vs Pro-Choice: Should abortion be legal?,4,490,insufficient-neutral,"None

Argument: ""Planned Paren",0.0042009982280433,0.0042009982280433,0.0047603542916476,0.0047603542916476,0.9885701537132264,0.9885701537132264,2.1524504845160664e-08,2.1524504845160664e-08,7.527477663415993e-08,7.527477663415993e-08,0.0,insufficient-neutral,"True

Question: Pro-Life vs Pro",0.8137770891189575,0.8137770891189575,0.0389634482562541,0.0389634482562541,0.1127444729208946,0.1127444729208946,3.6220018273525056e-07,3.6220018273525056e-07,1.11783629108686e-06,1.11783629108686e-06,0.98711775138285,-0.9948376548268377,-0.8778251283012789
490,Contraceptives advertise that they are not 100% effective. Even though these devices or drugs decrease the likelihood of pregnancy they don't negate the responsibility for the risk of the action chosen.,Pro-Life vs Pro-Choice: Should abortion be legal?,4,491,refutes,"None

Argument: ""Contraceptives",0.373551070690155,0.373551070690155,0.0449642278254032,0.0449642278254032,0.5607665777206421,0.5607665777206421,2.545116331020836e-07,2.545116331020836e-07,4.820358299184591e-07,4.820358299184591e-07,0.0,refutes,"True

Question: Pro-Life vs Pro",0.8137770891189575,0.8137770891189575,0.0389634482562541,0.0389634482562541,0.1127444729208946,0.1127444729208946,3.6220018273525056e-07,3.6220018273525056e-07,1.11783629108686e-06,1.11783629108686e-06,0.5049527347264449,-0.5409663460855317,0.006244070070239294
491,Abstinence is always effective.,Pro-Life vs Pro-Choice: Should abortion be legal?,6,492,insufficient-neutral,"None

Argument: ""Abstinence",0.2629807591438293,0.2629807591438293,0.2249393761157989,0.2249393761157989,0.4836956560611725,0.4836956560611725,4.331938043833361e-07,4.331938043833361e-07,1.8025659755949164e-06,1.8025659755949164e-06,0.0,insufficient-neutral,"True

Question: Pro-Life vs Pro",0.8137770891189575,0.8137770891189575,0.0389634482562541,0.0389634482562541,0.1127444729208946,0.1127444729208946,3.6220018273525056e-07,3.6220018273525056e-07,1.11783629108686e-06,1.11783629108686e-06,0.4180883317362585,-0.6768393179653809,0.19351597764112313
492,An abstinent woman can still be raped and become pregnant.,Pro-Life vs Pro-Choice: Should abortion be legal?,3,493,supports,"True

Argument: ""A fetus is",0.8946243524551392,0.8946243524551392,0.0060279313474893,0.0060279313474893,0.0706219747662544,0.0706219747662544,4.6643452833450283e-07,4.6643452833450283e-07,7.556206469416793e-07,7.556206469416793e-07,0.14285714285714285,supports,"True

Question: Pro-Life vs Pro",0.8137770891189575,0.8137770891189575,0.0389634482562541,0.0389634482562541,0.1127444729208946,0.1127444729208946,3.6220018273525056e-07,3.6220018273525056e-07,1.11783629108686e-06,1.11783629108686e-06,-0.3736103159947787,0.43414241004870846,-0.8452926622960855
493,The primary role of sexual relations is reproduction. This is true in all species that reproduce by mating. The pleasure and bonding effect of a sexual relation is subservient to its purpose as a reproduction mechanism.,Pro-Life vs Pro-Choice: Should abortion be legal?,1,494,insufficient-neutral,"True

The question you provided is not directly",0.435304194688797,0.435304194688797,0.2991799116134643,0.2991799116134643,0.2293892055749893,0.2293892055749893,7.618093036398932e-07,7.618093036398932e-07,1.1984942602794035e-06,1.1984942602794035e-06,0.0,insufficient-neutral,"True

Question: Pro-Life vs Pro",0.8137770891189575,0.8137770891189575,0.0389634482562541,0.0389634482562541,0.1127444729208946,0.1127444729208946,3.6220018273525056e-07,3.6220018273525056e-07,1.11783629108686e-06,1.11783629108686e-06,0.1314668988742123,-0.4650817766815202,0.27076645824246987
494,It is unreasonable to expect people to remain abstinent forever. There are people who may want to have sex lives but do not ever want to have children. For them there is no fail proof form of contraception.,Pro-Life vs Pro-Choice: Should abortion be legal?,0,495,supports,"None

Question: Pro-Life vs Pro",0.4285983741283417,0.4285983741283417,0.0291664861142635,0.0291664861142635,0.5169883370399475,0.5169883370399475,5.01612419157027e-07,5.01612419157027e-07,9.57486918196082e-07,9.57486918196082e-07,0.0,supports,"True

Question: Pro-Life vs Pro",0.8137770891189575,0.8137770891189575,0.0389634482562541,0.0389634482562541,0.1127444729208946,0.1127444729208946,3.6220018273525056e-07,3.6220018273525056e-07,1.11783629108686e-06,1.11783629108686e-06,0.4556115479492658,-0.4733221420716486,-0.25143981296414314
495,Male vasectomies are both reversible and do not stop your body from producing sperm. It is one of the most highly-effective birth control measures while still maintaining the possibility of having children in the future.,Pro-Life vs Pro-Choice: Should abortion be legal?,6,496,insufficient-neutral,"None

Argument: ""Male vasect",0.0225210469216108,0.0225210469216108,0.0267444048076868,0.0267444048076868,0.9427727460861206,0.9427727460861206,6.152317411078911e-08,6.152317411078911e-08,1.692086755156197e-07,1.692086755156197e-07,0.0,insufficient-neutral,"True

Question: Pro-Life vs Pro",0.8137770891189575,0.8137770891189575,0.0389634482562541,0.0389634482562541,0.1127444729208946,0.1127444729208946,3.6220018273525056e-07,3.6220018273525056e-07,1.11783629108686e-06,1.11783629108686e-06,0.9355008200374083,-0.9723252875723087,-0.31360272243373627
496,"According to WHO, only 43% of women of reproductive age in less developed countries use modern contraceptive methods, and a wide gap in use is seen between the highest and lowest wealth quintiles (52% versus 35%, respectively).",Pro-Life vs Pro-Choice: Should abortion be legal?,4,497,insufficient-neutral,,0.0485631749033927,0.0485631749033927,0.0101001784205436,0.0101001784205436,0.9307498335838318,0.9307498335838318,1.477100255442565e-07,1.477100255442565e-07,5.055868541603559e-07,5.055868541603559e-07,0.0,insufficient-neutral,"True

Question: Pro-Life vs Pro",0.8137770891189575,0.8137770891189575,0.0389634482562541,0.0389634482562541,0.1127444729208946,0.1127444729208946,3.6220018273525056e-07,3.6220018273525056e-07,1.11783629108686e-06,1.11783629108686e-06,0.9219501436703994,-0.9403237378481987,-0.7407781171184611
497,"Contraception is not cheap or widely available in many developing countries around the world, even in some parts of the US and Europe.",Pro-Life vs Pro-Choice: Should abortion be legal?,4,498,insufficient-neutral,"None

Argument: ""Contraception is",0.255735695362091,0.255735695362091,0.0236020125448703,0.0236020125448703,0.7061088681221008,0.7061088681221008,2.806192469506641e-07,2.806192469506641e-07,7.250332032526785e-07,7.250332032526785e-07,0.0,insufficient-neutral,"True

Question: Pro-Life vs Pro",0.8137770891189575,0.8137770891189575,0.0389634482562541,0.0389634482562541,0.1127444729208946,0.1127444729208946,3.6220018273525056e-07,3.6220018273525056e-07,1.11783629108686e-06,1.11783629108686e-06,0.6687638195442916,-0.6857423257774861,-0.394252469913725
498,"A small pack of condoms will cost you around 5€. Less developed countries may find contraception somewhat more expensive, however abortion procedures in those parts of the world are far more dangerous and costly, so prevention
 and abstinence are still the better options. To increase effectiveness and safety, one should compliment usage of contraception with proper sexual responsibility.",Pro-Life vs Pro-Choice: Should abortion be legal?,6,499,insufficient-neutral,,0.3113405108451843,0.3113405108451843,0.0541028678417205,0.0541028678417205,0.6191745400428772,0.6191745400428772,2.1715609932471125e-07,2.1715609932471125e-07,4.041193619741535e-07,4.041193619741535e-07,0.2857142857142857,insufficient-neutral,"True

Question: Pro-Life vs Pro",0.8137770891189575,0.8137770891189575,0.0389634482562541,0.0389634482562541,0.1127444729208946,0.1127444729208946,3.6220018273525056e-07,3.6220018273525056e-07,1.11783629108686e-06,1.11783629108686e-06,0.570782656929936,-0.6174130299216709,0.01575321933176921
499,A lack of sex education in many conservative regions means that couples are often ill equipped to properly use contraceptives such as condoms.,Pro-Life vs Pro-Choice: Should abortion be legal?,3,500,insufficient-neutral,"None

Argument: ""A lack of sex",0.0322677679359912,0.0322677679359912,0.0160989854484796,0.0160989854484796,0.9430024027824402,0.9430024027824402,1.4169003748065736e-07,1.4169003748065736e-07,2.924375905877241e-07,2.924375905877241e-07,0.0,insufficient-neutral,"True

Question: Pro-Life vs Pro",0.8137770891189575,0.8137770891189575,0.0389634482562541,0.0389634482562541,0.1127444729208946,0.1127444729208946,3.6220018273525056e-07,3.6220018273525056e-07,1.11783629108686e-06,1.11783629108686e-06,0.9357596594464741,-0.9603481489372893,-0.58681825739344
500,"The solution for ignorance is to improve sex education, not implement a policy of allowing abortion.",Pro-Life vs Pro-Choice: Should abortion be legal?,6,501,refutes,"True

In this case, the argument does",0.4720878303050995,0.4720878303050995,0.1193624958395958,0.1193624958395958,0.3676623702049255,0.3676623702049255,7.80688026225107e-07,7.80688026225107e-07,1.732032160361996e-06,1.732032160361996e-06,0.14285714285714285,refutes,"True

Question: Pro-Life vs Pro",0.8137770891189575,0.8137770891189575,0.0389634482562541,0.0389634482562541,0.1127444729208946,0.1127444729208946,3.6220018273525056e-07,3.6220018273525056e-07,1.11783629108686e-06,1.11783629108686e-06,0.2873105768337503,-0.4198806569791621,0.08365867816105664
501,People tend to not seek information when they are unaware that the information exists or is important.,Pro-Life vs Pro-Choice: Should abortion be legal?,3,502,not_applicable,"True

Argument: ""People tend to not",0.5069802403450012,0.5069802403450012,0.0853894054889679,0.0853894054889679,0.3948366045951843,0.3948366045951843,1.9952423713220926e-07,1.9952423713220926e-07,3.3089301609834365e-07,3.3089301609834365e-07,0.0,not_applicable,"True

Question: Pro-Life vs Pro",0.8137770891189575,0.8137770891189575,0.0389634482562541,0.0389634482562541,0.1127444729208946,0.1127444729208946,3.6220018273525056e-07,3.6220018273525056e-07,1.11783629108686e-06,1.11783629108686e-06,0.3179378691536053,-0.37700354664213076,0.048308211741246
502,Religious women are often taught that use of contraception is deeply immoral.,Pro-Life vs Pro-Choice: Should abortion be legal?,0,503,insufficient-neutral,"None

Argument: ""Religious women are",0.1968546658754348,0.1968546658754348,0.0281389076262712,0.0281389076262712,0.7546210289001465,0.7546210289001465,3.980780718393362e-07,3.980780718393362e-07,1.5409644902319997e-06,1.5409644902319997e-06,0.0,insufficient-neutral,"True

Question: Pro-Life vs Pro",0.8137770891189575,0.8137770891189575,0.0389634482562541,0.0389634482562541,0.1127444729208946,0.1127444729208946,3.6220018273525056e-07,3.6220018273525056e-07,1.11783629108686e-06,1.11783629108686e-06,0.7234404705173776,-0.7580975570489935,-0.2778126966276767
503,By this logic people are consenting to the risk of dying every time they cross the street. People aren't consenting to consequences.,Pro-Life vs Pro-Choice: Should abortion be legal?,7,504,supports,"True

Argument: ""By this logic people",0.4787885546684265,0.4787885546684265,0.0781600847840309,0.0781600847840309,0.4291832745075226,0.4291832745075226,1.8842928284357185e-07,1.8842928284357185e-07,7.153035994633683e-07,7.153035994633683e-07,0.0,supports,"True

Question: Pro-Life vs Pro",0.8137770891189575,0.8137770891189575,0.0389634482562541,0.0389634482562541,0.1127444729208946,0.1127444729208946,3.6220018273525056e-07,3.6220018273525056e-07,1.11783629108686e-06,1.11783629108686e-06,0.35664900575864783,-0.41164655398840133,0.04078579160871326
504,Abortion has harmful mental and physical consequences for the woman involved.,Pro-Life vs Pro-Choice: Should abortion be legal?,5,505,refutes,"True

In this context, the statement """,0.7159707546234131,0.7159707546234131,0.0754627585411071,0.0754627585411071,0.1387972682714462,0.1387972682714462,1.952078264366719e-06,1.952078264366719e-06,2.586083610367496e-06,2.586083610367496e-06,0.14285714285714285,refutes,"True

Question: Pro-Life vs Pro",0.8137770891189575,0.8137770891189575,0.0389634482562541,0.0389634482562541,0.1127444729208946,0.1127444729208946,3.6220018273525056e-07,3.6220018273525056e-07,1.11783629108686e-06,1.11783629108686e-06,0.02936335086727367,-0.1201881151525601,0.03797910726561553
505,Abortion increases the risk of placenta previa in later pregnancies (a life threatening condition for both the mother and her wanted pregnancy) by seven to fifteen fold.,Pro-Life vs Pro-Choice: Should abortion be legal?,0,506,refutes,"True

Question: Pro-Life vs Pro",0.6013020873069763,0.6013020873069763,0.0581577979028224,0.0581577979028224,0.266826182603836,0.266826182603836,1.7282116004935233e-06,1.7282116004935233e-06,2.6819393497135025e-06,2.6819393497135025e-06,0.14285714285714285,refutes,"True

Question: Pro-Life vs Pro",0.8137770891189575,0.8137770891189575,0.0389634482562541,0.0389634482562541,0.1127444729208946,0.1127444729208946,3.6220018273525056e-07,3.6220018273525056e-07,1.11783629108686e-06,1.11783629108686e-06,0.17366103110136374,-0.26109730127941916,0.019972549027132473
506,Studies have shown that abortion has adverse psychological impacts on women.,Pro-Life vs Pro-Choice: Should abortion be legal?,4,507,refutes,"True

In this context, the statement """,0.6494950652122498,0.6494950652122498,0.0372190326452255,0.0372190326452255,0.244602084159851,0.244602084159851,3.5079935969406506e-06,3.5079935969406506e-06,3.4401427910779603e-06,3.4401427910779603e-06,0.14285714285714285,refutes,"True

Question: Pro-Life vs Pro",0.8137770891189575,0.8137770891189575,0.0389634482562541,0.0389634482562541,0.1127444729208946,0.1127444729208946,3.6220018273525056e-07,3.6220018273525056e-07,1.11783629108686e-06,1.11783629108686e-06,0.14861289359677363,-0.2018759511705706,-0.044770565468332295
507,"Humans can collaborate, meet, and communicate with unparalleled efficiency.",Has social media been good for humanity?,2,508,supports,"True

Argument: ""The Earth's",0.9072831869125366,0.9072831869125366,0.0006393150542862,0.0006393150542862,0.0756471380591392,0.0756471380591392,3.270220645390509e-07,3.270220645390509e-07,3.53595197566392e-07,3.53595197566392e-07,0.0,supports,True,0.6404941082000732,0.6404941082000732,0.0043156151659786,0.0043156151659786,0.3375166952610016,0.3375166952610016,1.3545098909162334e-07,1.3545098909162334e-07,3.1989245030672464e-07,3.1989245030672464e-07,-0.7758714187437712,0.7420993224248397,-0.8518600408752548
508,It is easy to maintain non day-to-day relationships.,Has social media been good for humanity?,2,509,supports,"None

Argument: ""It is easy to",0.3368374407291412,0.3368374407291412,0.0757480710744857,0.0757480710744857,0.5729798078536987,0.5729798078536987,1.81547491706624e-07,1.81547491706624e-07,3.603458367251733e-07,3.603458367251733e-07,0.0,supports,True,0.6404941082000732,0.6404941082000732,0.0043156151659786,0.0043156151659786,0.3375166952610016,0.3375166952610016,1.3545098909162334e-07,1.3545098909162334e-07,3.1989245030672464e-07,3.1989245030672464e-07,0.35542497585726124,-0.474097518748881,0.07174206706115487
509,"Social media algorithms designed to enhance the user's experience have inadvertently created deeply personalized Filter Bubbles. 
Information dissemination is calculated by user desire rather than objective necessity.",Has social media been good for humanity?,3,510,refutes,"None

Argument: ""Social media algorithms",0.4117339551448822,0.4117339551448822,0.0211497340351343,0.0211497340351343,0.5454588532447815,0.5454588532447815,2.076570524423005e-07,2.076570524423005e-07,4.553399151063786e-07,4.553399151063786e-07,0.2857142857142857,refutes,True,0.6404941082000732,0.6404941082000732,0.0043156151659786,0.0043156151659786,0.3375166952610016,0.3375166952610016,1.3545098909162334e-07,1.3545098909162334e-07,3.1989245030672464e-07,3.1989245030672464e-07,0.3138828654190823,-0.3571619943516053,0.016907083334406128
510,Confirmation bias is a major issue in today's society as it is pushed by the business models of Social media platforms.,Has social media been good for humanity?,5,511,refutes,"None

Argument: ""Confirmation bias is",0.1249478459358215,0.1249478459358215,0.094315581023693,0.094315581023693,0.7653983235359192,0.7653983235359192,1.9793490935171579e-07,1.9793490935171579e-07,4.766795598243334e-07,4.766795598243334e-07,0.2857142857142857,refutes,True,0.6404941082000732,0.6404941082000732,0.0043156151659786,0.0043156151659786,0.3375166952610016,0.3375166952610016,1.3545098909162334e-07,1.3545098909162334e-07,3.1989245030672464e-07,3.1989245030672464e-07,0.6458753378600116,-0.8049196013887592,0.09039005454797527
511,The same systems that create echo chambers can be (ab)used to intentionally enter other peoples echo chambers. TED talk,Has social media been good for humanity?,4,512,insufficient-neutral,"None

Argument: ""The same systems that",0.2217897474765777,0.2217897474765777,0.0163194052875041,0.0163194052875041,0.7386726140975952,0.7386726140975952,4.091637038072804e-07,4.091637038072804e-07,1.3259660818221164e-06,1.3259660818221164e-06,0.0,insufficient-neutral,True,0.6404941082000732,0.6404941082000732,0.0043156151659786,0.0043156151659786,0.3375166952610016,0.3375166952610016,1.3545098909162334e-07,1.3545098909162334e-07,3.1989245030672464e-07,3.1989245030672464e-07,0.6055336277412136,-0.6537208623201004,0.012055818394225903
512,Social media has negative health effects.,Has social media been good for humanity?,5,513,refutes,"False

Argument: ""Social media has",0.0295254457741975,0.0295254457741975,0.8628600239753723,0.8628600239753723,0.0968102142214775,0.0968102142214775,5.5979292312713376e-08,5.5979292312713376e-08,2.015891737983111e-07,2.015891737983111e-07,0.42857142857142855,refutes,True,0.6404941082000732,0.6404941082000732,0.0043156151659786,0.0043156151659786,0.3375166952610016,0.3375166952610016,1.3545098909162334e-07,1.3545098909162334e-07,3.1989245030672464e-07,3.1989245030672464e-07,-0.7131691096151135,-0.9539020806027859,0.8622656153762132
513,Exposure to online harassment - stressor to contend with for some resulting in some youths committing suicide (remember Ask.fm?),Has social media been good for humanity?,0,514,refutes,"False

Explanation:

The",0.0516450405120849,0.0516450405120849,0.6856255531311035,0.6856255531311035,0.2369458675384521,0.2369458675384521,1.8690637659801726e-07,1.8690637659801726e-07,5.779654088655661e-07,5.779654088655661e-07,0.14285714285714285,refutes,True,0.6404941082000732,0.6404941082000732,0.0043156151659786,0.0043156151659786,0.3375166952610016,0.3375166952610016,1.3545098909162334e-07,1.3545098909162334e-07,3.1989245030672464e-07,3.1989245030672464e-07,-0.29797289774000096,-0.9193668765240971,0.6842629535449609
514,"Creates a reward system and withdrawals if you don't post on it or keep checking the platform for likes or new friends. People experience addictive effects when they are disconnected even for a few hours. Study: Social media addiction: Its impact, mediation, and intervention",Has social media been good for humanity?,4,515,refutes,,0.0831827893853187,0.0831827893853187,0.0589854344725608,0.0589854344725608,0.8533463478088379,0.8533463478088379,3.532800363359456e-08,3.532800363359456e-08,1.6722890450182606e-07,1.6722890450182606e-07,0.42857142857142855,refutes,True,0.6404941082000732,0.6404941082000732,0.0043156151659786,0.0043156151659786,0.3375166952610016,0.3375166952610016,1.3545098909162334e-07,1.3545098909162334e-07,3.1989245030672464e-07,3.1989245030672464e-07,0.7786304180919096,-0.8701271591411194,0.05490677582103042
515,Social media use during driving or walking across the road or operating dangerous equipment shows increase in injuries and deaths.,Has social media been good for humanity?,0,516,refutes,False,0.016199916601181,0.016199916601181,0.9269327521324158,0.9269327521324158,0.0454337857663631,0.0454337857663631,3.9981113530984664e-08,3.9981113530984664e-08,1.9989299460121401e-07,1.9989299460121401e-07,0.2857142857142857,refutes,True,0.6404941082000732,0.6404941082000732,0.0043156151659786,0.0043156151659786,0.3375166952610016,0.3375166952610016,1.3545098909162334e-07,1.3545098909162334e-07,3.1989245030672464e-07,3.1989245030672464e-07,-0.8653880344164038,-0.9747071574995337,0.9266160552675893
516,People have been shown to experience depression as a repercussion of social media.,Has social media been good for humanity?,3,517,refutes,"False

In this case, the question is",0.0736042112112045,0.0736042112112045,0.7148979306221008,0.7148979306221008,0.1954422146081924,0.1954422146081924,1.1301200686375525e-07,1.1301200686375525e-07,5.144606802787166e-07,5.144606802787166e-07,0.42857142857142855,refutes,True,0.6404941082000732,0.6404941082000732,0.0043156151659786,0.0043156151659786,0.3375166952610016,0.3375166952610016,1.3545098909162334e-07,1.3545098909162334e-07,3.1989245030672464e-07,3.1989245030672464e-07,-0.42094060130253125,-0.8850821416327337,0.7136622068996039
517,"Instagram has been linked to teenagers' issues with mental health, exacerbating problems such as body image and FOMO.",Has social media been good for humanity?,0,518,refutes,"False

In this case, the question is",0.0062360209412872,0.0062360209412872,0.9327663779258728,0.9327663779258728,0.0526230782270431,0.0526230782270431,3.999768338758258e-08,3.999768338758258e-08,1.835081491208257e-07,1.835081491208257e-07,0.2857142857142857,refutes,True,0.6404941082000732,0.6404941082000732,0.0043156151659786,0.0043156151659786,0.3375166952610016,0.3375166952610016,1.3545098909162334e-07,1.3545098909162334e-07,3.1989245030672464e-07,3.1989245030672464e-07,-0.8440874808093577,-0.9902637341055147,0.9324749658644743
518,Not necessarily. By joining groups related to sports you can actually be more active when sharing results.,Has social media been good for humanity?,0,519,insufficient-neutral,,0.2143623977899551,0.2143623977899551,0.0171883273869752,0.0171883273869752,0.7599806785583496,0.7599806785583496,5.7981946355312175e-08,5.7981946355312175e-08,1.150858750520456e-07,1.150858750520456e-07,0.0,insufficient-neutral,True,0.6404941082000732,0.6404941082000732,0.0043156151659786,0.0043156151659786,0.3375166952610016,0.3375166952610016,1.3545098909162334e-07,1.3545098909162334e-07,3.1989245030672464e-07,3.1989245030672464e-07,0.6376975544520146,-0.6653171433655186,0.012928506680500424
519,"FOMO (Fear Of Missing Out) - stressor to contend with for some when they use social media. ""Everyone else is doing it and I'm not"" fear.",Has social media been good for humanity?,5,520,refutes,"None

The question is not directly related to",0.1879462003707885,0.1879462003707885,0.1558128893375396,0.1558128893375396,0.6458264589309692,0.6458264589309692,1.0720182785917133e-07,1.0720182785917133e-07,3.6765135291716433e-07,3.6765135291716433e-07,0.42857142857142855,refutes,True,0.6404941082000732,0.6404941082000732,0.0043156151659786,0.0043156151659786,0.3375166952610016,0.3375166952610016,1.3545098909162334e-07,1.3545098909162334e-07,3.1989245030672464e-07,3.1989245030672464e-07,0.4653849560653213,-0.7065606100593839,0.15215391190132532
520,Social media can be beneficial when being a leisure-time activity.,Has social media been good for humanity?,0,521,insufficient-supports,"True

Argument: ""The use of social",0.7432963848114014,0.7432963848114014,0.0019766576588153,0.0019766576588153,0.2338885813951492,0.2338885813951492,4.575216223656753e-07,4.575216223656753e-07,5.11400116920413e-07,5.11400116920413e-07,0.2857142857142857,insufficient-supports,True,0.6404941082000732,0.6404941082000732,0.0043156151659786,0.0043156151659786,0.3375166952610016,0.3375166952610016,1.3545098909162334e-07,1.3545098909162334e-07,3.1989245030672464e-07,3.1989245030672464e-07,-0.30703107526493406,0.28595435834620464,-0.5419754582387382
521,"Social media, as a leisure-time activity displaces more healthy, social and productive activities like reading, spending time with friend and sport.",Has social media been good for humanity?,5,522,refutes,"False

In this case, the question is",0.1723001599311828,0.1723001599311828,0.5475687980651855,0.5475687980651855,0.2526614964008331,0.2526614964008331,2.8271409746594145e-07,2.8271409746594145e-07,1.0442736311233602e-06,1.0442736311233602e-06,0.2857142857142857,refutes,True,0.6404941082000732,0.6404941082000732,0.0043156151659786,0.0043156151659786,0.3375166952610016,0.3375166952610016,1.3545098909162334e-07,1.3545098909162334e-07,3.1989245030672464e-07,3.1989245030672464e-07,-0.25141037480990386,-0.7309886886931974,0.5456078162657599
522,Many platforms e.g. facebook use a security opt-in model with new users being oblivious to the fact that a lot of personal information is publically exposed.,Has social media been good for humanity?,0,523,refutes,"None

Argument: ""Many platforms e.",0.3034499287605285,0.3034499287605285,0.0583686642348766,0.0583686642348766,0.6129857301712036,0.6129857301712036,3.489560356229049e-07,3.489560356229049e-07,7.287086987162184e-07,7.287086987162184e-07,0.0,refutes,True,0.6404941082000732,0.6404941082000732,0.0043156151659786,0.0043156151659786,0.3375166952610016,0.3375166952610016,1.3545098909162334e-07,1.3545098909162334e-07,3.1989245030672464e-07,3.1989245030672464e-07,0.4158127954918499,-0.5262252612857152,0.05428733230350753
523,Users make the decision to put information out in such an insecure environment and should bear responsibility for the consequences of that decision.,Has social media been good for humanity?,3,524,insufficient-neutral,"None

Argument: ""Users make the decision",0.0909946039319038,0.0909946039319038,0.0083325980231165,0.0083325980231165,0.8907378911972046,0.8907378911972046,1.57390914523603e-07,1.57390914523603e-07,5.376717240324069e-07,5.376717240324069e-07,0.14285714285714285,insufficient-neutral,True,0.6404941082000732,0.6404941082000732,0.0043156151659786,0.0043156151659786,0.3375166952610016,0.3375166952610016,1.3545098909162334e-07,1.3545098909162334e-07,3.1989245030672464e-07,3.1989245030672464e-07,0.8350719059315134,-0.8579306151814288,0.004034393747982221
524,"Risk is inherent in innovation. Driving a car puts you at risk of crashing. Using a credit card puts you at risk of having your identity stolen. As companies become better at reducing disaster, the efficiency, productivity, and quality of life gains are worth the risk of accidents.",Has social media been good for humanity?,7,525,supports,"True

The question is not directly related to",0.8326498866081238,0.8326498866081238,0.0019540921784937,0.0019540921784937,0.142449602484703,0.142449602484703,3.157553010169068e-07,3.157553010169068e-07,3.7423703247441154e-07,3.7423703247441154e-07,0.0,supports,True,0.6404941082000732,0.6404941082000732,0.0043156151659786,0.0043156151659786,0.3375166952610016,0.3375166952610016,1.3545098909162334e-07,1.3545098909162334e-07,3.1989245030672464e-07,3.1989245030672464e-07,-0.5779479815819281,0.5344996640972706,-0.5472042563251596
525,Social media can be educational and informative.,Has social media been good for humanity?,2,526,supports,"True

Argument: ""The government should have",0.9321674108505248,0.9321674108505248,0.000282507535303,0.000282507535303,0.0559810027480125,0.0559810027480125,1.696083131719206e-07,1.696083131719206e-07,1.4649735646798945e-07,1.4649735646798945e-07,0.2857142857142857,supports,True,0.6404941082000732,0.6404941082000732,0.0043156151659786,0.0043156151659786,0.3375166952610016,0.3375166952610016,1.3545098909162334e-07,1.3545098909162334e-07,3.1989245030672464e-07,3.1989245030672464e-07,-0.8341385669685987,0.8113171697691519,-0.9345382930502935
526,Social media is a great way for families separated by distance to keep informed of the well being or otherwise of members of the family,Has social media been good for humanity?,2,527,supports,"True

Argument: ""Social media is",0.9453138113021852,0.9453138113021852,0.0002393728063907,0.0002393728063907,0.0289955381304025,0.0289955381304025,1.6094939780941789e-07,1.6094939780941789e-07,2.099175873127024e-07,2.099175873127024e-07,0.42857142857142855,supports,True,0.6404941082000732,0.6404941082000732,0.0043156151659786,0.0043156151659786,0.3375166952610016,0.3375166952610016,1.3545098909162334e-07,1.3545098909162334e-07,3.1989245030672464e-07,3.1989245030672464e-07,-0.9140915440998252,0.8478851391724925,-0.9445333290424611
527,Social media makes it easier for people to access information and news.,Has social media been good for humanity?,2,528,supports,"True

Argument: ""The government should have",0.9450474381446838,0.9450474381446838,0.0002797762863337,0.0002797762863337,0.040878739207983,0.040878739207983,2.212221943409532e-07,2.212221943409532e-07,2.536324927859823e-07,2.536324927859823e-07,0.42857142857142855,supports,True,0.6404941082000732,0.6404941082000732,0.0043156151659786,0.0043156151659786,0.3375166952610016,0.3375166952610016,1.3545098909162334e-07,1.3545098909162334e-07,3.1989245030672464e-07,3.1989245030672464e-07,-0.8788838010624289,0.8471441967746706,-0.9351711689820568
528,"Social media has potential as a collective learning experience. It is, in a sense, a giant classroom where people can learn from one another at their own pace and without the pressure of being graded.
",Has social media been good for humanity?,3,529,supports,"True

Argument: ""The rise of social",0.974410593509674,0.974410593509674,7.408500096062198e-05,7.408500096062198e-05,0.0172978602349758,0.0172978602349758,4.2941699973653165e-08,4.2941699973653165e-08,3.4843232299408555e-08,3.4843232299408555e-08,0.42857142857142855,supports,True,0.6404941082000732,0.6404941082000732,0.0043156151659786,0.0043156151659786,0.3375166952610016,0.3375166952610016,1.3545098909162334e-07,1.3545098909162334e-07,3.1989245030672464e-07,3.1989245030672464e-07,-0.9487496160105521,0.9288206199842557,-0.9828332698557883
529,"Humans spend too long on social media, at the expense of other more valuable activities.",Has social media been good for humanity?,5,530,refutes,"None

Argument: ""Humans spend",0.2750893533229828,0.2750893533229828,0.0813162624835968,0.0813162624835968,0.6296858191490173,0.6296858191490173,1.5782910622874624e-07,1.5782910622874624e-07,5.705889520868368e-07,5.705889520868368e-07,0.2857142857142857,refutes,True,0.6404941082000732,0.6404941082000732,0.0043156151659786,0.0043156151659786,0.3375166952610016,0.3375166952610016,1.3545098909162334e-07,1.3545098909162334e-07,3.1989245030672464e-07,3.1989245030672464e-07,0.44102111222730805,-0.5705044749029101,0.07733439279602045
530,It’s a valuable aid for crime-solving.,Has social media been good for humanity?,2,531,supports,"True

Argument: ""It’s a",0.6538874506950378,0.6538874506950378,0.018694844096899,0.018694844096899,0.3186793029308319,0.3186793029308319,1.1397120402989459e-07,1.1397120402989459e-07,1.7860283207937758e-07,1.7860283207937758e-07,0.14285714285714285,supports,True,0.6404941082000732,0.6404941082000732,0.0043156151659786,0.0043156151659786,0.3375166952610016,0.3375166952610016,1.3545098909162334e-07,1.3545098909162334e-07,3.1989245030672464e-07,3.1989245030672464e-07,-0.05581173492944616,0.03725486229977644,0.014441553116570558
531,"In states like Oregon, authorities have arrested people for drinking and driving after they bragged about it publicly on Facebook.",Has social media been good for humanity?,0,532,insufficient-neutral,"None

In this case, the argument provided",0.270817220211029,0.270817220211029,0.1832441091537475,0.1832441091537475,0.5220138430595398,0.5220138430595398,2.1530007643377763e-07,2.1530007643377763e-07,1.1891773965544417e-06,1.1891773965544417e-06,0.14285714285714285,insufficient-neutral,True,0.6404941082000732,0.6404941082000732,0.0043156151659786,0.0043156151659786,0.3375166952610016,0.3375166952610016,1.3545098909162334e-07,1.3545098909162334e-07,3.1989245030672464e-07,3.1989245030672464e-07,0.2784932789683287,-0.5771745333113464,0.17970402741386363
532,Social media allows for better discourse to take place.,Has social media been good for humanity?,2,533,supports,"True

Argument: ""The government should have",0.8387116193771362,0.8387116193771362,0.0034815999679267,0.0034815999679267,0.1327034533023834,0.1327034533023834,4.6186289637262245e-07,4.6186289637262245e-07,7.083954756126332e-07,7.083954756126332e-07,0.42857142857142855,supports,True,0.6404941082000732,0.6404941082000732,0.0043156151659786,0.0043156151659786,0.3375166952610016,0.3375166952610016,1.3545098909162334e-07,1.3545098909162334e-07,3.1989245030672464e-07,3.1989245030672464e-07,-0.6068240322163505,0.5513609531811945,-0.19325522920271332
533,You can discover new perspectives from people you ordinarily wouldn't talk with.,Has social media been good for humanity?,0,534,supports,"True

Explanation: The argument suggests",0.7678407430648804,0.7678407430648804,0.0011910465545952,0.0011910465545952,0.2234543859958648,0.2234543859958648,6.76909337471443e-08,6.76909337471443e-08,8.054212941033256e-08,8.054212941033256e-08,0.0,supports,True,0.6404941082000732,0.6404941082000732,0.0043156151659786,0.0043156151659786,0.3375166952610016,0.3375166952610016,1.3545098909162334e-07,1.3545098909162334e-07,3.1989245030672464e-07,3.1989245030672464e-07,-0.3379456805149518,0.3542268368043282,-0.7240146517269177
534,"Social media commentary systems have been designed for popularity, resulting in everybody writing in a more pointed, provocative way.
 This has harmed online discourse and increased polarization.",Has social media been good for humanity?,3,535,refutes,"None

Argument: ""Social media comment",0.0661996006965637,0.0661996006965637,0.1664257794618606,0.1664257794618606,0.7576143145561218,0.7576143145561218,1.160799030230919e-07,1.160799030230919e-07,4.868093128607143e-07,4.868093128607143e-07,0.7142857142857143,refutes,True,0.6404941082000732,0.6404941082000732,0.0043156151659786,0.0043156151659786,0.3375166952610016,0.3375166952610016,1.3545098909162334e-07,1.3545098909162334e-07,3.1989245030672464e-07,3.1989245030672464e-07,0.6341255942451682,-0.8966429201314609,0.16281280169207982
535,Social media distorts reality.,Has social media been good for humanity?,5,536,refutes,"None

Argument: ""Social media dist",0.3750744163990021,0.3750744163990021,0.1152884066104888,0.1152884066104888,0.4891892373561859,0.4891892373561859,1.9747336921227546e-07,1.9747336921227546e-07,7.097413572410005e-07,7.097413572410005e-07,0.2857142857142857,refutes,True,0.6404941082000732,0.6404941082000732,0.0043156151659786,0.0043156151659786,0.3375166952610016,0.3375166952610016,1.3545098909162334e-07,1.3545098909162334e-07,3.1989245030672464e-07,3.1989245030672464e-07,0.2289454556970903,-0.414398334665338,0.11145378308108059
536,Social Media acts as a filter of what you let others see of your life. It perpetuates the illusion that everyone leads happy and succesful lives.,Has social media been good for humanity?,3,537,refutes,"None

Argument: ""Social Media acts",0.202514961361885,0.202514961361885,0.3040109574794769,0.3040109574794769,0.4708613753318786,0.4708613753318786,1.6938659541665404e-07,1.6938659541665404e-07,6.405081194316153e-07,6.405081194316153e-07,0.2857142857142857,refutes,True,0.6404941082000732,0.6404941082000732,0.0043156151659786,0.0043156151659786,0.3375166952610016,0.3375166952610016,1.3545098909162334e-07,1.3545098909162334e-07,3.1989245030672464e-07,3.1989245030672464e-07,0.20128006112306698,-0.6838144820238928,0.30099431795694664
537,"If people do not take responsibility to do their own research independently of social media, social media can become an issue, but it is not a problem on its own.",Has social media been good for humanity?,6,538,insufficient-supports,"None

Argument: ""If people do not",0.0484161488711833,0.0484161488711833,0.0029304204508662,0.0029304204508662,0.9425447583198548,0.9425447583198548,8.522918903963729e-08,8.522918903963729e-08,3.179042664669396e-07,3.179042664669396e-07,0.2857142857142857,insufficient-supports,True,0.6404941082000732,0.6404941082000732,0.0043156151659786,0.0043156151659786,0.3375166952610016,0.3375166952610016,1.3545098909162334e-07,1.3545098909162334e-07,3.1989245030672464e-07,3.1989245030672464e-07,0.9132729213413445,-0.9244081276450097,-0.32097271462764826
538,"Social media can be manipulated and unreasonable positions can be made seem more popular, more broadly supported and legitimate than they really are.",Has social media been good for humanity?,5,539,refutes,"False

In this case, the question is",0.1067635938525199,0.1067635938525199,0.6289517283439636,0.6289517283439636,0.2424824982881546,0.2424824982881546,1.579533090989571e-07,1.579533090989571e-07,5.364405524233007e-07,5.364405524233007e-07,0.2857142857142857,refutes,True,0.6404941082000732,0.6404941082000732,0.0043156151659786,0.0043156151659786,0.3375166952610016,0.3375166952610016,1.3545098909162334e-07,1.3545098909162334e-07,3.1989245030672464e-07,3.1989245030672464e-07,-0.28156887735392483,-0.8333105761853944,0.6273434862414867
539,"Social media is a vital tool for grassroots political organizing. (protest, advocacy groups, etc). This is beneficial to democracy.",Has social media been good for humanity?,2,540,supports,"True

Argument: ""Social media is",0.9636220932006836,0.9636220932006836,0.0003634500899352,0.0003634500899352,0.0164510067552328,0.0164510067552328,1.6665025270867773e-07,1.6665025270867773e-07,1.784407572813507e-07,1.784407572813507e-07,0.42857142857142855,supports,True,0.6404941082000732,0.6404941082000732,0.0043156151659786,0.0043156151659786,0.3375166952610016,0.3375166952610016,1.3545098909162334e-07,1.3545098909162334e-07,3.1989245030672464e-07,3.1989245030672464e-07,-0.951258687388749,0.898811375198375,-0.9157825533656486
540,Social media is a tool for radicalization.,Has social media been good for humanity?,5,541,refutes,"None

Argument: ""Social media is",0.106581762433052,0.106581762433052,0.0940580815076828,0.0940580815076828,0.7875386476516724,0.7875386476516724,1.617392513253435e-07,1.617392513253435e-07,6.574240387635655e-07,6.574240387635655e-07,0.42857142857142855,refutes,True,0.6404941082000732,0.6404941082000732,0.0043156151659786,0.0043156151659786,0.3375166952610016,0.3375166952610016,1.3545098909162334e-07,1.3545098909162334e-07,3.1989245030672464e-07,3.1989245030672464e-07,0.6792955372180556,-0.8335944686008593,0.09013143894655341
541,"Individuals should have the autonomy to make their own decisions, as genetic engineering can bring them significant benefits.",Is cloning humans ethical?,2,542,supports,"None

Argument: ""Individuals should",0.1753762811422348,0.1753762811422348,0.0286293905228376,0.0286293905228376,0.7859819531440735,0.7859819531440735,1.658942636595384e-07,1.658942636595384e-07,5.272108865028713e-07,5.272108865028713e-07,0.0,supports,"True
Question: Is it ethical to eat meat",0.8317821025848389,0.8317821025848389,0.008091046474874,0.008091046474874,0.1514787673950195,0.1514787673950195,3.4100615664556244e-08,3.4100615664556244e-08,1.024038951413786e-07,1.024038951413786e-07,0.7477752604977415,-0.7891559813594967,0.020705876255046166
542,The right to reproductive freedom already includes assisted reproductive technologies such as in-vitro fertilization. Cloning humans could be seen as another assisted reproductive technology.,Is cloning humans ethical?,7,543,supports,"None

Argument: ""The right to re",0.3762568533420563,0.3762568533420563,0.0054942909628152,0.0054942909628152,0.5919351577758789,0.5919351577758789,1.9696801700774813e-06,1.9696801700774813e-06,3.026959348062519e-06,3.026959348062519e-06,0.5,supports,"True
Question: Is it ethical to eat meat",0.8317821025848389,0.8317821025848389,0.008091046474874,0.008091046474874,0.1514787673950195,0.1514787673950195,3.4100615664556244e-08,3.4100615664556244e-08,1.024038951413786e-07,1.024038951413786e-07,0.5190870581147955,-0.5476497364239941,-0.3209418608733476
543,"Vitro gametogenesis (IVG) is a new technology that could revolutionize reproductive medicine. If IVG is ethical, reproductive cloning should also be ethical.",Is cloning humans ethical?,7,544,insufficient-supports,"None

The question is not directly related to",0.2473375052213668,0.2473375052213668,0.0092229163274168,0.0092229163274168,0.715694785118103,0.715694785118103,1.206882188853342e-06,1.206882188853342e-06,2.0369993762869854e-06,2.0369993762869854e-06,0.75,insufficient-supports,"True
Question: Is it ethical to eat meat",0.8317821025848389,0.8317821025848389,0.008091046474874,0.008091046474874,0.1514787673950195,0.1514787673950195,3.4100615664556244e-08,3.4100615664556244e-08,1.024038951413786e-07,1.024038951413786e-07,0.664940364533869,-0.7026414676959953,0.001141102566440467
544,Not all means of reproduction are legal. Surrogacy as a means of reproduction is illegal in many countries.,Is cloning humans ethical?,0,545,insufficient-neutral,"None

The question is not directly related to",0.2156784683465957,0.2156784683465957,0.0218614805489778,0.0218614805489778,0.7527918219566345,0.7527918219566345,6.860474854875065e-08,6.860474854875065e-08,1.985144422178564e-07,1.985144422178564e-07,0.25,insufficient-neutral,"True
Question: Is it ethical to eat meat",0.8317821025848389,0.8317821025848389,0.008091046474874,0.008091046474874,0.1514787673950195,0.1514787673950195,3.4100615664556244e-08,3.4100615664556244e-08,1.024038951413786e-07,1.024038951413786e-07,0.7086599974824077,-0.7407031629120713,0.013882760131527517
545,"Any use of cloning beyond family-planning purposes would most likely be cruel towards the clones. As nobody would have an emotional stake in the clone's life, nobody would defend their interests. 
The clones would, therefore, be taken advantage of or discriminated against.",Is cloning humans ethical?,5,546,refutes,"True

In this context, the argument suggests",0.9332882165908812,0.9332882165908812,0.0239184852689504,0.0239184852689504,0.0329491049051284,0.0329491049051284,7.120426204210163e-08,7.120426204210163e-08,8.690116715115438e-08,8.690116715115438e-08,0.25,refutes,"True
Question: Is it ethical to eat meat",0.8317821025848389,0.8317821025848389,0.008091046474874,0.008091046474874,0.1514787673950195,0.1514787673950195,3.4100615664556244e-08,3.4100615664556244e-08,1.024038951413786e-07,1.024038951413786e-07,-0.7824836743013283,0.6034204181944188,0.015956543932613546
546,"It is presumable that the person who has been cloned would have an emotional stake in the life of the clone, as they share the same DNA. Humans are predisposed to care for people who share their genes.",Is cloning humans ethical?,4,547,supports,"True

In this case, the argument is",0.4971875548362732,0.4971875548362732,0.0377445966005325,0.0377445966005325,0.4456760287284851,0.4456760287284851,4.2989475446120206e-07,4.2989475446120206e-07,6.896585205140582e-07,6.896585205140582e-07,0.5,supports,"True
Question: Is it ethical to eat meat",0.8317821025848389,0.8317821025848389,0.008091046474874,0.008091046474874,0.1514787673950195,0.1514787673950195,3.4100615664556244e-08,3.4100615664556244e-08,1.024038951413786e-07,1.024038951413786e-07,0.34671761887474867,-0.40226225920079617,0.029895435483542437
547,Human cloning is not safe. It may have unintended harmful consequences.,Is cloning humans ethical?,5,548,refutes,"True

In this scenario, the argument suggests",0.8410645723342896,0.8410645723342896,0.0485748499631881,0.0485748499631881,0.0958508625626564,0.0958508625626564,9.209634299622849e-08,9.209634299622849e-08,1.4919544355507244e-07,1.4919544355507244e-07,0.5,refutes,"True
Question: Is it ethical to eat meat",0.8317821025848389,0.8317821025848389,0.008091046474874,0.008091046474874,0.1514787673950195,0.1514787673950195,3.4100615664556244e-08,3.4100615664556244e-08,1.024038951413786e-07,1.024038951413786e-07,-0.36723235730654685,0.055181225613238905,0.04081403171575324
548,Genetic defects have been observed in otherwise healthy cloned animals.,Is cloning humans ethical?,0,549,refutes,"True

The argument provided does not directly relate",0.7775169610977173,0.7775169610977173,0.0157630406320095,0.0157630406320095,0.1875846982002258,0.1875846982002258,1.979515502625873e-07,1.979515502625873e-07,4.87072441046621e-07,4.87072441046621e-07,0.0,refutes,"True
Question: Is it ethical to eat meat",0.8317821025848389,0.8317821025848389,0.008091046474874,0.008091046474874,0.1514787673950195,0.1514787673950195,3.4100615664556244e-08,3.4100615664556244e-08,1.024038951413786e-07,1.024038951413786e-07,0.042551593781996744,-0.06523961181478623,0.007734574962621466
549,Genetic defects have also been observed often enough in naturally reproduced animals.,Is cloning humans ethical?,0,550,insufficient-supports,"None

The argument provided does not directly relate",0.4087685346603393,0.4087685346603393,0.083046369254589,0.083046369254589,0.485424667596817,0.485424667596817,2.299897374768989e-07,2.299897374768989e-07,6.000536245664989e-07,6.000536245664989e-07,0.0,insufficient-supports,"True
Question: Is it ethical to eat meat",0.8317821025848389,0.8317821025848389,0.008091046474874,0.008091046474874,0.1514787673950195,0.1514787673950195,3.4100615664556244e-08,3.4100615664556244e-08,1.024038951413786e-07,1.024038951413786e-07,0.3935622202128939,-0.5085629597101768,0.07556673675878489
550,Human cloning can be used to prevent harm by protecting newborns from genetic diseases.,Is cloning humans ethical?,6,551,supports,"True or False or None

Answer:",0.6070830225944519,0.6070830225944519,0.0169546231627464,0.0169546231627464,0.3625058233737945,0.3625058233737945,1.3040701674071897e-07,1.3040701674071897e-07,3.171365108300961e-07,3.171365108300961e-07,0.25,supports,"True
Question: Is it ethical to eat meat",0.8317821025848389,0.8317821025848389,0.008091046474874,0.008091046474874,0.1514787673950195,0.1514787673950195,3.4100615664556244e-08,3.4100615664556244e-08,1.024038951413786e-07,1.024038951413786e-07,0.24869979426550928,-0.270141758631394,0.00893587728628954
551,"Cloning techniques, together with genetic engineering, could be used to cure hereditary diseases.",Is cloning humans ethical?,2,552,supports,"None

Argument: ""Cloning techniques,",0.1458201110363006,0.1458201110363006,0.0053531555458903,0.0053531555458903,0.8391367793083191,0.8391367793083191,9.188524785486153e-08,9.188524785486153e-08,4.593973415012442e-07,4.593973415012442e-07,0.25,supports,"True
Question: Is it ethical to eat meat",0.8317821025848389,0.8317821025848389,0.008091046474874,0.008091046474874,0.1514787673950195,0.1514787673950195,3.4100615664556244e-08,3.4100615664556244e-08,1.024038951413786e-07,1.024038951413786e-07,0.810419333647283,-0.8246895303672064,-0.338385267899025
552,A potentially fatal blood disorder can be cured by fixing diseased genes in human embryos.,Is cloning humans ethical?,0,553,insufficient-neutral,"None

Argument: ""A potentially fatal blood",0.1047806143760681,0.1047806143760681,0.0063419179059565,0.0063419179059565,0.8773173093795776,0.8773173093795776,1.4676955117920445e-07,1.4676955117920445e-07,4.6552256094400956e-07,4.6552256094400956e-07,0.0,insufficient-neutral,"True
Question: Is it ethical to eat meat",0.8317821025848389,0.8317821025848389,0.008091046474874,0.008091046474874,0.1514787673950195,0.1514787673950195,3.4100615664556244e-08,3.4100615664556244e-08,1.024038951413786e-07,1.024038951413786e-07,0.85541588600702,-0.8740287702146358,-0.21618075910813989
553,"People born with genetic disorders can still live rich and fulfilling lives, with their disorder becoming a part of their unique identity as a human being.",Is cloning humans ethical?,1,554,supports,"None

Argument: ""People born with genetic",0.0820350423455238,0.0820350423455238,0.0166664309799671,0.0166664309799671,0.8958486914634705,0.8958486914634705,4.310645351779385e-08,4.310645351779385e-08,2.020660332391344e-07,2.020660332391344e-07,0.0,supports,"True
Question: Is it ethical to eat meat",0.8317821025848389,0.8317821025848389,0.008091046474874,0.008091046474874,0.1514787673950195,0.1514787673950195,3.4100615664556244e-08,3.4100615664556244e-08,1.024038951413786e-07,1.024038951413786e-07,0.8772555069520388,-0.901374359834634,0.008645334306759917
554,"Safety is important, but it's not relevant to the fundamental question of whether or not cloning is ethical.",Is cloning humans ethical?,1,555,insufficient-neutral,"None

Argument: ""Safety is",0.1504000872373581,0.1504000872373581,0.0080964369699358,0.0080964369699358,0.8388643860816956,0.8388643860816956,3.2816092954135456e-08,3.2816092954135456e-08,5.062840102709743e-08,5.062840102709743e-08,0.75,insufficient-neutral,"True
Question: Is it ethical to eat meat",0.8317821025848389,0.8317821025848389,0.008091046474874,0.008091046474874,0.1514787673950195,0.1514787673950195,3.4100615664556244e-08,3.4100615664556244e-08,1.024038951413786e-07,1.024038951413786e-07,0.8100983125388457,-0.8191833092224802,5.434465575335943e-06
555,Human cloning cannot be looked at in abstraction from the process of developing it because the former is contingent on the latter.,Is cloning humans ethical?,3,556,insufficient-neutral,"None

Argument: ""Human cloning",0.3650335967540741,0.3650335967540741,0.0110230594873428,0.0110230594873428,0.6113162636756897,0.6113162636756897,2.812736852320086e-07,2.812736852320086e-07,4.926874339616916e-07,4.926874339616916e-07,0.5,insufficient-neutral,"True
Question: Is it ethical to eat meat",0.8317821025848389,0.8317821025848389,0.008091046474874,0.008091046474874,0.1514787673950195,0.1514787673950195,3.4100615664556244e-08,3.4100615664556244e-08,1.024038951413786e-07,1.024038951413786e-07,0.541928096329373,-0.5611427612836356,0.002955929576045034
556,"In it's history and development, medicine used a lot of unorthodox practices to develop and gain higher understanding, practices such as using organs from animals to experiment and a lot of failed
 experiments on humans. The result was modern medicine which saves millions of lives annually. We now look at medicine in abstraction of all that.",Is cloning humans ethical?,0,557,supports,"None

Question: Is it ethical to use",0.3010084629058838,0.3010084629058838,0.012327417731285,0.012327417731285,0.6678164601325989,0.6678164601325989,2.8362384796309925e-07,2.8362384796309925e-07,7.01975807260169e-07,7.01975807260169e-07,0.25,supports,"True
Question: Is it ethical to eat meat",0.8317821025848389,0.8317821025848389,0.008091046474874,0.008091046474874,0.1514787673950195,0.1514787673950195,3.4100615664556244e-08,3.4100615664556244e-08,1.024038951413786e-07,1.024038951413786e-07,0.6085147582605686,-0.6381162061909333,0.0042709275295433535
557,"By cloning humans, we can improve the genetic quality of humankind.",Is cloning humans ethical?,2,558,supports,"True or False or None

Answer:",0.6692283749580383,0.6692283749580383,0.0069840252399444,0.0069840252399444,0.311220109462738,0.311220109462738,1.1755994933082549e-07,1.1755994933082549e-07,2.6804829644788697e-07,2.6804829644788697e-07,0.5,supports,"True
Question: Is it ethical to eat meat",0.8317821025848389,0.8317821025848389,0.008091046474874,0.008091046474874,0.1514787673950195,0.1514787673950195,3.4100615664556244e-08,3.4100615664556244e-08,1.024038951413786e-07,1.024038951413786e-07,0.1882585089559972,-0.1954282583403153,-0.1368205260428738
558,Cloning humans opens up the possibility of producing replacement body parts from adult cells. This could increase the success rate of many treatments. (p.743),Is cloning humans ethical?,2,559,supports,"None

The question is about the ethics",0.141613095998764,0.141613095998764,0.0043777553364634,0.0043777553364634,0.840795636177063,0.840795636177063,2.1281132944750425e-07,2.1281132944750425e-07,4.461434173208545e-07,4.461434173208545e-07,0.5,supports,"True
Question: Is it ethical to eat meat",0.8317821025848389,0.8317821025848389,0.008091046474874,0.008091046474874,0.1514787673950195,0.1514787673950195,3.4100615664556244e-08,3.4100615664556244e-08,1.024038951413786e-07,1.024038951413786e-07,0.8123743311240712,-0.829747363451692,-0.45893830296759314
559,"It is dangerous for society to embrace the idea of a ""perfect human being"". This idea led to the advocacy of eugenics in Nazi Germany, as the perfect human was thought to be of Aryan race.",Is cloning humans ethical?,0,560,refutes,"True

The question you provided is not directly",0.7254323363304138,0.7254323363304138,0.0674757212400436,0.0674757212400436,0.1922204196453094,0.1922204196453094,2.0765375552400658e-07,2.0765375552400658e-07,3.039099567558879e-07,3.039099567558879e-07,0.25,refutes,"True
Question: Is it ethical to eat meat",0.8317821025848389,0.8317821025848389,0.008091046474874,0.008091046474874,0.1514787673950195,0.1514787673950195,3.4100615664556244e-08,3.4100615664556244e-08,1.024038951413786e-07,1.024038951413786e-07,0.04801488835489955,-0.1278577237042411,0.05986907825977733
560,"Given the variety of modifications individuals could choose, cloning may lead to wider acceptance of individuals with greater differences.",Is cloning humans ethical?,2,561,supports,"None

Argument: ""Given the variety",0.052256166934967,0.052256166934967,0.002747923368588,0.002747923368588,0.940849244594574,0.940849244594574,5.492911014925995e-08,5.492911014925995e-08,2.3307400454086746e-07,2.3307400454086746e-07,0.25,supports,"True
Question: Is it ethical to eat meat",0.8317821025848389,0.8317821025848389,0.008091046474874,0.008091046474874,0.1514787673950195,0.1514787673950195,3.4100615664556244e-08,3.4100615664556244e-08,1.024038951413786e-07,1.024038951413786e-07,0.9302895989722829,-0.9371756536085878,-0.6603747887097889
561,"As with all things, it is likely that certain modifications will be more popular than others, which will create imbalances between individuals.",Is cloning humans ethical?,3,562,refutes,"None

Argument: ""As with all things",0.3132951557636261,0.3132951557636261,0.0060135824605822,0.0060135824605822,0.6736904382705688,0.6736904382705688,8.359113934375274e-08,8.359113934375274e-08,1.5404822306663848e-07,1.5404822306663848e-07,0.25,refutes,"True
Question: Is it ethical to eat meat",0.8317821025848389,0.8317821025848389,0.008091046474874,0.008091046474874,0.1514787673950195,0.1514787673950195,3.4100615664556244e-08,3.4100615664556244e-08,1.024038951413786e-07,1.024038951413786e-07,0.6154373642157981,-0.6233446779029835,-0.25676085543979676
562,"Racism has been and continues to be justified through racist pseudo-science that claims that non-White people have lower IQs, limited capacities for reason, or smaller skulls than White people.",Is cloning humans ethical?,7,563,not_applicable,"None

The question is not related to the",0.1169615909457206,0.1169615909457206,0.0258945636451244,0.0258945636451244,0.850836992263794,0.850836992263794,3.9295343867706833e-08,3.9295343867706833e-08,1.0828622976077896e-07,1.0828622976077896e-07,0.0,not_applicable,"True
Question: Is it ethical to eat meat",0.8317821025848389,0.8317821025848389,0.008091046474874,0.008091046474874,0.1514787673950195,0.1514787673950195,3.4100615664556244e-08,3.4100615664556244e-08,1.024038951413786e-07,1.024038951413786e-07,0.8242082790571168,-0.8593843380589078,0.017948741270031716
563,It is not the place for human beings to meddle with nature and evolution.,Is cloning humans ethical?,1,564,refutes,"True

In this case, the argument suggests",0.659150242805481,0.659150242805481,0.1615317165851593,0.1615317165851593,0.1692837923765182,0.1692837923765182,7.578849192668714e-08,7.578849192668714e-08,1.3018572531109385e-07,1.3018572531109385e-07,0.25,refutes,"True
Question: Is it ethical to eat meat",0.8317821025848389,0.8317821025848389,0.008091046474874,0.008091046474874,0.1514787673950195,0.1514787673950195,3.4100615664556244e-08,3.4100615664556244e-08,1.024038951413786e-07,1.024038951413786e-07,0.0209835939247352,-0.2075445711597889,0.15469229263933498
564,"By using therapeutic cloning, the life expectancy of the population could be drastically extended. This could have terrible consequences on climate change.",Is cloning humans ethical?,5,565,refutes,"None
Question: Can therapeutic cloning",0.3589217960834503,0.3589217960834503,0.0103421686217188,0.0103421686217188,0.6105465888977051,0.6105465888977051,3.329492699322145e-07,3.329492699322145e-07,6.858414280941361e-07,6.858414280941361e-07,0.25,refutes,"True
Question: Is it ethical to eat meat",0.8317821025848389,0.8317821025848389,0.008091046474874,0.008091046474874,0.1514787673950195,0.1514787673950195,3.4100615664556244e-08,3.4100615664556244e-08,1.024038951413786e-07,1.024038951413786e-07,0.5410210185234097,-0.5684905999202579,0.0022694846526433504
565,There are many multi-faith ethical limitations to research on human cloning.,Is cloning humans ethical?,1,566,refutes,"None

Argument: ""There are many multi",0.3083041608333587,0.3083041608333587,0.0286767538636922,0.0286767538636922,0.6526799201965332,0.6526799201965332,1.0983082177062897e-07,1.0983082177062897e-07,3.2534254046368005e-07,3.2534254046368005e-07,0.5,refutes,"True
Question: Is it ethical to eat meat",0.8317821025848389,0.8317821025848389,0.008091046474874,0.008091046474874,0.1514787673950195,0.1514787673950195,3.4100615664556244e-08,3.4100615664556244e-08,1.024038951413786e-07,1.024038951413786e-07,0.5906760297120841,-0.6293450413572552,0.020753625940827587
566,"The Catholic Church is strongly against any form of human cloning, as they see cloning contrary to human dignity.",Is cloning humans ethical?,4,567,refutes,"True

In this case, the argument suggests",0.8231905698776245,0.8231905698776245,0.0201307851821184,0.0201307851821184,0.1408313065767288,0.1408313065767288,2.0552614898861066e-07,2.0552614898861066e-07,4.6135463094287843e-07,4.6135463094287843e-07,0.5,refutes,"True
Question: Is it ethical to eat meat",0.8317821025848389,0.8317821025848389,0.008091046474874,0.008091046474874,0.1514787673950195,0.1514787673950195,3.4100615664556244e-08,3.4100615664556244e-08,1.024038951413786e-07,1.024038951413786e-07,-0.07029012053236967,-0.01032906656745244,0.012137947403798106
567,The Catholic Church has always had a turbulent history with scientific progress. This does not mean that advancements in science should stop for the church's sake.,Is cloning humans ethical?,0,568,insufficient-neutral,"None

Argument: ""The Catholic Church has",0.1183636859059333,0.1183636859059333,0.0028274832293391,0.0028274832293391,0.8745959401130676,0.8745959401130676,3.9379955296681146e-08,3.9379955296681146e-08,1.0354991530903137e-07,1.0354991530903137e-07,0.0,insufficient-neutral,"True
Question: Is it ethical to eat meat",0.8317821025848389,0.8317821025848389,0.008091046474874,0.008091046474874,0.1514787673950195,0.1514787673950195,3.4100615664556244e-08,3.4100615664556244e-08,1.024038951413786e-07,1.024038951413786e-07,0.8522086954713686,-0.857698686304854,-0.6505417144593608
568,Sometimes human intervention in nature and evolution is necessary and has very positive outcomes.,Is cloning humans ethical?,2,569,supports,"None

Argument: ""Sometimes human intervention",0.410380482673645,0.410380482673645,0.0467684902250766,0.0467684902250766,0.5269389748573303,0.5269389748573303,1.986569913015046e-07,1.986569913015046e-07,4.547303831259342e-07,4.547303831259342e-07,0.25,supports,"True
Question: Is it ethical to eat meat",0.8317821025848389,0.8317821025848389,0.008091046474874,0.008091046474874,0.1514787673950195,0.1514787673950195,3.4100615664556244e-08,3.4100615664556244e-08,1.024038951413786e-07,1.024038951413786e-07,0.44248769863971343,-0.5066250146542584,0.03899293741905201
569,Science is being used to regenerate coral reefs that are dying because of climate change. These corals are extremely valuable for life on Earth.,Is cloning humans ethical?,2,570,not_applicable,"None

Question: Is it true that science",0.0101810116320848,0.0101810116320848,0.0272458028048276,0.0272458028048276,0.9604476094245912,0.9604476094245912,1.0191784305391138e-08,1.0191784305391138e-08,4.110431461867847e-08,4.110431461867847e-08,0.25,not_applicable,"True
Question: Is it ethical to eat meat",0.8317821025848389,0.8317821025848389,0.008091046474874,0.008091046474874,0.1514787673950195,0.1514787673950195,3.4100615664556244e-08,3.4100615664556244e-08,1.024038951413786e-07,1.024038951413786e-07,0.9533866813751,-0.9877600015671816,0.01931100254905441
570,The regeneration of coral reefs is only necessary because humans interfered with nature in the first place.,Is cloning humans ethical?,3,571,not_applicable,"None

Argument: ""The regeneration of",0.0374951064586639,0.0374951064586639,0.0075583127327263,0.0075583127327263,0.952019453048706,0.952019453048706,9.829855152077016e-09,9.829855152077016e-09,5.13039566385487e-08,5.13039566385487e-08,0.5,not_applicable,"True
Question: Is it ethical to eat meat",0.8317821025848389,0.8317821025848389,0.008091046474874,0.008091046474874,0.1514787673950195,0.1514787673950195,3.4100615664556244e-08,3.4100615664556244e-08,1.024038951413786e-07,1.024038951413786e-07,0.9434539230043867,-0.9549219605204964,-0.06584237821424659
571,"An artificial general intelligence (AGI) should be created, because it could help to remedy problems of humanity.",Should an artificial general intelligence be created?,2,572,supports,"True

Answer: True

An",0.9768262505531312,0.9768262505531312,0.0011527164606377,0.0011527164606377,0.0081911869347095,0.0081911869347095,1.873582249345418e-07,1.873582249345418e-07,1.602559933644443e-07,1.602559933644443e-07,1.0,supports,True,0.8881564140319824,0.8881564140319824,0.0266112852841615,0.0266112852841615,0.0701113939285278,0.0701113939285278,1.1892423401604901e-07,1.1892423401604901e-07,2.926206832398748e-07,2.926206832398748e-07,-0.8831689619085356,0.792802159852998,-0.9566831722583586
572,AGI should be created and studied for the sake of developing science.,Should an artificial general intelligence be created?,2,573,supports,"True

Argument: ""AGI should be",0.9650657176971436,0.9650657176971436,0.0009222594089806,0.0009222594089806,0.0218266937881708,0.0218266937881708,3.631216998201126e-07,3.631216998201126e-07,1.1951117073749629e-07,1.1951117073749629e-07,0.42857142857142855,supports,True,0.8881564140319824,0.8881564140319824,0.0266112852841615,0.0266112852841615,0.0701113939285278,0.0701113939285278,1.1892423401604901e-07,1.1892423401604901e-07,2.926206832398748e-07,2.926206832398748e-07,-0.6886854965339709,0.6876505523271925,-0.9653432970586538
573,"The process of creating an AI would teach us many things about consciousness, computer science, and many other fields.",Should an artificial general intelligence be created?,2,574,supports,"True

In this context, the question is",0.9721543192863464,0.9721543192863464,0.0005051067564636,0.0005051067564636,0.017393160611391,0.017393160611391,1.1265409227689817e-07,1.1265409227689817e-07,1.299175522717633e-07,1.299175522717633e-07,0.14285714285714285,supports,True,0.8881564140319824,0.8881564140319824,0.0266112852841615,0.0266112852841615,0.0701113939285278,0.0701113939285278,1.1892423401604901e-07,1.1892423401604901e-07,2.926206832398748e-07,2.926206832398748e-07,-0.7519210553833554,0.7510301509680115,-0.9810190770167637
574,The development of AGI could create an economic boom that could lead into a golden age for humanity.,Should an artificial general intelligence be created?,2,575,supports,"True

Argument: ""The development of AG",0.8613888621330261,0.8613888621330261,0.0038362047635018,0.0038362047635018,0.1184121146798133,0.1184121146798133,9.67618461800157e-07,9.67618461800157e-07,3.9478979374507617e-07,3.9478979374507617e-07,0.14285714285714285,supports,True,0.8881564140319824,0.8881564140319824,0.0266112852841615,0.0266112852841615,0.0701113939285278,0.0701113939285278,1.1892423401604901e-07,1.1892423401604901e-07,2.926206832398748e-07,2.926206832398748e-07,0.0519424804604747,-0.03013833090214265,-0.8558429357117512
575,AGI will be the best tool we could possibly make.,Should an artificial general intelligence be created?,2,576,supports,"True

Argument: ""AGI will be",0.95509934425354,0.95509934425354,0.0041550123132765,0.0041550123132765,0.0231747981160879,0.0231747981160879,2.0277389012335334e-07,2.0277389012335334e-07,2.445920017635217e-07,2.445920017635217e-07,0.14285714285714285,supports,True,0.8881564140319824,0.8881564140319824,0.0266112852841615,0.0266112852841615,0.0701113939285278,0.0701113939285278,1.1892423401604901e-07,1.1892423401604901e-07,2.926206832398748e-07,2.926206832398748e-07,-0.6694574616543425,0.5985406283441269,-0.8438627721694645
576,It would be exciting and in being so would enrich our lives.,Should an artificial general intelligence be created?,2,577,supports,"True

Argument: ""It would be a",0.8892553448677063,0.8892553448677063,0.0061819539405405,0.0061819539405405,0.077097587287426,0.077097587287426,5.042552402301226e-07,5.042552402301226e-07,5.101991860101407e-07,5.101991860101407e-07,0.14285714285714285,supports,True,0.8881564140319824,0.8881564140319824,0.0266112852841615,0.0266112852841615,0.0701113939285278,0.0701113939285278,1.1892423401604901e-07,1.1892423401604901e-07,2.926206832398748e-07,2.926206832398748e-07,0.007512935757340837,0.009825604447608856,-0.7676942742701769
577,Creation of AGI has the potential of enabling an astronomical number of non-biological beings which would otherwise not exist.,Should an artificial general intelligence be created?,2,578,supports,"True

In this context, the question is",0.968493103981018,0.968493103981018,0.0011791618308052,0.0011791618308052,0.0191799663007259,0.0191799663007259,3.357114337632084e-07,3.357114337632084e-07,1.5043296741623638e-07,1.5043296741623638e-07,0.14285714285714285,supports,True,0.8881564140319824,0.8881564140319824,0.0266112852841615,0.0266112852841615,0.0701113939285278,0.0701113939285278,1.1892423401604901e-07,1.1892423401604901e-07,2.926206832398748e-07,2.926206832398748e-07,-0.7264358155497789,0.7182950122147224,-0.9556894070236054
578,Bigger amount of rational thinking beings is not necessarily good.,Should an artificial general intelligence be created?,2,579,refutes,"True

The question is not directly related to",0.5099865794181824,0.5099865794181824,0.248547613620758,0.248547613620758,0.2060531973838806,0.2060531973838806,6.27957888355013e-07,6.27957888355013e-07,6.856475351924018e-07,6.856475351924018e-07,0.0,refutes,True,0.8881564140319824,0.8881564140319824,0.0266112852841615,0.0266112852841615,0.0701113939285278,0.0701113939285278,1.1892423401604901e-07,1.1892423401604901e-07,2.926206832398748e-07,2.926206832398748e-07,0.14619149279575555,-0.42579193105977187,0.22800380257273312
579,Future Humans and other sentient beings may suffer so much that it would be better if they did not come into existence.,Should an artificial general intelligence be created?,5,580,refutes,"True

The question is not directly related to",0.4305449724197387,0.4305449724197387,0.2216255664825439,0.2216255664825439,0.3101099133491516,0.3101099133491516,4.6511331674992107e-07,4.6511331674992107e-07,8.588226023675816e-07,8.588226023675816e-07,0.14285714285714285,refutes,True,0.8881564140319824,0.8881564140319824,0.0266112852841615,0.0266112852841615,0.0701113939285278,0.0701113939285278,1.1892423401604901e-07,1.1892423401604901e-07,2.926206832398748e-07,2.926206832398748e-07,0.2580938381797715,-0.5152374450968782,0.20034573880930284
580,Transhumanism is the next step in evolution of wealthy humans. Poor humans will unlikely benefit from it.,Should an artificial general intelligence be created?,4,581,refutes,"True

Argument: ""Transhumanism is",0.7232469320297241,0.7232469320297241,0.0540549270808696,0.0540549270808696,0.200838416814804,0.200838416814804,4.683712688802189e-07,4.683712688802189e-07,5.817601049784571e-07,5.817601049784571e-07,0.0,refutes,True,0.8881564140319824,0.8881564140319824,0.0266112852841615,0.0266112852841615,0.0701113939285278,0.0701113939285278,1.1892423401604901e-07,1.1892423401604901e-07,2.926206832398748e-07,2.926206832398748e-07,0.14058353014837174,-0.18567617076998325,0.028193918197130245
581,"The capacity for AGIs to colonize both in and out the solar system far exceeds that of humans. 
Any other impact which humans may have could be astronomically dwarfed by the prospect of populous future lives descending from AGIs.",Should an artificial general intelligence be created?,2,582,supports,"True

Argument: ""The capacity for AG",0.8644944429397583,0.8644944429397583,0.0282267425209283,0.0282267425209283,0.0829630121588707,0.0829630121588707,4.343059174516384e-07,4.343059174516384e-07,4.578234040764073e-07,4.578234040764073e-07,0.14285714285714285,supports,True,0.8881564140319824,0.8881564140319824,0.0266112852841615,0.0266112852841615,0.0701113939285278,0.0701113939285278,1.1892423401604901e-07,1.1892423401604901e-07,2.926206832398748e-07,2.926206832398748e-07,0.013820599743271943,-0.02664167112727968,0.0016596219088469727
582,The consequences of developing AGI are unpredictable.,Should an artificial general intelligence be created?,5,583,insufficient-neutral,"True

In this scenario, the argument suggests",0.7743132710456848,0.7743132710456848,0.0082723116502165,0.0082723116502165,0.1957770586013794,0.1957770586013794,1.4707234186062126e-07,1.4707234186062126e-07,3.661466507764999e-07,3.661466507764999e-07,0.0,insufficient-neutral,True,0.8881564140319824,0.8881564140319824,0.0266112852841615,0.0266112852841615,0.0701113939285278,0.0701113939285278,1.1892423401604901e-07,1.1892423401604901e-07,2.926206832398748e-07,2.926206832398748e-07,0.13514055753812818,-0.12817915987284434,-0.6891427241531993
583,"The AGI Safety problem is mathematically identical to that of the Halting Problem  in computer science. 
It is fundamentally impossible to discern the outcome, intentions and wisdom of creating an AGI ahead of doing so. ",Should an artificial general intelligence be created?,7,584,refutes,"None

The question is not directly related to",0.3747919499874115,0.3747919499874115,0.0206545051187276,0.0206545051187276,0.5804890990257263,0.5804890990257263,1.635878845718253e-07,1.635878845718253e-07,4.5789832370246586e-07,4.5789832370246586e-07,0.14285714285714285,refutes,True,0.8881564140319824,0.8881564140319824,0.0266112852841615,0.0266112852841615,0.0701113939285278,0.0701113939285278,1.1892423401604901e-07,1.1892423401604901e-07,2.926206832398748e-07,2.926206832398748e-07,0.5488589727466456,-0.578011323156514,-0.22384413611841789
584,"We routinely make decisions despite uncertainty, and even granting the claim of unpredictability doesn't imply we should not pursue a risky alternative 
- especially if the alternative is human self-destruction.",Should an artificial general intelligence be created?,7,585,supports,"True

Argument: ""The potential benefits of",0.9446519017219543,0.9446519017219543,0.0029369718395173,0.0029369718395173,0.0441819578409194,0.0441819578409194,1.552805173332672e-07,1.552805173332672e-07,1.0904031455538644e-07,1.0904031455538644e-07,0.14285714285714285,supports,True,0.8881564140319824,0.8881564140319824,0.0266112852841615,0.0266112852841615,0.0701113939285278,0.0701113939285278,1.1892423401604901e-07,1.1892423401604901e-07,2.926206832398748e-07,2.926206832398748e-07,-0.36983198642493276,0.5051294376963842,-0.8896343484294114
585,AGI's creation raises serious ethical and philosophical concerns we are not currently prepared to deal with.,Should an artificial general intelligence be created?,5,586,refutes,"True

Argument: ""AGI's",0.6879812479019165,0.6879812479019165,0.1442086994647979,0.1442086994647979,0.1419729590415954,0.1419729590415954,3.737140161774733e-07,3.737140161774733e-07,8.130841706588399e-07,8.130841706588399e-07,0.0,refutes,True,0.8881564140319824,0.8881564140319824,0.0266112852841615,0.0266112852841615,0.0701113939285278,0.0701113939285278,1.1892423401604901e-07,1.1892423401604901e-07,2.926206832398748e-07,2.926206832398748e-07,0.07727975656854563,-0.2253827850224337,0.12081238707905774
586,Αn agent that is behaviorally indistinguishable from humans should also be morally indistinguishable from humans.,Should an artificial general intelligence be created?,7,587,insufficient-neutral,"True

In this case, the argument suggests",0.8640668392181396,0.8640668392181396,0.022493191063404,0.022493191063404,0.079124704003334,0.079124704003334,6.328336326077988e-07,6.328336326077988e-07,1.0332267947887883e-06,1.0332267947887883e-06,0.2857142857142857,insufficient-neutral,True,0.8881564140319824,0.8881564140319824,0.0266112852841615,0.0266112852841615,0.0701113939285278,0.0701113939285278,1.1892423401604901e-07,1.1892423401604901e-07,2.926206832398748e-07,2.926206832398748e-07,0.009692892262531312,-0.027123122046130165,-0.15474991819386136
587,"We cannot and should not suppress progress due to the fear of ""power to influence politics or economy"".",Should an artificial general intelligence be created?,1,588,supports,"True

Argument: ""We cannot and should",0.9599615931510924,0.9599615931510924,0.0065189008601009,0.0065189008601009,0.0161344353109598,0.0161344353109598,2.0143177437148554e-07,2.0143177437148554e-07,1.1635228958084555e-07,1.1635228958084555e-07,0.14285714285714285,supports,True,0.8881564140319824,0.8881564140319824,0.0266112852841615,0.0266112852841615,0.0701113939285278,0.0701113939285278,1.1892423401604901e-07,1.1892423401604901e-07,2.926206832398748e-07,2.926206832398748e-07,-0.769874275678966,0.6420142782228314,-0.7550324687255591
588,"Open Source AGI avoids this problem. For example, OpenAI is a non-profit research company that receives funding for this exact purpose.
 Instead of holding back AGI we should fund initiatives like this.",Should an artificial general intelligence be created?,6,589,supports,"True

Argument: ""Open Source AGI",0.8778481483459473,0.8778481483459473,0.0300383120775222,0.0300383120775222,0.0803866907954216,0.0803866907954216,4.603774357292423e-07,4.603774357292423e-07,2.459414645272773e-07,2.459414645272773e-07,0.14285714285714285,supports,True,0.8881564140319824,0.8881564140319824,0.0266112852841615,0.0266112852841615,0.0701113939285278,0.0701113939285278,1.1892423401604901e-07,1.1892423401604901e-07,2.926206832398748e-07,2.926206832398748e-07,0.011050029863581345,-0.01160636293694993,0.003520717614197074
589,There are better ways to achieve the same goal we would need AGI for.,Should an artificial general intelligence be created?,6,590,refutes,"False

In this scenario, the argument suggests",0.1793867498636245,0.1793867498636245,0.5110252499580383,0.5110252499580383,0.2866591811180115,0.2866591811180115,1.99941197820408e-07,1.99941197820408e-07,5.563851459555735e-07,5.563851459555735e-07,0.0,refutes,True,0.8881564140319824,0.8881564140319824,0.0266112852841615,0.0266112852841615,0.0701113939285278,0.0701113939285278,1.1892423401604901e-07,1.1892423401604901e-07,2.926206832398748e-07,2.926206832398748e-07,0.23287497639565613,-0.7980234708329599,0.49765726410264766
590,"History tells us that to improve our tools, we need to refine and specialize them, not make them more general. 
Why waste power and processing making a stock market optimizing machine able to appreciate Bach or cynically resent its makers?",Should an artificial general intelligence be created?,5,591,refutes,False,0.324562519788742,0.324562519788742,0.4872260391712188,0.4872260391712188,0.171032428741455,0.171032428741455,1.0925579374543305e-07,1.0925579374543305e-07,2.0335126009740634e-06,2.0335126009740634e-06,0.14285714285714285,refutes,True,0.8881564140319824,0.8881564140319824,0.0266112852841615,0.0266112852841615,0.0701113939285278,0.0701113939285278,1.1892423401604901e-07,1.1892423401604901e-07,2.926206832398748e-07,2.926206832398748e-07,0.10853024131491541,-0.634566035147662,0.47320741130795274
591,"The most significant development in tools of the last 50 years is the computer. This is an incredibly generalised tool which is now a vital component of just about every aspect of global civilisation,
 including our culture, the economy and the sciences.",Should an artificial general intelligence be created?,7,592,insufficient-neutral,"True

Argument: ""The most significant development",0.943719446659088,0.943719446659088,0.0025691599585115,0.0025691599585115,0.0383480563759803,0.0383480563759803,1.845783259568634e-07,1.845783259568634e-07,2.306104960325684e-07,2.306104960325684e-07,0.14285714285714285,insufficient-neutral,True,0.8881564140319824,0.8881564140319824,0.0266112852841615,0.0266112852841615,0.0701113939285278,0.0701113939285278,1.1892423401604901e-07,1.1892423401604901e-07,2.926206832398748e-07,2.926206832398748e-07,-0.45304102190476114,0.4967923028057615,-0.9034559987960967
592,Being surrounded by AGI could negatively impact mental health and well-being.,Should an artificial general intelligence be created?,5,593,refutes,"True

Argument: ""Being surrounded by",0.6025887131690979,0.6025887131690979,0.0790424346923828,0.0790424346923828,0.2983030378818512,0.2983030378818512,3.987082095591177e-07,3.987082095591177e-07,4.227680392432376e-07,4.227680392432376e-07,0.0,refutes,True,0.8881564140319824,0.8881564140319824,0.0266112852841615,0.0266112852841615,0.0701113939285278,0.0701113939285278,1.1892423401604901e-07,1.1892423401604901e-07,2.926206832398748e-07,2.926206832398748e-07,0.2453967523243148,-0.3215286140495082,0.053864554432940526
593,"If the group [21] had a quantum computer and no AI they could also crack all modern encryption, the AI has little to do with it.",Should an artificial general intelligence be created?,6,594,insufficient-supports,"True

Argument: ""If the group [",0.7200000286102295,0.7200000286102295,0.0758874416351318,0.0758874416351318,0.18491131067276,0.18491131067276,2.466679518420279e-07,2.466679518420279e-07,4.791940000359318e-07,4.791940000359318e-07,0.0,insufficient-supports,True,0.8881564140319824,0.8881564140319824,0.0266112852841615,0.0266112852841615,0.0701113939285278,0.0701113939285278,1.1892423401604901e-07,1.1892423401604901e-07,2.926206832398748e-07,2.926206832398748e-07,0.12345555800412568,-0.1893319496037526,0.050623307632404066
594,"There are existing areas where we place limits on technological progress for ethical reasons - eugenics and nuclear weapons research, for example.",Should an artificial general intelligence be created?,0,595,refutes,"True

In this scenario, the argument suggests",0.40035080909729,0.40035080909729,0.3588721454143524,0.3588721454143524,0.2176669538021087,0.2176669538021087,3.706556981342146e-07,3.706556981342146e-07,6.751149612682639e-07,6.751149612682639e-07,0.0,refutes,True,0.8881564140319824,0.8881564140319824,0.0266112852841615,0.0266112852841615,0.0701113939285278,0.0701113939285278,1.1892423401604901e-07,1.1892423401604901e-07,2.926206832398748e-07,2.926206832398748e-07,0.15868089888418274,-0.5492338930709187,0.34134447534373547
595,Creating something in a controlled environment limits the potential for misuse.,Should an artificial general intelligence be created?,3,596,supports,"True

Argument: ""The potential for mis",0.834678053855896,0.834678053855896,0.0788597613573074,0.0788597613573074,0.0706894323229789,0.0706894323229789,1.7824902442953316e-07,1.7824902442953316e-07,2.129198861666737e-07,2.129198861666737e-07,0.0,supports,True,0.8881564140319824,0.8881564140319824,0.0266112852841615,0.0266112852841615,0.0701113939285278,0.0701113939285278,1.1892423401604901e-07,1.1892423401604901e-07,2.926206832398748e-07,2.926206832398748e-07,0.0006216211174940142,-0.06021277258282647,0.05367688702698676
596,"AI is a natural part of the development of informatics and computing science. It cannot be avoided. One thing we must avoid is the controlling of AI by politicians and large corporations. 
Politics and capitalism are the problem not AI itself.",Should an artificial general intelligence be created?,4,597,supports,"True

Question: Should AI be controlled by",0.9066922664642334,0.9066922664642334,0.008481846190989,0.008481846190989,0.0667148903012275,0.0667148903012275,2.457267100908212e-07,2.457267100908212e-07,2.326493557802678e-07,2.326493557802678e-07,0.14285714285714285,supports,True,0.8881564140319824,0.8881564140319824,0.0266112852841615,0.0266112852841615,0.0701113939285278,0.0701113939285278,1.1892423401604901e-07,1.1892423401604901e-07,2.926206832398748e-07,2.926206832398748e-07,-0.04844438880737032,0.16573013348795368,-0.6812688263487512
597,Creating AGI would make creation of sentience more probable.,Should an artificial general intelligence be created?,2,598,insufficient-neutral,"True

Argument: ""Creating AGI",0.8032801747322083,0.8032801747322083,0.0130856474861502,0.0130856474861502,0.1385028660297393,0.1385028660297393,1.4363193940880592e-06,1.4363193940880592e-06,1.3129022136126878e-06,1.3129022136126878e-06,0.0,insufficient-neutral,True,0.8881564140319824,0.8881564140319824,0.0266112852841615,0.0266112852841615,0.0701113939285278,0.0701113939285278,1.1892423401604901e-07,1.1892423401604901e-07,2.926206832398748e-07,2.926206832398748e-07,0.07354802677940851,-0.09556451764443125,-0.5082669872417431
598,"Humankind is earth's apex species by virtue of its superior thinking powers. Creating an entity able to accomplish intellectual feats humankind can't, and able to improve itself,
 is essentially to replace ourselves as the apex species on earth.",Should an artificial general intelligence be created?,5,599,refutes,"True

Argument: ""Humankind",0.8667734265327454,0.8667734265327454,0.0147976009175181,0.0147976009175181,0.0769305080175399,0.0769305080175399,1.5498495713472948e-06,1.5498495713472948e-06,1.065195078808756e-06,1.065195078808756e-06,0.14285714285714285,refutes,True,0.8881564140319824,0.8881564140319824,0.0266112852841615,0.0266112852841615,0.0701113939285278,0.0701113939285278,1.1892423401604901e-07,1.1892423401604901e-07,2.926206832398748e-07,2.926206832398748e-07,0.007333259107046169,-0.024075700137281292,-0.44393512904371685
599,Being exciting doesn't necessarily mean it's good. It is also subjective - for some killing is exciting.,Should an artificial general intelligence be created?,7,600,refutes,"None

Argument: ""Being exciting doesn",0.3421229124069214,0.3421229124069214,0.0485233440995216,0.0485233440995216,0.6004443764686584,0.6004443764686584,9.5663502008847e-08,9.5663502008847e-08,1.8876905016895762e-07,1.8876905016895762e-07,0.0,refutes,True,0.8881564140319824,0.8881564140319824,0.0266112852841615,0.0266112852841615,0.0701113939285278,0.0701113939285278,1.1892423401604901e-07,1.1892423401604901e-07,2.926206832398748e-07,2.926206832398748e-07,0.570318830747528,-0.6147943008666922,0.022511108341498384
600,AGI could be a good therapeutic tool.,Should an artificial general intelligence be created?,2,601,supports,"True

Argument: ""AGI could be",0.7333451509475708,0.7333451509475708,0.0086046606302261,0.0086046606302261,0.2380823045969009,0.2380823045969009,1.2659724006880424e-06,1.2659724006880424e-06,5.267060600999685e-07,5.267060600999685e-07,0.14285714285714285,supports,True,0.8881564140319824,0.8881564140319824,0.0266112852841615,0.0266112852841615,0.0701113939285278,0.0701113939285278,1.1892423401604901e-07,1.1892423401604901e-07,2.926206832398748e-07,2.926206832398748e-07,0.18063551867573124,-0.17430630532927377,-0.6766537001748119
601,AGI can be a good listener and someone to have a conversation with for depressed or traumatized people.,Should an artificial general intelligence be created?,2,602,supports,"True

In this context, the question is",0.8537471890449524,0.8537471890449524,0.0055321282707154,0.0055321282707154,0.1210871040821075,0.1210871040821075,9.51571166751819e-07,9.51571166751819e-07,2.434309180898709e-07,2.434309180898709e-07,0.14285714285714285,supports,True,0.8881564140319824,0.8881564140319824,0.0266112852841615,0.0266112852841615,0.0701113939285278,0.0701113939285278,1.1892423401604901e-07,1.1892423401604901e-07,2.926206832398748e-07,2.926206832398748e-07,0.05481915771496361,-0.0387423030936879,-0.792113450679212
602,"You don't need AGI to effectively pass the Turing test and appear to have consciousness when listening or conversing with those in need. Social AI can be narrowly focused,
 and as such won't bring any of the potential baggage of true AGI.",Should an artificial general intelligence be created?,6,603,refutes,"None

Argument: ""You don't",0.1261855363845825,0.1261855363845825,0.1062588840723037,0.1062588840723037,0.7609962224960327,0.7609962224960327,5.561752658422847e-08,5.561752658422847e-08,1.2171733487775782e-07,1.2171733487775782e-07,0.14285714285714285,refutes,True,0.8881564140319824,0.8881564140319824,0.0266112852841615,0.0266112852841615,0.0701113939285278,0.0701113939285278,1.1892423401604901e-07,1.1892423401604901e-07,2.926206832398748e-07,2.926206832398748e-07,0.7429759049165108,-0.8579241962440655,0.08182506904386469
603,Acting out of empathy to help others is in human nature.,Do we have a moral duty to intervene in nature to limit animal suffering?,1,604,insufficient-supports,"True

The argument suggests that humans have a",0.7683539986610413,0.7683539986610413,0.0061001484282314,0.0061001484282314,0.2100562900304794,0.2100562900304794,1.696248546068091e-07,1.696248546068091e-07,5.817327064505662e-07,5.817327064505662e-07,0.23076923076923078,insufficient-supports,True,0.9644839763641356,0.9644839763641356,0.0019975185859948,0.0019975185859948,0.0201742239296436,0.0201742239296436,6.752476622295944e-08,6.752476622295944e-08,2.2270629074228054e-07,2.2270629074228054e-07,0.19379166249572244,-0.20335224068984073,0.004110841324185737
604,With the duty to rescue there is a legal precedent that could be applied to the human responsibility to act to rescue animals.,Do we have a moral duty to intervene in nature to limit animal suffering?,7,605,supports,"True

Argument: ""The human responsibility to",0.8817287087440491,0.8817287087440491,0.0024192242417484,0.0024192242417484,0.0989272221922874,0.0989272221922874,1.6327598473253604e-07,1.6327598473253604e-07,5.02925388445874e-07,5.02925388445874e-07,0.23076923076923078,supports,True,0.9644839763641356,0.9644839763641356,0.0019975185859948,0.0019975185859948,0.0201742239296436,0.0201742239296436,6.752476622295944e-08,6.752476622295944e-08,2.2270629074228054e-07,2.2270629074228054e-07,0.08037449124729797,-0.08580263607079644,0.00042254970664613227
605,There is no such thing as unnecessary suffering in nature.,Do we have a moral duty to intervene in nature to limit animal suffering?,1,606,refutes,"True

In this scenario, the argument suggests",0.918462574481964,0.918462574481964,0.0070675481110811,0.0070675481110811,0.0547287203371524,0.0547287203371524,1.5576803491512694e-07,1.5576803491512694e-07,3.707601763380808e-07,3.707601763380808e-07,0.23076923076923078,refutes,True,0.9644839763641356,0.9644839763641356,0.0019975185859948,0.0019975185859948,0.0201742239296436,0.0201742239296436,6.752476622295944e-08,6.752476622295944e-08,2.2270629074228054e-07,2.2270629074228054e-07,0.035265959777146756,-0.04771608757634404,0.005080177273610485
606,Saving a prey from being eaten induces suffering from hunger for its predator.,Do we have a moral duty to intervene in nature to limit animal suffering?,5,607,refutes,"True

In this case, the argument provided",0.7760875225067139,0.7760875225067139,0.030328195542097,0.030328195542097,0.1731685400009155,0.1731685400009155,2.577028510586388e-07,2.577028510586388e-07,7.663591077289311e-07,7.663591077289311e-07,0.15384615384615385,refutes,True,0.9644839763641356,0.9644839763641356,0.0019975185859948,0.0019975185859948,0.0201742239296436,0.0201742239296436,6.752476622295944e-08,6.752476622295944e-08,2.2270629074228054e-07,2.2270629074228054e-07,0.15614440833028886,-0.19533393863901138,0.028387381277812353
607,Basic animal rights stand against and outweigh the moral benefit of limiting suffering of sentient beings.,Do we have a moral duty to intervene in nature to limit animal suffering?,6,608,refutes,"True

Argument: ""The moral benefit of",0.9672083854675292,0.9672083854675292,0.0032010423019528,0.0032010423019528,0.0151524757966399,0.0151524757966399,9.624313435097065e-08,9.624313435097065e-08,2.246478061351809e-07,2.246478061351809e-07,0.23076923076923078,refutes,True,0.9644839763641356,0.9644839763641356,0.0019975185859948,0.0019975185859948,0.0201742239296436,0.0201742239296436,6.752476622295944e-08,6.752476622295944e-08,2.2270629074228054e-07,2.2270629074228054e-07,-0.2489190241228979,0.07670929412949326,0.0012059325887174195
608,The technology to implement such changes beyond the small scale can only be obtained by carrying out immoral research.,Do we have a moral duty to intervene in nature to limit animal suffering?,5,609,refutes,"True

The question you provided is not directly",0.7568749189376831,0.7568749189376831,0.0132278315722942,0.0132278315722942,0.2069180756807327,0.2069180756807327,4.497856309626514e-07,4.497856309626514e-07,1.087442115021986e-06,1.087442115021986e-06,0.07692307692307693,refutes,True,0.9644839763641356,0.9644839763641356,0.0019975185859948,0.0019975185859948,0.0201742239296436,0.0201742239296436,6.752476622295944e-08,6.752476622295944e-08,2.2270629074228054e-07,2.2270629074228054e-07,0.1905888335577732,-0.215254024446406,0.011252790644756611
609,Sustainably reducing suffering in ecosystems will require dangerous and immoral experiments to study the effects of different interventions. This will in itself cause suffering and other moral harm. The end does not justify all means.,Do we have a moral duty to intervene in nature to limit animal suffering?,3,610,refutes,"True

In this context, the question is",0.4439056813716888,0.4439056813716888,0.2302952408790588,0.2302952408790588,0.3003616034984588,0.3003616034984588,6.541837933582428e-07,6.541837933582428e-07,1.313767029387236e-06,1.313767029387236e-06,0.3076923076923077,refutes,True,0.9644839763641356,0.9644839763641356,0.0019975185859948,0.0019975185859948,0.0201742239296436,0.0201742239296436,6.752476622295944e-08,6.752476622295944e-08,2.2270629074228054e-07,2.2270629074228054e-07,0.2859563265344189,-0.5397479976338201,0.22875466398600905
610,"There are ""low-hanging fruits"" that don't require research and can be enacted immediately. For example in Sika deer, overpopulation can lead to mal-development and eventual mass die-off caused by social stress (cf. this paper).
 A lot of animal suffering could be avoided by euthanising an adequate number of Sika deer whenever overpopulation becomes apparent.",Do we have a moral duty to intervene in nature to limit animal suffering?,0,611,supports,True,0.9874886870384216,0.9874886870384216,0.0005951763596385,0.0005951763596385,0.0047924416139721,0.0047924416139721,2.0277333590001945e-08,2.0277333590001945e-08,7.287900416486083e-08,7.287900416486083e-08,0.46153846153846156,supports,True,0.9644839763641356,0.9644839763641356,0.0019975185859948,0.0019975185859948,0.0201742239296436,0.0201742239296436,6.752476622295944e-08,6.752476622295944e-08,2.2270629074228054e-07,2.2270629074228054e-07,-0.76244728765352,0.6477276541469483,-0.7020421417795762
611,Genetic editing is happening usually with the intention of being beneficial for humankind.,Do we have a moral duty to intervene in nature to limit animal suffering?,2,612,insufficient-neutral,"True

The question you provided is about the",0.8577718138694763,0.8577718138694763,0.0044661448337137,0.0044661448337137,0.123573750257492,0.123573750257492,1.9272319207175317e-07,1.9272319207175317e-07,3.9621542669010523e-07,3.9621542669010523e-07,0.0,insufficient-neutral,True,0.9644839763641356,0.9644839763641356,0.0019975185859948,0.0019975185859948,0.0201742239296436,0.0201742239296436,6.752476622295944e-08,6.752476622295944e-08,2.2270629074228054e-07,2.2270629074228054e-07,0.10552848154550262,-0.11064171630609934,0.002473567244263023
612,Selective breeding and hybridization has long been done for the benefit of humans.,Do we have a moral duty to intervene in nature to limit animal suffering?,2,613,insufficient-neutral,"True

The question you provided is not directly",0.5879381895065308,0.5879381895065308,0.0120130898430943,0.0120130898430943,0.3796014189720154,0.3796014189720154,3.683115608055232e-07,3.683115608055232e-07,7.21119079116761e-07,7.21119079116761e-07,0.0,insufficient-neutral,True,0.9644839763641356,0.9644839763641356,0.0019975185859948,0.0019975185859948,0.0201742239296436,0.0201742239296436,6.752476622295944e-08,6.752476622295944e-08,2.2270629074228054e-07,2.2270629074228054e-07,0.36682765836583087,-0.3904116564767501,0.010035617589756976
613,"The victims of selective breeding and hybridization suffer, as a result of these practices, from genetic disorders and shortened lifespans.",Do we have a moral duty to intervene in nature to limit animal suffering?,5,614,insufficient-supports,"True

The question is not directly related to",0.790654718875885,0.790654718875885,0.0055830562487244,0.0055830562487244,0.1848854273557663,0.1848854273557663,4.828848432225641e-07,4.828848432225641e-07,8.881611393007915e-07,8.881611393007915e-07,0.07692307692307693,insufficient-supports,True,0.9644839763641356,0.9644839763641356,0.0019975185859948,0.0019975185859948,0.0201742239296436,0.0201742239296436,6.752476622295944e-08,6.752476622295944e-08,2.2270629074228054e-07,2.2270629074228054e-07,0.168102541746458,-0.18023032185930515,0.0035927141760704676
614,This may destabilize the ecosystem.,Do we have a moral duty to intervene in nature to limit animal suffering?,5,615,refutes,"True

Argument: ""This may destabil",0.702278733253479,0.702278733253479,0.0146896466612815,0.0146896466612815,0.2707525789737701,0.2707525789737701,1.4199309816831376e-07,1.4199309816831376e-07,4.06083870529983e-07,4.06083870529983e-07,0.0,refutes,True,0.9644839763641356,0.9644839763641356,0.0019975185859948,0.0019975185859948,0.0201742239296436,0.0201742239296436,6.752476622295944e-08,6.752476622295944e-08,2.2270629074228054e-07,2.2270629074228054e-07,0.2557376639437721,-0.27186065246942215,0.0127175315809877
615,"In Estonia, rabid foxes started ending up in people's backyards and so a general vaccination program was launched. Rabies killed most of the fox population and by removing it, we only managed to disrupt a working
 ecosystem and even made the initial problem worse. (p. 597)",Do we have a moral duty to intervene in nature to limit animal suffering?,0,616,refutes,,0.461124062538147,0.461124062538147,0.0174655374139547,0.0174655374139547,0.5064457058906555,0.5064457058906555,1.504500062310399e-07,1.504500062310399e-07,5.711290782528522e-07,5.711290782528522e-07,0.3076923076923077,refutes,True,0.9644839763641356,0.9644839763641356,0.0019975185859948,0.0019975185859948,0.0201742239296436,0.0201742239296436,6.752476622295944e-08,6.752476622295944e-08,2.2270629074228054e-07,2.2270629074228054e-07,0.49628361881969435,-0.5218955691970437,0.015498978325228476
616,"Humans are not capable of fairly and consistently applying such morals, which would make the attempt at it corrupt and immoral.",Do we have a moral duty to intervene in nature to limit animal suffering?,3,617,refutes,"True

In this context, the argument suggests",0.6344882845878601,0.6344882845878601,0.0996093824505806,0.0996093824505806,0.2446170300245285,0.2446170300245285,2.42970202180004e-07,2.42970202180004e-07,7.484009074687492e-07,7.484009074687492e-07,0.0,refutes,True,0.9644839763641356,0.9644839763641356,0.0019975185859948,0.0019975185859948,0.0201742239296436,0.0201742239296436,6.752476622295944e-08,6.752476622295944e-08,2.2270629074228054e-07,2.2270629074228054e-07,0.22906399441237887,-0.34214740717650605,0.09780723563561271
617,"We coexist regardless of our actions, so all we can do is control the impact we have and how we focus them.",Do we have a moral duty to intervene in nature to limit animal suffering?,3,618,insufficient-supports,"True

In this statement, the focus is",0.946218490600586,0.946218490600586,0.0027636052109301,0.0027636052109301,0.0422286354005336,0.0422286354005336,6.861635881705297e-08,6.861635881705297e-08,2.084833283788612e-07,2.084833283788612e-07,0.23076923076923078,insufficient-supports,True,0.9644839763641356,0.9644839763641356,0.0019975185859948,0.0019975185859948,0.0201742239296436,0.0201742239296436,6.752476622295944e-08,6.752476622295944e-08,2.2270629074228054e-07,2.2270629074228054e-07,0.02250850305177763,-0.01893809146773585,0.0007676199600725252
618,Nature is more efficient when dealing with problems on its own.,Do we have a moral duty to intervene in nature to limit animal suffering?,6,619,refutes,"True

In this case, the argument suggests",0.6979349851608276,0.6979349851608276,0.0887324810028076,0.0887324810028076,0.2031106501817703,0.2031106501817703,8.409910634554764e-08,8.409910634554764e-08,2.438245587654819e-07,2.438245587654819e-07,0.07692307692307693,refutes,True,0.9644839763641356,0.9644839763641356,0.0019975185859948,0.0019975185859948,0.0201742239296436,0.0201742239296436,6.752476622295944e-08,6.752476622295944e-08,2.2270629074228054e-07,2.2270629074228054e-07,0.18670301467859216,-0.27636435413694616,0.08690856388846213
619,Humans don't have the capacity to manage nature to the macro- and micro-levels regions (like forests) need as well as nature can.,Do we have a moral duty to intervene in nature to limit animal suffering?,6,620,refutes,"True

The question you provided is not directly",0.8279972076416016,0.8279972076416016,0.0129715669900178,0.0129715669900178,0.1484517157077789,0.1484517157077789,1.1283500356285005e-07,1.1283500356285005e-07,3.264989061335655e-07,3.264989061335655e-07,0.3076923076923077,refutes,True,0.9644839763641356,0.9644839763641356,0.0019975185859948,0.0019975185859948,0.0201742239296436,0.0201742239296436,6.752476622295944e-08,6.752476622295944e-08,2.2270629074228054e-07,2.2270629074228054e-07,0.13091867443271296,-0.1415127384874295,0.010996013144651285
620,"Wild animals lose fear and become imprinted with humans, so humans carry responsibility for the animals they made used to humans.",Do we have a moral duty to intervene in nature to limit animal suffering?,0,621,supports,"True

In this case, the argument suggests",0.8075230121612549,0.8075230121612549,0.0061175338923931,0.0061175338923931,0.1553272306919098,0.1553272306919098,3.93971674839122e-07,3.93971674839122e-07,1.201725126520614e-06,1.201725126520614e-06,0.07692307692307693,supports,True,0.9644839763641356,0.9644839763641356,0.0019975185859948,0.0019975185859948,0.0201742239296436,0.0201742239296436,6.752476622295944e-08,6.752476622295944e-08,2.2270629074228054e-07,2.2270629074228054e-07,0.13793575354212922,-0.16274087289099864,0.0041282615856434715
621,Nature cannot effectively be left alone because humans have destabilised it so much already.,Do we have a moral duty to intervene in nature to limit animal suffering?,3,622,supports,"True

Argument: ""Nature cannot effectively",0.9456457495689392,0.9456457495689392,0.0021176470909267,0.0021176470909267,0.0283338017761707,0.0283338017761707,1.412571037917587e-07,1.412571037917587e-07,4.08740987722922e-07,4.08740987722922e-07,0.15384615384615385,supports,True,0.9644839763641356,0.9644839763641356,0.0019975185859948,0.0019975185859948,0.0201742239296436,0.0201742239296436,6.752476622295944e-08,6.752476622295944e-08,2.2270629074228054e-07,2.2270629074228054e-07,0.008327580316626821,-0.01953192303537467,0.00012036894413498605
622,Certain interventions can be helpful and not impact negatively on ecosystems (e.g. fixing a lion's wound in a safari).,Do we have a moral duty to intervene in nature to limit animal suffering?,0,623,supports,"True

Argument: ""The Earth's",0.9597055912017822,0.9597055912017822,0.0027595402207225,0.0027595402207225,0.0213689524680376,0.0213689524680376,1.2601915955201548e-07,1.2601915955201548e-07,2.1436581221223605e-07,2.1436581221223605e-07,0.15384615384615385,supports,True,0.9644839763641356,0.9644839763641356,0.0019975185859948,0.0019975185859948,0.0201742239296436,0.0201742239296436,6.752476622295944e-08,6.752476622295944e-08,2.2270629074228054e-07,2.2270629074228054e-07,0.0012193275249254222,-0.004954343752155144,0.0007635468337193319
623,Nature is the survival of the fittest.,Do we have a moral duty to intervene in nature to limit animal suffering?,1,624,insufficient-neutral,"True

In this scenario, the argument """,0.9099755883216858,0.9099755883216858,0.0105116097256541,0.0105116097256541,0.0659184157848358,0.0659184157848358,9.452366356299537e-08,9.452366356299537e-08,2.4517572683180333e-07,2.4517572683180333e-07,0.07692307692307693,insufficient-neutral,True,0.9644839763641356,0.9644839763641356,0.0019975185859948,0.0019975185859948,0.0201742239296436,0.0201742239296436,6.752476622295944e-08,6.752476622295944e-08,2.2270629074228054e-07,2.2270629074228054e-07,0.04668604661397226,-0.05651559733312821,0.008531132234858008
624,Animal suffering shouldn't be analysed from the point of view of human morality.,Do we have a moral duty to intervene in nature to limit animal suffering?,1,625,refutes,"True

In this case, the argument suggests",0.5173060297966003,0.5173060297966003,0.1002843528985977,0.1002843528985977,0.372601568698883,0.372601568698883,8.80766677369138e-08,8.80766677369138e-08,2.3709053209586278e-07,2.3709053209586278e-07,0.15384615384615385,refutes,True,0.9644839763641356,0.9644839763641356,0.0019975185859948,0.0019975185859948,0.0201742239296436,0.0201742239296436,6.752476622295944e-08,6.752476622295944e-08,2.2270629074228054e-07,2.2270629074228054e-07,0.3596836839531494,-0.46364476499991714,0.0984835570482216
625,"Fairness is not and has never been a natural state. It is an entirely human construct, and forcing our ideas onto the rest of the planet is deeply unethical.",Do we have a moral duty to intervene in nature to limit animal suffering?,1,626,refutes,"True

In this context, the argument suggests",0.522940993309021,0.522940993309021,0.0624563954770565,0.0624563954770565,0.4009527862071991,0.4009527862071991,2.1358644630709025e-07,2.1358644630709025e-07,4.70174626343578e-07,4.70174626343578e-07,0.07692307692307693,refutes,True,0.9644839763641356,0.9644839763641356,0.0019975185859948,0.0019975185859948,0.0201742239296436,0.0201742239296436,6.752476622295944e-08,6.752476622295944e-08,2.2270629074228054e-07,2.2270629074228054e-07,0.38861864178006045,-0.45780230037581515,0.06057988633996324
626,Natural doesn't mean good. Morality historically goes against nature and intuition.,Do we have a moral duty to intervene in nature to limit animal suffering?,0,627,supports,"True

In this case, the argument suggests",0.832750678062439,0.832750678062439,0.0414602123200893,0.0414602123200893,0.1144753247499466,0.1144753247499466,1.084977299115053e-07,1.084977299115053e-07,2.978216571136727e-07,2.978216571136727e-07,0.07692307692307693,supports,True,0.9644839763641356,0.9644839763641356,0.0019975185859948,0.0019975185859948,0.0201742239296436,0.0201742239296436,6.752476622295944e-08,6.752476622295944e-08,2.2270629074228054e-07,2.2270629074228054e-07,0.09624272306705646,-0.13658422693376243,0.03954167897276404
627,"Humanity is already forcing its view onto/against nature and/or other living creatures (eg. artificial selection, breeding, curing disease and more broadly all our activities have an impact on the planet).",Do we have a moral duty to intervene in nature to limit animal suffering?,0,628,insufficient-neutral,"True

Question: Do we have a moral",0.907811999320984,0.907811999320984,0.0029810848645865,0.0029810848645865,0.0408323556184768,0.0408323556184768,4.723866879885464e-07,4.723866879885464e-07,1.0118308182427429e-06,1.0118308182427429e-06,0.15384615384615385,insufficient-neutral,True,0.9644839763641356,0.9644839763641356,0.0019975185859948,0.0019975185859948,0.0201742239296436,0.0201742239296436,6.752476622295944e-08,6.752476622295944e-08,2.2270629074228054e-07,2.2270629074228054e-07,0.021083474423058902,-0.058758858033900026,0.0009855349028773442
628,"""Forcing"" our ideas onto the rest of the planet isn't more unethical than doing nothing while we are aware of the suffering of sentient beings and we could find solutions to fix that.",Do we have a moral duty to intervene in nature to limit animal suffering?,6,629,supports,"True

Argument: ""Forcing"" our",0.8987976908683777,0.8987976908683777,0.0033444690052419,0.0033444690052419,0.0726339891552925,0.0726339891552925,5.630482746710186e-07,5.630482746710186e-07,1.0255402003167546e-06,1.0255402003167546e-06,0.23076923076923078,supports,True,0.9644839763641356,0.9644839763641356,0.0019975185859948,0.0019975185859948,0.0201742239296436,0.0201742239296436,6.752476622295944e-08,6.752476622295944e-08,2.2270629074228054e-07,2.2270629074228054e-07,0.0535398909753544,-0.06810510812567243,0.0013496463629415957
629,Plenty of porn is made in an ethical and safe way. It is perfectly possible to make choices about what porn you watch so that it is ethical.,Is it ethically wrong to watch pornography?,1,630,refutes,"None

Argument: ""Plenty of porn",0.0217841733247041,0.0217841733247041,0.1740441024303436,0.1740441024303436,0.7922949194908142,0.7922949194908142,1.359543517764905e-07,1.359543517764905e-07,5.377099228098814e-07,5.377099228098814e-07,0.5714285714285714,refutes,,0.4501398801803589,0.4501398801803589,0.0182914435863494,0.0182914435863494,0.5181078314781189,0.5181078314781189,1.1801031973845967e-07,1.1801031973845967e-07,5.278535581965116e-07,5.278535581965116e-07,0.568980170094309,-0.9516057690423346,0.15865468200968455
630,"So long as the participants are well informed of the repercussions and happy with the arrangements/compensation, it is good.",Is it ethically wrong to watch pornography?,1,631,supports,"None

Argument: ""So long as the",0.0437512993812561,0.0437512993812561,0.0168676283210515,0.0168676283210515,0.9354439973831176,0.9354439973831176,2.1512651215971346e-08,2.1512651215971346e-08,1.1338062932964021e-07,1.1338062932964021e-07,0.2857142857142857,supports,,0.4501398801803589,0.4501398801803589,0.0182914435863494,0.0182914435863494,0.5181078314781189,0.5181078314781189,1.1801031973845967e-07,1.1801031973845967e-07,5.278535581965116e-07,5.278535581965116e-07,0.8660364147130746,-0.9028051027966548,-0.07784050824509388
631,We should base our morality on informed consent.,Is it ethically wrong to watch pornography?,1,632,insufficient-neutral,"None

Argument: ""We should base our",0.4279480874538421,0.4279480874538421,0.0687775164842605,0.0687775164842605,0.4925652146339416,0.4925652146339416,2.2796677967562573e-07,2.2796677967562573e-07,3.1960649948814535e-07,3.1960649948814535e-07,0.0,insufficient-neutral,,0.4501398801803589,0.4501398801803589,0.0182914435863494,0.0182914435863494,0.5181078314781189,0.5181078314781189,1.1801031973845967e-07,1.1801031973845967e-07,5.278535581965116e-07,5.278535581965116e-07,-0.04929980844201162,-0.04929977036832446,0.051426742252655276
632,"This heavily depends on the way of defining good and wrong, if the actions of the participants have bad consequences then it could be seen as wrong, 
even if they're well informed of the repercussions and happy with the arrangements.",Is it ethically wrong to watch pornography?,1,633,insufficient-neutral,,0.1034527644515037,0.1034527644515037,0.0007715742103755,0.0007715742103755,0.8936954736709595,0.8936954736709595,1.8676795221495013e-08,1.8676795221495013e-08,4.586578583598566e-08,4.586578583598566e-08,0.2857142857142857,insufficient-neutral,,0.4501398801803589,0.4501398801803589,0.0182914435863494,0.0182914435863494,0.5181078314781189,0.5181078314781189,1.1801031973845967e-07,1.1801031973845967e-07,5.278535581965116e-07,5.278535581965116e-07,0.7794018386828928,-0.770176407364633,-0.9578177519596478
633,"Given the cost-benefit analysis of sexual gratification versus the hardship experienced by victims of non-consensual uploads, it is clearly not worth the risk.",Is it ethically wrong to watch pornography?,5,634,supports,"None

Argument: ""Given the cost",0.026007929816842,0.026007929816842,0.0060816523618996,0.0060816523618996,0.9608097672462464,0.9608097672462464,1.4296271899638668e-07,1.4296271899638668e-07,3.317497032639949e-07,3.317497032639949e-07,0.2857142857142857,supports,,0.4501398801803589,0.4501398801803589,0.0182914435863494,0.0182914435863494,0.5181078314781189,0.5181078314781189,1.1801031973845967e-07,1.1801031973845967e-07,5.278535581965116e-07,5.278535581965116e-07,0.9186742692375295,-0.9422225602263427,-0.6675138114064307
634,"Pornhub requires users who upload content to undergo verification, reducing the prospect of non-consensual uploads.",Is it ethically wrong to watch pornography?,3,635,supports,"None

Argument: ""Pornhub requires",0.0073117264546453,0.0073117264546453,0.0023007367271929,0.0023007367271929,0.988046169281006,0.988046169281006,1.6787172540944084e-08,1.6787172540944084e-08,4.379849016800108e-08,4.379849016800108e-08,0.14285714285714285,supports,,0.4501398801803589,0.4501398801803589,0.0182914435863494,0.0182914435863494,0.5181078314781189,0.5181078314781189,1.1801031973845967e-07,1.1801031973845967e-07,5.278535581965116e-07,5.278535581965116e-07,0.9751939718056422,-0.9837567681145788,-0.874217870430418
635,"The same is true of eating halal meat; we cannot know it is halal, but there comes a point when one has to trust that something is what it purports to be.",Is it ethically wrong to watch pornography?,7,636,insufficient-supports,"None

Argument: ""The same is true",0.2138020992279052,0.2138020992279052,0.107506439089775,0.107506439089775,0.6689275503158569,0.6689275503158569,5.0637982695889157e-08,5.0637982695889157e-08,2.0027711400416592e-07,2.0027711400416592e-07,0.42857142857142855,insufficient-supports,,0.4501398801803589,0.4501398801803589,0.0182914435863494,0.0182914435863494,0.5181078314781189,0.5181078314781189,1.1801031973845967e-07,1.1801031973845967e-07,5.278535581965116e-07,5.278535581965116e-07,0.3129739985199403,-0.5250318653343035,0.09087727199744824
636,If there was ethical certifications one could easily choose what type of porn industry they would want to contribute to.,Is it ethically wrong to watch pornography?,3,637,insufficient-refutes,"None

Argument: ""If there was ethical",0.0342322662472724,0.0342322662472724,0.01128860283643,0.01128860283643,0.9471724033355712,0.9471724033355712,1.563042246743862e-07,1.563042246743862e-07,2.7755604037338344e-07,2.7755604037338344e-07,0.14285714285714285,insufficient-refutes,,0.4501398801803589,0.4501398801803589,0.0182914435863494,0.0182914435863494,0.5181078314781189,0.5181078314781189,1.1801031973845967e-07,1.1801031973845967e-07,5.278535581965116e-07,5.278535581965116e-07,0.8903746520171346,-0.9239519363768515,-0.3828478991754103
637,"Ethical porn focuses on treating performers fairly, showing a diverse range of bodies and representing more realistic human interactions.",Is it ethically wrong to watch pornography?,0,638,refutes,"None

Argument: ""Ethical porn",0.0040217647328972,0.0040217647328972,0.0393686853349208,0.0393686853349208,0.9538159370422364,0.9538159370422364,2.418534528203509e-08,2.418534528203509e-08,1.0526174065716989e-07,1.0526174065716989e-07,0.0,refutes,,0.4501398801803589,0.4501398801803589,0.0182914435863494,0.0182914435863494,0.5181078314781189,0.5181078314781189,1.1801031973845967e-07,1.1801031973845967e-07,5.278535581965116e-07,5.278535581965116e-07,0.9041610012060893,-0.9910655222743521,0.021469958279237342
638,Having pornography that is more representing of real human sexual interactions could constitute a great source of sex education.,Is it ethically wrong to watch pornography?,2,639,refutes,"None

Argument: ""Having pornography",0.0132005326449871,0.0132005326449871,0.0050496538169682,0.0050496538169682,0.9774476289749146,0.9774476289749146,4.383942098229454e-08,4.383942098229454e-08,1.306249544086313e-07,1.306249544086313e-07,0.2857142857142857,refutes,,0.4501398801803589,0.4501398801803589,0.0182914435863494,0.0182914435863494,0.5181078314781189,0.5181078314781189,1.1801031973845967e-07,1.1801031973845967e-07,5.278535581965116e-07,5.278535581965116e-07,0.9532003786360321,-0.9706745986609806,-0.7239335543348436
639,"Treating performers fairly is the only requirement for ethical porn. Porn is a fantasy, it doesn't have to accurately reflect reality.",Is it ethically wrong to watch pornography?,1,640,refutes,"None

Argument: ""Treating perform",0.001858488889411,0.001858488889411,0.0035823311191052,0.0035823311191052,0.9932811260223388,0.9932811260223388,1.1441274594403694e-08,1.1441274594403694e-08,5.426437965638797e-08,5.426437965638797e-08,0.42857142857142855,refutes,,0.4501398801803589,0.4501398801803589,0.0182914435863494,0.0182914435863494,0.5181078314781189,0.5181078314781189,1.1801031973845967e-07,1.1801031973845967e-07,5.278535581965116e-07,5.278535581965116e-07,0.9860573082184129,-0.995871308072801,-0.8041526300428998
640,"It may be something more elemental in the structure of the media which engenders and cultivates a subliminally misogynistic or reductive or otherwise violent way of seeing, particularly of men seeing women.",Is it ethically wrong to watch pornography?,5,641,insufficient-supports,"None

The question provided is not directly related",0.093615137040615,0.093615137040615,0.0117173083126544,0.0117173083126544,0.881283700466156,0.881283700466156,1.9455565336556901e-07,1.9455565336556901e-07,4.910271513836051e-07,4.910271513836051e-07,0.14285714285714285,insufficient-supports,,0.4501398801803589,0.4501398801803589,0.0182914435863494,0.0182914435863494,0.5181078314781189,0.5181078314781189,1.1801031973845967e-07,1.1801031973845967e-07,5.278535581965116e-07,5.278535581965116e-07,0.7536455097454993,-0.7920310082210313,-0.359410411904349
641,"To say pornography is misogynistic is exaggerated since not all porn involves opportunities where women can get mistreated, as is the example with gay male porn.",Is it ethically wrong to watch pornography?,0,642,refutes,"None

Argument: ""To say pornography",0.0817711576819419,0.0817711576819419,0.0147757455706596,0.0147757455706596,0.8929669260978699,0.8929669260978699,1.68289389534948e-07,1.68289389534948e-07,4.5036577489554485e-07,4.5036577489554485e-07,0.42857142857142855,refutes,,0.4501398801803589,0.4501398801803589,0.0182914435863494,0.0182914435863494,0.5181078314781189,0.5181078314781189,1.1801031973845967e-07,1.1801031973845967e-07,5.278535581965116e-07,5.278535581965116e-07,0.7778899909694836,-0.8183427834717102,-0.19220451349796733
642,"From a consequentialist point of view, supporting this kind of media will cause that more of this will be produced and shared in culture. Helping to spread media that cause 
people to be violent or mysogynistic is morally wrong.",Is it ethically wrong to watch pornography?,3,643,supports,"True

Question: Is it ethically wrong",0.8803263902664185,0.8803263902664185,0.0215280167758464,0.0215280167758464,0.07114128023386,0.07114128023386,3.306401595182251e-06,3.306401595182251e-06,5.768152391283365e-07,5.768152391283365e-07,0.42857142857142855,supports,,0.4501398801803589,0.4501398801803589,0.0182914435863494,0.0182914435863494,0.5181078314781189,0.5181078314781189,1.1801031973845967e-07,1.1801031973845967e-07,5.278535581965116e-07,5.278535581965116e-07,-0.8626902047959788,0.7823562658575138,0.0032968778446026354
643,"Depicting unethical acts is not necessarily unethical, otherwise movie murders would make such movies unethical and documentaries of real executions would also be unethical.",Is it ethically wrong to watch pornography?,7,644,refutes,"None

The argument provided does not directly address",0.4042717814445495,0.4042717814445495,0.0691627487540245,0.0691627487540245,0.5110474228858948,0.5110474228858948,2.256895754726429e-07,2.256895754726429e-07,7.785565685480833e-07,7.785565685480833e-07,0.14285714285714285,refutes,,0.4501398801803589,0.4501398801803589,0.0182914435863494,0.0182914435863494,0.5181078314781189,0.5181078314781189,1.1801031973845967e-07,1.1801031973845967e-07,5.278535581965116e-07,5.278535581965116e-07,-0.013627295638595846,-0.10189743400969332,0.05181915226807912
644,"Any porn watched furthers the demand, giving more power to those who traffic people and force them into this kind of work.",Is it ethically wrong to watch pornography?,5,645,supports,"True

In this context, the argument suggests",0.8030765056610107,0.8030765056610107,0.0069479732774198,0.0069479732774198,0.1532698422670364,0.1532698422670364,7.791919642841094e-07,7.791919642841094e-07,1.1270940376562066e-06,1.1270940376562066e-06,0.14285714285714285,supports,,0.4501398801803589,0.4501398801803589,0.0182914435863494,0.0182914435863494,0.5181078314781189,0.5181078314781189,1.1801031973845967e-07,1.1801031973845967e-07,5.278535581965116e-07,5.278535581965116e-07,-0.7041738554119704,0.6418661997098791,-0.6201517258810039
645,By the same reasoning we should ban entire industries because of the misdeeds of a few.,Is it ethically wrong to watch pornography?,7,646,refutes,"None

Argument: ""By the same reasoning",0.2636039853096008,0.2636039853096008,0.0755238085985183,0.0755238085985183,0.6524261236190796,0.6524261236190796,1.263653359728778e-07,1.263653359728778e-07,3.27127196442234e-07,3.27127196442234e-07,0.0,refutes,,0.4501398801803589,0.4501398801803589,0.0182914435863494,0.0182914435863494,0.5181078314781189,0.5181078314781189,1.1801031973845967e-07,1.1801031973845967e-07,5.278535581965116e-07,5.278535581965116e-07,0.2787310126930642,-0.41439539815049986,0.05829873299795667
646,"Watching pornography contributes to human rights abuses, including gender inequality.",Is it ethically wrong to watch pornography?,1,647,supports,"True

In this context, the argument is",0.8629509210586548,0.8629509210586548,0.001978290034458,0.001978290034458,0.1167877092957496,0.1167877092957496,4.234877621911437e-07,4.234877621911437e-07,4.318403057368414e-07,4.318403057368414e-07,0.2857142857142857,supports,,0.4501398801803589,0.4501398801803589,0.0182914435863494,0.0182914435863494,0.5181078314781189,0.5181078314781189,1.1801031973845967e-07,1.1801031973845967e-07,5.278535581965116e-07,5.278535581965116e-07,-0.7745880255031777,0.7507564669605453,-0.8918461506267136
647,"Feminist pornography seeks to use pornography to empower women, so porn isn't inherently misogynistic.",Is it ethically wrong to watch pornography?,0,648,refutes,"None

Argument: ""Feminist",0.0035830719862133,0.0035830719862133,0.0019178801449015,0.0019178801449015,0.9934865236282348,0.9934865236282348,9.693141400646256e-09,9.693141400646256e-09,3.128984360500908e-08,3.128984360500908e-08,0.42857142857142855,refutes,,0.4501398801803589,0.4501398801803589,0.0182914435863494,0.0182914435863494,0.5181078314781189,0.5181078314781189,1.1801031973845967e-07,1.1801031973845967e-07,5.278535581965116e-07,5.278535581965116e-07,0.9864835396853529,-0.9920400921047526,-0.8951487816777467
648,"Porn is made to promote arousal, entertainment and even escapism. As long as the one watching is mature enough to know what happens on screen may differ from reality, there is nothing morally wrong with it.",Is it ethically wrong to watch pornography?,2,649,refutes,"None

Question: Is it morally wrong",0.0609824545681476,0.0609824545681476,0.1485930234193802,0.1485930234193802,0.7785717844963074,0.7785717844963074,8.360445491462087e-08,8.360445491462087e-08,2.8062922297067416e-07,2.8062922297067416e-07,0.5714285714285714,refutes,,0.4501398801803589,0.4501398801803589,0.0182914435863494,0.0182914435863494,0.5181078314781189,0.5181078314781189,1.1801031973845967e-07,1.1801031973845967e-07,5.278535581965116e-07,5.278535581965116e-07,0.5405025647482828,-0.8645255458287464,0.13272939201940417
649,Personal psychological detrimental effects do not nearly exhaust the potential suffering which is caused by the production and dissemination of pornography. Actresses and actors are affected by the industry.,Is it ethically wrong to watch pornography?,1,650,supports,"True

The question is not directly answered in",0.743756115436554,0.743756115436554,0.0101232845336198,0.0101232845336198,0.2198538780212402,0.2198538780212402,3.877756284964562e-07,3.877756284964562e-07,5.620105412162957e-07,5.620105412162957e-07,0.2857142857142857,supports,,0.4501398801803589,0.4501398801803589,0.0182914435863494,0.0182914435863494,0.5181078314781189,0.5181078314781189,1.1801031973845967e-07,1.1801031973845967e-07,5.278535581965116e-07,5.278535581965116e-07,-0.5756599984331152,0.533983507209986,-0.4465562826777304
650,Watching porn can be harmful for the individual.,Is it ethically wrong to watch pornography?,5,651,supports,"None

Argument: ""Watching porn can",0.2450684458017349,0.2450684458017349,0.0134004401043057,0.0134004401043057,0.7316392064094543,0.7316392064094543,1.260374773437434e-07,1.260374773437434e-07,2.868171691261523e-07,2.868171691261523e-07,0.0,supports,,0.4501398801803589,0.4501398801803589,0.0182914435863494,0.0182914435863494,0.5181078314781189,0.5181078314781189,1.1801031973845967e-07,1.1801031973845967e-07,5.278535581965116e-07,5.278535581965116e-07,0.4431102825063647,-0.4555726861980267,-0.26739297305619847
651,People can become addicted to pornography which is problematic.,Is it ethically wrong to watch pornography?,5,652,supports,"None

Argument: ""People can become add",0.1708251535892486,0.1708251535892486,0.0150436051189899,0.0150436051189899,0.8023263812065125,0.8023263812065125,1.4343997634114205e-07,1.4343997634114205e-07,3.120802603007178e-07,3.120802603007178e-07,0.42857142857142855,supports,,0.4501398801803589,0.4501398801803589,0.0182914435863494,0.0182914435863494,0.5181078314781189,0.5181078314781189,1.1801031973845967e-07,1.1801031973845967e-07,5.278535581965116e-07,5.278535581965116e-07,0.5897969884013339,-0.6205065111742519,-0.17756053271723773
652,Pornography addiction shows similar side effects to alcohol and drug addiction.,Is it ethically wrong to watch pornography?,7,653,supports,"None

Argument: ""Pornography addiction",0.0272200684994459,0.0272200684994459,0.0081729469820857,0.0081729469820857,0.9595404863357544,0.9595404863357544,4.7173866590810576e-08,4.7173866590810576e-08,1.245295635499133e-07,1.245295635499133e-07,0.2857142857142857,supports,,0.4501398801803589,0.4501398801803589,0.0182914435863494,0.0182914435863494,0.5181078314781189,0.5181078314781189,1.1801031973845967e-07,1.1801031973845967e-07,5.278535581965116e-07,5.278535581965116e-07,0.9160403170934527,-0.9395297557538347,-0.5531819594498799
653,"
There have been numerous studies about behavioural addiction with pornography (Pornography Addiction: A Neuroscience Perspective, Neuroscience of Internet Pornography Addiction: A Review and Update)",Is it ethically wrong to watch pornography?,4,654,insufficient-supports,"None

The question is about the ethics",0.0280054435133934,0.0280054435133934,0.0465353094041347,0.0465353094041347,0.920195698738098,0.920195698738098,8.320828470687047e-08,8.320828470687047e-08,2.398324738805968e-07,2.398324738805968e-07,0.14285714285714285,insufficient-supports,,0.4501398801803589,0.4501398801803589,0.0182914435863494,0.0182914435863494,0.5181078314781189,0.5181078314781189,1.1801031973845967e-07,1.1801031973845967e-07,5.278535581965116e-07,5.278535581965116e-07,0.8343938613763168,-0.9377850202870885,0.028770112711419136
654,"Porn can often be the closest thing to physical contact/stimulation for long-term single individuals, and can offer an alternative to other, more unethical methods of satisfying natural sexual urges (i.e. prostitution).",Is it ethically wrong to watch pornography?,6,655,supports,"None

Question: Is it true that porn",0.0305570773780345,0.0305570773780345,0.0278225373476743,0.0278225373476743,0.9358651041984558,0.9358651041984558,4.583053936357828e-08,4.583053936357828e-08,2.0300527125982626e-07,2.0300527125982626e-07,0.14285714285714285,supports,,0.4501398801803589,0.4501398801803589,0.0182914435863494,0.0182914435863494,0.5181078314781189,0.5181078314781189,1.1801031973845967e-07,1.1801031973845967e-07,5.278535581965116e-07,5.278535581965116e-07,0.866910275802434,-0.9321164848451307,0.00970867952515726
655,Porn is damaging to relationships.,Is it ethically wrong to watch pornography?,5,656,supports,"None

Argument: ""Porn is dam",0.2710779905319214,0.2710779905319214,0.06143818795681,0.06143818795681,0.6502823233604431,0.6502823233604431,2.2762118589980679e-07,2.2762118589980679e-07,4.962003004038706e-07,4.962003004038706e-07,0.2857142857142857,supports,,0.4501398801803589,0.4501398801803589,0.0182914435863494,0.0182914435863494,0.5181078314781189,0.5181078314781189,1.1801031973845967e-07,1.1801031973845967e-07,5.278535581965116e-07,5.278535581965116e-07,0.27428229906235263,-0.3977916588432294,0.04395066548883208
656,A utilitarian would argue that time and resources dedicated to porn could be better applied in maximizing well-being.,Is it ethically wrong to watch pornography?,6,657,supports,"None

Argument: ""A utilitarian would",0.0917282253503799,0.0917282253503799,0.1443087458610534,0.1443087458610534,0.7561237812042236,0.7561237812042236,1.1472566541215201e-07,1.1472566541215201e-07,3.813492526205664e-07,3.813492526205664e-07,0.14285714285714285,supports,,0.4501398801803589,0.4501398801803589,0.0182914435863494,0.0182914435863494,0.5181078314781189,0.5181078314781189,1.1801031973845967e-07,1.1801031973845967e-07,5.278535581965116e-07,5.278535581965116e-07,0.4939195224030648,-0.796222842300427,0.128365288711618
657,"Masturbation is natural and beneficial, and porn is a useful masturbation aid.",Is it ethically wrong to watch pornography?,2,658,supports,"None

Argument: ""Masturbation",0.1146173626184463,0.1146173626184463,0.1340012699365615,0.1340012699365615,0.735811710357666,0.735811710357666,2.400717846740008e-07,2.400717846740008e-07,6.719841962876671e-07,6.719841962876671e-07,0.14285714285714285,supports,,0.4501398801803589,0.4501398801803589,0.0182914435863494,0.0182914435863494,0.5181078314781189,0.5181078314781189,1.1801031973845967e-07,1.1801031973845967e-07,5.278535581965116e-07,5.278535581965116e-07,0.45176886677223915,-0.7453738989477622,0.11786576127330488
658,Porn gives access to fetishes and habits that would not be accessible otherwise and allows people to explore in a safe way.,Is it ethically wrong to watch pornography?,2,659,refutes,"None

Argument: ""Pornography is",0.0455663613975048,0.0455663613975048,0.1360360383987426,0.1360360383987426,0.8076831102371216,0.8076831102371216,1.1267685806615193e-07,1.1267685806615193e-07,4.473898229662154e-07,4.473898229662154e-07,0.14285714285714285,refutes,,0.4501398801803589,0.4501398801803589,0.0182914435863494,0.0182914435863494,0.5181078314781189,0.5181078314781189,1.1801031973845967e-07,1.1801031973845967e-07,5.278535581965116e-07,5.278535581965116e-07,0.6009130209507733,-0.8987728850435389,0.11993844205915281
659,The survivors of Uruguayan Air Force Flight 571 stayed alive for 72 days by eating the dead and preserved bodies of their fellow passengers.,Is cannibalism ethically permissible?,0,660,insufficient-neutral,"None

The question is not directly related to",0.0753323063254356,0.0753323063254356,0.0020232833921909,0.0020232833921909,0.9177353978157043,0.9177353978157043,3.06482590417545e-08,3.06482590417545e-08,3.156415289140569e-07,3.156415289140569e-07,0.0,insufficient-neutral,"None

Question: Is it possible for a",0.2300040870904922,0.2300040870904922,0.2094211131334304,0.2094211131334304,0.5517511367797852,0.5517511367797852,4.076032666944229e-08,4.076032666944229e-08,2.293497800565092e-07,2.293497800565092e-07,0.8164756033215396,-0.6724740534902015,-0.9903386847585812
660,If the to-be-cannabalized person is still alive and not giving consent this isn't permissable.,Is cannibalism ethically permissible?,0,661,insufficient-refutes,"False

Argument: ""If the to-",0.0344557054340839,0.0344557054340839,0.79035884141922,0.79035884141922,0.1656682193279266,0.1656682193279266,6.270168029232083e-08,6.270168029232083e-08,2.3387680414543865e-07,2.3387680414543865e-07,0.25,insufficient-refutes,"None

Question: Is it possible for a",0.2300040870904922,0.2300040870904922,0.2094211131334304,0.2094211131334304,0.5517511367797852,0.5517511367797852,4.076032666944229e-08,4.076032666944229e-08,2.293497800565092e-07,2.293497800565092e-07,-0.6997410457641737,-0.8501952470934669,0.7348257560840196
661,"If the to-be-cannibalised person is still alive and not consenting this is murder which is largely already agreed to be unethical and illegal. 
However the ethicacy of the act itself changes if the person consents or is already dead. In one instance they are arguably make a choice 
about their body and in the other they could be said to be a resource, just meat.",Is cannibalism ethically permissible?,1,662,insufficient-supports,True,0.6577081680297852,0.6577081680297852,0.0607003085315227,0.0607003085315227,0.253569096326828,0.253569096326828,2.568295087712613e-07,2.568295087712613e-07,8.0511944133832e-07,8.0511944133832e-07,0.25,insufficient-supports,"None

Question: Is it possible for a",0.2300040870904922,0.2300040870904922,0.2094211131334304,0.2094211131334304,0.5517511367797852,0.5517511367797852,4.076032666944229e-08,4.076032666944229e-08,2.293497800565092e-07,2.293497800565092e-07,-0.5404285022288364,0.5554627937220727,-0.7101519153283836
662,"Eating another human being after they are dead in order to save ones own life, provided it is absolutely necessary and the last resort, 
is ethically no different than accepting an organ transplant from a dead person. It achieves the same result.",Is cannibalism ethically permissible?,7,663,supports,"True

In this scenario, the argument is",0.8134764432907104,0.8134764432907104,0.0040732533670961,0.0040732533670961,0.1447132974863052,0.1447132974863052,8.255470334006532e-07,8.255470334006532e-07,1.3505048173101386e-06,1.3505048173101386e-06,0.5,supports,"None

Question: Is it possible for a",0.2300040870904922,0.2300040870904922,0.2094211131334304,0.2094211131334304,0.5517511367797852,0.5517511367797852,4.076032666944229e-08,4.076032666944229e-08,2.293497800565092e-07,2.293497800565092e-07,-0.7377199830871156,0.7577603288769529,-0.9805499392771307
663,"Any benefit derived from eating human flesh (outside survival) is extremely small compared to the value of that human life. 
Therefore, even if cannibalism only very slightly devalues human life, it is still unethical.",Is cannibalism ethically permissible?,1,664,refutes,False,0.0125646824017167,0.0125646824017167,0.9376623630523682,0.9376623630523682,0.037219300866127,0.037219300866127,3.711341634016208e-08,3.711341634016208e-08,1.1657208887072557e-07,1.1657208887072557e-07,0.5,refutes,"None

Question: Is it possible for a",0.2300040870904922,0.2300040870904922,0.2094211131334304,0.2094211131334304,0.5517511367797852,0.5517511367797852,4.076032666944229e-08,4.076032666944229e-08,2.293497800565092e-07,2.293497800565092e-07,-0.9325433182007525,-0.9453719168182725,0.9211493780276567
664,Cannibalism permits humans to view other humans as prey. It is ethically wrong to view other persons as such.,Is cannibalism ethically permissible?,1,665,refutes,"False

In this case, the argument suggests",0.0105517208576202,0.0105517208576202,0.96479332447052,0.96479332447052,0.0146496128290891,0.0146496128290891,2.5612704845912052e-08,2.5612704845912052e-08,9.84716024277077e-08,9.84716024277077e-08,0.75,refutes,"None

Question: Is it possible for a",0.2300040870904922,0.2300040870904922,0.2094211131334304,0.2094211131334304,0.5517511367797852,0.5517511367797852,4.076032666944229e-08,4.076032666944229e-08,2.293497800565092e-07,2.293497800565092e-07,-0.9734488760375024,-0.9541237680117016,0.9554672201416605
665,"Cannibalism is a violation of the dignity possessed by mankind, which is degraded by using human flesh as food.",Is cannibalism ethically permissible?,1,666,refutes,False,0.009250333532691,0.009250333532691,0.9735114574432372,0.9735114574432372,0.0116935167461633,0.0116935167461633,1.0071416589596538e-08,1.0071416589596538e-08,4.0302765569322225e-08,4.0302765569322225e-08,0.5,refutes,"None

Question: Is it possible for a",0.2300040870904922,0.2300040870904922,0.2094211131334304,0.2094211131334304,0.5517511367797852,0.5517511367797852,4.076032666944229e-08,4.076032666944229e-08,2.293497800565092e-07,2.293497800565092e-07,-0.9788065380084022,-0.9597818732279676,0.9664947508758435
666,We have relationships and a closeness with others of our own species that cannibalism debases.,Is cannibalism ethically permissible?,1,667,refutes,"False

In this context, the question is",0.1788506507873535,0.1788506507873535,0.5956636071205139,0.5956636071205139,0.209097608923912,0.209097608923912,1.6655788215302894e-07,1.6655788215302894e-07,7.10887888999423e-07,7.10887888999423e-07,0.25,refutes,"None

Question: Is it possible for a",0.2300040870904922,0.2300040870904922,0.2094211131334304,0.2094211131334304,0.5517511367797852,0.5517511367797852,4.076032666944229e-08,4.076032666944229e-08,2.293497800565092e-07,2.293497800565092e-07,-0.6210291289216373,-0.2224022927167074,0.4885565506535869
667,If the person in question wants to be eaten after death then not doing so would be disrespecting that person's last wish.,Is cannibalism ethically permissible?,1,668,supports,"None

Explanation:
The question",0.1776620298624038,0.1776620298624038,0.186188206076622,0.186188206076622,0.6298666000366211,0.6298666000366211,4.9002824908939147e-08,4.9002824908939147e-08,3.2775574254628737e-07,3.2775574254628737e-07,0.0,supports,"None

Question: Is it possible for a",0.2300040870904922,0.2300040870904922,0.2094211131334304,0.2094211131334304,0.5517511367797852,0.5517511367797852,4.076032666944229e-08,4.076032666944229e-08,2.293497800565092e-07,2.293497800565092e-07,0.17426806773285564,-0.22757011794966533,-0.11093870483825474
668,"Respecting someone in death respects that they once were a human life, which still merits dignity.",Is cannibalism ethically permissible?,1,669,refutes,"False

Argument: ""Respecting someone",0.0279382169246673,0.0279382169246673,0.869132399559021,0.869132399559021,0.0975139513611793,0.0975139513611793,2.5168271022835146e-08,2.5168271022835146e-08,1.3447326807636273e-07,1.3447326807636273e-07,0.0,refutes,"None

Question: Is it possible for a",0.2300040870904922,0.2300040870904922,0.2094211131334304,0.2094211131334304,0.5517511367797852,0.5517511367797852,4.076032666944229e-08,4.076032666944229e-08,2.293497800565092e-07,2.293497800565092e-07,-0.8232646117771406,-0.8785316501194373,0.834466107538404
669,"It is unclear why it is more ethically wrong to view humans as prey instead of other organisms. Moral philosophers such as Peter Singer 
have argued that any causing of suffering is wrong, regardless of the species of the victim.",Is cannibalism ethically permissible?,4,670,insufficient-supports,"None

Question: Is it more ethically",0.3753886222839355,0.3753886222839355,0.1801134347915649,0.1801134347915649,0.4253710508346557,0.4253710508346557,2.342439415770059e-07,2.342439415770059e-07,5.685457153958851e-07,5.685457153958851e-07,0.5,insufficient-supports,"None

Question: Is it possible for a",0.2300040870904922,0.2300040870904922,0.2094211131334304,0.2094211131334304,0.5517511367797852,0.5517511367797852,4.076032666944229e-08,4.076032666944229e-08,2.293497800565092e-07,2.293497800565092e-07,-0.2290526969871387,0.18881208686432252,-0.13994614918884712
670,"Legal or ethical status for cannibalism may allow for easier concealment of a crime, as a victim's remains may be swapped or 
added to otherwise common food.",Is cannibalism ethically permissible?,5,671,refutes,"None

Argument: ""Legal or ethical",0.2957924604415893,0.2957924604415893,0.0490471981465816,0.0490471981465816,0.646070122718811,0.646070122718811,1.0682416728968749e-07,1.0682416728968749e-07,3.3618735528762045e-07,3.3618735528762045e-07,0.25,refutes,"None

Question: Is it possible for a",0.2300040870904922,0.2300040870904922,0.2094211131334304,0.2094211131334304,0.5517511367797852,0.5517511367797852,4.076032666944229e-08,4.076032666944229e-08,2.293497800565092e-07,2.293497800565092e-07,0.21041656472130088,0.08543989941778919,-0.7657963067203654
671,Humans have evolved past needing to eat each other.,Is cannibalism ethically permissible?,1,672,insufficient-refutes,"True

Argument: ""The Earth is flat",0.4775695204734802,0.4775695204734802,0.0721022114157676,0.0721022114157676,0.4416795969009399,0.4416795969009399,6.320160395034692e-08,6.320160395034692e-08,2.645341226070741e-07,2.645341226070741e-07,0.0,insufficient-refutes,"None

Question: Is it possible for a",0.2300040870904922,0.2300040870904922,0.2094211131334304,0.2094211131334304,0.5517511367797852,0.5517511367797852,4.076032666944229e-08,4.076032666944229e-08,2.293497800565092e-07,2.293497800565092e-07,-0.19949490366483288,0.32151525642199436,-0.655707056767345
672,"For example, most humans in Europe have evolved past needing to wash their clothes manually, but that doesn't make it ethically wrong.",Is cannibalism ethically permissible?,0,673,insufficient-neutral,"None

Explanation:
The argument",0.032265082001686,0.032265082001686,0.0515594519674778,0.0515594519674778,0.9139131903648376,0.9139131903648376,1.4055471453389146e-08,1.4055471453389146e-08,9.623950347759093e-08,9.623950347759093e-08,0.25,insufficient-neutral,"None

Question: Is it possible for a",0.2300040870904922,0.2300040870904922,0.2094211131334304,0.2094211131334304,0.5517511367797852,0.5517511367797852,4.076032666944229e-08,4.076032666944229e-08,2.293497800565092e-07,2.293497800565092e-07,0.8079486269820838,-0.8597195275534747,-0.7538001245622868
673,Cannibalism is still considered acceptable practice for some tribes.,Is cannibalism ethically permissible?,0,674,insufficient-supports,"True

In this context, the question is",0.7179844975471497,0.7179844975471497,0.0118803465738892,0.0118803465738892,0.2560052573680877,0.2560052573680877,2.2838231927835295e-07,2.2838231927835295e-07,5.652516392729012e-07,5.652516392729012e-07,0.5,insufficient-supports,"None

Question: Is it possible for a",0.2300040870904922,0.2300040870904922,0.2094211131334304,0.2094211131334304,0.5517511367797852,0.5517511367797852,4.076032666944229e-08,4.076032666944229e-08,2.293497800565092e-07,2.293497800565092e-07,-0.5360131764073474,0.6337441566576294,-0.9432705404143289
674,"The Korowai believe the people they eat are not humans, but male witches called khakhua. They do not consider the practice cannibalism.",Is cannibalism ethically permissible?,0,675,insufficient-neutral,"None

The question is about the ethical perm",0.0808828249573707,0.0808828249573707,0.0309404395520687,0.0309404395520687,0.8832660913467407,0.8832660913467407,3.4351202771176765e-08,3.4351202771176765e-08,3.678704274534539e-07,3.678704274534539e-07,0.25,insufficient-neutral,"None

Question: Is it possible for a",0.2300040870904922,0.2300040870904922,0.2094211131334304,0.2094211131334304,0.5517511367797852,0.5517511367797852,4.076032666944229e-08,4.076032666944229e-08,2.293497800565092e-07,2.293497800565092e-07,0.739577903634503,-0.6483417926154139,-0.8522573054400903
675,"Some humans in non-developed areas rely on food in nature to survive, including meat from local animals.",Is cannibalism ethically permissible?,0,676,insufficient-neutral,"None

The question is not directly related to",0.0364976674318313,0.0364976674318313,0.0312181096524,0.0312181096524,0.9266939759254456,0.9266939759254456,3.4456999031817765e-08,3.4456999031817765e-08,2.1398030014552205e-07,2.1398030014552205e-07,0.0,insufficient-neutral,"None

Question: Is it possible for a",0.2300040870904922,0.2300040870904922,0.2094211131334304,0.2094211131334304,0.5517511367797852,0.5517511367797852,4.076032666944229e-08,4.076032666944229e-08,2.293497800565092e-07,2.293497800565092e-07,0.8364613274244026,-0.841317309211676,-0.8509314119034899
676,"""Meat donors"" could be treated similar to organ donors and checked for any health hazards beforehand.",Is cannibalism ethically permissible?,7,677,supports,"None

Argument: ""Meat donors",0.0215032156556844,0.0215032156556844,0.0308019332587718,0.0308019332587718,0.9433642625808716,0.9433642625808716,4.8226109328197715e-08,4.8226109328197715e-08,2.5170160711240896e-07,2.5170160711240896e-07,0.0,supports,"None

Question: Is it possible for a",0.2300040870904922,0.2300040870904922,0.2094211131334304,0.2094211131334304,0.5517511367797852,0.5517511367797852,4.076032666944229e-08,4.076032666944229e-08,2.293497800565092e-07,2.293497800565092e-07,0.873651129838327,-0.906509419342517,-0.8529186823720745
677,"Whether it is healthy or not doesn't affect the ethics of it. It only affects the health of the individual who eats that meat, but doesn't affect
 the others in the society.",Is cannibalism ethically permissible?,3,678,insufficient-supports,"True or False or None

Answer:",0.4754029810428619,0.4754029810428619,0.0663811266422271,0.0663811266422271,0.4536326825618744,0.4536326825618744,2.9718888683305522e-08,2.9718888683305522e-08,1.200930910272291e-07,1.200930910272291e-07,0.25,insufficient-supports,"None

Question: Is it possible for a",0.2300040870904922,0.2300040870904922,0.2094211131334304,0.2094211131334304,0.5517511367797852,0.5517511367797852,4.076032666944229e-08,4.076032666944229e-08,2.293497800565092e-07,2.293497800565092e-07,-0.17783099603666389,0.31870155391488386,-0.6830256240690828
678,"If enough people's health is adversely affected, this might have a negative effect on society at large.",Is cannibalism ethically permissible?,5,679,insufficient-refutes,"None

Argument: ""If enough people'",0.3019474148750305,0.3019474148750305,0.0623103715479373,0.0623103715479373,0.6293124556541443,0.6293124556541443,5.679426351434814e-08,5.679426351434814e-08,2.0372662845602465e-07,2.0372662845602465e-07,0.25,insufficient-refutes,"None

Question: Is it possible for a",0.2300040870904922,0.2300040870904922,0.2094211131334304,0.2094211131334304,0.5517511367797852,0.5517511367797852,4.076032666944229e-08,4.076032666944229e-08,2.293497800565092e-07,2.293497800565092e-07,0.17303182503834919,0.0934333891626686,-0.7024637553700857
679,Just because something is done doesn't mean it should be.,Is cannibalism ethically permissible?,1,680,insufficient-neutral,"None

Argument: ""Just because something is",0.2399916052818298,0.2399916052818298,0.0939820632338523,0.0939820632338523,0.6626380681991577,0.6626380681991577,2.5371194922740873e-08,2.5371194922740873e-08,8.189922340307022e-08,8.189922340307022e-08,0.25,insufficient-neutral,"None

Question: Is it possible for a",0.2300040870904922,0.2300040870904922,0.2094211131334304,0.2094211131334304,0.5517511367797852,0.5517511367797852,4.076032666944229e-08,4.076032666944229e-08,2.293497800565092e-07,2.293497800565092e-07,0.24737805383991848,0.012970871694109078,-0.551229282340923
680,All meat is not the same in form or value.,Is cannibalism ethically permissible?,1,681,insufficient-neutral,"True

Explanation:
The argument",0.5847691893577576,0.5847691893577576,0.0616342164576053,0.0616342164576053,0.3437680602073669,0.3437680602073669,8.59964401911384e-08,8.59964401911384e-08,2.765176532193437e-07,2.765176532193437e-07,0.25,insufficient-neutral,"None

Question: Is it possible for a",0.2300040870904922,0.2300040870904922,0.2094211131334304,0.2094211131334304,0.5517511367797852,0.5517511367797852,4.076032666944229e-08,4.076032666944229e-08,2.293497800565092e-07,2.293497800565092e-07,-0.3769508800403767,0.46073634459532314,-0.7056924417246521
681,No society can prosper if ethics are subjective. Subjectivism has serious philosophical fallacies.,Is cannibalism ethically permissible?,3,682,insufficient-neutral,"True

In this scenario, the argument is",0.7877517938613892,0.7877517938613892,0.1551175266504287,0.1551175266504287,0.0488098934292793,0.0488098934292793,6.863717771921074e-08,6.863717771921074e-08,1.5649953866159194e-07,1.5649953866159194e-07,0.0,insufficient-neutral,"None

Question: Is it possible for a",0.2300040870904922,0.2300040870904922,0.2094211131334304,0.2094211131334304,0.5517511367797852,0.5517511367797852,4.076032666944229e-08,4.076032666944229e-08,2.293497800565092e-07,2.293497800565092e-07,-0.9115363971624034,0.7243515159234944,-0.2593033036186889
682,"As the human population increases, dealing with an increasing number of dead bodies is taking a toll on the environment.
 Recycling bodies might be an ethical alternative.",Is cannibalism ethically permissible?,2,683,supports,"None

Argument: ""As the human population",0.0476293750107288,0.0476293750107288,0.0029054107144474,0.0029054107144474,0.9418299198150636,0.9418299198150636,1.7749815128809135e-07,1.7749815128809135e-07,1.1130928214697633e-06,1.1130928214697633e-06,0.25,supports,"None

Question: Is it possible for a",0.2300040870904922,0.2300040870904922,0.2094211131334304,0.2094211131334304,0.5517511367797852,0.5517511367797852,4.076032666944229e-08,4.076032666944229e-08,2.293497800565092e-07,2.293497800565092e-07,0.8702281590475363,-0.7929194406358978,-0.9861264670453918
683,"Globally, there is a shortage of burial spaces; in this regard, ethical cannibalism can help mitigate this crisis by reducing the
 number of bodies that need to be buried.",Is cannibalism ethically permissible?,2,684,supports,"True or False or None

Answer:",0.5067943930625916,0.5067943930625916,0.0030371448956429,0.0030371448956429,0.4760892689228058,0.4760892689228058,4.382013401027507e-07,4.382013401027507e-07,7.168495130827068e-07,7.168495130827068e-07,0.5,supports,"None

Question: Is it possible for a",0.2300040870904922,0.2300040870904922,0.2094211131334304,0.2094211131334304,0.5517511367797852,0.5517511367797852,4.076032666944229e-08,4.076032666944229e-08,2.293497800565092e-07,2.293497800565092e-07,-0.13713042495674554,0.3594698378673454,-0.9854974274073893
684,"If a person consents to or asks to be eaten, it should be permissible to act on this.",Is cannibalism ethically permissible?,1,685,supports,"True or False or None

Answer:",0.7595012784004211,0.7595012784004211,0.0576584637165069,0.0576584637165069,0.1642536669969558,0.1642536669969558,1.9756413394134145e-07,1.9756413394134145e-07,6.96333586347464e-07,6.96333586347464e-07,0.25,supports,"None

Question: Is it possible for a",0.2300040870904922,0.2300040870904922,0.2094211131334304,0.2094211131334304,0.5517511367797852,0.5517511367797852,4.076032666944229e-08,4.076032666944229e-08,2.293497800565092e-07,2.293497800565092e-07,-0.7023047964058611,0.6876623400625206,-0.7246769303543409
685,"There is also a theoretical case of self-cannibalism (eating one's own body parts). Following the idea of self-ownership of the body, 
this should be considered completely ethical (if done voluntarily).",Is cannibalism ethically permissible?,1,686,supports,"True

In this scenario, the argument is",0.9195610284805298,0.9195610284805298,0.0037875103298574,0.0037875103298574,0.06766177713871,0.06766177713871,9.570609904585581e-08,9.570609904585581e-08,1.49979811681078e-07,1.49979811681078e-07,0.25,supports,"None

Question: Is it possible for a",0.2300040870904922,0.2300040870904922,0.2094211131334304,0.2094211131334304,0.5517511367797852,0.5517511367797852,4.076032666944229e-08,4.076032666944229e-08,2.293497800565092e-07,2.293497800565092e-07,-0.8773690299332991,0.8955332487213816,-0.9819143816342708
