,Argument,Debate,Scheme,id,evidence_stance_x,prediction_w_evidence,p_True_w_evidence,p__True_w_evidence,p_False_w_evidence,p__False_w_evidence,p_None_w_evidence,p__None_w_evidence,p_Support_w_evidence,p__Support_w_evidence,p_Refute_w_evidence,p__Refute_w_evidence,targeted_jaccard_sim,evidence_stance_y,prediction_wo_evidence,p_True_wo_evidence,p__True_wo_evidence,p_False_wo_evidence,p__False_wo_evidence,p_None_wo_evidence,p__None_wo_evidence,p_Support_wo_evidence,p__Support_wo_evidence,p_Refute_wo_evidence,p__Refute_wo_evidence,diff_p_None_scaled,diff_p_True_scaled,diff_p_False_scaled
0,Euthanasia can end unnecessary suffering.,Should euthanasia be legalized?,2,1,supports,True,0.0008258732268586,0.7746691703796387,0.0001276451075682,0.1187993660569191,1.3453695828502532e-05,0.0216349717229604,2.522565409890376e-07,2.051443516393192e-05,1.108337865929343e-08,2.547700887589599e-06,0.25,supports,True,0.0002052005584118,0.4440423846244812,0.0001274119131267,0.2490852028131485,8.098793477984145e-05,0.2164089679718017,2.9955465663533694e-08,2.792990244415705e-06,8.785910665665142e-09,2.623771706566913e-06,-0.8338802456801101,0.0006208000569651514,2.3322415703602808e-07
1,"In situations of great chronic pain, euthanasia should be an option for patients.",Should euthanasia be legalized?,0,2,supports,False,0.0003106675867456,0.7558502554893494,4.581726898322813e-05,0.1123471111059188,1.453011736884946e-05,0.0498537309467792,8.05329420927592e-08,8.882082511263434e-06,7.203765139962571e-09,2.54475935435039e-06,0.75,supports,False,0.0002052005584118,0.4440423846244812,0.0001274119131267,0.2490852028131485,8.098793477984145e-05,0.2164089679718017,2.9955465663533694e-08,2.792990244415705e-06,8.785910665665142e-09,2.623771706566913e-06,-0.820589111102187,0.00010548867466874815,-0.6404004314913091
2,Chronic pain changes a person's psychological state to the point where their decision process is so impaired that they cannot make a rational decision on euthanasia.,Should euthanasia be legalized?,3,3,refutes,"False.
None.
True.
False.
None.",0.0002829802979249,0.320176362991333,0.0002988867636304,0.2870042324066162,0.0001032924919854,0.1911860406398773,3.100477385942213e-07,2.1821095288032662e-05,7.221841258342465e-08,1.54734752868535e-05,0.25,refutes,"True.
True.
False.
None.

None.",0.0002052005584118,0.4440423846244812,0.0001274119131267,0.2490852028131485,8.098793477984145e-05,0.2164089679718017,2.9955465663533694e-08,2.792990244415705e-06,8.785910665665142e-09,2.623771706566913e-06,2.2306363751891258e-05,7.77957032348458e-05,0.00017149670122649819
3,Less than 33% of patients requesting euthanaisa experience inadequate pain control.,Should euthanasia be legalized?,4,4,insufficient-neutral,False,0.0002925949520431,0.3336513042449951,0.0003816157695837,0.3962207436561584,3.662255403469317e-05,0.0732934698462486,2.851315912266728e-07,2.4017655960051343e-05,4.2381028464433264e-08,1.2171556591056287e-05,0.0,insufficient-neutral,True,0.0002052005584118,0.4440423846244812,0.0001274119131267,0.2490852028131485,8.098793477984145e-05,0.2164089679718017,2.9955465663533694e-08,2.792990244415705e-06,8.785910665665142e-09,2.623771706566913e-06,-0.5478023469267571,8.741233069036971e-05,0.0002542362491838947
4,"Some doctors have argued that patients suffering from ""treatement-resistant"" depression should be allowed to elect for euthanasia.",Should euthanasia be legalized?,4,5,supports,"False.
None.
The question is whether euthanas",0.000224636591156,0.5422847270965576,0.0001020457712002,0.2058280706405639,4.8962094297166914e-05,0.1553671807050705,6.420512477234297e-08,5.623667220788775e-06,1.3353393057968788e-08,3.746170023077866e-06,0.75,supports,False,0.0002052005584118,0.4440423846244812,0.0001274119131267,0.2490852028131485,8.098793477984145e-05,0.2164089679718017,2.9955465663533694e-08,2.792990244415705e-06,8.785910665665142e-09,2.623771706566913e-06,-0.3954396487542738,1.9440021847538644e-05,-0.19908767794166618
5,"Much of the suffering of those who request euthanasia, can be relieved simply with better palliative care.",Should euthanasia be legalized?,6,6,refutes,"False.
Wait, but the user is asking if",0.0005423692637123,0.3635817766189575,0.0006856189575046,0.4454697072505951,3.867997656925581e-05,0.0427504293620586,2.13547338034914e-07,1.0995757293130737e-05,4.727804636672772e-08,7.676275345147587e-06,0.5,refutes,"False.
Okay, let's see. The user",0.0002052005584118,0.4440423846244812,0.0001274119131267,0.2490852028131485,8.098793477984145e-05,0.2164089679718017,2.9955465663533694e-08,2.792990244415705e-06,8.785910665665142e-09,2.623771706566913e-06,-0.5223982847024818,0.00033723790670727393,0.0005582781756683187
6,To let someone suffer until death is just as bad as murder.,Should euthanasia be legalized?,7,7,supports,"True.

True.
The argument that ""to let",0.0006397738470695,0.5637491941452026,0.0004228646575938,0.3314110338687897,1.7590602510608733e-05,0.0251594725996255,1.8214581132269814e-07,1.237653395946836e-05,1.7209000446882783e-08,3.518341827657423e-06,0.0,supports,"True.
Okay, let's see. The user",0.0002052005584118,0.4440423846244812,0.0001274119131267,0.2490852028131485,8.098793477984145e-05,0.2164089679718017,2.9955465663533694e-08,2.792990244415705e-06,8.785910665665142e-09,2.623771706566913e-06,-0.7827997150633952,0.00043466248164165353,0.00029549039346344176
7,It could be considered to be worse than murder since it is torturing for a long time when murder stops life and automatically with it all pain and any more suffering.,Should euthanasia be legalized?,1,8,refutes,True,0.0004809763340745,0.4618546962738037,0.0005080122500658,0.3828909695148468,3.1723830034025013e-05,0.0443228483200073,1.6843368655372617e-07,1.0139545338461176e-05,3.530561798470444e-08,7.835232281649951e-06,0.25,refutes,"True.
I think the answer is False.
I",0.0002052005584118,0.4440423846244812,0.0001274119131267,0.2490852028131485,8.098793477984145e-05,0.2164089679718017,2.9955465663533694e-08,2.792990244415705e-06,8.785910665665142e-09,2.623771706566913e-06,-0.6082894307619593,0.00027583237662041053,0.0003806488361355414
8,"The people most likely to be considered as candidates for euthanasia are those least likely to be able to speak for themselves (e.g. dementia, brain damage, neurodegenerative disorders).",Should euthanasia be legalized?,0,9,refutes,False,0.0003378860128577,0.4539914429187774,0.0002395970805082,0.2318761348724365,8.476613584207371e-05,0.1363129615783691,1.2644898106373148e-07,7.291951078514103e-06,3.7524539919786555e-08,7.582429134345148e-06,0.5,refutes,,0.0002052005584118,0.4440423846244812,0.0001274119131267,0.2490852028131485,8.098793477984145e-05,0.2164089679718017,2.9955465663533694e-08,2.792990244415705e-06,8.785910665665142e-09,2.623771706566913e-06,3.7785070757168692e-06,0.00013271268716341425,0.00011219946292972365
9,Safeguards would likely be put in place.,Should euthanasia be legalized?,3,10,supports,"False.
The given question is ""Should euthanas",7.092327723512426e-05,0.1122839525341987,0.0006676647462882,0.8168095350265503,9.3760745585314e-06,0.0288369040936231,5.096161714845948e-08,5.9597955441859085e-06,5.695443672237843e-09,1.681037588241452e-06,0.25,supports,"True.
False.
None.
The question of whether",0.0002052005584118,0.4440423846244812,0.0001274119131267,0.2490852028131485,8.098793477984145e-05,0.2164089679718017,2.9955465663533694e-08,2.792990244415705e-06,8.785910665665142e-09,2.623771706566913e-06,-0.8842287485905224,-0.6543709345430035,0.0005403216765800168
10,"Countries, like Canada, use checks like requiring people to be ""mentally competent"" and ""suffering intolerably"".",Should euthanasia be legalized?,0,11,supports,"False.
Okay, let me try to work through",0.0002257552114315,0.536535918712616,0.0001613399654161,0.2740357220172882,3.4083939681295305e-05,0.0961955860257148,1.106213147750168e-07,7.785505658830516e-06,1.3578078217335589e-08,4.299564352550078e-06,0.25,supports,"False.
Okay, let's see. The user",0.0002052005584118,0.4440423846244812,0.0001274119131267,0.2490852028131485,8.098793477984145e-05,0.2164089679718017,2.9955465663533694e-08,2.792990244415705e-06,8.785910665665142e-09,2.623771706566913e-06,-0.5791479338996669,2.0558871711655542e-05,3.393237567830209e-05
11,The current medical standards in countries with legal euthanasia are too easily attainable.,Should euthanasia be legalized?,0,12,refutes,True,0.0005127619369886,0.4698290526866913,0.0003870530053973,0.3033444285392761,4.806836295756512e-05,0.0720506235957145,3.18860742254401e-07,2.493753709131852e-05,3.691080863177376e-08,7.908488441898953e-06,0.25,refutes,True,0.0002052005584118,0.4440423846244812,0.0001274119131267,0.2490852028131485,8.098793477984145e-05,0.2164089679718017,2.9955465663533694e-08,2.792990244415705e-06,8.785910665665142e-09,2.623771706566913e-06,-0.40647501275054465,0.00030762450329665765,0.00025967417785439006
12,"States such as Oregon have ""Death with Dignity"" regulations that set the standards for a person to become eligible for euthanasia.",Should euthanasia be legalized?,0,13,insufficient-neutral,"False.
None.
Okay, let's see.",0.0003521761973388,0.6075906157493591,0.0001703012676443,0.2416828572750091,2.23386668949388e-05,0.0611069947481155,1.46456812899487e-07,1.292862907575909e-05,1.1606606342695612e-08,2.8847669000242604e-06,0.25,insufficient-neutral,"False.
Okay, let's see. The user",0.0002052005584118,0.4440423846244812,0.0001274119131267,0.2490852028131485,8.098793477984145e-05,0.2164089679718017,2.9955465663533694e-08,2.792990244415705e-06,8.785910665665142e-09,2.623771706566913e-06,-0.7241729035853983,0.0001470058046001937,4.289481982865758e-05
13,Quality of life is something too difficult to compute and can not be valued or 'measured' neither by experts since it involves feelings.,Should euthanasia be legalized?,1,14,refutes,"False.
The question is whether the argument about the",0.0002084168954752,0.2285568863153457,0.0004516817571129,0.3539958298206329,0.0001206224405905,0.195495069026947,2.478740270817071e-07,1.821126716095023e-05,8.803764472986587e-08,2.2487911337520927e-05,0.25,refutes,False,0.0002052005584118,0.4440423846244812,0.0001274119131267,0.2490852028131485,8.098793477984145e-05,0.2164089679718017,2.9955465663533694e-08,2.792990244415705e-06,8.785910665665142e-09,2.623771706566913e-06,3.963771598741575e-05,3.216997193020399e-06,0.00032431116509219277
14,"This is our life, therefore we should be able to decide when to end it.",Should euthanasia be legalized?,1,15,supports,"True.
The question is whether the argument supports the",0.0003714080667123,0.7317827343940735,6.063070395612158e-05,0.1021797657012939,2.8417040084605105e-05,0.0659722164273262,7.295921022887343e-08,6.003252565278672e-06,1.1101586316897284e-08,3.0423004773183493e-06,0.5,supports,False,0.0002052005584118,0.4440423846244812,0.0001274119131267,0.2490852028131485,8.098793477984145e-05,0.2164089679718017,2.9955465663533694e-08,2.792990244415705e-06,8.785910665665142e-09,2.623771706566913e-06,-0.6491200799001194,0.0001662416211739962,-0.5241363035195175
15,The ability to choose when we die is an integral part of our human freedom.,Should euthanasia be legalized?,1,16,supports,True,0.0005281993653625,0.7554726600646973,0.0001040086353896,0.1292461305856704,1.1222396096854936e-05,0.0250555034726858,2.275179440403008e-07,1.8502601960790344e-05,1.2247896030714855e-08,3.3173337214975618e-06,0.0,supports,True,0.0002052005584118,0.4440423846244812,0.0001274119131267,0.2490852028131485,8.098793477984145e-05,0.2164089679718017,2.9955465663533694e-08,2.792990244415705e-06,8.785910665665142e-09,2.623771706566913e-06,-0.8614312597628025,0.0003230651000896418,-0.18368202127086417
16,God gave life so only he can take it.,Should euthanasia be legalized?,4,17,refutes,"False.
The question is about whether euthanasia",0.0001774619304342,0.2479403614997863,0.0006340916734188,0.6635228395462036,6.314310667221434e-06,0.0125386174768209,1.4280946913913797e-07,1.1889207598869689e-05,2.025468859301327e-08,7.324728358071297e-06,0.0,refutes,True,0.0002052005584118,0.4440423846244812,0.0001274119131267,0.2490852028131485,8.098793477984145e-05,0.2164089679718017,2.9955465663533694e-08,2.792990244415705e-06,8.785910665665142e-09,2.623771706566913e-06,-0.9220339340126856,-0.13517813105524623,0.0005067443255560852
17,"Deuteronomy 32:29 states, ""It is I who bring both death and life.""",Should euthanasia be legalized?,4,18,refutes,True,0.0003091980761382,0.5904673337936401,0.0002108547778334,0.2833093106746673,2.071497874567285e-05,0.0500070676207542,7.184779349245218e-08,4.694924882642226e-06,1.0554804141804652e-08,2.781650891847676e-06,0.0,refutes,True,0.0002052005584118,0.4440423846244812,0.0001274119131267,0.2490852028131485,8.098793477984145e-05,0.2164089679718017,2.9955465663533694e-08,2.792990244415705e-06,8.785910665665142e-09,2.623771706566913e-06,-0.7442214225861582,0.00010401886245506115,8.345349767649607e-05
18,"Certain deities (e. g. Moloch, Kukulkan) even fancy human sacrifice.",Should euthanasia be legalized?,0,19,not_applicable,"False.
None.
None.
None.
None.",0.0001661428977968,0.2001051306724548,0.000515769876074,0.4370698034763336,0.0001853457797551,0.2735113203525543,7.499927789922367e-08,3.189050403307192e-06,4.0144222168692074e-08,8.143525519699324e-06,0.0,not_applicable,"True.
I think the answer is None.
Okay",0.0002052005584118,0.4440423846244812,0.0001274119131267,0.2490852028131485,8.098793477984145e-05,0.2164089679718017,2.9955465663533694e-08,2.792990244415705e-06,8.785910665665142e-09,2.623771706566913e-06,0.00010436629738614446,-0.1903389587109136,0.0003884074506836643
19,Euthanasia is a selfish act.,Should euthanasia be legalized?,1,20,refutes,"True.
True.
False.
None.
Okay,",0.0005724832299165,0.3521661758422851,0.0012119469465687,0.5204678773880005,3.35838740284089e-05,0.0312565267086029,1.776141971276957e-07,9.850117749010678e-06,2.9336501228272027e-08,4.405244908411987e-06,0.25,refutes,True,0.0002052005584118,0.4440423846244812,0.0001274119131267,0.2490852028131485,8.098793477984145e-05,0.2164089679718017,2.9955465663533694e-08,2.792990244415705e-06,8.785910665665142e-09,2.623771706566913e-06,-0.5853225036580609,0.00036735805358243225,0.0010846732337338274
20,Euthanasia is assisted suicide and suicide is a rejection of the value of the life of the patient and those of everyone who cares about them.,Should euthanasia be legalized?,7,21,refutes,True,0.0004802719922736,0.2841237187385559,0.0010907982941716,0.5650475025177002,2.299530569871422e-05,0.0229607168585062,2.656309163739934e-07,1.5318175428546965e-05,4.7439325356890556e-08,9.661052899900824e-06,0.25,refutes,"False.
Okay, let's see. The user",0.0002052005584118,0.4440423846244812,0.0001274119131267,0.2490852028131485,8.098793477984145e-05,0.2164089679718017,2.9955465663533694e-08,2.792990244415705e-06,8.785910665665142e-09,2.623771706566913e-06,-0.7160650439942082,0.0002751278902585157,0.0009635091435881997
21,"Ethically, doctors should not do anything to a patient that will not benefit them.",Should euthanasia be legalized?,1,22,insufficient-neutral,False,0.000289068731945,0.356415331363678,0.0003951101389247,0.4796092808246612,1.2310032616369426e-05,0.0254183616489171,1.513707843514567e-07,1.138491825258825e-05,2.461426440447667e-08,6.851564648968633e-06,0.25,insufficient-neutral,"None.

The question is subjective and depends on personal",0.0002052005584118,0.4440423846244812,0.0001274119131267,0.2490852028131485,8.098793477984145e-05,0.2164089679718017,2.9955465663533694e-08,2.792990244415705e-06,8.785910665665142e-09,2.623771706566913e-06,-0.8480016480253119,8.388538686142656e-05,0.0002677323380874016
22,"Euthanasia does not necessarily have to be performed by doctors or nurses, and as such the guiding morality doesn't necessarily spring from the hippocratic oath.",Should euthanasia be legalized?,6,23,insufficient-neutral,"None.
I think the question is not directly related",0.0007359815062955,0.4707782864570617,0.0004941146471537,0.2900380790233612,9.430342470295729e-05,0.101812943816185,2.978113684548589e-07,1.4126889254839624e-05,3.967952366679128e-08,5.98170117882546e-06,0.5,insufficient-neutral,"None.

Okay, let's see. The user",0.0002052005584118,0.4440423846244812,0.0001274119131267,0.2490852028131485,8.098793477984145e-05,0.2164089679718017,2.9955465663533694e-08,2.792990244415705e-06,8.785910665665142e-09,2.623771706566913e-06,1.3316568404489267e-05,0.0005308898867849235,0.00036674946227762697
23,Legal euthanasia is better than alternatives for those seeking to end their lives.,Should euthanasia be legalized?,6,24,supports,True,0.000829997472465,0.7313684821128845,0.0001699467538855,0.1485865265130996,1.8625798475113697e-05,0.0242560803890228,3.631452614172304e-07,2.6472598619875495e-05,2.2238705099653092e-08,4.287902356736595e-06,0.25,supports,,0.0002052005584118,0.4440423846244812,0.0001274119131267,0.2490852028131485,8.098793477984145e-05,0.2164089679718017,2.9955465663533694e-08,2.792990244415705e-06,8.785910665665142e-09,2.623771706566913e-06,-0.7700176140341609,0.0006249251490427492,4.254026089482553e-05
24,Legalised euthanasia is safer than forcing people to seek the alternative option themselves.,Should euthanasia be legalized?,2,25,supports,"True.

The question is whether euthanasia should",0.000797122134827,0.7361086010932922,0.000160684925504,0.1427011638879776,1.7610722352401353e-05,0.024413289502263,4.443336365511641e-07,3.728190131369047e-05,1.7228684257020177e-08,4.487610567593947e-06,0.25,supports,True,0.0002052005584118,0.4440423846244812,0.0001274119131267,0.2490852028131485,8.098793477984145e-05,0.2164089679718017,2.9955465663533694e-08,2.792990244415705e-06,8.785910665665142e-09,2.623771706566913e-06,-0.7825512849503503,0.000592043063982533,3.3277252295678605e-05
25,Badly implemented suicides can cause direct collateral damage.,Should euthanasia be legalized?,6,26,refutes,"False.
None.

I need to determine if the",0.0003493957919999,0.395321786403656,0.0005245052161626,0.4341760277748108,3.653946259873919e-05,0.0676315799355506,1.343810396292611e-07,9.83446261670906e-06,2.4568388212742324e-08,5.305294507707004e-06,0.0,refutes,True,0.0002052005584118,0.4440423846244812,0.0001274119131267,0.2490852028131485,8.098793477984145e-05,0.2164089679718017,2.9955465663533694e-08,2.792990244415705e-06,8.785910665665142e-09,2.623771706566913e-06,-0.5488283199458229,0.00014422482860346623,0.0003971439039004825
26,Many who might look to end their lives through euthanasia might not end their lives where it is not legal.,Should euthanasia be legalized?,3,27,,"True.

The question asks whether euthanasia should",0.0008545614546164,0.5773555040359497,0.0002545891329646,0.2058624476194381,3.527196531649679e-05,0.047392226755619,4.800876922672614e-07,3.287708750576712e-05,3.3445132885390194e-08,5.624606728815706e-06,0.25,,"None.
Okay, so I need to figure out",0.0002052005584118,0.4440423846244812,0.0001274119131267,0.2490852028131485,8.098793477984145e-05,0.2164089679718017,2.9955465663533694e-08,2.792990244415705e-06,8.785910665665142e-09,2.623771706566913e-06,-0.5644787657275061,0.0006494941727715379,0.00012719342579561776
27,"In this study, of 56 attempted suicides, 55 were from falling and 1 gunshot wound, and many had significant injuries and an increased likeihood of further suicide attempts.",Should euthanasia be legalized?,0,28,insufficient-neutral,False,6.819881673436612e-05,0.1794096678495407,0.0003490585077088,0.4653532803058624,0.0001023785443976,0.2735670804977417,2.8250747519109612e-08,2.226769993285416e-06,1.6034034544532005e-08,4.325875579525018e-06,0.0,insufficient-neutral,,0.0002052005584118,0.4440423846244812,0.0001274119131267,0.2490852028131485,8.098793477984145e-05,0.2164089679718017,2.9955465663533694e-08,2.792990244415705e-06,8.785910665665142e-09,2.623771706566913e-06,2.1392342139368518e-05,-0.6676479963689789,0.00022167483859737773
28,People may be more inclined to favor euthanasia and make less effort to preserve their lives to the end.,Should euthanasia be legalized?,5,29,refutes,"True.
Okay, let's break this down.",0.0006290003075264,0.3692139983177185,0.0006049036746844,0.3634898662567138,7.93460858403705e-05,0.0863364115357399,4.262439858848666e-07,2.11895185202593e-05,6.188788859162743e-08,8.902384251996409e-06,0.5,refutes,True,0.0002052005584118,0.4440423846244812,0.0001274119131267,0.2490852028131485,8.098793477984145e-05,0.2164089679718017,2.9955465663533694e-08,2.792990244415705e-06,8.785910665665142e-09,2.623771706566913e-06,-0.02027275968863965,0.00042388673090848575,0.0004775526074490337
29,Legalised euthanasia is less stigmatising than suicide or the non-legal alternatives.,Should euthanasia be legalized?,1,30,supports,True,0.0010752829257398,0.6213899850845337,0.000398677017074,0.208139568567276,4.687697946792469e-05,0.0409851148724556,5.630716941595892e-07,3.196732359356247e-05,3.8920923373098055e-08,6.101070084696403e-06,0.25,supports,True,0.0002052005584118,0.4440423846244812,0.0001274119131267,0.2490852028131485,8.098793477984145e-05,0.2164089679718017,2.9955465663533694e-08,2.792990244415705e-06,8.785910665665142e-09,2.623771706566913e-06,-0.42118564209155823,0.0008702609453599519,0.00027129967075738184
30,"People should have the right to die with dignity when their dignity is violated by degrading living conditions; 
Therefore, euthanasia is not a violation of dignity of life, on the contrary it's the highest form of respect for it.",Should euthanasia be legalized?,1,31,supports,"True.
I think the question is not clearly formulated",0.000540692708455,0.6932188868522644,0.000158584662131,0.1752731800079345,3.1227169529302046e-05,0.0494380705058574,1.575875785420067e-07,9.30313217395451e-06,1.0978280506890314e-08,2.3338950541074155e-06,0.5,supports,"False.
But I think that the question is not",0.0002052005584118,0.4440423846244812,0.0001274119131267,0.2490852028131485,8.098793477984145e-05,0.2164089679718017,2.9955465663533694e-08,2.792990244415705e-06,8.785910665665142e-09,2.623771706566913e-06,-0.6144219553913759,0.0003355610073492893,3.1176721290004586e-05
31,"Life has no inherent value, so it cannot be devalued.",Should euthanasia be legalized?,1,32,supports,"True.
Wait, the user wants me to answer",0.0004439625772647,0.3646443784236908,0.0006822715513408,0.5062585473060608,2.210359525633976e-05,0.0339172072708606,1.9730397582407025e-07,1.1557131983863655e-05,2.7765883814367956e-08,6.23460528004216e-06,0.25,supports,True,0.0002052005584118,0.4440423846244812,0.0001274119131267,0.2490852028131485,8.098793477984145e-05,0.2164089679718017,2.9955465663533694e-08,2.792990244415705e-06,8.785910665665142e-09,2.623771706566913e-06,-0.7270754549251511,0.0002388110230081762,0.0005549303429507474
32,"The cost of palliative care is extremely high, thus many people who opt for euthanasia are more likely to be poor.",Should euthanasia be legalized?,3,33,refutes,True,0.0002871847827918,0.3249335289001465,0.0005535631789825,0.4802206158638,5.108870391268283e-05,0.086098812520504,1.1440630487413729e-07,7.89615478424821e-06,2.3517031877418052e-08,4.9800423767010216e-06,0.5,refutes,True,0.0002052005584118,0.4440423846244812,0.0001274119131267,0.2490852028131485,8.098793477984145e-05,0.2164089679718017,2.9955465663533694e-08,2.792990244415705e-06,8.785910665665142e-09,2.623771706566913e-06,-0.3691812977875907,8.200105104146403e-05,0.00042620556952279815
33,"In 2014, the Lithuanian health minister proposed that ""euthanasia might be needed for poor people who cannot access palliative care"".",Should euthanasia be legalized?,0,34,supports,True,0.000251770048635,0.5533957481384277,0.0001326734927715,0.2455678731203079,2.5519775590510108e-05,0.0797242224216461,2.5913914214470424e-07,2.8692655178019777e-05,1.4449307528252577e-08,4.539836936601205e-06,0.5,supports,False,0.0002052005584118,0.4440423846244812,0.0001274119131267,0.2490852028131485,8.098793477984145e-05,0.2164089679718017,2.9955465663533694e-08,2.792990244415705e-06,8.785910665665142e-09,2.623771706566913e-06,-0.6848941060185895,4.6579048269915275e-05,5.2622501181548945e-06
34,It is immoral to let people die simply because they cannot afford pain-relieving therapies. Palliative care should be made more accessible instead of legalizing euthanasia.,Should euthanasia be legalized?,1,35,refutes,False,0.0002999908756464,0.4030746519565582,0.0004433577996678,0.5095341205596924,1.38132336360286e-05,0.0238312296569347,3.292788619546627e-08,2.2374001673597377e-06,9.507989062740307e-09,2.021322643486201e-06,0.75,refutes,True,0.0002052005584118,0.4440423846244812,0.0001274119131267,0.2490852028131485,8.098793477984145e-05,0.2164089679718017,2.9955465663533694e-08,2.792990244415705e-06,8.785910665665142e-09,2.623771706566913e-06,-0.8294408460522095,9.480977225280915e-05,0.0003159861469406032
35,"Humans have caused irreparable damage to the environment, and are causing constant harm, pain, and suffering to many other living organisms.
 All of this could be avoided if they didn't exist.",Would the world be a better place without humans?,2,36,supports,True,0.000435122201452,0.7506928443908691,0.0001480428618378,0.1623487174510955,2.3241496819537133e-05,0.0300314910709857,1.1477784944702309e-08,6.490888608823298e-07,3.814657478784511e-09,5.508745744009502e-07,0.3333333333333333,supports,False,0.0002149816427845,0.5524482727050781,0.0001366506330668,0.2821629643440246,2.3196236725198105e-05,0.0713419690728187,2.2254107889807532e-08,2.685159415705129e-06,6.451065903689823e-09,1.7336692508251872e-06,4.526114422724395e-08,0.00022018789502289333,1.1393785739034256e-05
36,"Without humans, animals and plants would be able to live and grow without the risks associated with human generated waste and anthropogenic climate change.",Would the world be a better place without humans?,2,37,supports,True,0.0002482543059159,0.5946353673934937,0.0001615421642782,0.2638678550720215,1.914331551233772e-05,0.0473088957369327,3.3386328368578695e-08,3.1250606298272032e-06,1.1052732951100095e-08,2.530751089580008e-06,0.5555555555555556,supports,False. The world is not a better place without,0.0002149816427845,0.5524482727050781,0.0001366506330668,0.2821629643440246,2.3196236725198105e-05,0.0713419690728187,2.2254107889807532e-08,2.685159415705129e-06,6.451065903689823e-09,1.7336692508251872e-06,-0.17472322173957178,3.3279817681276676e-05,2.4894933119770955e-05
37,Global warming would continue to exist; it exists regardless of the impact of humans.,Would the world be a better place without humans?,3,38,refutes,True,0.0001548394793644,0.362290471792221,0.0002870270691346,0.5029904842376709,1.5694755347794853e-05,0.0467854067683219,2.4440412360604572e-08,2.2787774014432216e-06,1.4255967073495412e-08,3.394228542674682e-06,0.3333333333333333,refutes,"False. Humans have made significant contributions to science,",0.0002149816427845,0.5524482727050781,0.0001366506330668,0.2821629643440246,2.3196236725198105e-05,0.0713419690728187,2.2254107889807532e-08,2.685159415705129e-06,6.451065903689823e-09,1.7336692508251872e-06,-0.32339217202652454,-0.27975487879394045,0.0001503969879114094
38,The impact of human activity has greatly exacerbated climate change (p. 1).,Would the world be a better place without humans?,4,39,supports,True,0.000262922985712,0.6347101330757141,0.0001498090132372,0.2193499654531479,1.7477663277531974e-05,0.0459782481193542,2.2213722417063764e-08,1.4918041415512562e-06,6.854661283028918e-09,1.4918041415512562e-06,0.1111111111111111,supports,"True.
I think the answer is False. Humans",0.0002149816427845,0.5524482727050781,0.0001366506330668,0.2821629643440246,2.3196236725198105e-05,0.0713419690728187,2.2254107889807532e-08,2.685159415705129e-06,6.451065903689823e-09,1.7336692508251872e-06,-0.24653022451068696,4.795165165234646e-05,1.3160178517125638e-05
39,"Without humans, a variety of species, habitats, and environments would have been changed by circumstances other than human influence and intervention. 
There is no guarantee that those natural changes would have been necessarily better than the changes caused by humans.",Would the world be a better place without humans?,3,40,refutes,True,9.337504889117554e-05,0.3279730379581451,0.0001730899966787,0.4081690311431885,5.237865480012261e-05,0.1573631763458252,9.44193256913195e-09,8.73496787789918e-07,7.889029873808795e-09,2.283448338857852e-06,0.6666666666666666,refutes,"True.
The question is asking whether the world would",0.0002149816427845,0.5524482727050781,0.0001366506330668,0.2821629643440246,2.3196236725198105e-05,0.0713419690728187,2.2254107889807532e-08,2.685159415705129e-06,6.451065903689823e-09,1.7336692508251872e-06,2.91830950129048e-05,-0.5656603620580957,3.644434375454575e-05
40,The Earth would be able to heal and become a better place because the root cause for ecocide would simply not exist.,Would the world be a better place without humans?,2,41,supports,"True.
The given question is whether the world would",0.0004779619339387,0.6836190819740295,0.0002240162575617,0.2020774185657501,3.9851343899499625e-05,0.05789615213871,1.7710567234985323e-08,1.078726427294896e-06,6.566453603085165e-09,9.898950565911946e-07,0.6666666666666666,supports,True,0.0002149816427845,0.5524482727050781,0.0001366506330668,0.2821629643440246,2.3196236725198105e-05,0.0713419690728187,2.2254107889807532e-08,2.685159415705129e-06,6.451065903689823e-09,1.7336692508251872e-06,1.6655493519071962e-05,0.00026303683924601396,8.737756469443133e-05
41,The universe would be better without humans because humans are naturally selfish.,Would the world be a better place without humans?,1,42,supports,"True.

Wait, I'm not sure. Let",0.0003558530879672,0.66902756690979,0.0001329725928371,0.1745262742042541,1.8137026927433908e-05,0.0441271513700485,6.389705475839946e-08,4.805833668797277e-06,1.9110579785319718e-08,3.5994032714370405e-06,0.6666666666666666,supports,True,0.0002149816427845,0.5524482727050781,0.0001366506330668,0.2821629643440246,2.3196236725198105e-05,0.0713419690728187,2.2254107889807532e-08,2.685159415705129e-06,6.451065903689823e-09,1.7336692508251872e-06,-0.21810476663520037,0.0001409017364694774,-0.026915647203054272
42,Humans are the only ones that set aside stocks of resources for medium term use. This causes continued extraction/exploitation of the Earth in excess of current needs.,Would the world be a better place without humans?,3,43,supports,True,0.0003300506505183,0.5433430671691895,0.0003458901483099,0.3508086502552032,2.585156653367449e-05,0.0432281047105789,1.552043826791305e-08,9.198301427204568e-07,8.604746248863648e-09,1.3383448731474346e-06,0.2222222222222222,supports,"False.
Okay, let's see. The question",0.0002149816427845,0.5524482727050781,0.0001366506330668,0.2821629643440246,2.3196236725198105e-05,0.0713419690728187,2.2254107889807532e-08,2.685159415705129e-06,6.451065903689823e-09,1.7336692508251872e-06,2.6553914035639794e-06,0.00011509375077741638,0.0002092681118630668
43,"While humans and animals must consume to survive, human beings are immoral because they are intelligent enough to survive without killing yet continue
to harm other species.",Would the world be a better place without humans?,1,44,supports,True,0.0003084357886109,0.5533251762390137,0.0002617660502437,0.3252830803394317,3.626629040809348e-05,0.0574158765375614,2.2552171685674693e-08,1.1657779168672278e-06,7.763437004371099e-09,1.1657779168672278e-06,0.2222222222222222,supports,True,0.0002149816427845,0.5524482727050781,0.0001366506330668,0.2821629643440246,2.3196236725198105e-05,0.0713419690728187,2.2254107889807532e-08,2.685159415705129e-06,6.451065903689823e-09,1.7336692508251872e-06,1.3070356865987323e-05,9.34742410723038e-05,0.0001251325166145126
44,The universe probably isn't anthropocentric.,Would the world be a better place without humans?,1,45,insufficient-neutral,False,0.0002930261543951,0.3238625228404999,0.0006552058621309,0.5095072984695435,7.293998351087794e-05,0.0957335829734802,2.2986158754179087e-08,1.133799514718703e-06,1.6109730438529368e-08,1.8118066691386048e-06,0.1111111111111111,insufficient-neutral,"True.
False.
None.
False. The statement",0.0002149816427845,0.5524482727050781,0.0001366506330668,0.2821629643440246,2.3196236725198105e-05,0.0713419690728187,2.2254107889807532e-08,2.685159415705129e-06,6.451065903689823e-09,1.7336692508251872e-06,4.974490068017188e-05,7.80612933556835e-05,0.000518626099648942
45,"""Better"" is a value claim. The post-human universe may not make the same value judgement given that humans are an outcome of the evolving universe.",Would the world be a better place without humans?,1,46,insufficient-neutral,True,0.0002605640620458,0.4674446284770965,0.0002817368949763,0.3815172016620636,4.354461998445913e-05,0.0739604756236076,2.2713232183946275e-08,1.5134793329707463e-06,1.8977615923176927e-08,2.495305579941487e-06,0.4444444444444444,insufficient-neutral,"False.

The question is whether the world would be",0.0002149816427845,0.5524482727050781,0.0001366506330668,0.2821629643440246,2.3196236725198105e-05,0.0713419690728187,2.2254107889807532e-08,2.685159415705129e-06,6.451065903689823e-09,1.7336692508251872e-06,2.03488552761251e-05,4.559222075181543e-05,0.00014510609074866262
46,"Selfishness has been associated with evolutionary advantages for many species, making the universe partially responsible for the selfishness of organisms that develop within it.",Would the world be a better place without humans?,3,47,insufficient-neutral,True,0.0001579705276526,0.3638860881328583,0.0003615981549955,0.5131615996360779,2.3480224626837295e-05,0.053248293697834,1.8171444793324557e-08,1.7825298073148588e-06,9.208839912844269e-09,1.6615005051789922e-06,0.1111111111111111,insufficient-neutral,True,0.0002149816427845,0.5524482727050781,0.0001366506330668,0.2821629643440246,2.3196236725198105e-05,0.0713419690728187,2.2254107889807532e-08,2.685159415705129e-06,6.451065903689823e-09,1.7336692508251872e-06,2.8399448924259105e-07,-0.26519061996864807,0.0002249782653510865
47,The link between evolutionary selection and selfishness has been overturned due to recent findings that evolutionary pressures to cooperate and act selflessly are stronger.,Would the world be a better place without humans?,4,48,refutes,"False.
The given question is not logically connected to",7.895580347394571e-05,0.2044877260923385,0.0004403801285661,0.7026669383049011,1.980779961741064e-05,0.0493349656462669,7.798935719449673e-09,7.386088896055298e-07,4.7860533314292306e-09,9.410122174813296e-07,0.1111111111111111,refutes,True,0.0002149816427845,0.5524482727050781,0.0001366506330668,0.2821629643440246,2.3196236725198105e-05,0.0713419690728187,2.2254107889807532e-08,2.685159415705129e-06,6.451065903689823e-09,1.7336692508251872e-06,-0.14607701878238724,-0.6327323465795083,0.0003037710059995772
48,"Nature causes irreparable damage to itself as well as constant harm, pain, and suffering to other living organisms without any help from humans.
 None of this can be avoided without humans.",Would the world be a better place without humans?,3,49,refutes,True,0.0004114656476303,0.779650092124939,0.000102421901829,0.1354828774929046,1.140199037763523e-05,0.0161811206489801,9.805559031406121e-09,6.741268521182064e-07,3.2209239719804823e-09,6.332835482680821e-07,0.3333333333333333,refutes,True,0.0002149816427845,0.5524482727050781,0.0001366506330668,0.2821629643440246,2.3196236725198105e-05,0.0713419690728187,2.2254107889807532e-08,2.685159415705129e-06,6.451065903689823e-09,1.7336692508251872e-06,-0.5084551639685057,0.00019652625438281753,-0.2504835174899461
49,Whenever human populations expand they take more land away from wild habitats which heavily restricts the freedom of all living organisms in that habitat often leading to many deaths as well.,Would the world be a better place without humans?,0,50,supports,False,0.0001970335288206,0.5782427191734314,0.0001880107301985,0.3243647515773773,1.3942426448920742e-05,0.0369658172130584,7.503338395054016e-09,7.331711913138861e-07,4.376658147009493e-09,1.0920552995230537e-06,0.1111111111111111,supports,True,0.0002149816427845,0.5524482727050781,0.0001366506330668,0.2821629643440246,2.3196236725198105e-05,0.0713419690728187,2.2254107889807532e-08,2.685159415705129e-06,6.451065903689823e-09,1.7336692508251872e-06,-0.39893584402960225,-0.08348672812911469,5.136711648068591e-05
50,"Domesticated animals have no natural freedoms, they are almost entirely stripped away for the purpose of production for humans",Would the world be a better place without humans?,0,51,supports,True,0.0001950169826159,0.5050747394561768,0.0002158641291316,0.3581516444683075,2.3110202164389196e-05,0.0694308578968048,1.3085005967639065e-08,1.4097313396632671e-06,5.990752338647097e-09,1.1964234545303043e-06,0.2222222222222222,supports,True,0.0002149816427845,0.5524482727050781,0.0001366506330668,0.2821629643440246,2.3196236725198105e-05,0.0713419690728187,2.2254107889807532e-08,2.685159415705129e-06,6.451065903689823e-09,1.7336692508251872e-06,-0.0037089878771347884,-0.09286681369633401,7.922432211857178e-05
51,Humans also provide a habitat for billions of living organisms that reside in our bodies. Many of these creatures would go extinct without humans.,Would the world be a better place without humans?,2,52,refutes,"False.
True",0.0002133414818672,0.4010961949825287,0.0003409187193028,0.4763135313987732,1.5454405001946725e-05,0.0361599214375019,2.0909018516590553e-08,1.6545334347028984e-06,1.2583269537458364e-08,2.426213086437201e-06,0.4444444444444444,refutes,True,0.0002149816427845,0.5524482727050781,0.0001366506330668,0.2821629643440246,2.3196236725198105e-05,0.0713419690728187,2.2254107889807532e-08,2.685159415705129e-06,6.451065903689823e-09,1.7336692508251872e-06,-0.3337537814847965,-0.0076293068378126576,0.00020429600341419956
52,"Not all animals suffer or feel pain, and thus cannot feel the effects of a loss of autonomy.",Would the world be a better place without humans?,3,53,insufficient-neutral,"False.
True",0.0002860821550711,0.4091773927211761,0.0004328284994699,0.4709602892398834,2.5791088773985397e-05,0.0459084287285804,3.1401224731553163e-08,2.035958232227131e-06,1.4602924203188651e-08,1.9887952475983184e-06,0.2222222222222222,insufficient-neutral,True,0.0002149816427845,0.5524482727050781,0.0001366506330668,0.2821629643440246,2.3196236725198105e-05,0.0713419690728187,2.2254107889807532e-08,2.685159415705129e-06,6.451065903689823e-09,1.7336692508251872e-06,2.594912240985915e-06,7.111580087830077e-05,0.00029621834482744666
53,"Suffering should be put in the context of the complexity of the nervous system. Animals tend to have less complex nervous systems than human beings,
 which implies that they have a reduced capacity for suffering.",Would the world be a better place without humans?,3,54,insufficient-neutral,False,9.59244425757788e-05,0.2426798492670059,0.0003883854660671,0.659672200679779,2.581771332188509e-05,0.0541491918265819,9.699722802736233e-09,6.363133024933632e-07,5.1314006377367605e-09,9.114767749451858e-07,0.3333333333333333,insufficient-neutral,True,0.0002149816427845,0.5524482727050781,0.0001366506330668,0.2821629643440246,2.3196236725198105e-05,0.0713419690728187,2.2254107889807532e-08,2.685159415705129e-06,6.451065903689823e-09,1.7336692508251872e-06,2.6215374064892506e-06,-0.5538017044928132,0.000251769237425981
54,Scientists studying other creatures are constantly discovering how much more complex other life forms are than previously assumed.,Would the world be a better place without humans?,4,55,insufficient-neutral,"False.
The given question is ""Would the world",0.0001206076049129,0.2778203189373016,0.0004016846651211,0.5612124800682068,3.2715692213969305e-05,0.086064726114273,1.2148098527120512e-08,1.068205278897949e-06,7.225680498379461e-09,1.288501380258822e-06,0.0,insufficient-neutral,"False.
Okay, let's see. The user",0.0002149816427845,0.5524482727050781,0.0001366506330668,0.2821629643440246,2.3196236725198105e-05,0.0713419690728187,2.2254107889807532e-08,2.685159415705129e-06,6.451065903689823e-09,1.7336692508251872e-06,9.519676309436422e-06,-0.4389864950757753,0.0002650702540723262
55,"Many cephalopods, decapods, and other invertebrates feel pain, debunking the previous understanding of their nature.",Would the world be a better place without humans?,0,56,insufficient-neutral,False,6.195213791215792e-05,0.144954428076744,0.000531019992195,0.6915388703346252,5.299047552398406e-05,0.1146683767437934,8.266757944852543e-09,6.515994073197362e-07,5.703891581276821e-09,1.0997822528224788e-06,0.1111111111111111,insufficient-neutral,True,0.0002149816427845,0.5524482727050781,0.0001366506330668,0.2821629643440246,2.3196236725198105e-05,0.0713419690728187,2.2254107889807532e-08,2.685159415705129e-06,6.451065903689823e-09,1.7336692508251872e-06,2.9794929929033798e-05,-0.7118259163445902,0.0003944232573160084
56,All of humanity need not necessarily contribute to a cataclysmic event. It only takes a handful of individuals to use nuclear weapons for most life to be destroyed on the planet.,Would the world be a better place without humans?,3,57,supports,"False.

The question is whether the world would be",0.0001021254356601,0.33697509765625,0.0002669708046596,0.5138256549835205,3.0424989745370112e-05,0.0980653464794159,4.389737906507207e-09,4.879471475760511e-07,3.3395366472177557e-09,8.563739015698957e-07,0.3333333333333333,supports,True,0.0002149816427845,0.5524482727050781,0.0001366506330668,0.2821629643440246,2.3196236725198105e-05,0.0713419690728187,2.2254107889807532e-08,2.685159415705129e-06,6.451065903689823e-09,1.7336692508251872e-06,7.2289207039279235e-06,-0.524957413398912,0.00013033798236060224
57,"Value judgements are only relevant for human beings who assign value, meaning that the Earth cannot be better or worse without human beings to make value judgments about it.",Would the world be a better place without humans?,1,58,refutes,False,0.0001669673074502,0.429063618183136,0.0002710146654862,0.429063618183136,3.1128085538512096e-05,0.0844876393675804,1.0943446149269676e-08,8.96941571681964e-07,7.289906900354026e-09,1.70209614225314e-06,0.4444444444444444,refutes,True,0.0002149816427845,0.5524482727050781,0.0001366506330668,0.2821629643440246,2.3196236725198105e-05,0.0713419690728187,2.2254107889807532e-08,2.685159415705129e-06,6.451065903689823e-09,1.7336692508251872e-06,7.932032806624685e-06,-0.22334155936481562,0.00013438239585886712
58,If the world would be better or worse is subjective as those things aren't intrinsic qualities of something.,Would the world be a better place without humans?,1,59,insufficient-neutral,True,0.000304748158669,0.3188929557800293,0.0007310528308153,0.5509976148605347,3.555384319042787e-05,0.0438370965421199,3.2547802675253485e-08,1.4112639519225922e-06,3.5055361280456054e-08,3.465729832896613e-06,0.5555555555555556,insufficient-neutral,True,0.0002149816427845,0.5524482727050781,0.0001366506330668,0.2821629643440246,2.3196236725198105e-05,0.0713419690728187,2.2254107889807532e-08,2.685159415705129e-06,6.451065903689823e-09,1.7336692508251872e-06,1.2357893121844044e-05,8.978581818719265e-05,0.0005944834342861429
59,"There are general or pragmatic standards for Earthly wellness, like the stability of weather patterns or the preservation of species, that could be adopted without falling into naive subjectivism.",Would the world be a better place without humans?,1,60,insufficient-neutral,"False.
The question is whether the world would be",9.278479410568252e-05,0.3664189875125885,0.0002042501146206,0.5248709917068481,1.2754800991388038e-05,0.048820611089468,6.153027864996829e-09,7.084206572471885e-07,3.179703833566805e-09,7.482413479920069e-07,0.3333333333333333,insufficient-neutral,"False.
The question is subjective and depends on personal",0.0002149816427845,0.5524482727050781,0.0001366506330668,0.2821629643440246,2.3196236725198105e-05,0.0713419690728187,2.2254107889807532e-08,2.685159415705129e-06,6.451065903689823e-09,1.7336692508251872e-06,-0.4501349015147582,-0.5684059675797946,6.760872032823367e-05
60,"If the species making such a judgement does not exist and therefore cannot ascertain a value, it is impossible for the Earth to be better off.",Would the world be a better place without humans?,3,61,refutes,False,0.0002768316480796,0.3059638142585754,0.0006093982956372,0.5716156363487244,3.306282451376319e-05,0.0476599708199501,3.5110794271986385e-08,2.048606120297336e-06,2.0005527900934797e-08,2.3764246179780457e-06,0.4444444444444444,refutes,"False.
Okay, let's see. The question",0.0002149816427845,0.5524482727050781,0.0001366506330668,0.2821629643440246,2.3196236725198105e-05,0.0713419690728187,2.2254107889807532e-08,2.685159415705129e-06,6.451065903689823e-09,1.7336692508251872e-06,9.86681666158009e-06,6.186330476998751e-05,0.0004728122726667816
61,"The point of judging our existence on Earth is for humans to decide whether or not our presence is better than our absence. The question is an internal reflection, not outwardly asking the Earth itself.",Would the world be a better place without humans?,1,62,insufficient-neutral,"False.
The given question is a philosophical and ethical",0.0002734913141466,0.4718398153781891,0.0003099062596447,0.4296150505542755,2.14214942388935e-05,0.0336500518023967,1.0703679720336368e-08,5.447217290566186e-07,1.61310165225359e-08,1.8864698176912496e-06,0.3333333333333333,insufficient-neutral,"True.
True",0.0002149816427845,0.5524482727050781,0.0001366506330668,0.2821629643440246,2.3196236725198105e-05,0.0713419690728187,2.2254107889807532e-08,2.685159415705129e-06,6.451065903689823e-09,1.7336692508251872e-06,-0.07650993164665794,5.852225257209742e-05,0.00017327930530466724
62,Removing humans from the picture would most likely benefit the remaining conscious beings on the planet.,Would the world be a better place without humans?,2,63,supports,"True.
True. The argument suggests that removing humans",0.0003996209998149,0.6630324125289917,0.0001640041300561,0.1729623526334762,4.146674109506421e-05,0.0677330270409584,3.3895151574370175e-08,2.376233396716998e-06,1.3588303815481597e-08,2.4136536467267437e-06,0.3333333333333333,supports,True,0.0002149816427845,0.5524482727050781,0.0001366506330668,0.2821629643440246,2.3196236725198105e-05,0.0713419690728187,2.2254107889807532e-08,2.685159415705129e-06,6.451065903689823e-09,1.7336692508251872e-06,1.827092818664151e-05,0.00018467905963802887,2.7357235372832636e-05
63,"All human suffering would be eliminated without humans. In this manner, the world would in fact be better, even if only in the eyes of the humans who lived prior to their extinction.",Would the world be a better place without humans?,2,64,supports,"True.
Okay, let's tackle this question.",0.0003951671824324,0.7847017049789429,5.023986886953935e-05,0.0729886293411254,2.3181892174761742e-05,0.0442698411643505,2.0329320449263832e-08,1.381346805828798e-06,8.607975665597678e-09,1.5530898735960363e-06,0.7777777777777778,supports,True,0.0002149816427845,0.5524482727050781,0.0001366506330668,0.2821629643440246,2.3196236725198105e-05,0.0713419690728187,2.2254107889807532e-08,2.685159415705129e-06,6.451065903689823e-09,1.7336692508251872e-06,-0.0006183998984964712,0.00018022428456066454,-0.6323480708283276
64,"Humans are the most advanced species that has ever been on Earth, and humanity is still evolving. Removing humanity from existence would eliminate this progress.",Would the world be a better place without humans?,5,65,refutes,False,0.0001825545477913,0.3513537943363189,0.0004244520387146,0.5274445414543152,2.0642695744754747e-05,0.0406721569597721,2.5628640543118312e-08,1.8178853906647417e-06,1.5483953674788612e-08,2.665752845132374e-06,0.3333333333333333,refutes,"True.
Okay, let's see. The user",0.0002149816427845,0.5524482727050781,0.0001366506330668,0.2821629643440246,2.3196236725198105e-05,0.0713419690728187,2.2254107889807532e-08,2.685159415705129e-06,6.451065903689823e-09,1.7336692508251872e-06,-0.11008427835492139,-0.15083657643134335,0.0002878407392670433
65,"Humans might be the most advanced species in the entire universe. If humanity did not exist, the universe could lose the species with the most advanced consciousness.",Would the world be a better place without humans?,3,66,refutes,True,0.000154442153871,0.2903615236282348,0.0004574909398797,0.568500280380249,3.697093416121788e-05,0.0757453367114067,1.3998932679726296e-08,1.0653006938809997e-06,1.0859875665403253e-08,1.599205688762595e-06,0.3333333333333333,refutes,True,0.0002149816427845,0.5524482727050781,0.0001366506330668,0.2821629643440246,2.3196236725198105e-05,0.0713419690728187,2.2254107889807532e-08,2.685159415705129e-06,6.451065903689823e-09,1.7336692508251872e-06,1.3775016964574183e-05,-0.2816030621469641,0.00032088415583593613
66,"In near future, humanity could develop a reliable technological ability to protect the planet and life from extinction events.",Would the world be a better place without humans?,2,67,refutes,"False.

True",0.0001585563150001,0.4303524494171142,0.0002655318530742,0.4510055184364319,1.5946428902680054e-05,0.0506014190614223,9.87761783477481e-09,1.0600301720842251e-06,5.3078008654949835e-09,1.2296565046199248e-06,0.2222222222222222,refutes,"True.
Okay, let's see. The question",0.0002149816427845,0.5524482727050781,0.0001366506330668,0.2821629643440246,2.3196236725198105e-05,0.0713419690728187,2.2254107889807532e-08,2.685159415705129e-06,6.451065903689823e-09,1.7336692508251872e-06,-0.3125424140305731,-0.26246579500260575,0.00012889883411468331
67,"Humans have created a unique set of values, cultures, and traditions in a way that only they could. To say the world would be a better place without humans is to fail to take into account the complex and rich culture of every human society.",Would the world be a better place without humans?,0,68,refutes,"False.
True",0.0002147423510905,0.3882632553577423,0.000440622708993,0.4683349132537842,1.3202106856624596e-05,0.0229555256664752,1.893963386123687e-08,1.2376184486129205e-06,1.2420914963229281e-08,2.312175638508052e-06,1.0,refutes,"True.
False.
None.
The answer is:",0.0002149816427845,0.5524482727050781,0.0001366506330668,0.2821629643440246,2.3196236725198105e-05,0.0713419690728187,2.2254107889807532e-08,2.685159415705129e-06,6.451065903689823e-09,1.7336692508251872e-06,-0.4308513483015489,-0.0011130796606660645,0.00030401361957977654
68,These technological advancements have no inherent value to the universe and are only of limited value to humans.,Would the world be a better place without humans?,1,69,insufficient-supports,"True.
True. The argument suggests that technological advancements",0.000314766948577,0.370328277349472,0.0005834857583977,0.5222465395927429,2.076113196380902e-05,0.0344458930194377,2.170530244427482e-08,1.5516711755481083e-06,1.5694931576604176e-08,2.329334392925375e-06,0.2222222222222222,insufficient-supports,True,0.0002149816427845,0.5524482727050781,0.0001366506330668,0.2821629643440246,2.3196236725198105e-05,0.0713419690728187,2.2254107889807532e-08,2.685159415705129e-06,6.451065903689823e-09,1.7336692508251872e-06,-0.10497844069438325,9.980676241424483e-05,0.0004468961939787223
69,"Just because humans are the most advanced species, doesn't mean we make the Earth better. We are too smart for our own good- we create factories and cars and such that just destroy our atmosphere.",Would the world be a better place without humans?,0,70,supports,True,0.0003336062945891,0.7744911909103394,8.839687507133931e-05,0.1388586163520813,1.4657637620985042e-05,0.0314714647829532,8.765660197695979e-09,6.145202178231557e-07,4.140604747959742e-09,6.644548307122022e-07,0.3333333333333333,supports,True,0.0002149816427845,0.5524482727050781,0.0001366506330668,0.2821629643440246,2.3196236725198105e-05,0.0713419690728187,2.2254107889807532e-08,2.685159415705129e-06,6.451065903689823e-09,1.7336692508251872e-06,-0.3681027748323318,0.00011865015941078677,-0.35311770543991866
70,Removing humans means giving chance for new intelligent life to develop.,Would the world be a better place without humans?,2,71,supports,True,0.000335409422405,0.4988393485546112,0.0002868908632081,0.28423011302948,6.351584306685254e-05,0.111306108534336,6.537490548907955e-08,4.747125785797834e-06,2.6106118156121735e-08,4.601072305376874e-06,0.1111111111111111,supports,True,0.0002149816427845,0.5524482727050781,0.0001366506330668,0.2821629643440246,2.3196236725198105e-05,0.0713419690728187,2.2254107889807532e-08,2.685159415705129e-06,6.451065903689823e-09,1.7336692508251872e-06,4.032054162648289e-05,0.00012045367494942005,0.00015026076336973956
71,"In the cosmic perspective of life, there is no absolute sense of ""good"" and ""bad"".That's a human-created concept that wouldn't matter if humans were eradicated. Therefore, it makes humanity's existence irrelevant.",Would the world be a better place without humans?,1,72,insufficient-neutral,True,0.0003526305954437,0.3748086988925934,0.0006691752932965,0.4116468131542206,0.0001589430466992,0.1445016264915466,2.179695002269e-08,8.083953844106873e-07,1.423905882091958e-08,1.2135451470385306e-06,0.4444444444444444,insufficient-neutral,True,0.0002149816427845,0.5524482727050781,0.0001366506330668,0.2821629643440246,2.3196236725198105e-05,0.0713419690728187,2.2254107889807532e-08,2.685159415705129e-06,6.451065903689823e-09,1.7336692508251872e-06,0.0001357499588621831,0.0001376785510202745,0.0005325974400070466
72,Retrocausality is possible in some interpretations of quantum physics.,Free Will or Determinism: Do we have free will?,0,73,insufficient-neutral,"False.
The question is about whether we have free",9.526142093818636e-05,0.4645443856716156,7.594902126584202e-05,0.3617875277996063,2.1930423827143383e-05,0.1174552142620086,1.3852180735796082e-08,1.074923943633621e-06,6.7246936907849886e-09,2.9679601993848337e-06,0.0,insufficient-neutral,True,8.727814565645531e-05,0.4357069432735443,5.998533742967993e-05,0.2994567155838012,2.1895642930758186e-05,0.1328831166028976,1.8322053207953104e-08,1.728450229165901e-06,4.969990641257027e-09,2.1510909391508903e-06,3.478165795195999e-08,7.983972108011612e-06,1.5964641480568247e-05
73,"Retrocausation provides a viable alternative to the problematic superdeterminism vs. 
action-at-a-distance debate by preserving local causation (link).",Free Will or Determinism: Do we have free will?,4,74,insufficient-neutral,True,8.059792162384838e-05,0.3495747745037079,0.0001172692718682,0.4631113409996032,2.96503167191986e-05,0.1246447265148162,1.6271506808607228e-08,1.0800126801768783e-06,9.343940732264857e-09,3.1496308565692743e-06,0.0,insufficient-neutral,False,8.727814565645531e-05,0.4357069432735443,5.998533742967993e-05,0.2994567155838012,2.1895642930758186e-05,0.1328831166028976,1.8322053207953104e-08,1.728450229165901e-06,4.969990641257027e-09,2.1510909391508903e-06,7.754843585726551e-06,-0.07653948170372069,5.728737084079041e-05
74,"The laws of physics, as we know them, are either deterministic or fundamentally random. In both cases,
 they are out of our control.",Free Will or Determinism: Do we have free will?,3,75,refutes,False,0.0002692190464586,0.3424780666828155,0.0004105100233573,0.5141204595565796,3.939545422326773e-05,0.063352070748806,3.036944207224224e-08,1.286307110603957e-06,1.7169325516874778e-08,2.7019207209377782e-06,0.2857142857142857,refutes,True,8.727814565645531e-05,0.4357069432735443,5.998533742967993e-05,0.2994567155838012,2.1895642930758186e-05,0.1328831166028976,1.8322053207953104e-08,1.728450229165901e-06,4.969990641257027e-09,2.1510909391508903e-06,1.7500194470518887e-05,0.00018195678165263695,0.0003505457135305307
75,"The laws of physics are probabilistic, meaning that events and motivations merely change the distribution of possible 
outcomes and choices, but don't necessarily determine them.",Free Will or Determinism: Do we have free will?,3,76,supports,True,0.0003071574610657,0.5729825496673584,0.000133142908453,0.2664616405963897,3.726242721313611e-05,0.080006293952465,2.7950310510505005e-08,1.411351831848151e-06,1.3463194115104216e-08,2.873370021916344e-06,0.14285714285714285,supports,,8.727814565645531e-05,0.4357069432735443,5.998533742967993e-05,0.2994567155838012,2.1895642930758186e-05,0.1328831166028976,1.8322053207953104e-08,1.728450229165901e-06,4.969990641257027e-09,2.1510909391508903e-06,1.5367120755366854e-05,0.00021989850774323315,7.316195966815778e-05
76,"The Earth orbiting around the Sun was not compatible with our understanding of the mechanisms that govern the
 universe less than 500 years ago, yet is now accepted as fact.",Free Will or Determinism: Do we have free will?,0,77,insufficient-neutral,True,7.251795614138246e-05,0.2095220386981964,0.0003199642233084,0.6255172491073608,4.330244701122865e-05,0.1270815432071685,1.5342886072744477e-08,8.84780376964045e-07,5.0793493855394445e-09,1.5650171008019242e-06,0.0,insufficient-neutral,False,8.727814565645531e-05,0.4357069432735443,5.998533742967993e-05,0.2994567155838012,2.1895642930758186e-05,0.1328831166028976,1.8322053207953104e-08,1.728450229165901e-06,4.969990641257027e-09,2.1510909391508903e-06,2.1407272806471956e-05,-0.16911667180890835,0.0002599944817354368
77,"If entropy leads to universal randomness and randomness is the lack of all deterministic forces, then at least one part 
of a wholly deterministic universe is false, meaning there most be something else influencing the universe outside 
of determinism.",Free Will or Determinism: Do we have free will?,3,78,supports,True,0.0002784982207231,0.3433821499347687,0.0004020591732114,0.5154776573181152,4.204694414511323e-05,0.0625345334410667,7.247638222906971e-08,2.625704610181856e-06,1.9279493557178284e-08,2.9063899091852363e-06,0.14285714285714285,supports,False,8.727814565645531e-05,0.4357069432735443,5.998533742967993e-05,0.2994567155838012,2.1895642930758186e-05,0.1328831166028976,1.8322053207953104e-08,1.728450229165901e-06,4.969990641257027e-09,2.1510909391508903e-06,2.0151742449712157e-05,0.00019123676585695005,0.00034209435642712315
78,"The inexistence of free will cannot be scientifically proven as it would be impossible to put two distinct human 
beings in exactly the same conditions twice and observe their decisions.",Free Will or Determinism: Do we have free will?,3,79,insufficient-supports,True,0.0002054788928944,0.263443261384964,0.0003495313576422,0.4623573124408722,9.706135460874066e-05,0.167454719543457,9.495575170603845e-08,3.0240387332014507e-06,5.1224787966930314e-08,8.22018955659587e-06,0.2857142857142857,insufficient-supports,False,8.727814565645531e-05,0.4357069432735443,5.998533742967993e-05,0.2994567155838012,2.1895642930758186e-05,0.1328831166028976,1.8322053207953104e-08,1.728450229165901e-06,4.969990641257027e-09,2.1510909391508903e-06,7.516735751560269e-05,0.00011821106448044863,0.0002895633897701627
79,"Determinism based on physical causation inherits the philosophical doubt about causality expressed most famously 
by Hume: we can't in the end tell the difference between ""A causes B"" and ""A happens then B happens"".",Free Will or Determinism: Do we have free will?,4,80,supports,"False.
Wait, the user is asking whether the",0.0001650503400014,0.2305995672941208,0.0005245288484729,0.5981297492980957,5.748723924625665e-05,0.0917261689901351,2.635922413674052e-08,1.0365915841248352e-06,1.3568564938282181e-08,2.264124077555607e-06,0.2857142857142857,supports,True,8.727814565645531e-05,0.4357069432735443,5.998533742967993e-05,0.2994567155838012,2.1895642930758186e-05,0.1328831166028976,1.8322053207953104e-08,1.728450229165901e-06,4.969990641257027e-09,2.1510909391508903e-06,3.559237563344639e-05,7.777898275033018e-05,0.00046457137851412043
80,"By Occam's Razor, the simplest explanation for the lack of empirical evidence for the existence of free will
 is that free will does not exist.",Free Will or Determinism: Do we have free will?,4,81,refutes,False,0.0001258735574083,0.1527931690216064,0.0005685506621375,0.6637032628059387,2.875223071896471e-05,0.0458768308162689,1.445321515802789e-07,6.8292538344394416e-06,3.726420416683141e-08,6.882816705910955e-06,0.2857142857142857,refutes,True,8.727814565645531e-05,0.4357069432735443,5.998533742967993e-05,0.2994567155838012,2.1895642930758186e-05,0.1328831166028976,1.8322053207953104e-08,1.728450229165901e-06,4.969990641257027e-09,2.1510909391508903e-06,6.856737920891711e-06,3.859878058183847e-05,0.000508595833000478
81,Free will and determinism are not mutually exclusive because freedom and weak forms of determinism are compatible.,Free Will or Determinism: Do we have free will?,3,82,supports,False,0.0003255137416999,0.3799916803836822,0.0003519642632454,0.3982278704643249,3.17305421049241e-05,0.0564807243645191,1.4466343145613794e-07,6.05587956670206e-06,4.90273670550323e-08,7.836891199985985e-06,0.42857142857142855,supports,True,8.727814565645531e-05,0.4357069432735443,5.998533742967993e-05,0.2994567155838012,2.1895642930758186e-05,0.1328831166028976,1.8322053207953104e-08,1.728450229165901e-06,4.969990641257027e-09,2.1510909391508903e-06,9.835114520321631e-06,0.00023825639061940876,0.00029199644132078096
82,"Compatiblism is a widely held position within the academic community, which suggests that it is plausible in many
 different forms.",Free Will or Determinism: Do we have free will?,4,83,insufficient-supports,"True.
The question is about whether we have free",0.000190670005395,0.3066176176071167,0.0002246641670353,0.3937048316001892,2.5804380129557103e-05,0.0694930329918861,2.1386195214745385e-07,1.2000151400570758e-05,2.635296425523848e-08,1.2774095011991449e-05,0.0,insufficient-supports,True,8.727814565645531e-05,0.4357069432735443,5.998533742967993e-05,0.2994567155838012,2.1895642930758186e-05,0.1328831166028976,1.8322053207953104e-08,1.728450229165901e-06,4.969990641257027e-09,2.1510909391508903e-06,3.908822784986897e-06,0.00010340088437599227,0.0001646887085133711
83,The consensus among academics lends reasonable credibility to the accuracy of a position relative to the general public.,Free Will or Determinism: Do we have free will?,4,84,insufficient-neutral,"False.
None.

The question is about whether the",8.230214734794572e-05,0.1523346006870269,0.0001225886808242,0.289080262184143,4.106205960852094e-05,0.1523346006870269,3.33732543822407e-07,2.822151509462856e-05,5.5554867373075474e-08,1.9548471755115315e-05,0.0,insufficient-neutral,True,8.727814565645531e-05,0.4357069432735443,5.998533742967993e-05,0.2994567155838012,2.1895642930758186e-05,0.1328831166028976,1.8322053207953104e-08,1.728450229165901e-06,4.969990641257027e-09,2.1510909391508903e-06,1.916683634796754e-05,-0.05701310758934016,6.260709890247323e-05
84,"Debating necessarily involves the implicit assumption that it's possible in principle to change the minds of others 
involved. This is only possible if the participants are free in some sense.",Free Will or Determinism: Do we have free will?,0,85,supports,False,0.0002093117363983,0.5636913776397705,0.0001372699916828,0.3527490794658661,1.3591568858828396e-05,0.0448470078408718,1.6291483717623123e-08,9.84569965112314e-07,6.1835492282114055e-09,1.5610945638400151e-06,0.14285714285714285,supports,True,8.727814565645531e-05,0.4357069432735443,5.998533742967993e-05,0.2994567155838012,2.1895642930758186e-05,0.1328831166028976,1.8322053207953104e-08,1.728450229165901e-06,4.969990641257027e-09,2.1510909391508903e-06,-0.37925691874818324,0.00012204424253702138,7.728929047728906e-05
85,"Computer programs can and have participated in a debate, yet lack free will.",Free Will or Determinism: Do we have free will?,0,86,refutes,False,0.0001248914486495,0.2991483211517334,0.0002949541376437,0.5857040286064148,2.1035151803516783e-05,0.0636923611164093,2.0902895414565137e-08,1.442686993868847e-06,9.167539616328211e-09,1.8963763750434737e-06,0.42857142857142855,refutes,True,8.727814565645531e-05,0.4357069432735443,5.998533742967993e-05,0.2994567155838012,2.1895642930758186e-05,0.1328831166028976,1.8322053207953104e-08,1.728450229165901e-06,4.969990641257027e-09,2.1510909391508903e-06,-0.03929965107499159,3.761658609892534e-05,0.00023498289574231136
86,"Free will could be like gravity, which is a set of assumptions that are only supported by our observations of 
how they impact other things.",Free Will or Determinism: Do we have free will?,7,87,insufficient-neutral,True,0.0001791178510757,0.2813680768013,0.0003046897181775,0.4290350675582886,9.587487147655338e-05,0.1680125445127487,1.1269730038065973e-07,4.245486707077362e-06,2.418283351346417e-08,3.805629603448324e-06,0.2857142857142857,insufficient-neutral,True,8.727814565645531e-05,0.4357069432735443,5.998533742967993e-05,0.2994567155838012,2.1895642930758186e-05,0.1328831166028976,1.8322053207953104e-08,1.728450229165901e-06,4.969990641257027e-09,2.1510909391508903e-06,7.398084840403556e-05,9.184772171807902e-05,0.00024471906030322786
87,"Current science falls short of explaining consciousness and personhood. Thus restricting the conversation to purely
 scientific description of the topic would leave the discussion incomplete.",Free Will or Determinism: Do we have free will?,0,88,insufficient-neutral,False,0.0001600340910954,0.1853635460138321,0.0002537435793783,0.3104255199432373,0.0001189272225019,0.2380115091800689,2.511651757686195e-07,9.461791705689391e-06,5.285313520175806e-08,1.0391745490778703e-05,0.0,insufficient-neutral,False,8.727814565645531e-05,0.4357069432735443,5.998533742967993e-05,0.2994567155838012,2.1895642930758186e-05,0.1328831166028976,1.8322053207953104e-08,1.728450229165901e-06,4.969990641257027e-09,2.1510909391508903e-06,9.703370418648093e-05,7.276229599721303e-05,0.00019376986529937376
88,"Unknowns and incompleteness are not problematic for the scientific process.
 Despite not fully understanding what the force of gravity is, scientific studies and models remain useful.",Free Will or Determinism: Do we have free will?,0,89,insufficient-neutral,True,5.916070585954003e-05,0.1384230703115463,0.0003624032542575,0.6400617957115173,5.916070585954003e-05,0.1722702980041504,1.938646931876065e-08,8.843808245728724e-07,7.159796311384525e-09,1.6014068933145609e-06,0.0,insufficient-neutral,True,8.727814565645531e-05,0.4357069432735443,5.998533742967993e-05,0.2994567155838012,2.1895642930758186e-05,0.1328831166028976,1.8322053207953104e-08,1.728450229165901e-06,4.969990641257027e-09,2.1510909391508903e-06,3.7265878889159506e-05,-0.3221589962233076,0.0003024360585568435
89,Life can't be given back. So the death penalty carries the risk of ruining innocent people lives.,Should the death penalty be abolished?,2,90,supports,True,0.0006840215646661,0.7270419001579285,0.0001663222064962,0.154796153306961,2.017717270064168e-05,0.031943991780281,2.3490524370117785e-07,1.4994400771684012e-05,1.4784172108761597e-08,4.432336481841048e-06,0.6666666666666666,supports,True,0.0002329439739696,0.6574411392211914,7.503731467295438e-05,0.1662271469831466,2.89294621325098e-05,0.0992587655782699,2.9086438146919136e-08,2.864404677893617e-06,5.054464846665496e-09,2.265930561407004e-06,-0.3025389615534068,0.0004511826909855245,9.129174211042539e-05
90,Research has estimated that many death row inmates were wrongly convicted and could have been exonerated.,Should the death penalty be abolished?,4,91,supports,True,0.000338645564625,0.8239202499389648,3.2498825021320954e-05,0.0615791715681552,1.046871784637915e-05,0.0329609550535678,8.087183545057998e-08,6.81212441122625e-06,7.066501606090014e-09,2.525695663280203e-06,0.16666666666666666,supports,"True.

The question is about whether the death penalty",0.0002329439739696,0.6574411392211914,7.503731467295438e-05,0.1662271469831466,2.89294621325098e-05,0.0992587655782699,2.9086438146919136e-08,2.864404677893617e-06,5.054464846665496e-09,2.265930561407004e-06,-0.6381295373405919,0.0001057262189409929,-0.566897813934772
91,The death penalty negatively affects both the families of the victims as well as the defendant(s).,Should the death penalty be abolished?,2,92,supports,True,0.0003919859591405,0.8416343927383423,4.229477053740993e-05,0.0669600144028663,4.635416189557873e-06,0.0127795431762933,1.742047288644244e-07,1.49633069668198e-05,5.118633517042781e-09,2.5006193027365957e-06,0.5,supports,"True.

The question is whether the death penalty should",0.0002329439739696,0.6574411392211914,7.503731467295438e-05,0.1662271469831466,2.89294621325098e-05,0.0992587655782699,2.9086438146919136e-08,2.864404677893617e-06,5.054464846665496e-09,2.265930561407004e-06,-0.8397683244740048,0.00015907904167504307,-0.4363501582945879
92,The death penalty does not sufficiently punish criminals as they will not experience the long-term struggles of imprisonment.,Should the death penalty be abolished?,2,93,,True,0.0004432437417563,0.6748493909835815,0.0002077441458823,0.2156948298215866,1.5285922927432694e-05,0.0310737863183021,1.2969121598871425e-07,8.916200386011042e-06,1.5189813851179682e-08,5.160300588613609e-06,0.5,,"True.

The question is whether the death penalty should",0.0002329439739696,0.6574411392211914,7.503731467295438e-05,0.1662271469831466,2.89294621325098e-05,0.0992587655782699,2.9086438146919136e-08,2.864404677893617e-06,5.054464846665496e-09,2.265930561407004e-06,-0.4716139948466249,0.00021034876726446617,0.0001327167899208733
93,It is more humane to kill people than to restrain their liberty for life.,Should the death penalty be abolished?,6,94,refutes,True,0.0007288482738658,0.7164692282676697,0.0002518832334317,0.1728562414646148,1.1507834642543456e-05,0.0146393096074461,1.9800323514118645e-07,1.1507834642543456e-05,1.6316706208385767e-08,4.200550392852165e-06,0.0,refutes,"True.
The question is about whether the death penalty",0.0002329439739696,0.6574411392211914,7.503731467295438e-05,0.1662271469831466,2.89294621325098e-05,0.0992587655782699,2.9086438146919136e-08,2.864404677893617e-06,5.054464846665496e-09,2.265930561407004e-06,-0.6022105564966105,0.0004960198447299992,0.00017685918979742327
94,"Restraining liberty is done to protect the well-being of others. Once someone is restrained, the decision to live or die should be theirs alone.",Should the death penalty be abolished?,1,95,supports,"False.
The argument seems to be that restraining liberty",0.0003599436022341,0.483628511428833,0.0003861630975734,0.3594021797180176,4.470162821235135e-05,0.0685931071639061,1.0655940485548855e-07,6.490388386737322e-06,2.7153749471153787e-08,6.644303084613057e-06,0.5,supports,"True.
True",0.0002329439739696,0.6574411392211914,7.503731467295438e-05,0.1662271469831466,2.89294621325098e-05,0.0992587655782699,2.9086438146919136e-08,2.864404677893617e-06,5.054464846665496e-09,2.265930561407004e-06,1.577262237332323e-05,0.00012702921895557374,0.00031114913069567584
95,"Killing someone is irreversible, whereas someone in prison can always commit suicide.",Should the death penalty be abolished?,5,96,supports,True,0.0009295362979173,0.8063803911209106,0.0001248200860572,0.0836741924285888,1.4114263649389612e-05,0.0175390634685754,1.936163585014583e-07,9.041936209541744e-06,1.3383245622833329e-08,2.5108549834840237e-06,0.0,supports,True,0.0002329439739696,0.6574411392211914,7.503731467295438e-05,0.1662271469831466,2.89294621325098e-05,0.0992587655782699,2.9086438146919136e-08,2.864404677893617e-06,5.054464846665496e-09,2.265930561407004e-06,-0.512114550047975,0.0006967546287398004,4.978650723005512e-05
96,"This manner of justice motivates and perpetuates violence and brutality. Death penalty often sends the wrong message ‘we kill people to
 show that killing is wrong’. If we are to advance as a society, then we have to move from the ‘an eye for an eye’ revenge mentality.",Should the death penalty be abolished?,1,97,supports,True,0.0007037355680949,0.8344495892524719,9.90341868600808e-05,0.0776159092783927,1.404603426635731e-05,0.0165253784507513,1.782002385652959e-07,7.518300662923139e-06,9.047053772803793e-09,2.0393936210894026e-06,0.5,supports,True,0.0002329439739696,0.6574411392211914,7.503731467295438e-05,0.1662271469831466,2.89294621325098e-05,0.0992587655782699,2.9086438146919136e-08,2.864404677893617e-06,5.054464846665496e-09,2.265930561407004e-06,-0.5144730240050704,0.00047090128774261416,2.399867298310278e-05
97,Death penalty is not applied fairly in all countries.,Should the death penalty be abolished?,2,98,supports,"True.
None.
The question is whether the death",0.0004109997826162,0.5609251260757446,0.0003078246372751,0.2864924967288971,3.321387339383364e-05,0.0649317950010299,7.855884831542427e-08,5.862597390660085e-06,1.2429814510994674e-08,3.997944077127613e-06,0.3333333333333333,supports,"True.

I think the answer is False because the",0.0002329439739696,0.6574411392211914,7.503731467295438e-05,0.1662271469831466,2.89294621325098e-05,0.0992587655782699,2.9086438146919136e-08,2.864404677893617e-06,5.054464846665496e-09,2.265930561407004e-06,4.284535210622967e-06,0.0001780972953383293,0.0002328047916485539
98,"The death penalty is often used in a disproportional manner against the poor, minorities and members of racial, ethnic, political and religious groups.",Should the death penalty be abolished?,4,99,supports,True,0.0006526861689053,0.7861055731773376,9.77740201051347e-05,0.0895875319838523,1.5470097423531115e-05,0.0268990527838468,2.2414411660065525e-07,1.19543637993047e-05,1.2894751932890358e-08,4.035615802422399e-06,0.5,supports,True,0.0002329439739696,0.6574411392211914,7.503731467295438e-05,0.1662271469831466,2.89294621325098e-05,0.0992587655782699,2.9086438146919136e-08,2.864404677893617e-06,5.054464846665496e-09,2.265930561407004e-06,-0.4652476650733709,0.0004198399941323645,2.2738411661531325e-05
99,No person has the moral authority to determine that another person deserves to die.,Should the death penalty be abolished?,1,100,supports,"True.
True. The argument suggests that no one",0.0008480434771627,0.7590378522872925,0.0001750036608427,0.116402231156826,1.69263148563914e-05,0.0202276725322008,2.590282690562163e-07,1.2191566383989992e-05,1.715163477911119e-08,3.603820005082525e-06,0.16666666666666666,supports,True,0.0002329439739696,0.6574411392211914,7.503731467295438e-05,0.1662271469831466,2.89294621325098e-05,0.0992587655782699,2.9086438146919136e-08,2.864404677893617e-06,5.054464846665496e-09,2.265930561407004e-06,-0.4149108345374224,0.0006152428203006171,9.997384793883247e-05
100,Some crimes deserve the death penalty.,Should the death penalty be abolished?,1,101,refutes,"True.

The question is whether the death penalty should",0.0002195059787482,0.4977941513061523,0.0002606697671581,0.4126858413219452,8.121415703499224e-06,0.022921185940504,5.201220787398597e-08,4.08370397053659e-06,6.638491090171783e-09,3.1067183954291977e-06,0.5,refutes,True,0.0002329439739696,0.6574411392211914,7.503731467295438e-05,0.1662271469831466,2.89294621325098e-05,0.0992587655782699,2.9086438146919136e-08,2.864404677893617e-06,5.054464846665496e-09,2.265930561407004e-06,-0.7192683477383877,-0.05768767052610564,0.00018564638289119654
101,"This Capital punishment does not address the root cause of the crime. Our focus should be on preventing crime rather than killing criminals 
and supporting violence.",Should the death penalty be abolished?,6,102,supports,True,0.0012179618934169,0.7610346674919128,0.0001867804967332,0.1046167761087417,3.245758489356376e-05,0.0277206860482692,9.725066547616734e-07,2.6908284780802205e-05,3.0896970315552614e-08,5.864966169610852e-06,0.5,supports,True,0.0002329439739696,0.6574411392211914,7.503731467295438e-05,0.1662271469831466,2.89294621325098e-05,0.0992587655782699,2.9086438146919136e-08,2.864404677893617e-06,5.054464846665496e-09,2.265930561407004e-06,3.528224830700596e-06,0.0009852474268982649,0.00011175156759778866
102,There are many examples of killing that are generally accepted as moral acts. Killing in battle is viewed as heroic.,Should the death penalty be abolished?,0,103,refutes,"False.

I think the answer is False because the",0.0006490087835118,0.5126360058784485,0.000497612345498,0.3468668758869171,3.9589791413163766e-05,0.0462155416607856,1.226068491178012e-07,4.5828510337742046e-06,2.0093352759431585e-08,4.076072400494013e-06,0.0,refutes,True,0.0002329439739696,0.6574411392211914,7.503731467295438e-05,0.1662271469831466,2.89294621325098e-05,0.0992587655782699,2.9086438146919136e-08,2.864404677893617e-06,5.054464846665496e-09,2.265930561407004e-06,1.0660637687168244e-05,0.00041616175191450507,0.00042260674210013553
103,"The death penalty goes against our most basic human right, the right to life.",Should the death penalty be abolished?,1,104,supports,True,0.0006146432715468,0.8654821515083313,4.02246332669165e-05,0.0430898182094097,5.840357516717631e-06,0.0105596138164401,1.5933116515043366e-07,1.1345878192514648e-05,7.748872654644856e-09,2.8911867957504e-06,0.5,supports,True,0.0002329439739696,0.6574411392211914,7.503731467295438e-05,0.1662271469831466,2.89294621325098e-05,0.0992587655782699,2.9086438146919136e-08,2.864404677893617e-06,5.054464846665496e-09,2.265930561407004e-06,-0.7981173141081505,0.0003817882328453738,-0.4639382626865961
104,"Since murder is justified in self defense, the right to life is not particularly sacred.",Should the death penalty be abolished?,7,105,refutes,"True.
True. The argument suggests that if murder",0.0003347814490552,0.5218004584312439,0.000300096173305,0.3316765427589416,3.11395269818604e-05,0.0533052720129489,3.806145443263631e-08,2.238185743408394e-06,1.1076514816465988e-08,2.439036279611173e-06,0.16666666666666666,refutes,"True.
Okay, let me think through this.",0.0002329439739696,0.6574411392211914,7.503731467295438e-05,0.1662271469831466,2.89294621325098e-05,0.0992587655782699,2.9086438146919136e-08,2.864404677893617e-06,5.054464846665496e-09,2.265930561407004e-06,2.210128787187655e-06,0.00010186120303902924,0.0002250757477117519
105,It is cheaper for the society to execute people.,Should the death penalty be abolished?,2,106,refutes,True,0.0003515727294143,0.5698005557060242,0.0002869453164748,0.3246625959873199,7.767253919155337e-06,0.017477449029684,1.929361843622246e-07,1.4398214261746034e-05,1.4140997706135751e-08,6.096587640058715e-06,0.16666666666666666,refutes,False,0.0002329439739696,0.6574411392211914,7.503731467295438e-05,0.1662271469831466,2.89294621325098e-05,0.0992587655782699,2.9086438146919136e-08,2.864404677893617e-06,5.054464846665496e-09,2.265930561407004e-06,-0.731510600384554,0.00011865639573705987,0.000211923904002517
106,It is immoral to value saving resources at the cost of the life of a human being.,Should the death penalty be abolished?,1,107,supports,"True.
The given argument is that it is immoral",0.0004883618676103,0.7552520036697388,9.176048479275778e-05,0.1140259951353073,1.9690163753693923e-05,0.035879872739315,9.225839647797329e-08,6.005161139910342e-06,1.4483799937181631e-08,3.877223207382485e-06,0.16666666666666666,supports,True,0.0002329439739696,0.6574411392211914,7.503731467295438e-05,0.1662271469831466,2.89294621325098e-05,0.0992587655782699,2.9086438146919136e-08,2.864404677893617e-06,5.054464846665496e-09,2.265930561407004e-06,-0.31937332040588184,0.0002554774055628112,1.6724425075750533e-05
107,"With due process, it is objectively more expensive to seek the death penalty rather than life imprisonment.",Should the death penalty be abolished?,2,108,supports,True,0.000662489735987,0.7041558623313904,0.000174176209839,0.1499234437942505,2.0479870727285743e-05,0.0339792370796203,1.6070036679138869e-07,8.808282473182771e-06,1.6740363761869048e-08,4.0013428588281386e-06,0.5,supports,"True.
Okay, let me try to work through",0.0002329439739696,0.6574411392211914,7.503731467295438e-05,0.1662271469831466,2.89294621325098e-05,0.0992587655782699,2.9086438146919136e-08,2.864404677893617e-06,5.054464846665496e-09,2.265930561407004e-06,-0.29207564822744275,0.0004296458454280335,9.914633484077173e-05
108,"If the death penalty was in regular use, improvements would be made and the cost would be lowered over time.",Should the death penalty be abolished?,6,109,refutes,"False.
The argument suggests that if the death penalty",0.0002089609333779,0.2497172951698303,0.0007069056737236,0.5369765758514404,4.245298623573035e-05,0.0761594772338867,7.12024714744075e-08,5.439623237180058e-06,2.910751106810494e-08,8.039241947699338e-06,0.6666666666666666,refutes,True,0.0002329439739696,0.6574411392211914,7.503731467295438e-05,0.1662271469831466,2.89294621325098e-05,0.0992587655782699,2.9086438146919136e-08,2.864404677893617e-06,5.054464846665496e-09,2.265930561407004e-06,1.3523915342817343e-05,-0.1029562610399609,0.0006319157763135997
109,The death sentence provides an effective deterrent in terms of stopping other people from committing the same crime.,Should the death penalty be abolished?,2,110,refutes,"True.

True. The argument suggests that the death",0.0004218234680593,0.5756970643997192,0.0002967898908536,0.3130010664463043,6.660199233010644e-06,0.0129190972074866,1.3822803168750397e-07,1.0396423931524623e-05,9.592062255592282e-09,4.686035481427098e-06,0.3333333333333333,refutes,"True.
Okay, let's see. The user",0.0002329439739696,0.6574411392211914,7.503731467295438e-05,0.1662271469831466,2.89294621325098e-05,0.0992587655782699,2.9086438146919136e-08,2.864404677893617e-06,5.054464846665496e-09,2.265930561407004e-06,-0.7697779791928391,0.00018892350268119083,0.00022176921714717743
110,"Among the 25 states in the US with the highest murder rate, 20 have the death penalty.",Should the death penalty be abolished?,0,111,,True,0.0003088418161496,0.6735578775405884,0.000113616551971,0.1870402693748474,1.0404144632047974e-05,0.0368304103612899,2.1258342997043653e-07,1.7423662939108908e-05,1.1578827674441072e-08,5.313916517479811e-06,0.5,,"True.

The question is whether the death penalty should",0.0002329439739696,0.6574411392211914,7.503731467295438e-05,0.1662271469831466,2.89294621325098e-05,0.0992587655782699,2.9086438146919136e-08,2.864404677893617e-06,5.054464846665496e-09,2.265930561407004e-06,-0.6403616291104077,7.591552624436936e-05,3.858213239765509e-05
111,"In a study, 88.2% of criminology experts interviewed do not think that the death penalty deters murder.",Should the death penalty be abolished?,4,112,supports,True,0.0004221899143885,0.6478359699249268,0.0001493649760959,0.1538745313882827,3.8061578379711136e-05,0.0749924555420875,1.890994525410861e-07,1.3465661140799057e-05,1.1093235663395262e-08,4.440503744262969e-06,0.5,supports,True,0.0002329439739696,0.6574411392211914,7.503731467295438e-05,0.1662271469831466,2.89294621325098e-05,0.0992587655782699,2.9086438146919136e-08,2.864404677893617e-06,5.054464846665496e-09,2.265930561407004e-06,9.132380442055514e-06,0.000189290034391744,7.433323918960535e-05
112,Giving a killer the death sentence will ensure that they do not do it again and hence saves innocent lives.,Should the death penalty be abolished?,2,113,refutes,True,0.000383680104278,0.4919139742851257,0.0003897221758961,0.3952639997005462,1.1055567483708728e-05,0.0216131918132305,1.1358647356018993e-07,8.745673767407425e-06,1.1740367789059292e-08,4.90587854073965e-06,0.3333333333333333,refutes,True,0.0002329439739696,0.6574411392211914,7.503731467295438e-05,0.1662271469831466,2.89294621325098e-05,0.0992587655782699,2.9086438146919136e-08,2.864404677893617e-06,5.054464846665496e-09,2.265930561407004e-06,-0.6178440016247342,0.0001507712515628994,0.0003147084761020971
113,Punishing people for crimes they might commit in the future is unethical.,Should the death penalty be abolished?,1,114,supports,"True.
True.
The argument that punishing people for",0.0005985490861348,0.7437859177589417,0.0001623608113732,0.1464601308107376,1.3223671885498334e-05,0.025851747021079,1.3692745426396868e-07,8.020561836019624e-06,9.918991850099701e-09,2.4653184027556563e-06,0.16666666666666666,supports,"False.

Okay, let's see. The user",0.0002329439739696,0.6574411392211914,7.503731467295438e-05,0.1662271469831466,2.89294621325098e-05,0.0992587655782699,2.9086438146919136e-08,2.864404677893617e-06,5.054464846665496e-09,2.265930561407004e-06,-0.5428994903213881,0.00036569029751634555,8.733004971266632e-05
114,Long/life sentences already serve as a deterrent to crime.,Should the death penalty be abolished?,6,115,supports,"True.

True.",0.0004359039594419,0.7064777612686157,0.0001860209740698,0.2121230959892273,8.768554835114628e-06,0.0185351092368364,7.468671725519016e-08,4.9187133299710695e-06,6.5260530313082654e-09,1.9718743260455085e-06,0.0,supports,"True.
I need to check if the question is",0.0002329439739696,0.6574411392211914,7.503731467295438e-05,0.1662271469831466,2.89294621325098e-05,0.0992587655782699,2.9086438146919136e-08,2.864404677893617e-06,5.054464846665496e-09,2.265930561407004e-06,-0.6968987949049744,0.00020300727479363517,0.00011099198793757068
115,"Properly restraining a criminal ensures others will be safe, killing them is unnecessary and hypocritical.",Should the death penalty be abolished?,6,116,supports,"True.

True. The argument suggests that killing criminals",0.0005158832645975,0.761279284954071,0.0001356316934106,0.1408225148916244,1.2914884791825898e-05,0.0219359155744314,8.839017340278589e-08,6.343578661471838e-06,9.687373569988722e-09,2.927080686276895e-06,0.16666666666666666,supports,True,0.0002329439739696,0.6574411392211914,7.503731467295438e-05,0.1662271469831466,2.89294621325098e-05,0.0992587655782699,2.9086438146919136e-08,2.864404677893617e-06,5.054464846665496e-09,2.265930561407004e-06,-0.5535732834343763,0.0002830052149873333,6.05989259183186e-05
116,"Despite a wide variety of attempted measures, COVID-19 has continued to spread at a dangerous rate - vaccines are the best remaining option to protect and improve our lives.",Should Covid-19 vaccines be mandatory?,2,117,supports,True,0.0002218603331129,0.6823500394821167,0.0001015750603983,0.2147109508514404,1.0057293366116936e-05,0.0403429940342903,3.2897514046226206e-08,3.817317974608159e-06,9.425295210974129e-09,2.5034582904481795e-06,0.4,supports,True,0.0003501908795442,0.4742148816585541,0.0002174384571844,0.2311138808727264,8.993644587462768e-05,0.1446273773908615,4.321698554576869e-08,2.9136770081095165e-06,2.331381487863382e-08,3.920781182387145e-06,-0.8881733287510949,-0.36645884838100856,-0.5328560471151677
117,"Vaccines have eradicated diseases in the past, like rinderpest and smallpox (p. 4).",Should Covid-19 vaccines be mandatory?,0,118,insufficient-supports,False,0.0002303401561221,0.6203224062919617,0.0001242591824848,0.2246658951044082,2.446808503009379e-05,0.0826499611139297,9.467380834848883e-08,6.689202109555481e-06,1.6196779029087338e-08,3.665380518214079e-06,0.2,insufficient-supports,"None.
The question is a value judgment and not",0.0003501908795442,0.4742148816585541,0.0002174384571844,0.2311138808727264,8.993644587462768e-05,0.1446273773908615,4.321698554576869e-08,2.9136770081095165e-06,2.331381487863382e-08,3.920781182387145e-06,-0.727940271686936,-0.3422439887015185,-0.42853171378317295
118,"During the SARS outbreak, strong public health measures were able to sufficiently stop the spread of the virus without requiring vaccination.",Should Covid-19 vaccines be mandatory?,6,119,refutes,"False.
None.

The question is whether the argument",0.0001231794885825,0.5178249478340149,0.0001384944189339,0.3908747732639313,9.648163540987298e-06,0.0418466702103614,2.01387901910266e-08,2.919624421338085e-06,4.896816285793193e-09,1.6897490695555462e-06,0.0,refutes,False,0.0003501908795442,0.4742148816585541,0.0002174384571844,0.2311138808727264,8.993644587462768e-05,0.1446273773908615,4.321698554576869e-08,2.9136770081095165e-06,2.331381487863382e-08,3.920781182387145e-06,-0.8927224280750772,-0.6482504377531835,-0.3630638263016696
119,There has not been perfect enforcement of other measures. New Zealand's example proves that incidences of COVID-19 spread can be virtually eliminated without a vaccine.,Should Covid-19 vaccines be mandatory?,0,120,refutes,True,0.0001437904284102,0.4090046882629394,0.0002583446039352,0.4857051074504852,9.264310392609332e-06,0.0335731506347656,4.1420189944574304e-08,4.5504762056225445e-06,1.0310301057359084e-08,2.8699496397166517e-06,0.4,refutes,,0.0003501908795442,0.4742148816585541,0.0002174384571844,0.2311138808727264,8.993644587462768e-05,0.1446273773908615,4.321698554576869e-08,2.9136770081095165e-06,2.331381487863382e-08,3.920781182387145e-06,-0.8969904769694382,-0.5893941367137998,4.091504325468092e-05
120,Vaccines are the least harmful way to mitigate the spread of COVID-19.,Should Covid-19 vaccines be mandatory?,2,121,supports,False,0.0003047738282475,0.6342477798461914,0.0001763895706972,0.2727865874767303,9.720698471937794e-06,0.0301313064992427,9.418811686146e-08,9.720698471937794e-06,1.2163249074603756e-08,3.359383526913007e-06,0.4,supports,True,0.0003501908795442,0.4742148816585541,0.0002174384571844,0.2311138808727264,8.993644587462768e-05,0.1446273773908615,4.321698554576869e-08,2.9136770081095165e-06,2.331381487863382e-08,3.920781182387145e-06,-0.8919159148729476,-0.1296922734133275,-0.18878393003123756
121,Maintaining social distancing measures long-term could have severe impacts on the global economy and exacerbate harms to marginalized communities.,Should Covid-19 vaccines be mandatory?,5,122,insufficient-neutral,"False.
Wait, I need to check if the",8.487431477988139e-05,0.3124216496944427,0.0002117135154549,0.4763861298561096,2.979368764499668e-05,0.1302367150783538,2.8583595934605913e-08,3.2146997455129167e-06,1.2197982179884548e-08,4.640961378754582e-06,0.0,insufficient-neutral,True,0.0003501908795442,0.4742148816585541,0.0002174384571844,0.2311138808727264,8.993644587462768e-05,0.1446273773908615,4.321698554576869e-08,2.9136770081095165e-06,2.331381487863382e-08,3.920781182387145e-06,-0.6687250940900046,-0.7576341368731483,-0.02632902111076399
122,Social distancing measures have an especially devastating impact on lives and livelihoods in developing countries.,Should Covid-19 vaccines be mandatory?,0,123,insufficient-neutral,"True.
None.

Wait, I need to answer",7.549930887762457e-05,0.3004948794841766,0.0001755411503836,0.4581999778747558,3.324189310660586e-05,0.1608433276414871,2.513009889071327e-08,3.1406693778990302e-06,1.1064632765567241e-08,4.3603877202258445e-06,0.0,insufficient-neutral,True,0.0003501908795442,0.4742148816585541,0.0002174384571844,0.2311138808727264,8.993644587462768e-05,0.1446273773908615,4.321698554576869e-08,2.9136770081095165e-06,2.331381487863382e-08,3.920781182387145e-06,-0.630384625683948,-0.7844052678473733,-0.1926858171425892
123,Technology and social innovations can help mitigate the harms of social distancing.,Should Covid-19 vaccines be mandatory?,3,124,insufficient-neutral,False,3.726454087882303e-05,0.1350438445806503,0.0002212497638538,0.5176759362220764,6.489234510809183e-05,0.2903898656368255,2.0290899627184444e-08,2.496568640708574e-06,8.3273681283913e-09,2.89607032755157e-06,0.0,insufficient-neutral,True,0.0003501908795442,0.4742148816585541,0.0002174384571844,0.2311138808727264,8.993644587462768e-05,0.1446273773908615,4.321698554576869e-08,2.9136770081095165e-06,2.331381487863382e-08,3.920781182387145e-06,-0.2784644258841135,-0.8935879171744117,3.812135574277841e-06
124,"Any COVID-19 vaccine produced is unlikely to undergo the level of clinical testing necessary to confirm it is both safe, and effective.",Should Covid-19 vaccines be mandatory?,3,125,refutes,"True.
None.
False.
True.
None.",0.0001788804656825,0.3110333085060119,0.0004126729327253,0.520882785320282,3.012838715221733e-05,0.0738768875598907,5.2750159795778024e-08,5.034958576288773e-06,2.6318032197991673e-08,5.886462986381957e-06,0.2,refutes,True,0.0003501908795442,0.4742148816585541,0.0002174384571844,0.2311138808727264,8.993644587462768e-05,0.1446273773908615,4.321698554576869e-08,2.9136770081095165e-06,2.331381487863382e-08,3.920781182387145e-06,-0.6650035827053183,-0.48919153486999295,0.00019527693625664332
125,It is an infringement of the right to personal autonomy.,Should Covid-19 vaccines be mandatory?,1,126,refutes,True,0.0002568828931543,0.453696072101593,0.0003247303829994,0.4466621577739715,8.790048923401628e-06,0.0215538088232278,9.209142604049705e-08,8.193226676667109e-06,1.9228155068162778e-08,6.136443516879808e-06,0.0,refutes,,0.0003501908795442,0.4742148816585541,0.0002174384571844,0.2311138808727264,8.993644587462768e-05,0.1446273773908615,4.321698554576869e-08,2.9136770081095165e-06,2.331381487863382e-08,3.920781182387145e-06,-0.9022637726238921,-0.2664489335397525,0.00010731526027962753
126,"This would be unconstitutional based on freedom of privacy, and contrary to the constitutional principles arrived at in Roe vs Wade.",Should Covid-19 vaccines be mandatory?,4,127,refutes,"False.
True",0.0002211813698522,0.5773307085037231,0.0001763411564752,0.3447399139404297,8.917766535887495e-06,0.0296560246497392,1.5736093317286762e-08,1.444456415811146e-06,4.335749981265735e-09,1.1606533689700882e-06,0.2,refutes,True,0.0003501908795442,0.4742148816585541,0.0002174384571844,0.2311138808727264,8.993644587462768e-05,0.1446273773908615,4.321698554576869e-08,2.9136770081095165e-06,2.331381487863382e-08,3.920781182387145e-06,-0.9008436852361394,-0.3683976860274478,-0.1890065871574281
127,It is a duty of the state to protect its citizens from life-threatening diseases such as COVID-19.,Should Covid-19 vaccines be mandatory?,1,128,supports,"True.
True. The argument suggests that it is",0.0002828282886184,0.9116076231002808,1.6591699022683315e-05,0.0433078818023204,2.485477807567804e-06,0.0106130531057715,2.9049505911871165e-08,3.397245336600463e-06,2.53831755614442e-09,1.0773749181680614e-06,0.2,supports,True,0.0003501908795442,0.4742148816585541,0.0002174384571844,0.2311138808727264,8.993644587462768e-05,0.1446273773908615,4.321698554576869e-08,2.9136770081095165e-06,2.331381487863382e-08,3.920781182387145e-06,-0.9723640646081058,-0.19235963830205266,-0.9236947353401582
128,"There is already a precedent for the state passing laws governing bodily choices in the name of public safety, such as banning the use of methamphetamine.",Should Covid-19 vaccines be mandatory?,7,129,supports,"False.
The question is whether the argument supports the",0.0002970286295749,0.576160192489624,0.0001858757605077,0.2989079654216766,1.688863630988635e-05,0.0423941649496555,1.33039534944146e-07,1.016376063489588e-05,2.4997385494884842e-08,6.164632395666558e-06,0.0,supports,,0.0003501908795442,0.4742148816585541,0.0002174384571844,0.2311138808727264,8.993644587462768e-05,0.1446273773908615,4.321698554576869e-08,2.9136770081095165e-06,2.331381487863382e-08,3.920781182387145e-06,-0.8122158803848077,-0.1518093504847834,-0.1451569197344565
129,"In some places in the US, healthcare workers are required to get vaccinated against the seasonal flu or to provide a reason for exemption from their physician.",Should Covid-19 vaccines be mandatory?,0,130,supports,True,0.0002617872960399,0.5936794281005859,0.0001326673373114,0.211682915687561,2.7164398488821465e-05,0.0698056146502494,1.1817452616469383e-07,1.0310443030903116e-05,2.8622519465670848e-08,7.368541446339805e-06,0.0,supports,True,0.0003501908795442,0.4742148816585541,0.0002174384571844,0.2311138808727264,8.993644587462768e-05,0.1446273773908615,4.321698554576869e-08,2.9136770081095165e-06,2.331381487863382e-08,3.920781182387145e-06,-0.697960062523608,-0.2524439917434857,-0.3898625890318443
130,Forcing citizens to undergo a medical procedure against their will increases mistrust in public institutions and increases the influence of the anti-vaccination movement.,Should Covid-19 vaccines be mandatory?,5,131,refutes,False,0.0002591794764157,0.348239541053772,0.000410944543546,0.5310018658638,1.6698741092113778e-05,0.0329014100134372,1.2503045354606004e-07,1.1037193871743511e-05,3.3520297648692576e-08,1.0697614925447851e-05,0.0,refutes,True,0.0003501908795442,0.4742148816585541,0.0002174384571844,0.2311138808727264,8.993644587462768e-05,0.1446273773908615,4.321698554576869e-08,2.9136770081095165e-06,2.331381487863382e-08,3.920781182387145e-06,-0.8143273182554713,-0.25989084366491294,0.00019354817117733162
131,The state should not mandate its citizens to undertake tasks that may carry a risk of harm.,Should Covid-19 vaccines be mandatory?,1,132,refutes,"True.
The user is asking whether the statement """,0.0002352414303459,0.5334789156913757,0.0001980931410798,0.3498640060424804,9.862475963018367e-06,0.0278350096195936,7.500736387555662e-08,6.939118975424208e-06,1.941457128395996e-08,6.4679702518333215e-06,0.2,refutes,True,0.0003501908795442,0.4742148816585541,0.0002174384571844,0.2311138808727264,8.993644587462768e-05,0.1446273773908615,4.321698554576869e-08,2.9136770081095165e-06,2.331381487863382e-08,3.920781182387145e-06,-0.8903394962175094,-0.3282479810665413,-0.08896915639993751
132,"Mandatory vaccinations can be enforced through non-state actors such as workplaces, stores and privately owned public spaces, which could require a proof of vaccination for entry.",Should Covid-19 vaccines be mandatory?,6,133,supports,True,0.0003125857620034,0.6505047678947449,0.0001088740173145,0.1750809848308563,2.506422060832847e-05,0.0741339549422264,1.077676969885033e-07,1.0448322427691892e-05,2.6720917034595004e-08,7.237341378640849e-06,0.4,supports,True,0.0003501908795442,0.4742148816585541,0.0002174384571844,0.2311138808727264,8.993644587462768e-05,0.1446273773908615,4.321698554576869e-08,2.9136770081095165e-06,2.331381487863382e-08,3.920781182387145e-06,-0.7213118623425675,-0.10738462860525076,-0.49928812628499875
133,"Airlines sometimes require ""fitness to fly"" certificate from passengers flying with them. This could be extended to include proof of immunization from COVID-19.",Should Covid-19 vaccines be mandatory?,7,134,supports,True,0.0001647122116992,0.5607398152351379,9.682930976850912e-05,0.216184452176094,3.070766251767054e-05,0.112155020236969,2.5595685571033755e-08,2.5804140477703186e-06,1.1764424101556871e-08,3.638966745711514e-06,0.4,supports,True,0.0003501908795442,0.4742148816585541,0.0002174384571844,0.2311138808727264,8.993644587462768e-05,0.1446273773908615,4.321698554576869e-08,2.9136770081095165e-06,2.331381487863382e-08,3.920781182387145e-06,-0.6585626414404085,-0.5296501955916573,-0.5546817659472609
134,The quickest and safest way to develop herd immunity is through a mandatory vaccination policy.,Should Covid-19 vaccines be mandatory?,4,135,supports,True,0.0003321996191516,0.8145763874053955,5.256161239231005e-05,0.1051926240324974,5.4116198953124695e-06,0.0174426473677158,6.86565257979055e-08,7.87386034062365e-06,9.85235004691276e-09,3.206278734069201e-06,0.2,supports,True,0.0003501908795442,0.4742148816585541,0.0002174384571844,0.2311138808727264,8.993644587462768e-05,0.1446273773908615,4.321698554576869e-08,2.9136770081095165e-06,2.331381487863382e-08,3.920781182387145e-06,-0.9398283994582538,-0.05137558241384533,-0.7582690151828346
135,The possibility of reinfection has not yet been ruled out and would make attaining herd immunity practically impossible.,Should Covid-19 vaccines be mandatory?,3,136,insufficient-neutral,"False.
But the question is not about the answer",0.0001257098192581,0.3957997560501098,0.0001872442080639,0.3957997560501098,2.804964969982393e-05,0.1226130425930023,1.7717342259970792e-08,1.954068693521549e-06,1.3166411072518258e-08,4.201907813694561e-06,0.0,insufficient-neutral,True,0.0003501908795442,0.4742148816585541,0.0002174384571844,0.2311138808727264,8.993644587462768e-05,0.1446273773908615,4.321698554576869e-08,2.9136770081095165e-06,2.331381487863382e-08,3.920781182387145e-06,-0.6881169872008793,-0.6410248621502626,-0.13886342605389992
136,"Due to growing anti-vaccination sentiment, it is unlikely that the government will be able to enforce mandatory vaccinations.",Should Covid-19 vaccines be mandatory?,3,137,insufficient-neutral,"False.
The question is about whether the vaccines should",0.0001370529062114,0.3719880878925323,0.0002190099185099,0.51645427942276,9.698096619104035e-06,0.0374118238687515,3.9172153520894426e-08,6.261561338760657e-06,1.1223010076832908e-08,4.203813659842126e-06,0.4,insufficient-neutral,False,0.0003501908795442,0.4742148816585541,0.0002174384571844,0.2311138808727264,8.993644587462768e-05,0.1446273773908615,4.321698554576869e-08,2.9136770081095165e-06,2.331381487863382e-08,3.920781182387145e-06,-0.8921672240348114,-0.6086337074518196,1.5718030959401581e-06
137,Attaching vaccine requirements to attend schools or daycares have been shown to significantly increase the vaccination rate to herd immunity levels in the US (p. 269).,Should Covid-19 vaccines be mandatory?,0,138,supports,True,0.0002392002061242,0.7472655177116394,4.821828770218417e-05,0.0965002477169036,2.52115169132594e-05,0.0763379782438278,5.6018453875594794e-08,4.555627583613386e-06,1.0733153033015697e-08,2.7631278953776928e-06,0.0,supports,True,0.0003501908795442,0.4742148816585541,0.0002174384571844,0.2311138808727264,8.993644587462768e-05,0.1446273773908615,4.321698554576869e-08,2.9136770081095165e-06,2.331381487863382e-08,3.920781182387145e-06,-0.7196740802009842,-0.3169433583320696,-0.7782439761274964
138,Providing vaccinations to an entire population requires huge amounts of resources which can otherwise be used towards addressing more urgent public health issues.,Should Covid-19 vaccines be mandatory?,6,139,refutes,True,0.0001731984229991,0.3439280986785888,0.000318560632877,0.5162972211837769,1.8982176698045805e-05,0.0527430810034275,5.107457923259062e-08,4.438761607161723e-06,2.5883338139465195e-08,6.821387614763808e-06,0.2,refutes,"False.
Okay, let's see. The user",0.0003501908795442,0.4742148816585541,0.0002174384571844,0.2311138808727264,8.993644587462768e-05,0.1446273773908615,4.321698554576869e-08,2.9136770081095165e-06,2.331381487863382e-08,3.920781182387145e-06,-0.788937882596482,-0.5054170936018354,0.00010114416832451368
139,"Governments have given billions of taxpayers dollars to different drug companies to make the COVID-19 vaccine, much of which could be wasted if the vaccine doesn't work.",Should Covid-19 vaccines be mandatory?,5,140,refutes,False,0.0001455771271139,0.3682964742183685,0.0002574996906332,0.4879135489463806,1.711715231067501e-05,0.055604450404644,9.48715452864235e-08,1.0463505532243287e-05,2.0120566546211197e-08,5.179810614208691e-06,0.4,refutes,True,0.0003501908795442,0.4742148816585541,0.0002174384571844,0.2311138808727264,8.993644587462768e-05,0.1446273773908615,4.321698554576869e-08,2.9136770081095165e-06,2.331381487863382e-08,3.920781182387145e-06,-0.8096750194627828,-0.58429206579172,4.006994619608032e-05
140,"COVID-19 is the most urgent public health issue at the moment, and should therefore have priority.",Should Covid-19 vaccines be mandatory?,1,141,insufficient-neutral,"True.
The question is about whether the vaccines should",0.0002450795727781,0.736301839351654,6.967004446778446e-05,0.1668783575296402,1.119699481932912e-05,0.0478114522993564,2.0868574424071085e-08,2.517982238714467e-06,6.801551322155319e-09,1.9610065464803483e-06,0.4,insufficient-neutral,True,0.0003501908795442,0.4742148816585541,0.0002174384571844,0.2311138808727264,8.993644587462768e-05,0.1446273773908615,4.321698554576869e-08,2.9136770081095165e-06,2.331381487863382e-08,3.920781182387145e-06,-0.8755010306395936,-0.30015432413005827,-0.6795872939408305
141,Mandatory vaccine policies have proved extremely helpful in the fight against other preventable illnesses.,Should Covid-19 vaccines be mandatory?,7,142,supports,True,0.0004445569647941,0.7610015273094177,8.753845031606033e-05,0.1343247443437576,4.7124271986831445e-06,0.0128907542675733,2.3461794285140058e-07,2.607926762721036e-05,1.6344573694482282e-08,4.749387699121144e-06,0.2,supports,True,0.0003501908795442,0.4742148816585541,0.0002174384571844,0.2311138808727264,8.993644587462768e-05,0.1446273773908615,4.321698554576869e-08,2.9136770081095165e-06,2.331381487863382e-08,3.920781182387145e-06,-0.9476026970728606,9.439914296880445e-05,-0.5974104514463934
142,A mandatory vaccine policy would vastly increase already present inequalities in medical treatment.,Should Covid-19 vaccines be mandatory?,5,143,refutes,False,0.0002318373153684,0.2995685040950775,0.0006204288220033,0.595763087272644,7.871301022532862e-06,0.0163805242627859,1.1184035031419627e-07,1.0509565981919876e-05,3.83502047895945e-08,1.2002301446045747e-05,0.2,refutes,"False.
Okay, let's see. The user",0.0003501908795442,0.4742148816585541,0.0002174384571844,0.2311138808727264,8.993644587462768e-05,0.1446273773908615,4.321698554576869e-08,2.9136770081095165e-06,2.331381487863382e-08,3.920781182387145e-06,-0.9124792963966406,-0.33796872245743853,0.0004030780094794061
143,Differences over how to distribute the vaccine in a mandatory system will lead to some people being prioritized over others.,Should Covid-19 vaccines be mandatory?,3,144,refutes,"False.

The question is about whether the vaccines should",0.0001985856360988,0.3704487383365631,0.0002866918221116,0.4468464851379394,2.72988709184574e-05,0.0674637258052825,5.587932605521929e-08,5.589600732491817e-06,2.4316694435810863e-08,6.637815658905311e-06,0.2,refutes,True,0.0003501908795442,0.4742148816585541,0.0002174384571844,0.2311138808727264,8.993644587462768e-05,0.1446273773908615,4.321698554576869e-08,2.9136770081095165e-06,2.331381487863382e-08,3.920781182387145e-06,-0.6964648685749457,-0.43292173583368515,6.926842654699994e-05
144,"A mandatory vaccine policy would It will be easier for rich countries to access, produce and distribute COVID-19 vaccines. These countries will therefore recover faster from the pandemic. 
This will increase existing inequality in public health and economy between rich and poor countries.greatly increase competition between countries for supply, increasing the already inequitable distribution of vaccines throughout the world.",Should Covid-19 vaccines be mandatory?,3,145,refutes,True,0.000231227648328,0.357593685388565,0.0004353782569523,0.4520407915115356,4.243995499564335e-05,0.0749557092785835,1.1689946433079969e-07,7.54985012463294e-06,4.233817918475325e-08,7.668742910027504e-06,0.8,refutes,True,0.0003501908795442,0.4742148816585541,0.0002174384571844,0.2311138808727264,8.993644587462768e-05,0.1446273773908615,4.321698554576869e-08,2.9136770081095165e-06,2.331381487863382e-08,3.920781182387145e-06,-0.5281117173030712,-0.3397096788215606,0.00021798719856804254
145,Mandatory vaccination could result in rich countries hoarding vaccines for their population. This could make vaccines inaccessible or unaffordable for poorer countries.,Should Covid-19 vaccines be mandatory?,3,146,refutes,True,0.0003029305953532,0.4505350589752197,0.0003597389732021,0.4232385158538818,1.4504241335089318e-05,0.0342029184103012,1.3674720378276106e-07,1.1120788258267568e-05,3.8420942871653097e-08,8.329085176228546e-06,0.4,refutes,"True.
Okay, let's see. The user",0.0003501908795442,0.4742148816585541,0.0002174384571844,0.2311138808727264,8.993644587462768e-05,0.1446273773908615,4.321698554576869e-08,2.9136770081095165e-06,2.331381487863382e-08,3.920781182387145e-06,-0.8387278795149591,-0.13495578255068458,0.00014233146435171739
146,"A study of European countries discovered, ""Those [countries] where a vaccination is mandatory do not usually reach better coverage than neighbour or similar countries where there is no legal obligation.""",Should Covid-19 vaccines be mandatory?,4,147,refutes,False,0.0001387230877298,0.3735911548137665,0.0002511950442567,0.3915201723575592,4.756833732244559e-05,0.1212872862815857,7.151609793254465e-08,6.288545591814909e-06,3.5960553645963955e-08,8.13798305898672e-06,0.2,refutes,False,0.0003501908795442,0.4742148816585541,0.0002174384571844,0.2311138808727264,8.993644587462768e-05,0.1446273773908615,4.321698554576869e-08,2.9136770081095165e-06,2.331381487863382e-08,3.920781182387145e-06,-0.47108942476161064,-0.6038643613152958,3.376392864885386e-05
147,"While the United States has been relatively prosperous and successful for centuries, countries that presented themselves as 
alternatives to Capitalism dissolved, for example the Soviet Union.",Is capitalism the most moral system?,0,148,insufficient-supports,"None.
But if the question had been, """,0.0002824341354425,0.2690951824188232,0.0006566790980286,0.4649547636508941,0.0001273030356969,0.1657847166061401,9.040736159704467e-08,2.74733929472859e-06,2.530211951068395e-08,3.725944452526164e-06,0.3333333333333333,insufficient-supports,"None.
Question: Is capitalism the most moral system",7.325679325731471e-05,0.145469382405281,0.00035499225487,0.4411304593086242,0.0001091156591428,0.3079586923122406,2.085645967042637e-08,1.3951939763501289e-06,6.614248704295278e-09,1.7636903066886589e-06,1.818936129824745e-05,0.0002091926669691404,0.00030179397768324395
148,"Capitalism is the only economic system that allows individuals to be independent and autonomous in acting socially and
economically without the intrusion of government.",Is capitalism the most moral system?,2,149,supports,"False.
True",0.0001102847454603,0.1381199955940246,0.0007362009491771,0.5462751984596252,0.0001762345200404,0.2207151353359222,4.015922527855764e-08,1.6486234244439402e-06,1.234393298688019e-08,2.573464826127747e-06,0.6666666666666666,supports,"False.
Okay, let's see. The user",7.325679325731471e-05,0.145469382405281,0.00035499225487,0.4411304593086242,0.0001091156591428,0.3079586923122406,2.085645967042637e-08,1.3951939763501289e-06,6.614248704295278e-09,1.7636903066886589e-06,6.712618541556737e-05,3.703066495075177e-05,0.0003813440684978574
149,"Capitalism, by virtue of the free market and a general lack of state intervention, enables more freedom than any comparable systems.",Is capitalism the most moral system?,2,150,supports,"True.
The question is whether capitalism is the most",0.0001770233502611,0.2632788717746734,0.0004279875429347,0.4141958057880401,0.0001378659217152,0.2551786303520202,1.7691766274197107e-08,8.658609544909268e-07,9.03607055846578e-09,1.5801687140992726e-06,0.3333333333333333,supports,"False.
Okay, let's see. The question",7.325679325731471e-05,0.145469382405281,0.00035499225487,0.4411304593086242,0.0001091156591428,0.3079586923122406,2.085645967042637e-08,1.3951939763501289e-06,6.614248704295278e-09,1.7636903066886589e-06,2.8753400018595627e-05,0.00010377415916590875,7.302121002870147e-05
150,"One of the foundations of capitalism is the idea that transactions should be voluntary and not imposed, as is the case for
 government-mandated taxes.",Is capitalism the most moral system?,1,151,supports,"False.
The question is whether capitalism is the most",0.0001590973988641,0.1772190034389495,0.0006750785396434,0.4893173575401306,0.0001654351217439,0.2171332687139511,1.103695552728823e-07,3.406776613701368e-06,2.9821826785791934e-08,5.235456683294615e-06,0.5,supports,"None.
But the user said to answer only with",7.325679325731471e-05,0.145469382405281,0.00035499225487,0.4411304593086242,0.0001091156591428,0.3079586923122406,2.085645967042637e-08,1.3951939763501289e-06,6.614248704295278e-09,1.7636903066886589e-06,5.632560860700978e-05,8.584689447498563e-05,0.00032019995327682305
151,Capitalism puts people under constant stress through the way it structures life.,Is capitalism the most moral system?,5,152,refutes,,0.0001252476067747,0.1605792194604873,0.0007553397445008,0.6451045274734497,8.150016947183758e-05,0.1310609430074691,2.4796541708838052e-08,1.4581487448595e-06,8.876082979725197e-09,1.901784457913891e-06,0.3333333333333333,refutes,"None.
Okay, so I need to figure out",7.325679325731471e-05,0.145469382405281,0.00035499225487,0.4411304593086242,0.0001091156591428,0.3079586923122406,2.085645967042637e-08,1.3951939763501289e-06,6.614248704295278e-09,1.7636903066886589e-06,-0.25308456996829337,5.1994622476694556e-05,0.0004004896603583828
152,"Even though it causes stress, capitalism may still cause less stress than any alternative system.",Is capitalism the most moral system?,6,153,,"False.
True",0.0001171692856587,0.2344933003187179,0.0003902333264704,0.5713785886764526,5.448878073366359e-05,0.1336102485656738,1.347805245188738e-08,9.158133593700768e-07,6.292407928043531e-09,1.452076844543626e-06,0.3333333333333333,,False,7.325679325731471e-05,0.145469382405281,0.00035499225487,0.4411304593086242,0.0001091156591428,0.3079586923122406,2.085645967042637e-08,1.3951939763501289e-06,6.614248704295278e-09,1.7636903066886589e-06,-0.5006328041115166,4.391570952543874e-05,3.525358635051084e-05
153,"Capitalism is based upon free trade, which has been found to make people nicer.",Is capitalism the most moral system?,4,154,supports,False,0.0002463091805111,0.3157915472984314,0.0004189860192127,0.3930089175701141,0.0001219318874063,0.1885677278041839,6.639308480771433e-08,3.274859864177415e-06,1.3488572925268729e-08,2.3772934127919143e-06,0.3333333333333333,supports,,7.325679325731471e-05,0.145469382405281,0.00035499225487,0.4411304593086242,0.0001091156591428,0.3079586923122406,2.085645967042637e-08,1.3951939763501289e-06,6.614248704295278e-09,1.7636903066886589e-06,1.2817626867304274e-05,0.0001730650654455047,6.401648970072773e-05
154,Capitalism promotes co-operation.,Is capitalism the most moral system?,1,155,supports,"False.
Okay, let's tackle this. The",0.0001720895234029,0.3260773122310638,0.0003700506349559,0.4819110333919525,5.99389968556352e-05,0.1359292417764663,2.759097839089009e-08,2.0034883618791355e-06,5.716004558564691e-09,1.4096300446908572e-06,0.16666666666666666,supports,,7.325679325731471e-05,0.145469382405281,0.00035499225487,0.4411304593086242,0.0001091156591428,0.3079586923122406,2.085645967042637e-08,1.3951939763501289e-06,6.614248704295278e-09,1.7636903066886589e-06,-0.4506838218592177,9.883997084489504e-05,1.506372759252483e-05
155,"Capitalism in its most basic form (the use of a common mean of value to make a trade) is morally neutral, because it's neither
 good nor bad.",Is capitalism the most moral system?,1,156,refutes,"False.
Okay, let me try to work through",0.0001142585897468,0.110576644539833,0.0011721432674676,0.6668625473976135,0.0001586323487572,0.1559380739927292,2.333900006590284e-08,8.25948120564135e-07,8.619542413157433e-09,1.3832027434546037e-06,0.6666666666666666,refutes,True,7.325679325731471e-05,0.145469382405281,0.00035499225487,0.4411304593086242,0.0001091156591428,0.3079586923122406,2.085645967042637e-08,1.3951939763501289e-06,6.614248704295278e-09,1.7636903066886589e-06,4.952209325024715e-05,4.100480036966852e-05,0.0008174411978916631
156,"Capitalism, by virtue of being the system which most closely adheres to natural selection, is the most moral system.",Is capitalism the most moral system?,1,157,supports,True,0.0002956123789772,0.5386716723442078,0.0001697558909654,0.2210704088211059,5.017974763177335e-05,0.1028072908520698,2.3738943255580125e-08,1.3165129075787263e-06,8.108379745408456e-09,1.6512772162968758e-06,1.0,supports,"False.
True",7.325679325731471e-05,0.145469382405281,0.00035499225487,0.4411304593086242,0.0001091156591428,0.3079586923122406,2.085645967042637e-08,1.3951939763501289e-06,6.614248704295278e-09,1.7636903066886589e-06,-0.5401233147837841,0.00022237187597042948,-0.5218039587157599
157,"This is the naturalistic fallacy. By this reasoning, rape and murder are moral because they are also natural.",Is capitalism the most moral system?,7,158,refutes,"False.

The argument presented in the question is an",0.0002700843324419,0.1150844693183898,0.0021078456193208,0.6940482258796692,0.0001316285779466,0.0855235233902931,1.3815338206768504e-07,3.974838818976423e-06,6.059096335775395e-08,5.2248274187149946e-06,0.5,refutes,,7.325679325731471e-05,0.145469382405281,0.00035499225487,0.4411304593086242,0.0001091156591428,0.3079586923122406,2.085645967042637e-08,1.3951939763501289e-06,6.614248704295278e-09,1.7636903066886589e-06,2.2515375583847694e-05,0.0001968419591952944,0.0017534758347912526
158,Capitalism inevitably leads to various forms of exploitation.,Is capitalism the most moral system?,5,159,refutes,"False.
The question is whether capitalism is the most",7.396200089715421e-05,0.1161835417151451,0.000724007259123,0.7576118111610413,4.214227737975307e-05,0.0761950239539146,1.1227183627227078e-08,7.779164548082917e-07,5.3033462066309775e-09,1.2926267345392262e-06,0.16666666666666666,refutes,"False.
Okay, let's see. The question",7.325679325731471e-05,0.145469382405281,0.00035499225487,0.4411304593086242,0.0001091156591428,0.3079586923122406,2.085645967042637e-08,1.3951939763501289e-06,6.614248704295278e-09,1.7636903066886589e-06,-0.613783413757311,7.052593048745902e-07,0.00036914604824104147
159,"Capitalism does not take externalities into account, many of which are devastating to both people and the environment.",Is capitalism the most moral system?,5,160,refutes,"False.
True",0.0001629580947337,0.1552618145942688,0.0010461458005011,0.6744265556335449,7.880138582549989e-05,0.0956540256738662,2.552171096681377e-08,1.2059203982062172e-06,1.5479701076515084e-08,2.3610773496329784e-06,0.3333333333333333,refutes,False,7.325679325731471e-05,0.145469382405281,0.00035499225487,0.4411304593086242,0.0001091156591428,0.3079586923122406,2.085645967042637e-08,1.3951939763501289e-06,6.614248704295278e-09,1.7636903066886589e-06,-0.2778178086944214,8.970787318750493e-05,0.0006913989869164803
160,Pollution and the usage of fossil fuels would be examples of this.,Is capitalism the most moral system?,0,161,refutes,"False.
None.

Argument: ""Pollution and",5.930299812462181e-05,0.1080632954835891,0.0006036366103217,0.7619203925132751,3.5689172364072874e-05,0.082855001091957,2.3258371228962463e-08,1.6052584896897315e-06,5.271369118986513e-09,1.8767373148875777e-06,0.16666666666666666,refutes,False,7.325679325731471e-05,0.145469382405281,0.00035499225487,0.4411304593086242,0.0001091156591428,0.3079586923122406,2.085645967042637e-08,1.3951939763501289e-06,6.614248704295278e-09,1.7636903066886589e-06,-0.6729234589751564,-0.19047783164190868,0.00024873265361726745
161,Capitalism treats people as equals.,Is capitalism the most moral system?,1,162,supports,,0.0001710923534119,0.2524777948856354,0.0005879127420485,0.5689674615859985,6.647932605119422e-05,0.1174130737781524,3.1327303418038355e-08,2.0874715573881986e-06,8.431629616723058e-09,1.7578272490936795e-06,0.16666666666666666,supports,,7.325679325731471e-05,0.145469382405281,0.00035499225487,0.4411304593086242,0.0001091156591428,0.3079586923122406,2.085645967042637e-08,1.3951939763501289e-06,6.614248704295278e-09,1.7636903066886589e-06,-0.39074440301742097,9.78427277990674e-05,0.00023300320151039614
162,"And neither in risk. If the company fails the employee only loses their job, while the employer might lose their entire life savings
 and go bankrupt.",Is capitalism the most moral system?,1,163,supports,"False.
Okay, let's break this down.",0.0002460230025462,0.2514784634113312,0.0008388127898797,0.4553686380386352,0.0001946202246472,0.1783249229192733,6.229806359669965e-08,1.849286718424992e-06,2.8410935826173045e-08,3.794490112341009e-06,0.16666666666666666,supports,"None.
Question: Is capitalism the most moral system",7.325679325731471e-05,0.145469382405281,0.00035499225487,0.4411304593086242,0.0001091156591428,0.3079586923122406,2.085645967042637e-08,1.3951939763501289e-06,6.614248704295278e-09,1.7636903066886589e-06,8.55138964095726e-05,0.0001727788665145888,0.0004839923485448498
163,"Losing one's job has a higher probability of leading to bankruptcy, homelessness and starvation than losing one's business.",Is capitalism the most moral system?,0,164,insufficient-neutral,False,9.29706875467673e-05,0.1817539632320404,0.0005968461045995,0.6245484948158264,6.541304901475087e-05,0.1393556147813797,1.951707240266387e-08,1.4006994888404734e-06,6.640348715336586e-09,1.75687068804109e-06,0.0,insufficient-neutral,False,7.325679325731471e-05,0.145469382405281,0.00035499225487,0.4411304593086242,0.0001091156591428,0.3079586923122406,2.085645967042637e-08,1.3951939763501289e-06,6.614248704295278e-09,1.7636903066886589e-06,-0.4005163921601334,1.9715338571934344e-05,0.00024193973646208935
164,"Capitalism, more than any other system put into thought or action, helps the poor.",Is capitalism the most moral system?,2,165,supports,"False.

The question is whether capitalism is the most",0.0001718810672173,0.3413121402263641,0.0003136774757876,0.4117010533809662,7.165069109760225e-05,0.1538414359092712,3.0862999267355924e-08,2.0010613752674544e-06,7.833929949185858e-09,1.7797809732655878e-06,0.5,supports,"None.
Okay, let's see. The user",7.325679325731471e-05,0.145469382405281,0.00035499225487,0.4411304593086242,0.0001091156591428,0.3079586923122406,2.085645967042637e-08,1.3951939763501289e-06,6.614248704295278e-09,1.7636903066886589e-06,-0.3433509758316836,9.863149938734457e-05,-0.11638219852861201
165,Incentivizing moral behavior is de facto an ok thing to do because it causes more moral behavior to take place.,Is it ok to incentivise moral behavior?,2,166,supports,"True.
True. The argument suggests that incentivizing",0.0005058023962192,0.8863756656646729,1.625899130885955e-05,0.0255405120551586,1.4574467058992012e-05,0.0280507653951644,1.760664503080989e-08,9.840866823651595e-07,5.103850231336082e-09,1.0475547469468438e-06,0.8571428571428571,supports,True,0.0005052168271504,0.7692049145698547,6.945038330741227e-05,0.0993334501981735,5.612451786873862e-06,0.0096828611567616,6.138208163974923e-08,3.9488531911047176e-06,8.982182997385735e-09,2.529730181777268e-06,8.962065571279079e-06,5.858650576855811e-07,-0.7658905461055351
166,Bought morality is not morality. Incentivising moral behavior reduces ethics to the category of compliance.,Is it ok to incentivise moral behavior?,5,167,refutes,False,0.000353946496034,0.334605723619461,0.0007319470751099,0.5182474851608276,5.099082409287803e-05,0.0563567988574504,2.374865637477797e-08,1.0257208487018945e-06,1.6972400374015706e-08,2.104642589983996e-06,0.5714285714285714,refutes,"True.
The question is whether it is acceptable to",0.0005052168271504,0.7692049145698547,6.945038330741227e-05,0.0993334501981735,5.612451786873862e-06,0.0096828611567616,6.138208163974923e-08,3.9488531911047176e-06,8.982182997385735e-09,2.529730181777268e-06,4.537862699136031e-05,-0.29941665238986137,0.0006625427056473525
167,"By reducing ethics to behavioral inducements, the system devalues the ethicality of all actions, regardless of their objective desirability. Source",Is it ok to incentivise moral behavior?,5,168,refutes,True,0.0002210546663263,0.4458710551261902,0.000277264683973,0.4059702157974243,2.745292113104369e-05,0.0603420846164226,1.6611107156450092e-08,1.0317151009076042e-06,9.880275264606553e-09,2.0358431811473565e-06,0.14285714285714285,refutes,True,0.0005052168271504,0.7692049145698547,6.945038330741227e-05,0.0993334501981735,5.612451786873862e-06,0.0096828611567616,6.138208163974923e-08,3.9488531911047176e-06,8.982182997385735e-09,2.529730181777268e-06,2.1840591923438996e-05,-0.5624558517317687,0.00020782873445085762
168,Being paid to behave morally is not the right reason to do so.,Is it ok to incentivise moral behavior?,1,169,refutes,False,0.0002679769531823,0.3714895844459533,0.0004487769911065,0.4845137298107147,2.846608913387172e-05,0.0472295954823493,3.561885364433692e-08,1.9830795281450264e-06,1.5867632541244348e-08,3.3997896480286727e-06,0.2857142857142857,refutes,True,0.0005052168271504,0.7692049145698547,6.945038330741227e-05,0.0993334501981735,5.612451786873862e-06,0.0096828611567616,6.138208163974923e-08,3.9488531911047176e-06,8.982182997385735e-09,2.529730181777268e-06,2.2853765612655508e-05,-0.46958030932226874,0.0003793529540071523
169,"A person may do the right thing without an incentive being necessary, however it may be perceived as just an added perk.",Is it ok to incentivise moral behavior?,3,170,insufficient-supports,True,0.0003182982327416,0.81158047914505,4.805584831046872e-05,0.1081326380372047,1.1149852980452124e-05,0.0324673019349575,9.970695380445704e-09,7.127862886591174e-07,3.0408904283518723e-09,6.962746397221053e-07,0.14285714285714285,insufficient-supports,True,0.0005052168271504,0.7692049145698547,6.945038330741227e-05,0.0993334501981735,5.612451786873862e-06,0.0096828611567616,6.138208163974923e-08,3.9488531911047176e-06,8.982182997385735e-09,2.529730181777268e-06,5.537432272149912e-06,-0.36997697694094317,-0.308054959210861
170,Paying someone for morality is like paying a bribe.,Is it ok to incentivise moral behavior?,7,171,refutes,True,0.0002142358425771,0.2683077454566955,0.00059616350336,0.576952338218689,2.745065103226807e-05,0.0459020435810089,4.4449958380710086e-08,2.613858441691264e-06,1.8313624394750153e-08,3.9546412153868005e-06,0.14285714285714285,refutes,"True.
True.

The question asks whether it is",0.0005052168271504,0.7692049145698547,6.945038330741227e-05,0.0993334501981735,5.612451786873862e-06,0.0096828611567616,6.138208163974923e-08,3.9488531911047176e-06,8.982182997385735e-09,2.529730181777268e-06,2.1838321811922484e-05,-0.5759526780106172,0.0005267497030213696
171,"Since what is morally correct is subjective, incentivising morally correct behaviour is no different that incentivising morally incorrect behavior.",Is it ok to incentivise moral behavior?,7,172,refutes,"False.
True",0.0004182989359833,0.5197983980178833,0.00030365245766,0.3152736723423004,5.573293674387969e-05,0.0809689760208129,2.037409174704408e-08,1.1037310514439014e-06,1.2849779018608842e-08,2.373394636379089e-06,0.2857142857142857,refutes,True,0.0005052168271504,0.7692049145698547,6.945038330741227e-05,0.0993334501981735,5.612451786873862e-06,0.0096828611567616,6.138208163974923e-08,3.9488531911047176e-06,8.982182997385735e-09,2.529730181777268e-06,5.012076625738997e-05,-0.1720407684307496,0.00023421834090614133
172,"Using a promotion as an incentive for treating customers well can help a business's reputation, thus making it mutually beneficial.",Is it ok to incentivise moral behavior?,2,173,supports,"True.
True. The argument suggests that incentivizing",0.0003016133268829,0.899096667766571,1.2256064110260922e-05,0.0284533407539129,5.834761395817623e-06,0.0208169091492891,5.7754712123880836e-09,5.599450787485694e-07,1.7206159830251975e-09,4.499284784742486e-07,0.14285714285714285,supports,True,0.0005052168271504,0.7692049145698547,6.945038330741227e-05,0.0993334501981735,5.612451786873862e-06,0.0096828611567616,6.138208163974923e-08,3.9488531911047176e-06,8.982182997385735e-09,2.529730181777268e-06,2.223108566527259e-07,-0.40300221474390535,-0.823527768651597
173,"Rewarding customer service employees, for example, may improve the quality of service provided to customers. This can then create a favorable reputation for the business.",Is it ok to incentivise moral behavior?,0,174,supports,True,0.000192938154214,0.863388180732727,1.3867627785657533e-05,0.0464784801006317,6.449045940826181e-06,0.0334771908819675,8.228674630572641e-09,8.727834597266337e-07,1.8217771735606902e-09,6.140797950138221e-07,0.14285714285714285,supports,True,0.0005052168271504,0.7692049145698547,6.945038330741227e-05,0.0993334501981735,5.612451786873862e-06,0.0096828611567616,6.138208163974923e-08,3.9488531911047176e-06,8.982182997385735e-09,2.529730181777268e-06,8.36598849323026e-07,-0.6181082184015152,-0.8003232361688424
174,Morality is not objectively measurable so incentivising it effectively is not possible.,Is it ok to incentivise moral behavior?,3,175,refutes,"False.
None.
The question is whether it's",0.0003635086177382,0.4481980800628662,0.0004283178714103,0.4344084560871124,3.1027240765979514e-05,0.0457863174378871,1.9906737591668392e-08,8.076940503087826e-07,1.09935456293897e-08,1.8779450101646944e-06,0.2857142857142857,refutes,True,0.0005052168271504,0.7692049145698547,6.945038330741227e-05,0.0993334501981735,5.612451786873862e-06,0.0096828611567616,6.138208163974923e-08,3.9488531911047176e-06,8.982182997385735e-09,2.529730181777268e-06,2.541493161918403e-05,-0.28048988433636296,0.00035889241331855883
175,A group of people (e.g. an ethics committee) could be a good judge.,Is it ok to incentivise moral behavior?,0,176,insufficient-neutral,"True.

True. The argument suggests that a group",0.0003828796907328,0.5739059448242188,0.0002631490933708,0.3270017802715301,1.0776936505862976e-05,0.0212337207049131,6.019947562663219e-08,3.609821305872174e-06,9.904370656954598e-09,2.072946017506183e-06,0.0,insufficient-neutral,"True.
True. The answer is True because incentiv",0.0005052168271504,0.7692049145698547,6.945038330741227e-05,0.0993334501981735,5.612451786873862e-06,0.0096828611567616,6.138208163974923e-08,3.9488531911047176e-06,8.982182997385735e-09,2.529730181777268e-06,5.164513704573283e-06,-0.24214778654073013,0.00019371216344739043
176,Morality is objective.  (link to other kialo debate),Is it ok to incentivise moral behavior?,4,177,insufficient-neutral,False,0.0004144455015193,0.3827229142189026,0.0002494177024345,0.2980649173259735,1.1306514352327213e-05,0.0121118742972612,2.989636129768769e-07,1.0214584108325653e-05,3.0541052353783016e-08,5.299256827129284e-06,0.2857142857142857,insufficient-neutral,"True.
True.

The question asks whether it is",0.0005052168271504,0.7692049145698547,6.945038330741227e-05,0.0993334501981735,5.612451786873862e-06,0.0096828611567616,6.138208163974923e-08,3.9488531911047176e-06,8.982182997385735e-09,2.529730181777268e-06,5.694094523284332e-06,-0.17966805686794343,0.0001799798187944906
177,"One can measure certain good deeds quantitatively, such as the amount of money donated or the number of people helped over the street.",Is it ok to incentivise moral behavior?,0,178,insufficient-neutral,False,0.0002760409552138,0.5880761742591858,0.0001366501819575,0.2609572112560272,1.9840728782583028e-05,0.0573246926069259,4.6020446120564884e-08,2.7274354579276405e-06,1.2980663655071112e-08,3.114829041805933e-06,0.0,insufficient-neutral,True,0.0005052168271504,0.7692049145698547,6.945038330741227e-05,0.0993334501981735,5.612451786873862e-06,0.0096828611567616,6.138208163974923e-08,3.9488531911047176e-06,8.982182997385735e-09,2.529730181777268e-06,1.4228356851676003e-05,-0.4536188416946289,6.72044660260132e-05
178,The intrinsic value of morality is lower than the practical value of ensuring consistent moral behaviour throughout society.,Is it ok to incentivise moral behavior?,1,179,supports,"True.
Wait, I need to evaluate whether the",0.0004653940559364,0.6302185654640198,0.0002049102331511,0.2753221094608307,1.0362536158936564e-05,0.0184454303234815,8.422166786203888e-08,5.050296294939471e-06,1.0624257029689945e-08,2.2586323211726267e-06,0.2857142857142857,supports,True,0.0005052168271504,0.7692049145698547,6.945038330741227e-05,0.0993334501981735,5.612451786873862e-06,0.0096828611567616,6.138208163974923e-08,3.9488531911047176e-06,8.982182997385735e-09,2.529730181777268e-06,4.75011103183185e-06,-0.07882312914756699,0.00013546925823559858
179,Societies do not punish people that would love to steal something but aren't capable of executing the heist.,Is it ok to incentivise moral behavior?,7,180,insufficient-neutral,True,0.0002290558768436,0.5749802589416504,0.0001513966853963,0.3077647686004638,1.4757899407413788e-05,0.0464655272662639,3.7302676503259136e-08,3.0454646093858173e-06,7.175177785256892e-09,2.50513085120474e-06,0.14285714285714285,insufficient-neutral,"True.
True",0.0005052168271504,0.7692049145698547,6.945038330741227e-05,0.0993334501981735,5.612451786873862e-06,0.0096828611567616,6.138208163974923e-08,3.9488531911047176e-06,8.982182997385735e-09,2.529730181777268e-06,9.145498949211845e-06,-0.5466186703725697,8.195199368626206e-05
180,Moral behaviour is relative; sociologically driven reinforcement of 'correct' behaviour is helpful.,Is it ok to incentivise moral behavior?,1,181,supports,True,0.0007191652548499,0.8136952519416809,0.00011648688087,0.103449746966362,1.46943966683466e-05,0.0220257211476564,3.9847719790486735e-08,1.9886701920768246e-06,1.051743048208209e-08,1.7143407831099466e-06,0.2857142857142857,supports,True,0.0005052168271504,0.7692049145698547,6.945038330741227e-05,0.0993334501981735,5.612451786873862e-06,0.0096828611567616,6.138208163974923e-08,3.9488531911047176e-06,8.982182997385735e-09,2.529730181777268e-06,9.081995853736597e-06,0.00021405657268198109,4.703976449226241e-05
181,Moral behaviour is not something which is inherent to human beings and needs to be taught. Helping people improve their moral behaviour should therefore be commended.,Is it ok to incentivise moral behavior?,1,182,supports,"True.
True. The argument suggests that moral behavior",0.0002452827175147,0.790591299533844,5.3046107495902106e-05,0.1395476460456848,6.4352229856012855e-06,0.0235036611557006,1.1579418313090173e-08,1.0342344012315152e-06,1.9502921499992e-09,6.272948667174205e-07,0.42857142857142855,supports,True,0.0005052168271504,0.7692049145698547,6.945038330741227e-05,0.0993334501981735,5.612451786873862e-06,0.0096828611567616,6.138208163974923e-08,3.9488531911047176e-06,8.982182997385735e-09,2.529730181777268e-06,8.227758165170249e-07,-0.5145001030583631,-0.23620137183259252
182,"Children are taught the difference between right and wrong by their parents. Without this guidance, they would behave in a manner that is more in alignment with instinct than moral correctness.",Is it ok to incentivise moral behavior?,3,183,insufficient-neutral,True,0.0001052059160429,0.6140272617340088,7.230690243886784e-05,0.3286651372909546,3.599948740884429e-06,0.0253439303487539,3.990782815321836e-09,5.52069991499593e-07,1.3108898411218204e-09,6.30483725672093e-07,0.2857142857142857,insufficient-neutral,True,0.0005052168271504,0.7692049145698547,6.945038330741227e-05,0.0993334501981735,5.612451786873862e-06,0.0096828611567616,6.138208163974923e-08,3.9488531911047176e-06,8.982182997385735e-09,2.529730181777268e-06,-0.3585782332591579,-0.7917608630807128,2.85671753158314e-06
183,Moral behavior's inherency to human nature is irrelevant to whether or not incentivizing moral behavior is good.,Is it ok to incentivise moral behavior?,1,184,insufficient-neutral,"True.
None.

The question is whether it is",0.000551804609131,0.6341679096221924,0.0001921942457556,0.2058841735124588,3.668091449071653e-05,0.0473972260951995,4.2283073042881376e-08,2.202860059696832e-06,1.5923950158480693e-08,3.631902018241817e-06,0.5714285714285714,insufficient-neutral,True,0.0005052168271504,0.7692049145698547,6.945038330741227e-05,0.0993334501981735,5.612451786873862e-06,0.0096828611567616,6.138208163974923e-08,3.9488531911047176e-06,8.982182997385735e-09,2.529730181777268e-06,3.106863707507034e-05,4.6611330809260734e-05,0.00012275238764856183
184,"The only one that can properly evaluate the morality of an action is the person performing the action.
Therefore, incentivising the behaviour can only be done subjectively.
",Is it ok to incentivise moral behavior?,3,185,insufficient-neutral,True,0.000256992818322,0.6252601742744446,0.0001088176068151,0.1967468410730362,4.465865640668199e-05,0.0944001674652099,1.4463773290174233e-08,7.162225301726721e-07,4.275483078686193e-09,1.126776169257937e-06,0.14285714285714285,insufficient-neutral,"True.
The question is whether it is acceptable to",0.0005052168271504,0.7692049145698547,6.945038330741227e-05,0.0993334501981735,5.612451786873862e-06,0.0096828611567616,6.138208163974923e-08,3.9488531911047176e-06,8.982182997385735e-09,2.529730181777268e-06,3.9046423765978964e-05,-0.49132173650761085,3.93699577663454e-05
185,"Some people get to be known for their moral attitude and impactful choices not only by themselves and their colleagues, but also get recognised as morally good by wider population. Virtue of those could be easily recognised and rewarded.",Is it ok to incentivise moral behavior?,1,186,supports,True,0.0003132261335849,0.8771430850028992,2.7369394956622276e-05,0.0578538589179515,8.955231351137627e-06,0.0248826351016759,6.930491291967655e-09,5.172005330678076e-07,1.678603034349635e-09,3.4184870401077205e-07,0.2857142857142857,supports,True,0.0005052168271504,0.7692049145698547,6.945038330741227e-05,0.0993334501981735,5.612451786873862e-06,0.0096828611567616,6.138208163974923e-08,3.9488531911047176e-06,8.982182997385735e-09,2.529730181777268e-06,3.3427983255582004e-06,-0.3800164271019927,-0.6059144146767984
186,Not being punished for rule-breaking and enjoying the liberties and benefits of not being incarcerated are equivalent to directly incentivizing good behavior.,Is it ok to incentivise moral behavior?,7,187,insufficient-neutral,"True.

Okay, let's break this down.",0.0004550961020868,0.6715767979621887,0.0001572770124766,0.1894269287586212,3.677740460261703e-05,0.0634500756859779,2.71588085354324e-08,1.5179848560364917e-06,1.2241434532711537e-08,2.3511006475018803e-06,0.2857142857142857,insufficient-neutral,True,0.0005052168271504,0.7692049145698547,6.945038330741227e-05,0.0993334501981735,5.612451786873862e-06,0.0096828611567616,6.138208163974923e-08,3.9488531911047176e-06,8.982182997385735e-09,2.529730181777268e-06,3.116512772851998e-05,-0.09920636520817894,8.783272918589664e-05
187,"As incentives are usually scarce, this will lead to competition. People competing for morality is not ok.",Is it ok to incentivise moral behavior?,3,188,refutes,False,0.000289058429189,0.3096480071544647,0.0007323923637159,0.5350237488746643,5.2641455113189295e-05,0.0638994723558425,1.6719432949230395e-08,9.0574627620299e-07,9.867316741463128e-09,1.4249387731979368e-06,0.42857142857142855,refutes,True,0.0005052168271504,0.7692049145698547,6.945038330741227e-05,0.0993334501981735,5.612451786873862e-06,0.0096828611567616,6.138208163974923e-08,3.9488531911047176e-06,8.982182997385735e-09,2.529730181777268e-06,4.702926727581059e-05,-0.42785272846236955,0.0006629880251809647
188,Competition means you can either make yourself look good or others look bad. This is not good for overall morality.,Is it ok to incentivise moral behavior?,1,189,refutes,True,0.0003071858373004,0.5641513466835022,0.0002336946490686,0.3265057504177093,2.1233450752333735e-05,0.0500712767243385,2.1940476102599863e-08,1.5869719618422096e-06,6.691466936104007e-09,1.599418851583323e-06,0.14285714285714285,refutes,True,0.0005052168271504,0.7692049145698547,6.945038330741227e-05,0.0993334501981735,5.612451786873862e-06,0.0096828611567616,6.138208163974923e-08,3.9488531911047176e-06,8.982182997385735e-09,2.529730181777268e-06,1.5621086638055486e-05,-0.3919722764717957,0.00016425567338066444
189,Incentivising moral behaviour sends a clear message that morality is valued.,Is it ok to incentivise moral behavior?,3,190,supports,"True.
The question is whether it is acceptable to",0.0008279961766675,0.8397701978683472,8.392689051106572e-05,0.0757075846195221,1.8292819731868804e-05,0.0210232343524694,4.2430080782196455e-08,1.8833857211575376e-06,7.344497010564055e-09,1.1878364603035152e-06,0.2857142857142857,supports,True,0.0005052168271504,0.7692049145698547,6.945038330741227e-05,0.0993334501981735,5.612451786873862e-06,0.0096828611567616,6.138208163974923e-08,3.9488531911047176e-06,8.982182997385735e-09,2.529730181777268e-06,1.2680439113348102e-05,0.00032294250550508327,1.4477512672457894e-05
190,Behaving ethically should be the “ticket of admission” for even having a job Source,Is it ok to incentivise moral behavior?,4,191,supports,True,0.0004395404248498,0.7068276405334473,0.0001460818602936,0.1705301105976104,1.886469362943899e-05,0.0386496149003505,7.954297132073408e-08,4.079776317666983e-06,1.4887413968267538e-08,2.8259782993700355e-06,0.0,supports,True,0.0005052168271504,0.7692049145698547,6.945038330741227e-05,0.0993334501981735,5.612451786873862e-06,0.0096828611567616,6.138208163974923e-08,3.9488531911047176e-06,8.982182997385735e-09,2.529730181777268e-06,1.325231622055098e-05,-0.12999646641034882,7.663679944128439e-05
191,Incentivising moral behavior is the easiest way to get people to do the right thing.,Is it ok to incentivise moral behavior?,2,192,supports,"True.
The question is whether it's acceptable to",0.0004813182167708,0.6992604732513428,0.0001491054281359,0.1795849502086639,3.224630927434191e-05,0.0573987960815429,2.0130833888742927e-08,1.1745717074518325e-06,7.463803797236324e-09,1.508179934717191e-06,0.5714285714285714,supports,True,0.0005052168271504,0.7692049145698547,6.945038330741227e-05,0.0993334501981735,5.612451786873862e-06,0.0096828611567616,6.138208163974923e-08,3.9488531911047176e-06,8.982182997385735e-09,2.529730181777268e-06,2.6634006969548056e-05,-0.04730367061286645,7.966057728611475e-05
192,"If doing the right thing is costly, it would be good to compensate.",Is it ok to incentivise moral behavior?,2,193,supports,"True.
True.

The argument suggests that if acting",0.0007632037741132,0.8369545340538025,5.6156928621931e-05,0.0552031360566616,1.8089605873683468e-05,0.0248820036649703,7.109594690746236e-08,2.752542513917433e-06,1.1651518860844591e-08,1.6055438436524128e-06,0.42857142857142855,supports,True,0.0005052168271504,0.7692049145698547,6.945038330741227e-05,0.0993334501981735,5.612451786873862e-06,0.0096828611567616,6.138208163974923e-08,3.9488531911047176e-06,8.982182997385735e-09,2.529730181777268e-06,1.2477224114628383e-05,0.0002581173521925072,-0.1914093782123516
193,Whistle-blowers often pay a high price for doing the right thing. This is very discouraging for other potential whistle-blowers. Compensation would mitigate this effect.,Is it ok to incentivise moral behavior?,0,194,supports,True,0.0001999959495151,0.894971489906311,1.4831222870270722e-05,0.0497080497443676,4.59449847767246e-06,0.020721398293972,2.7800213242556993e-09,2.434995280964358e-07,6.45016817735211e-10,1.98738504764151e-07,0.14285714285714285,supports,True,0.0005052168271504,0.7692049145698547,6.945038330741227e-05,0.0993334501981735,5.612451786873862e-06,0.0096828611567616,6.138208163974923e-08,3.9488531911047176e-06,8.982182997385735e-09,2.529730181777268e-06,-0.1813740853119029,-0.6041383842198066,-0.7864486534995434
194,The perspective of compensation might encourage false cases of whistle-blowing.,Is it ok to incentivise moral behavior?,5,195,refutes,"False.
None.

Okay, let's break this",0.0002039778628386,0.3659305870532989,0.0003209022106602,0.4847792685031891,2.133180169039406e-05,0.0543907284736633,2.7006544556229528e-08,1.984166374313645e-06,1.0170757569483158e-08,2.9554071261372883e-06,0.0,refutes,True,0.0005052168271504,0.7692049145698547,6.945038330741227e-05,0.0993334501981735,5.612451786873862e-06,0.0096828611567616,6.138208163974923e-08,3.9488531911047176e-06,8.982182997385735e-09,2.529730181777268e-06,1.5719438128108808e-05,-0.596256791387756,0.00025146929199150654
195,It might make whistle-blowing an interesting tool for employees who hold a grudge against their employer.,Is it ok to incentivise moral behavior?,5,196,refutes,True,0.0001943999086506,0.495670884847641,0.0001797905133571,0.3406693041324615,2.267992022098042e-05,0.0772106349468231,2.6868482549957665e-08,2.076855480481754e-06,7.119439260350191e-09,2.176525867980672e-06,0.14285714285714285,refutes,True,0.0005052168271504,0.7692049145698547,6.945038330741227e-05,0.0993334501981735,5.612451786873862e-06,0.0096828611567616,6.138208163974923e-08,3.9488531911047176e-06,8.982182997385735e-09,2.529730181777268e-06,1.706756422498789e-05,-0.6152148974390191,0.00011034779374626054
196,A one-size-fits-all prescription to good health is both ideologically and practically dangerous.,Do people have a right to not wear a mask in public spaces during the Covid-19 pandemic?,1,197,supports,True,0.0002586941700428,0.2904201447963714,0.0006657798076048,0.4713984429836273,0.0001250963105121,0.155450701713562,5.121630763937902e-08,2.536148258514004e-06,3.5338189263711683e-08,4.592371169565013e-06,0.125,supports,False,0.000286622904241,0.4944950342178345,0.0002413606707705,0.2817547917366028,1.9202536350348964e-05,0.0347190015017986,2.5878764020603743e-08,2.4992230009956984e-06,1.0496888691591266e-08,2.5987806111515965e-06,0.0001058958076298464,-0.097440692229944,0.0004245215996523487
197,"The UK government has made exceptions to the rule requiring masks for specific groups of people.
 This is an acknowledgement of the practical dangers of a one-size-fits-all prescription.",Do people have a right to not wear a mask in public spaces during the Covid-19 pandemic?,3,198,supports,True,0.0003194202727172,0.7415573000907898,6.800849951105192e-05,0.1268654912710189,2.835016130120493e-05,0.0689755752682685,1.5497352734428205e-08,9.184619216284772e-07,5.110484924131242e-09,1.0166447736992268e-06,0.25,supports,True,0.000286622904241,0.4944950342178345,0.0002413606707705,0.2817547917366028,1.9202536350348964e-05,0.0347190015017986,2.5878764020603743e-08,2.4992230009956984e-06,1.0496888691591266e-08,2.5987806111515965e-06,9.147800611829742e-06,3.280677164836863e-05,-0.7182287433410457
198,It is not reasonable for everyone to wear masks.,Do people have a right to not wear a mask in public spaces during the Covid-19 pandemic?,1,199,supports,"True.
True. The statement ""It is not",0.0003448599600233,0.7404500246047974,0.0001019404153339,0.1576509177684784,1.6641313777654432e-05,0.043099358677864,4.0610174778521475e-08,3.3284720757364994e-06,8.315167221439879e-09,2.165878186133341e-06,0.1875,supports,True,0.000286622904241,0.4944950342178345,0.0002413606707705,0.2817547917366028,1.9202536350348964e-05,0.0347190015017986,2.5878764020603743e-08,2.4992230009956984e-06,1.0496888691591266e-08,2.5987806111515965e-06,-0.1333793893663421,5.82537526420652e-05,-0.5776428073038007
199,"For people with certain underlying conditions and medical considerations, mask wearing is not possible.",Do people have a right to not wear a mask in public spaces during the Covid-19 pandemic?,3,200,supports,True,0.0005350855644792,0.7653218507766724,9.821060666581616e-05,0.119214154779911,1.8597957023303024e-05,0.0363582596182823,6.947474417984267e-08,4.215114131511655e-06,1.5321308666216282e-08,3.0124065233394504e-06,0.1875,supports,False,0.000286622904241,0.4944950342178345,0.0002413606707705,0.2817547917366028,1.9202536350348964e-05,0.0347190015017986,2.5878764020603743e-08,2.4992230009956984e-06,1.0496888691591266e-08,2.5987806111515965e-06,-0.03148434748490675,0.0002485338957452008,-0.5930960651033299
200,"Many rape survivors, for whom wearing a mask can trigger trauma and flashbacks, are being stigmatized for not wearing masks.",Do people have a right to not wear a mask in public spaces during the Covid-19 pandemic?,0,201,supports,True,0.0002697084273677,0.8295108079910278,3.510273018036969e-05,0.0759603232145309,1.3639451935887337e-05,0.0426098816096782,1.4371583922923037e-08,1.210570189869031e-06,5.540739422826846e-09,1.2686665513683693e-06,0.1875,supports,True,0.000286622904241,0.4944950342178345,0.0002413606707705,0.2817547917366028,1.9202536350348964e-05,0.0347190015017986,2.5878764020603743e-08,2.4992230009956984e-06,1.0496888691591266e-08,2.5987806111515965e-06,-0.2897057093377423,-0.059012997995016706,-0.8545631727476121
201,"Mandating mask-wearing during a pandemic is like mandating safety/hand brakes on a car. It may never be required
 but is in everyone’s interest that it is there and working if it is required.",Do people have a right to not wear a mask in public spaces during the Covid-19 pandemic?,7,202,refutes,True,0.0004010916745755,0.6399785876274109,0.0002215038693975,0.2626466751098633,1.604568569746334e-05,0.028118697926402,3.565253692272563e-08,1.492481260356726e-06,1.6007206227186543e-08,2.240479716419941e-06,0.25,refutes,True,0.000286622904241,0.4944950342178345,0.0002413606707705,0.2817547917366028,1.9202536350348964e-05,0.0347190015017986,2.5878764020603743e-08,2.4992230009956984e-06,1.0496888691591266e-08,2.5987806111515965e-06,-0.16439758765660425,0.00011450158911251166,-0.08227024440067547
202,COVID-19 is universally transmitted through infected secretions and through respiratory droplets. ,Do people have a right to not wear a mask in public spaces during the Covid-19 pandemic?,3,203,insufficient-neutral,False,0.0002868306473828,0.5105617642402649,0.0002913475327659,0.3735349774360657,1.2504385267675389e-05,0.0288039240986108,5.170494432604755e-08,3.725279611899168e-06,1.0341639544719785e-08,2.580425643827766e-06,0.0625,insufficient-neutral,False,0.000286622904241,0.4944950342178345,0.0002413606707705,0.2817547917366028,1.9202536350348964e-05,0.0347190015017986,2.5878764020603743e-08,2.4992230009956984e-06,1.0496888691591266e-08,2.5987806111515965e-06,-0.34881595641670804,2.0780270281419226e-07,4.999892977062724e-05
203,"During a world pandemic, it is important to be guided by those who are more informed than we are.",Do people have a right to not wear a mask in public spaces during the Covid-19 pandemic?,1,204,insufficient-refutes,True,0.0002538094413466,0.4310949742794037,0.0003931077371817,0.4378837347030639,2.9151933631510477e-05,0.0583423636853694,5.0841553189684425e-08,3.823901352006942e-06,1.1842357316993455e-08,2.9780574095639167e-06,0.25,insufficient-refutes,True,0.000286622904241,0.4944950342178345,0.0002413606707705,0.2817547917366028,1.9202536350348964e-05,0.0347190015017986,2.5878764020603743e-08,2.4992230009956984e-06,1.0496888691591266e-08,2.5987806111515965e-06,9.949588338493254e-06,-0.11448304517495769,0.0001517837010270919
204,"While certain attributes of the virus are still being investigated, the overwhelming consensus is that the wearing of masks will limit the spread of the virus.",Do people have a right to not wear a mask in public spaces during the Covid-19 pandemic?,4,205,refutes,True,0.0002251268742838,0.650446355342865,0.0001132009056163,0.2468815892934799,9.66225070442306e-06,0.0323838144540786,2.040593294339033e-08,1.7734274706526776e-06,8.341928037225443e-09,2.277125986438477e-06,0.0625,refutes,False,0.000286622904241,0.4944950342178345,0.0002413606707705,0.2817547917366028,1.9202536350348964e-05,0.0347190015017986,2.5878764020603743e-08,2.4992230009956984e-06,1.0496888691591266e-08,2.5987806111515965e-06,-0.49682424612374343,-0.2145537884351787,-0.5309886020165311
205,Educating people will more effectively guide them to make responsible decisions regarding mask-wearing.,Do people have a right to not wear a mask in public spaces during the Covid-19 pandemic?,6,206,insufficient-neutral,True,0.0003746285801753,0.5275163054466248,0.0003519309684634,0.3625563085079193,3.484588523861021e-05,0.0555998086929321,5.363103028344086e-08,3.4772701837937348e-06,1.714150599241293e-08,2.584087724244455e-06,0.125,insufficient-neutral,True,0.000286622904241,0.4944950342178345,0.0002413606707705,0.2817547917366028,1.9202536350348964e-05,0.0347190015017986,2.5878764020603743e-08,2.4992230009956984e-06,1.0496888691591266e-08,2.5987806111515965e-06,1.564364928600531e-05,8.803090760870179e-05,0.00011059699145694325
206,"Mandatory face mask wearing, and the undercutting of people's rights not to wear one, provoked protests in Spain.",Do people have a right to not wear a mask in public spaces during the Covid-19 pandemic?,0,207,insufficient-supports,"True.
True",0.0003905797493644,0.695236325263977,0.0001026879326673,0.1457294523715973,3.439614738454111e-05,0.0756034404039383,2.8336121005168025e-08,2.181760464736726e-06,1.2922644287982621e-08,2.39619498643151e-06,0.4375,insufficient-supports,True,0.000286622904241,0.4944950342178345,0.0002413606707705,0.2817547917366028,1.9202536350348964e-05,0.0347190015017986,2.5878764020603743e-08,2.4992230009956984e-06,1.0496888691591266e-08,2.5987806111515965e-06,1.5193902795662882e-05,0.00010398665007904797,-0.5745457106185217
207,"In many places, such as Florida, mask wearing is not mandatory, and yet there have been protests 
(https://abc7news.com/viral-target-anti-mask-video-protesters-parade-around-store-demand-customers-remove-face-masks-rant-caught-on/6428893/).",Do people have a right to not wear a mask in public spaces during the Covid-19 pandemic?,0,208,insufficient-supports,True,0.0004169438616372,0.7657235860824585,5.913521090405993e-05,0.072344996035099,2.484456490492448e-05,0.0399526990950107,6.378706984833117e-08,2.809345460264012e-06,1.600238874743809e-08,2.479238673913642e-06,0.25,insufficient-supports,True,0.000286622904241,0.4944950342178345,0.0002413606707705,0.2817547917366028,1.9202536350348964e-05,0.0347190015017986,2.5878764020603743e-08,2.4992230009956984e-06,1.0496888691591266e-08,2.5987806111515965e-06,5.64213689791439e-06,0.00013035832107677898,-0.7549923493530178
208,"Most anti-maskers are not educated on the benefits of wearing masks; whereas government officials 
and researchers who recommend masks to the point of making it mandatory are much more informed.",Do people have a right to not wear a mask in public spaces during the Covid-19 pandemic?,4,209,refutes,True,0.0002381885133218,0.4478102922439575,0.0002438370138406,0.3654921054840088,3.8580616092076525e-05,0.0828365758061409,1.1136900468500245e-07,5.7344964261574205e-06,2.1172279929260185e-08,5.060675448476104e-06,0.1875,refutes,True,0.000286622904241,0.4944950342178345,0.0002413606707705,0.2817547917366028,1.9202536350348964e-05,0.0347190015017986,2.5878764020603743e-08,2.4992230009956984e-06,1.0496888691591266e-08,2.5987806111515965e-06,1.937845185715376e-05,-0.16898297450253702,2.47694090621859e-06
209,Statistical modeling studies of mortality rate shows that masks significantly reduce the loss of life.,Do people have a right to not wear a mask in public spaces during the Covid-19 pandemic?,4,210,refutes,"True.

Wait, I need to answer only with",0.000310384464683,0.6260507702827454,0.0001853390276664,0.286626935005188,1.005554531730013e-05,0.0266604553908109,2.9254570321768373e-08,2.3698146378592355e-06,9.062642192247951e-09,1.949356374097988e-06,0.0625,refutes,True,0.000286622904241,0.4944950342178345,0.0002413606707705,0.2817547917366028,1.9202536350348964e-05,0.0347190015017986,2.5878764020603743e-08,2.4992230009956984e-06,1.0496888691591266e-08,2.5987806111515965e-06,-0.47634285732689724,2.3768373002098955e-05,-0.23210758789019392
210,Wearing facemasks help prevent the spread of COVID-19.,Do people have a right to not wear a mask in public spaces during the Covid-19 pandemic?,2,211,refutes,"False.
None.
Okay, let me try to",0.0003132442361675,0.6621406078338623,0.0001637835375731,0.2324332296848297,1.5115688256628346e-05,0.0391481406986713,3.688715821681399e-08,2.7527714792086044e-06,1.0568347974526661e-08,2.585989477665862e-06,0.125,refutes,True,0.000286622904241,0.4944950342178345,0.0002413606707705,0.2817547917366028,1.9202536350348964e-05,0.0347190015017986,2.5878764020603743e-08,2.4992230009956984e-06,1.0496888691591266e-08,2.5987806111515965e-06,-0.2128285565592146,2.6628964397612587e-05,-0.3214158004688549
211,A systematic review of 172 studies revealed that masks are effective at protecting people form COVID-19.,Do people have a right to not wear a mask in public spaces during the Covid-19 pandemic?,4,212,insufficient-neutral,True,0.0002050620969384,0.6018044948577881,0.0001512033195467,0.288748949766159,1.2606977179530077e-05,0.0409533083438873,2.501184326320072e-08,2.1907642349106027e-06,8.74575256659682e-09,1.9182971300324425e-06,0.1875,insufficient-neutral,True,0.000286622904241,0.4944950342178345,0.0002413606707705,0.2817547917366028,1.9202536350348964e-05,0.0347190015017986,2.5878764020603743e-08,2.4992230009956984e-06,1.0496888691591266e-08,2.5987806111515965e-06,-0.34347333344321607,-0.2845578845786223,-0.3735378715015543
212,"Now that research has demonstrated its definite benefits, the CDC website officially recommends that masks be worn.",Do people have a right to not wear a mask in public spaces during the Covid-19 pandemic?,4,213,refutes,True,0.0002228955563623,0.6749057173728943,0.000107785250293,0.2482839375734329,6.523775482492056e-06,0.0238270871341228,1.5014100185339885e-08,1.4108653658695405e-06,4.318447821560767e-09,1.3462572496791836e-06,0.0625,refutes,True,0.000286622904241,0.4944950342178345,0.0002413606707705,0.2817547917366028,1.9202536350348964e-05,0.0347190015017986,2.5878764020603743e-08,2.4992230009956984e-06,1.0496888691591266e-08,2.5987806111515965e-06,-0.6602649064964015,-0.22233864403633416,-0.5534266210442852
213,People's choice to not wear a mask must be respected.,Do people have a right to not wear a mask in public spaces during the Covid-19 pandemic?,1,214,supports,"True.
True. The argument suggests that individuals'",0.0003313164634164,0.8447737097740173,4.050849020131864e-05,0.0810704678297042,1.0567270692263264e-05,0.0302938222885131,2.4415163224489334e-08,2.180679530283669e-06,5.259563895521069e-09,1.7659681361692492e-06,0.375,supports,True,0.000286622904241,0.4944950342178345,0.0002413606707705,0.2817547917366028,1.9202536350348964e-05,0.0347190015017986,2.5878764020603743e-08,2.4992230009956984e-06,1.0496888691591266e-08,2.5987806111515965e-06,-0.44969401440184087,4.4706373045880484e-05,-0.8321661517097932
214,People have the right to bodily autonomy and integrity. They should not be forced to wear masks if they don't wish to.,Do people have a right to not wear a mask in public spaces during the Covid-19 pandemic?,1,215,supports,"True.
The question is whether the right to bodily",0.0004470382700674,0.8739418983459473,2.948537076008506e-05,0.0493044294416904,5.8974446801585145e-06,0.0143484063446521,5.2437300723795495e-08,3.60503577212512e-06,8.93599061413397e-09,2.0381023659865605e-06,0.5,supports,False,0.000286622904241,0.4944950342178345,0.0002413606707705,0.2817547917366028,1.9202536350348964e-05,0.0347190015017986,2.5878764020603743e-08,2.4992230009956984e-06,1.0496888691591266e-08,2.5987806111515965e-06,-0.692881993682499,0.0001604613577267701,-0.8778368875676457
215,"The Jacobsen v. Massachusetts case in the US shows that masks do not violate the constitutional right to bodily integrity 
because they are required to protect public health.",Do people have a right to not wear a mask in public spaces during the Covid-19 pandemic?,4,216,refutes,"False.

True",0.0002183463657274,0.4438625276088714,0.0002984440943691,0.4579522311687469,1.7783484508981928e-05,0.034765999764204,2.6424897825449992e-08,1.145776650446351e-06,6.3504486114140946e-09,1.6670951481501106e-06,0.4375,refutes,True,0.000286622904241,0.4944950342178345,0.0002413606707705,0.2817547917366028,1.9202536350348964e-05,0.0347190015017986,2.5878764020603743e-08,2.4992230009956984e-06,1.0496888691591266e-08,2.5987806111515965e-06,-0.07389918787167134,-0.23821033665959682,5.70972046182058e-05
216,This right to bodily autonomy is not without limits. Prostitution is illegal in many countries.,Do people have a right to not wear a mask in public spaces during the Covid-19 pandemic?,0,217,refutes,False,9.722520189825444e-05,0.2787212431430816,0.0002925373846665,0.5372492671012878,4.348180300439708e-05,0.1276078820228576,2.5700332528799663e-08,2.081897946482058e-06,1.0713493203695634e-08,3.541427531672525e-06,0.25,refutes,True,0.000286622904241,0.4944950342178345,0.0002413606707705,0.2817547917366028,1.9202536350348964e-05,0.0347190015017986,2.5878764020603743e-08,2.4992230009956984e-06,1.0496888691591266e-08,2.5987806111515965e-06,2.4279732886501445e-05,-0.6607905353701079,5.1189068924011606e-05
217,"The government has a moral obligation to reasonably restrict personal choices, especially ones that harm the public good.",Do people have a right to not wear a mask in public spaces during the Covid-19 pandemic?,1,218,refutes,"True.
Okay, let's break this down.",0.0003864708705805,0.4654716551303863,0.0005711669218726,0.4511505961418152,7.0784608396934345e-06,0.0101241767406463,7.444973704195945e-08,4.715271643362939e-06,1.7273729113753692e-08,3.615323976191576e-06,0.25,refutes,"False.
The answer is False because during the Covid",0.000286622904241,0.4944950342178345,0.0002413606707705,0.2817547917366028,1.9202536350348964e-05,0.0347190015017986,2.5878764020603743e-08,2.4992230009956984e-06,1.0496888691591266e-08,2.5987806111515965e-06,-0.63137886003456,9.987659325872549e-05,0.00032988587257758303
218,Not wearing a mask can constitute self-harm and the state is obligated to prevent such harm by limiting choice.,Do people have a right to not wear a mask in public spaces during the Covid-19 pandemic?,7,219,refutes,"False.
True",0.0002667070366442,0.3755514919757843,0.0005387630080804,0.5296124815940857,1.1902825463039337e-05,0.0178413800895214,2.6863840929536312e-08,1.4553019127561129e-06,1.73445986462184e-08,3.3052956496248957e-06,0.3125,refutes,True,0.000286622904241,0.4944950342178345,0.0002413606707705,0.2817547917366028,1.9202536350348964e-05,0.0347190015017986,2.5878764020603743e-08,2.4992230009956984e-06,1.0496888691591266e-08,2.5987806111515965e-06,-0.38014305788188085,-0.06948456422049995,0.0002974741358668697
219,"Individual choice of clothing is already restricted by laws prohibiting ""indecent exposure"", so it is not uncommon that the government regulates 
what people are allowed to wear (or not wear).",Do people have a right to not wear a mask in public spaces during the Covid-19 pandemic?,7,220,refutes,True,0.0003343332500662,0.6236771941184998,0.0002027833543252,0.2640815377235412,2.787591984088067e-05,0.0451790280640125,2.995154702034597e-08,1.25382734950108e-06,7.339942431627833e-09,1.727220137581753e-06,0.3125,refutes,True,0.000286622904241,0.4944950342178345,0.0002413606707705,0.2817547917366028,1.9202536350348964e-05,0.0347190015017986,2.5878764020603743e-08,2.4992230009956984e-06,1.0496888691591266e-08,2.5987806111515965e-06,8.673550044691724e-06,4.7724024623739705e-05,-0.15983265343996983
220,"If people's choices cause harm to other people, their choices should be restricted.",Do people have a right to not wear a mask in public spaces during the Covid-19 pandemic?,1,221,refutes,True,0.0002942869905382,0.3489487767219543,0.0006230055587366,0.5489735007286072,9.386223609908484e-06,0.0146296480670571,9.27410113149563e-08,5.873748250451172e-06,2.4573919787940213e-08,6.451050467148889e-06,0.125,refutes,True,0.000286622904241,0.4944950342178345,0.0002413606707705,0.2817547917366028,1.9202536350348964e-05,0.0347190015017986,2.5878764020603743e-08,2.4992230009956984e-06,1.0496888691591266e-08,2.5987806111515965e-06,-0.5111987584005844,7.66628362967869e-06,0.00038173702427033584
221,It is very well accepted that certain liberties should be curtailed where they would affect other people - consider the illegality of murder and theft.,Do people have a right to not wear a mask in public spaces during the Covid-19 pandemic?,7,222,refutes,False,0.0001973238395294,0.4440072774887085,0.0002417662326479,0.4440072774887085,1.1045617611671332e-05,0.02928545512259,5.2775074976807446e-08,3.671026206575334e-06,1.4885893406813013e-08,4.568665644910652e-06,0.125,refutes,True,0.000286622904241,0.4944950342178345,0.0002413606707705,0.2817547917366028,1.9202536350348964e-05,0.0347190015017986,2.5878764020603743e-08,2.4992230009956984e-06,1.0496888691591266e-08,2.5987806111515965e-06,-0.42478340308046847,-0.3115559272838678,4.0565978771847e-07
222,"For most people, wearing a mask poses no risk. It is therefore justified that people are required to wear a mask 
since it does no harm to people wearing them but reduces harm for others and oneself.",Do people have a right to not wear a mask in public spaces during the Covid-19 pandemic?,2,223,refutes,True,0.0003406103642191,0.5695570111274719,0.000249195843935,0.3194925189018249,1.3206896255724132e-05,0.0217417385429143,2.8553390762908748e-08,1.218873080688354e-06,8.573283416524191e-09,1.6922375607464346e-06,0.3125,refutes,True,0.000286622904241,0.4944950342178345,0.0002413606707705,0.2817547917366028,1.9202536350348964e-05,0.0347190015017986,2.5878764020603743e-08,2.4992230009956984e-06,1.0496888691591266e-08,2.5987806111515965e-06,-0.3122316752971997,5.400293845715815e-05,7.837064723698612e-06
223,"Public health has long been used as a justification to curtail civil liberties, such as mandatory quarantine for those with yellow fever in 1799.",Do people have a right to not wear a mask in public spaces during the Covid-19 pandemic?,0,224,refutes,"False.
Okay, let's see. The user",0.0003338188980706,0.594201385974884,0.0002599784056656,0.3333167731761932,9.846942703006787e-06,0.0197068881243467,2.7766288823727336e-08,1.6978259509414784e-06,8.402338380619767e-09,1.510077709099278e-06,0.25,refutes,"False.
Okay, let me try to work through",0.000286622904241,0.4944950342178345,0.0002413606707705,0.2817547917366028,1.9202536350348964e-05,0.0347190015017986,2.5878764020603743e-08,2.4992230009956984e-06,1.0496888691591266e-08,2.5987806111515965e-06,-0.48720614176429666,4.7209525160809406e-05,1.862222956892003e-05
224,Many people do not wear facemasks properly. This could increase the risk of infection to oneself or others.,Do people have a right to not wear a mask in public spaces during the Covid-19 pandemic?,5,225,refutes,"True.
Okay, let's tackle this. The",0.0002546227478887,0.5467013716697693,0.0002354875323362,0.3475045263767242,1.3922872312832624e-05,0.0349494479596614,2.0209078854804833e-08,1.5743547692181892e-06,9.180388893526016e-09,1.7290903997491114e-06,0.375,refutes,True,0.000286622904241,0.4944950342178345,0.0002413606707705,0.2817547917366028,1.9202536350348964e-05,0.0347190015017986,2.5878764020603743e-08,2.4992230009956984e-06,1.0496888691591266e-08,2.5987806111515965e-06,-0.27494618112884833,-0.11164549615125464,-0.02433345256934801
225,A study has shown that people wearing a mask are less likely to touch their faces than those who don't wear a mask.,Do people have a right to not wear a mask in public spaces during the Covid-19 pandemic?,4,226,,True,0.0001724420144455,0.4828981459140777,0.0001711000513751,0.3166923522949219,3.2911131711443886e-05,0.1044340506196022,3.5918546359425825e-08,3.0373896606761264e-06,1.5208868830995925e-08,3.663791403596406e-06,0.375,,"False.
Okay, let me try to work through",0.000286622904241,0.4944950342178345,0.0002413606707705,0.2817547917366028,1.9202536350348964e-05,0.0347190015017986,2.5878764020603743e-08,2.4992230009956984e-06,1.0496888691591266e-08,2.5987806111515965e-06,1.3708858605950625e-05,-0.39836624396037007,-0.29110218815313105
226,"Even if some people wear masks incorrectly, the net effect of wearing masks is still positive.",Do people have a right to not wear a mask in public spaces during the Covid-19 pandemic?,2,227,refutes,True,0.0003951133112423,0.5740217566490173,0.0003125603543594,0.3270677626132965,1.8193195501226e-05,0.0323840901255607,4.31997229100034e-08,2.7900166514882585e-06,1.2280610306447672e-08,2.2070848899602424e-06,0.1875,refutes,True,0.000286622904241,0.4944950342178345,0.0002413606707705,0.2817547917366028,1.9202536350348964e-05,0.0347190015017986,2.5878764020603743e-08,2.4992230009956984e-06,1.0496888691591266e-08,2.5987806111515965e-06,-0.05256289225066986,0.00010852151175217102,7.121687254102666e-05
227,Even the WHO advice on masks has changed over time.,Do people have a right to not wear a mask in public spaces during the Covid-19 pandemic?,0,228,insufficient-neutral,"True.
The question is about whether people have a",0.00021700389334,0.5157372951507568,0.0001813135459087,0.2984858453273773,3.770962212001905e-05,0.0999802350997924,3.94245738277732e-08,3.480245140963234e-06,1.1608447536559652e-08,3.0474047889583744e-06,0.0625,insufficient-neutral,True,0.000286622904241,0.4944950342178345,0.0002413606707705,0.2817547917366028,1.9202536350348964e-05,0.0347190015017986,2.5878764020603743e-08,2.4992230009956984e-06,1.0496888691591266e-08,2.5987806111515965e-06,1.85074411594817e-05,-0.24289409489223,-0.24878587165883523
228,Schools should close during the Covid-19 pandemic because that would reduce the rate of infection of Covid-19.,Should schools close during the Covid-19 pandemic?,2,229,supports,"True.
True",0.0001965714182006,0.7885103821754456,4.120360972592607e-05,0.1247604563832283,4.411218014865881e-06,0.0220215283334255,5.1961336566819234e-08,7.621901204402093e-06,5.370755840061747e-09,2.961551672342466e-06,1.0,supports,True,0.000569507072214,0.7772530317306519,9.22459876164794e-05,0.1085288375616073,1.7197622582898475e-05,0.0242160577327013,3.8212071729049064e-08,3.837308668153128e-06,7.2079369139999025e-09,1.5144975122893811e-06,-0.7434983821977551,-0.6548393728695688,-0.5533289762451933
229,Schools can reduce cohort sizes to decrease the chances of widespread Covid-19 transmission.,Should schools close during the Covid-19 pandemic?,4,230,refutes,"False.
Okay, let's break this down.",0.0002900396648328,0.4812201857566833,0.0003525985812302,0.418091356754303,2.0846897314186208e-05,0.042710717767477,3.2336949118416676e-08,3.0268354294094024e-06,1.1045153236466376e-08,2.843449010470067e-06,0.42857142857142855,refutes,True,0.000569507072214,0.7772530317306519,9.22459876164794e-05,0.1085288375616073,1.7197622582898475e-05,0.0242160577327013,3.8212071729049064e-08,3.837308668153128e-06,7.2079369139999025e-09,1.5144975122893811e-06,3.6493374912165843e-06,-0.4907180630694369,0.00026037661231147555
230,School closures negatively impact students' academic performance.,Should schools close during the Covid-19 pandemic?,5,231,refutes,"True.
The question is whether the argument is relevant",0.0004342387255746,0.611453652381897,0.0003329424071125,0.3026914894580841,1.557192263135221e-05,0.0281546972692012,1.0011802942244685e-07,8.667079782753717e-06,9.990775318158285e-09,2.5820777409535367e-06,0.0,refutes,True,0.000569507072214,0.7772530317306519,9.22459876164794e-05,0.1085288375616073,1.7197622582898475e-05,0.0242160577327013,3.8212071729049064e-08,3.837308668153128e-06,7.2079369139999025e-09,1.5144975122893811e-06,-0.09453050523174537,-0.23751829123655038,0.0002407186248233051
231,"A study showed that, when students return to school, they will only have 63 to 68% of the learning gains in reading and 37 to 50% of the learning
 gains in mathematics relative to the average school year.",Should schools close during the Covid-19 pandemic?,4,232,refutes,False,0.0001468723785365,0.5448762774467468,0.0001480243226978,0.2782955467700958,3.328773527755402e-05,0.1007919833064079,5.306608841237904e-08,4.2987057895516045e-06,1.1298421753735964e-08,4.134024948143633e-06,0.14285714285714285,refutes,True,0.000569507072214,0.7772530317306519,9.22459876164794e-05,0.1085288375616073,1.7197622582898475e-05,0.0242160577327013,3.8212071729049064e-08,3.837308668153128e-06,7.2079369139999025e-09,1.5144975122893811e-06,1.609038941109985e-05,-0.7421061375664344,5.57834808836074e-05
232,A study found that students learn better when studying from home.,Should schools close during the Covid-19 pandemic?,4,233,supports,True,0.0001330860541202,0.6192773580551147,8.199194417102262e-05,0.227819412946701,1.773200165189337e-05,0.0799721330404281,8.538656715018078e-08,9.71633562585339e-06,7.259747469845479e-09,3.03358774544904e-06,0.0,supports,True,0.000569507072214,0.7772530317306519,9.22459876164794e-05,0.1085288375616073,1.7197622582898475e-05,0.0242160577327013,3.8212071729049064e-08,3.837308668153128e-06,7.2079369139999025e-09,1.5144975122893811e-06,5.343882592024891e-07,-0.7663136058998911,-0.11115977735626657
233,Remote learning is a good substitute for in-person education.,Should schools close during the Covid-19 pandemic?,4,234,supports,True,0.0002922571147792,0.6034668684005737,0.0002539173874538,0.2850575447082519,1.7827798728831112e-05,0.0465343706309795,7.605699181567617e-08,7.911036846053321e-06,1.0373924830275882e-08,3.37601636601903e-06,0.0,supports,True,0.000569507072214,0.7772530317306519,9.22459876164794e-05,0.1085288375616073,1.7197622582898475e-05,0.0242160577327013,3.8212071729049064e-08,3.837308668153128e-06,7.2079369139999025e-09,1.5144975122893811e-06,6.301869836505386e-07,-0.48682443285027294,0.00016168631475110888
234,"First of all, school closures reduce the risk of illness. And it hardly affects the quality of education (at school) or, on the contrary, improves, because you can watch webinars.",Should schools close during the Covid-19 pandemic?,2,235,supports,False,0.000213028572034,0.6400098204612732,0.0001223320141434,0.2429203242063522,1.4272024600359146e-05,0.047092255204916,6.456155432488232e-08,6.534208750963444e-06,1.5156057742160556e-08,4.893896402791143e-06,0.14285714285714285,supports,True,0.000569507072214,0.7772530317306519,9.22459876164794e-05,0.1085288375616073,1.7197622582898475e-05,0.0242160577327013,3.8212071729049064e-08,3.837308668153128e-06,7.2079369139999025e-09,1.5144975122893811e-06,-0.17011641978052128,-0.6259421832887236,3.0088802098186346e-05
235,Many students have been thriving in remote education due to the ability to self-pace.,Should schools close during the Covid-19 pandemic?,0,236,supports,False,0.0001944828545674,0.4920233786106109,0.0002273735008202,0.3543911576271057,2.396498894086108e-05,0.0742844194173812,1.7188905587772754e-07,1.739671643008478e-05,1.2746883548686584e-08,4.538204848358873e-06,0.14285714285714285,supports,True,0.000569507072214,0.7772530317306519,9.22459876164794e-05,0.1085288375616073,1.7197622582898475e-05,0.0242160577327013,3.8212071729049064e-08,3.837308668153128e-06,7.2079369139999025e-09,1.5144975122893811e-06,6.767482742576648e-06,-0.6585066910383855,0.00013513997932457987
236,Online schooling does not allow for an accurate assessment of the progress of students.,Should schools close during the Covid-19 pandemic?,5,237,refutes,"False.
Okay, let's break this down.",8.133411756716669e-05,0.2073815464973449,0.0004261602880433,0.5907750129699707,5.210458766669035e-05,0.1403213590383529,3.8477391939295564e-08,4.808766334463144e-06,1.0315674536798271e-08,3.5181685689167352e-06,0.14285714285714285,refutes,True,0.000569507072214,0.7772530317306519,9.22459876164794e-05,0.1085288375616073,1.7197622582898475e-05,0.0242160577327013,3.8212071729049064e-08,3.837308668153128e-06,7.2079369139999025e-09,1.5144975122893811e-06,3.49075654109271e-05,-0.8571850613707492,0.00033394510552288924
237,Students in remote learning programs tend to score lower than those engaging in in-person education.,Should schools close during the Covid-19 pandemic?,5,238,refutes,True,0.000204885873245,0.479388028383255,0.0002714296861086,0.356250911951065,2.883285742427688e-05,0.0794903263449668,9.394489808300933e-08,9.360657713841649e-06,1.5039455902865484e-08,4.706834715761943e-06,0.0,refutes,True,0.000569507072214,0.7772530317306519,9.22459876164794e-05,0.1085288375616073,1.7197622582898475e-05,0.0242160577327013,3.8212071729049064e-08,3.837308668153128e-06,7.2079369139999025e-09,1.5144975122893811e-06,1.1635434943197147e-05,-0.6402399842929232,0.0001792002289942253
238,Schools are critical for the social development of students.,Should schools close during the Covid-19 pandemic?,5,239,refutes,"False.
The question is whether schools should close during",0.0002757186884991,0.4946316182613373,0.0003918752481695,0.3974476754665375,2.126114122802392e-05,0.0439010486006736,9.542936396655932e-08,1.0043052498076577e-05,9.229905728602716e-09,3.0869809961586725e-06,0.2857142857142857,refutes,True,0.000569507072214,0.7772530317306519,9.22459876164794e-05,0.1085288375616073,1.7197622582898475e-05,0.0242160577327013,3.8212071729049064e-08,3.837308668153128e-06,7.2079369139999025e-09,1.5144975122893811e-06,4.063588529187302e-06,-0.5158643290815975,0.00029965690269995627
239,Students can take part in social activities online.,Should schools close during the Covid-19 pandemic?,6,240,supports,False,0.0001250884088221,0.2749468982219696,0.0005064664874225,0.6099963188171387,2.812990351230837e-05,0.0653056055307388,7.568800697299595e-08,7.690287930017803e-06,5.504280142787365e-09,1.944409177667694e-06,0.0,supports,True,0.000569507072214,0.7772530317306519,9.22459876164794e-05,0.1085288375616073,1.7197622582898475e-05,0.0242160577327013,3.8212071729049064e-08,3.837308668153128e-06,7.2079369139999025e-09,1.5144975122893811e-06,1.0932468941884657e-05,-0.7803567068345442,0.00041425871351017713
240,"Kids don't play a significant role in the spread of Covid-19. Therefore, closing schools will not significantly reduce the spread of the virus.",Should schools close during the Covid-19 pandemic?,3,241,refutes,"False.
Okay, let's see. The user",0.000208746336284,0.4517152607440948,0.0002701378252822,0.4049149453639984,1.9416433133301325e-05,0.0498953089118003,5.306572958829747e-08,5.694821993529331e-06,1.0449261900191686e-08,3.2195603125728667e-06,0.42857142857142855,refutes,True,0.000569507072214,0.7772530317306519,9.22459876164794e-05,0.1085288375616073,1.7197622582898475e-05,0.0242160577327013,3.8212071729049064e-08,3.837308668153128e-06,7.2079369139999025e-09,1.5144975122893811e-06,2.2188487093255213e-06,-0.6334613800799989,0.0001779082489878536
241,Students can wear masks and practise social distancing to reduce the rate of infection.,Should schools close during the Covid-19 pandemic?,6,242,refutes,"False.
The argument provided suggests that students can wear",0.0001804150961106,0.4389475882053375,0.0003117293235845,0.4600131213665008,1.639248148421757e-05,0.0421245209872722,3.4484695987657694e-08,3.5451228086458286e-06,8.385073080319216e-09,2.9390100735327e-06,0.14285714285714285,refutes,True,0.000569507072214,0.7772530317306519,9.22459876164794e-05,0.1085288375616073,1.7197622582898475e-05,0.0242160577327013,3.8212071729049064e-08,3.837308668153128e-06,7.2079369139999025e-09,1.5144975122893811e-06,-0.04681700012893341,-0.6832083306547481,0.00021950358429293908
242,Schools can reduce cohort sizes to decrease the chances of widespread Covid-19 transmission.,Should schools close during the Covid-19 pandemic?,6,243,refutes,"False.
None.

Wait, the user wants me",0.0004248253826517,0.4806661605834961,0.0005124372546561,0.4111355543136596,2.868475348805077e-05,0.0407079346477985,5.3670902389058035e-08,4.164841811871156e-06,1.7977502153598834e-08,3.59031787411368e-06,0.42857142857142855,refutes,True,0.000569507072214,0.7772530317306519,9.22459876164794e-05,0.1085288375616073,1.7197622582898475e-05,0.0242160577327013,3.8212071729049064e-08,3.837308668153128e-06,7.2079369139999025e-09,1.5144975122893811e-06,1.1487328459891634e-05,-0.2540472219244608,0.0004202300315739093
243,A study found that Covid-19 cases in schools were 37% less than the ones in the surrounding community.,Should schools close during the Covid-19 pandemic?,4,244,refutes,"True.
The question is whether the study's finding",0.0001993723562918,0.6228426098823547,0.0001391843252349,0.2807371616363525,5.03033515997231e-06,0.0188082177191972,1.3723288816436252e-07,1.5986372090992518e-05,9.94111726271285e-09,4.439255462784786e-06,0.42857142857142855,refutes,True,0.000569507072214,0.7772530317306519,9.22459876164794e-05,0.1085288375616073,1.7197622582898475e-05,0.0242160577327013,3.8212071729049064e-08,3.837308668153128e-06,7.2079369139999025e-09,1.5144975122893811e-06,-0.707498223331489,-0.6499211932228944,4.694266789118158e-05
244,"Scientists showed that 1 in 3 people that have COVID-19 won't show symptoms, and would thus continue to go outside and spread the virus without even knowing.",Should schools close during the Covid-19 pandemic?,4,245,supports,True,0.0001552741596242,0.5805637240409851,0.000116294970212,0.2576235830783844,2.381206286372617e-05,0.0918585211038589,3.7371798100593885e-08,5.030427018937189e-06,4.8639647864945346e-09,1.7658459228186985e-06,0.2857142857142857,supports,True,0.000569507072214,0.7772530317306519,9.22459876164794e-05,0.1085288375616073,1.7197622582898475e-05,0.0242160577327013,3.8212071729049064e-08,3.837308668153128e-06,7.2079369139999025e-09,1.5144975122893811e-06,6.614554035431549e-06,-0.7273534128021265,2.4051201222330716e-05
245,Schools can reduce cohort sizes to decrease the chances of widespread Covid-19 transmission.,Should schools close during the Covid-19 pandemic?,6,246,refutes,"False.
The argument suggests that reducing cohort sizes can",0.0004248253826517,0.4806661605834961,0.0005124372546561,0.4111355543136596,2.868475348805077e-05,0.0407079346477985,5.3670902389058035e-08,4.164841811871156e-06,1.7977502153598834e-08,3.59031787411368e-06,0.42857142857142855,refutes,"True.
I think the answer is True because schools",0.000569507072214,0.7772530317306519,9.22459876164794e-05,0.1085288375616073,1.7197622582898475e-05,0.0242160577327013,3.8212071729049064e-08,3.837308668153128e-06,7.2079369139999025e-09,1.5144975122893811e-06,1.1487328459891634e-05,-0.2540472219244608,0.0004202300315739093
246,It is much more difficult to ensure that students are present and engaged in classes when they are conducted remotely.,Should schools close during the Covid-19 pandemic?,5,247,refutes,"False.
Wait, the user is asking if I",0.00016098190099,0.539543867111206,0.000138775067171,0.2588759660720825,3.508782901917584e-05,0.1222843527793884,4.8219618520306546e-08,6.855435458419379e-06,8.121508798808463e-09,3.7564689137070673e-06,0.0,refutes,True,0.000569507072214,0.7772530317306519,9.22459876164794e-05,0.1085288375616073,1.7197622582898475e-05,0.0242160577327013,3.8212071729049064e-08,3.837308668153128e-06,7.2079369139999025e-09,1.5144975122893811e-06,1.7890514110586856e-05,-0.7173311643625931,4.653337207138444e-05
247,90% of teachers surveyed in May 2020 in the US said that remote attendance did not approach normal attendance levels.,Should schools close during the Covid-19 pandemic?,0,248,refutes,True,0.0002052936324616,0.5572065711021423,0.0001898655609693,0.2936272323131561,1.924504977068864e-05,0.0625168457627296,1.498358415119583e-07,1.6720387066015974e-05,1.36140565487608e-08,4.716201601695502e-06,0.14285714285714285,refutes,True,0.000569507072214,0.7772530317306519,9.22459876164794e-05,0.1085288375616073,1.7197622582898475e-05,0.0242160577327013,3.8212071729049064e-08,3.837308668153128e-06,7.2079369139999025e-09,1.5144975122893811e-06,2.0474623992757617e-06,-0.6395239980716901,9.762857919752828e-05
248,Data suggested that only 60 percent of low-income students were regularly logging into online instruction early in the Covid-19 pandemic.,Should schools close during the Covid-19 pandemic?,0,249,refutes,"False.
The question is whether schools should close during",0.0001139035884989,0.3530676364898681,0.0002430251333862,0.4825862050056457,1.994871672650333e-05,0.0800206363201141,5.452048057463799e-08,7.571679361717543e-06,1.3413110622195744e-08,5.989691089780536e-06,0.42857142857142855,refutes,True,0.000569507072214,0.7772530317306519,9.22459876164794e-05,0.1085288375616073,1.7197622582898475e-05,0.0242160577327013,3.8212071729049064e-08,3.837308668153128e-06,7.2079369139999025e-09,1.5144975122893811e-06,2.7511414566973006e-06,-0.7999961825652286,0.0001507930558240808
249,Attendance is difficult to monitor when classes are conducted remotely.,Should schools close during the Covid-19 pandemic?,3,250,refutes,False,0.0001093674800358,0.2766894400119781,0.0003043417236767,0.3963393568992615,9.72734487731941e-05,0.2441775947809219,8.530378892146474e-08,8.907566552807111e-06,1.1957696166575717e-08,4.142403213336365e-06,0.0,refutes,True,0.000569507072214,0.7772530317306519,9.22459876164794e-05,0.1085288375616073,1.7197622582898475e-05,0.0242160577327013,3.8212071729049064e-08,3.837308668153128e-06,7.2079369139999025e-09,1.5144975122893811e-06,8.007720332781595e-05,-0.8079611555820967,0.0002121153028458202
250,Students can ignore classes and leave them running in the background while they do other activities.,Should schools close during the Covid-19 pandemic?,0,251,refutes,"True.
Wait, the question is about whether schools",6.788468454033136e-05,0.1651625633239746,0.0003188387490808,0.4351453781127929,0.0001308511564275,0.3284649550914764,5.253624379975008e-08,6.2651211010233965e-06,8.609872814702157e-09,2.9135519525880227e-06,0.14285714285714285,refutes,True,0.000569507072214,0.7772530317306519,9.22459876164794e-05,0.1085288375616073,1.7197622582898475e-05,0.0242160577327013,3.8212071729049064e-08,3.837308668153128e-06,7.2079369139999025e-09,1.5144975122893811e-06,0.00011365548844879634,-0.880800980615702,0.0002266136656657173
251,This [30] can be avoided by requiring students to turn on their cameras.,Should schools close during the Covid-19 pandemic?,0,252,,False,6.12720541539602e-05,0.1526093184947967,0.0004090189177077,0.6035815477371216,6.782198761356995e-05,0.17841836810112,4.168371248169933e-08,4.543790055322461e-06,1.5883276915928946e-08,5.270888323138934e-06,0.0,,True,0.000569507072214,0.7772530317306519,9.22459876164794e-05,0.1085288375616073,1.7197622582898475e-05,0.0242160577327013,3.8212071729049064e-08,3.837308668153128e-06,7.2079369139999025e-09,1.5144975122893811e-06,5.0625235664367595e-05,-0.8924121277093879,0.00031680215381877866
252,Students may not have enough personal space to be able to turn on their cameras comfortably.,Should schools close during the Covid-19 pandemic?,0,253,refutes,"False.
The question is not related to the argument",8.097880345303565e-05,0.2529791891574859,0.0003080077294725,0.4800701141357422,6.557863525813445e-05,0.2097271084785461,3.066238107862773e-08,3.4755403248709622e-06,9.64834612204868e-09,3.368609213794116e-06,0.0,refutes,True,0.000569507072214,0.7772530317306519,9.22459876164794e-05,0.1085288375616073,1.7197622582898475e-05,0.0242160577327013,3.8212071729049064e-08,3.837308668153128e-06,7.2079369139999025e-09,1.5144975122893811e-06,4.8381844727941475e-05,-0.857808959003398,0.00021578164684714352
253,Students may not have stable enough (or any) internet connections for them to switch on their cameras.,Should schools close during the Covid-19 pandemic?,0,254,refutes,"False.
The question is about whether schools should close",0.0001597384398337,0.3650949597358703,0.0003627994447015,0.4473236799240112,5.563710146816448e-05,0.1322286278009414,4.356533622740245e-08,3.815847321675392e-06,9.720740656860016e-09,2.705840870476095e-06,0.0,refutes,True,0.000569507072214,0.7772530317306519,9.22459876164794e-05,0.1085288375616073,1.7197622582898475e-05,0.0242160577327013,3.8212071729049064e-08,3.837308668153128e-06,7.2079369139999025e-09,1.5144975122893811e-06,3.844013996428515e-05,-0.7195145633350869,0.0002705784168583114
254,Students can get the materials for their school work via the computer.,Should schools close during the Covid-19 pandemic?,0,255,supports,True,9.255257464246824e-05,0.3126303553581238,0.0003011066000908,0.4918366074562073,4.043322405777872e-05,0.1303237229585647,9.415168022997022e-08,9.454840437683742e-06,6.847018951816608e-09,2.8167655727884267e-06,0.14285714285714285,supports,True,0.000569507072214,0.7772530317306519,9.22459876164794e-05,0.1085288375616073,1.7197622582898475e-05,0.0242160577327013,3.8212071729049064e-08,3.837308668153128e-06,7.2079369139999025e-09,1.5144975122893811e-06,2.3236001078857136e-05,-0.8374865227175083,0.0002088798808052187
255,Only 54% of the global population has access to the internet (p. 8).,Should schools close during the Covid-19 pandemic?,4,256,insufficient-refutes,"False.

But the given answer is False. The",2.0892386601190083e-05,0.0812275558710098,0.0002428659790894,0.4256019294261932,0.0001174423232441,0.4391120076179504,3.1780690079585845e-08,2.7619785214483272e-06,1.0277454443041734e-08,3.804786501859781e-06,0.14285714285714285,insufficient-refutes,True,0.000569507072214,0.7772530317306519,9.22459876164794e-05,0.1085288375616073,1.7197622582898475e-05,0.0242160577327013,3.8212071729049064e-08,3.837308668153128e-06,7.2079369139999025e-09,1.5144975122893811e-06,0.00010024642466137814,-0.9633149654841521,0.0001506338868445811
256,"In the US, 4.4 million students cannot consistently access computers and thus, online learning.",Should schools close during the Covid-19 pandemic?,4,257,refutes,"False.
The question is about whether schools should close",0.0001350364327663,0.3110572099685669,0.0003613762382883,0.5459223985671997,2.3465812773793004e-05,0.0672708377242088,6.02472027821932e-08,6.723068054270698e-06,1.3286353350849822e-08,5.444506768981228e-06,0.14285714285714285,refutes,True,0.000569507072214,0.7772530317306519,9.22459876164794e-05,0.1085288375616073,1.7197622582898475e-05,0.0242160577327013,3.8212071729049064e-08,3.837308668153128e-06,7.2079369139999025e-09,1.5144975122893811e-06,6.268297990717611e-06,-0.7628889273642624,0.0002691550791479186
257,Many governments are taking measures to improve internet access for students.,Should schools close during the Covid-19 pandemic?,0,258,insufficient-neutral,"False.
The question is about whether schools should close",4.170880129095167e-05,0.1387025862932205,0.0003384790325071,0.7043898105621338,2.844293339876458e-05,0.0983548536896705,4.921901108900784e-08,6.496978130599018e-06,7.118423184238054e-09,3.450518988756812e-06,0.0,insufficient-neutral,True,0.000569507072214,0.7772530317306519,9.22459876164794e-05,0.1085288375616073,1.7197622582898475e-05,0.0242160577327013,3.8212071729049064e-08,3.837308668153128e-06,7.2079369139999025e-09,1.5144975122893811e-06,1.1245504211803294e-05,-0.9267633303853353,0.0002462557609965
258,"In order to improve access to the internet, the government of Panama made the internet free for four months (p. 4).",Should schools close during the Covid-19 pandemic?,0,259,insufficient-neutral,"False.
The question is about whether schools should close",1.9913937649107535e-05,0.08842034637928,0.0001995584898395,0.4218298494815826,0.0001011313215713,0.4420739114284515,2.4723862068753988e-08,2.674085180842667e-06,6.838802857345172e-09,3.1019931157061365e-06,0.14285714285714285,insufficient-neutral,True,0.000569507072214,0.7772530317306519,9.22459876164794e-05,0.1085288375616073,1.7197622582898475e-05,0.0242160577327013,3.8212071729049064e-08,3.837308668153128e-06,7.2079369139999025e-09,1.5144975122893811e-06,8.393514247330323e-05,-0.9650330283490762,0.00010732240228401267
259,School isn't just about materials alone but also about personal contact and interaction.,Should schools close during the Covid-19 pandemic?,1,260,refutes,"True.

Wait, the user is asking if I",0.0001840582553995,0.4273045659065246,0.0002895642828661,0.4014154970645904,3.1735624361317605e-05,0.0854662880301475,1.0964263452706292e-07,1.3333135939319618e-05,1.2253603465239848e-08,4.501068815443432e-06,0.0,refutes,True,0.000569507072214,0.7772530317306519,9.22459876164794e-05,0.1085288375616073,1.7197622582898475e-05,0.0242160577327013,3.8212071729049064e-08,3.837308668153128e-06,7.2079369139999025e-09,1.5144975122893811e-06,1.4538251801786631e-05,-0.6768112910627075,0.00019733649874984055
260,A decline in the quality of assessment is detrimental may result in a student's abilities to be misrepresented and thus may harm their future educational prospects.,Should schools close during the Covid-19 pandemic?,5,261,refutes,"False.
Wait, the user is asking if I",4.29078791057691e-05,0.1068699583411216,0.0003195353783667,0.4096744060516357,0.00014976321836,0.4033229947090149,3.4936405768348784e-08,3.549717575879185e-06,1.92184987923838e-08,7.0594555836578365e-06,0.14285714285714285,refutes,True,0.000569507072214,0.7772530317306519,9.22459876164794e-05,0.1085288375616073,1.7197622582898475e-05,0.0242160577327013,3.8212071729049064e-08,3.837308668153128e-06,7.2079369139999025e-09,1.5144975122893811e-06,0.0001325678756293932,-0.9246578643194691,0.00022731035921880218
261,Students won't get help for exams. Students that are in low sets and need help from the teachers for every lesson will have no help with exam preparation and would go into the exam without any help.,Should schools close during the Covid-19 pandemic?,0,262,refutes,"False.
But the user wants the answer to be",1.9679895558510907e-05,0.1013639420270919,0.0001956784253707,0.4989307820796966,6.657623453065753e-05,0.3537949025630951,1.3546157973109985e-08,2.332137228222564e-06,5.624863241848743e-09,2.99452358376584e-06,0.14285714285714285,refutes,True,0.000569507072214,0.7772530317306519,9.22459876164794e-05,0.1085288375616073,1.7197622582898475e-05,0.0242160577327013,3.8212071729049064e-08,3.837308668153128e-06,7.2079369139999025e-09,1.5144975122893811e-06,4.937946115709538e-05,-0.9654439838964529,0.00010344197986181396
262,There are multiple online assessment methods that can be combined in order to accurately track the progress of students.,Should schools close during the Covid-19 pandemic?,6,263,supports,"None.
Okay, let's see. The user",2.662638326000888e-05,0.0668380334973335,0.0003095214779023,0.3727926015853882,0.0001805422798497,0.5016472935676575,2.2543327204971323e-08,2.085539563267957e-06,1.2695153372987988e-08,3.6602357340598246e-06,0.14285714285714285,supports,True,0.000569507072214,0.7772530317306519,9.22459876164794e-05,0.1085288375616073,1.7197622582898475e-05,0.0242160577327013,3.8212071729049064e-08,3.837308668153128e-06,7.2079369139999025e-09,1.5144975122893811e-06,0.0001633474664548795,-0.9532466152588819,0.00021729553492704458
263,School closures are detrimental to students' well-being.,Should schools close during the Covid-19 pandemic?,5,264,refutes,"True.
None.

The question asks whether schools should",0.0004376026336103,0.5972322225570679,0.0003599621122702,0.3098399937152862,1.5209744560706897e-05,0.0274998638778924,1.321051001923479e-07,1.2807889106625224e-05,1.3869491333196038e-08,3.998818101536017e-06,0.0,refutes,True,0.000569507072214,0.7772530317306519,9.22459876164794e-05,0.1085288375616073,1.7197622582898475e-05,0.0242160577327013,3.8212071729049064e-08,3.837308668153128e-06,7.2079369139999025e-09,1.5144975122893811e-06,-0.11559028072684585,-0.23161159016149163,0.0002677408226703331
264,"Schools provide important benefits for students, particularly those from low-income families, that would be disrupted by school closures.",Should schools close during the Covid-19 pandemic?,5,265,refutes,True,0.0002727250102907,0.6331508755683899,0.0001747142086969,0.2809590101242065,6.565978765138425e-06,0.0191194992512464,6.337261737598966e-08,6.617476174142212e-06,1.1451197323708584e-08,4.206323865219019e-06,0.14285714285714285,refutes,True,0.000569507072214,0.7772530317306519,9.22459876164794e-05,0.1085288375616073,1.7197622582898475e-05,0.0242160577327013,3.8212071729049064e-08,3.837308668153128e-06,7.2079369139999025e-09,1.5144975122893811e-06,-0.6182042759987235,-0.5211209419569421,8.247582914473456e-05
265,School closures have been linked to an increase in child marriages across the world.,Should schools close during the Covid-19 pandemic?,5,266,refutes,"False.
True",0.0002391788439126,0.5773904919624329,0.0002229391975561,0.3447755873203277,6.177795967232669e-06,0.019149350002408,5.6895533617762346e-08,7.870716217439622e-06,6.043777922570825e-09,2.2200374587555416e-06,0.14285714285714285,refutes,True,0.000569507072214,0.7772530317306519,9.22459876164794e-05,0.1085288375616073,1.7197622582898475e-05,0.0242160577327013,3.8212071729049064e-08,3.837308668153128e-06,7.2079369139999025e-09,1.5144975122893811e-06,-0.640776163248521,-0.5800248046389048,0.00013070526697605948
266,"School closures disrupt students' routines, increase rates of anxiety and depression among them.",Should schools close during the Covid-19 pandemic?,5,267,refutes,True,0.0003473305841907,0.5853495597839355,0.0002405888517387,0.2808537781238556,1.8264596292283383e-05,0.0398335382342338,1.5196606284462177e-07,1.4003951037011577e-05,2.2587737902313165e-08,7.6138157965033315e-06,0.0,refutes,True,0.000569507072214,0.7772530317306519,9.22459876164794e-05,0.1085288375616073,1.7197622582898475e-05,0.0242160577327013,3.8212071729049064e-08,3.837308668153128e-06,7.2079369139999025e-09,1.5144975122893811e-06,1.066992059111639e-06,-0.3901206830664504,0.00014835654941864108
267,Contracting Covid-19 or spreading it to family members would be worse for a student's well-being.,Should schools close during the Covid-19 pandemic?,6,268,supports,"True.

The question is whether schools should close during",0.0003312501939944,0.8315103054046631,6.2240069382824e-05,0.1143048182129859,3.7671227346436353e-06,0.0114959375932812,3.9313452049327686e-08,6.715622021147283e-06,3.600028497530161e-09,1.429838448530063e-06,0.14285714285714285,supports,True,0.000569507072214,0.7772530317306519,9.22459876164794e-05,0.1085288375616073,1.7197622582898475e-05,0.0242160577327013,3.8212071729049064e-08,3.837308668153128e-06,7.2079369139999025e-09,1.5144975122893811e-06,-0.7809509589779167,-0.4183563117019058,-0.3252815543415023
268,It is unethical to employ people without economic compensation.,Should unpaid internships be banned?,1,269,supports,True,0.0002240904868813,0.6178030371665955,0.0001227914617629,0.2457450777292251,1.3993773791298736e-05,0.0469012670218944,3.7213823134152335e-08,3.538179953466169e-06,6.56862964021343e-09,2.528623099351534e-06,0.0,supports,True,0.0001794309791876,0.635181188583374,7.962201198097318e-05,0.2062131315469741,1.8911885490524583e-05,0.078269675374031,1.25678205620261e-08,1.8579580682853705e-06,3.744178300735257e-09,1.413459926880023e-06,-0.26005401215494706,4.4667522430987696e-05,4.317288729407619e-05
269,Unpaid internships are an unfair way to replace paid workers.,Should unpaid internships be banned?,1,270,supports,True,0.0003546092484612,0.6719179153442383,0.0001675055391388,0.2286085486412048,1.1310187801427674e-05,0.0295220129191875,3.787307889524527e-08,3.908696726284688e-06,8.319610778073638e-09,2.793419525914942e-06,0.4,supports,True,0.0001794309791876,0.635181188583374,7.962201198097318e-05,0.2062131315469741,1.8911885490524583e-05,0.078269675374031,1.25678205620261e-08,1.8579580682853705e-06,3.744178300735257e-09,1.413459926880023e-06,-0.40195345371066177,0.00017520970732294813,8.789052517827558e-05
270,"The UN Declaration of Human Rights, Article 23 (3) states: “Everyone who works has the right to just and favourable remuneration.”",Should unpaid internships be banned?,4,271,supports,True,0.0001644693111302,0.7302640676498413,5.595786569756456e-05,0.1681163311004638,3.748943072423572e-06,0.0200786329805851,3.3203878757603895e-08,4.117408479942242e-06,3.9041565536024345e-09,2.102966618622304e-06,0.0,supports,"False.
Okay, so I need to figure out",0.0001794309791876,0.635181188583374,7.962201198097318e-05,0.2062131315469741,1.8911885490524583e-05,0.078269675374031,1.25678205620261e-08,1.8579580682853705e-06,3.744178300735257e-09,1.413459926880023e-06,-0.8017678843126507,-0.0833839737437824,-0.2972060827734862
271,"In the long run, the experience gained from an unpaid internship can lead one to have a career where they earn more money.",Should unpaid internships be banned?,2,272,refutes,True,0.0002455802750773,0.6069027781486511,0.0001942700037034,0.300438642501831,9.901501471176744e-06,0.0297474544495344,2.5821897509104023e-08,2.972969696202199e-06,4.332161740450147e-09,1.4489097566183773e-06,0.2,refutes,True,0.0001794309791876,0.635181188583374,7.962201198097318e-05,0.2062131315469741,1.8911885490524583e-05,0.078269675374031,1.25678205620261e-08,1.8579580682853705e-06,3.744178300735257e-09,1.413459926880023e-06,-0.47644028004834893,6.616116725272434e-05,0.00011465712095308504
272,"In the UK, people who have done unpaid internships have a higher average salary than those who have not (Sutton Trust, pp. 44-45).",Should unpaid internships be banned?,0,273,refutes,"True.

The question is whether unpaid internships should",0.0002403051184955,0.7390785217285156,6.884857430122793e-05,0.1623540073633194,7.428670869558118e-06,0.0277754943817853,1.8850505156819963e-08,2.111786898240098e-06,3.1873694794626317e-09,1.1753863873309456e-06,0.4,refutes,True,0.0001794309791876,0.635181188583374,7.962201198097318e-05,0.2062131315469741,1.8911885490524583e-05,0.078269675374031,1.25678205620261e-08,1.8579580682853705e-06,3.744178300735257e-09,1.413459926880023e-06,-0.6071956509423609,6.0885063974546855e-05,-0.13530727761965777
273,"Those people who have done paid internships gain an ever higher salary than those who have done unpaid internships (Sutton Trust, pp. 44-45). Therefore in 
terms of best promoting individual's longer-term salary, ideally unpaid internships would be banned and everyone would do paid internships.",Should unpaid internships be banned?,0,274,supports,True,0.0004015136801172,0.6307195425033569,0.0002083025465253,0.2320287525653839,1.877904469438363e-05,0.0323984734714031,4.511644746685307e-08,2.350473096157657e-06,6.627834281403011e-09,1.3817717672282015e-06,0.8,supports,True,0.0001794309791876,0.635181188583374,7.962201198097318e-05,0.2062131315469741,1.8911885490524583e-05,0.078269675374031,1.25678205620261e-08,1.8579580682853705e-06,3.744178300735257e-09,1.413459926880023e-06,-0.007024196302770081,0.00022212255659742996,0.00012869078116324644
274,"There may never be enough paid internships to go around. Therefore if unpaid internships were banned, some people would never be able to gain the long-term benefits of an internship.",Should unpaid internships be banned?,5,275,refutes,True,0.0001755363628035,0.4338032007217407,0.0002574070822447,0.413937896490097,2.3025360860629007e-05,0.0708164274692535,3.7284223708411446e-08,3.939174803235801e-06,1.0598980360043695e-08,3.6431408716453006e-06,0.8,refutes,"True.
The question is whether unpaid internships should",0.0001794309791876,0.635181188583374,7.962201198097318e-05,0.2062131315469741,1.8911885490524583e-05,0.078269675374031,1.25678205620261e-08,1.8579580682853705e-06,3.744178300735257e-09,1.413459926880023e-06,4.113553165150843e-06,-0.02170537329581229,0.0001777992269959089
275,Banning unpaid internships would not necessarily mean they would be replaced with paid internships meaning there would be less opportunities existing.,Should unpaid internships be banned?,5,276,refutes,"False.

But the question is whether the statement """,0.0001867774699348,0.3222371339797973,0.0003714513441082,0.4473819136619568,5.227302244747989e-05,0.1223074048757553,5.174184991574293e-08,4.496752353588818e-06,2.3050169772886875e-08,7.4138906711596064e-06,0.6,refutes,True,0.0001794309791876,0.635181188583374,7.962201198097318e-05,0.2062131315469741,1.8911885490524583e-05,0.078269675374031,1.25678205620261e-08,1.8579580682853705e-06,3.744178300735257e-09,1.413459926880023e-06,3.336176789088942e-05,7.347809171794597e-06,0.00029185257001605334
276,People choose to opt into internships. If they feel it is in their interests they should be free to choose to do so.,Should unpaid internships be banned?,1,277,refutes,"False.

Question: Is the argument's conclusion that",0.000166892496054,0.4060472846031189,0.0002708932734094,0.4673575460910797,2.189153201470617e-05,0.0632499679923057,1.59777773234282e-08,1.455227561564243e-06,8.48573389333751e-09,2.3620675619895337e-06,0.6,refutes,True,0.0001794309791876,0.635181188583374,7.962201198097318e-05,0.2062131315469741,1.8911885490524583e-05,0.078269675374031,1.25678205620261e-08,1.8579580682853705e-06,3.744178300735257e-09,1.413459926880023e-06,2.9797028759811725e-06,-0.06987914344763552,0.00019128649204378813
277,Unpaid internships lower the value placed on work done by other paid interns and entry level workers.,Should unpaid internships be banned?,1,278,supports,True,0.0003264751867391,0.7009760141372681,0.000138238290674,0.1886651366949081,1.1799314052041154e-05,0.0303212460130453,4.4423362766110586e-08,4.549041022983147e-06,7.056306206010276e-09,2.473270569680608e-06,0.4,supports,True,0.0001794309791876,0.635181188583374,7.962201198097318e-05,0.2062131315469741,1.8911885490524583e-05,0.078269675374031,1.25678205620261e-08,1.8579580682853705e-06,3.744178300735257e-09,1.413459926880023e-06,-0.37609002243837814,0.00014707059657265273,5.862094621070835e-05
278,When work is done without payment it makes similar work seem worth less.,Should unpaid internships be banned?,1,279,supports,True,0.0003578343021217,0.5983583331108093,0.0002292372664669,0.2533608376979828,2.378684257564601e-05,0.049889713525772,5.560616855859735e-08,4.469415216590278e-06,1.6309236627876092e-08,3.734336360139423e-06,0.0,supports,True,0.0001794309791876,0.635181188583374,7.962201198097318e-05,0.2062131315469741,1.8911885490524583e-05,0.078269675374031,1.25678205620261e-08,1.8579580682853705e-06,3.744178300735257e-09,1.413459926880023e-06,4.875049281495199e-06,0.00017843533976183516,0.00014962716810209813
279,Where work is seen as less valuable this drives wages for those jobs down.,Should unpaid internships be banned?,3,280,supports,True,0.0002481832925695,0.5328752398490906,0.0002156253904104,0.3334648311138153,2.037212652794551e-05,0.0561646334826946,5.789561541291732e-08,5.975125077384291e-06,1.171635055641218e-08,3.5679104257724248e-06,0.0,supports,True,0.0001794309791876,0.635181188583374,7.962201198097318e-05,0.2062131315469741,1.8911885490524583e-05,0.078269675374031,1.25678205620261e-08,1.8579580682853705e-06,3.744178300735257e-09,1.413459926880023e-06,1.4602686538544956e-06,6.876465189072226e-05,0.00013601420815433806
280,Unpaid internships have replaced many entry-level jobs.,Should unpaid internships be banned?,3,281,supports,"True.
None.

Argument: ""Unpaid intern",0.0001495408505434,0.5011982917785645,0.0001554978807689,0.3609996140003204,1.588510895089712e-05,0.0688979774713516,2.5621961441402163e-08,3.7145484839129495e-06,5.541137770848081e-09,2.71762155534816e-06,0.4,supports,"True.
The question is about whether unpaid internships",0.0001794309791876,0.635181188583374,7.962201198097318e-05,0.2062131315469741,1.8911885490524583e-05,0.078269675374031,1.25678205620261e-08,1.8579580682853705e-06,3.744178300735257e-09,1.413459926880023e-06,-0.16004625985832918,-0.16658287648839645,7.588191065832639e-05
281,Changing paid jobs for unpaid internships is harmful for the economy since those positions should have paid taxes.,Should unpaid internships be banned?,5,282,supports,True,0.0002943006402347,0.6418448090553284,0.0001575277710799,0.2436168193817138,1.823516322474461e-05,0.0464950837194919,2.7630482790641512e-08,2.3733189209451666e-06,7.672707802441892e-09,2.6683942451199982e-06,0.6,supports,True,0.0001794309791876,0.635181188583374,7.962201198097318e-05,0.2062131315469741,1.8911885490524583e-05,0.078269675374031,1.25678205620261e-08,1.8579580682853705e-06,3.744178300735257e-09,1.413459926880023e-06,-0.03578290837891494,0.00011489027592180779,7.791196260614689e-05
282,"Many paid or unpaid internships are never advertised and instead offered through informal networks, which encourages nepotism.",Should unpaid internships be banned?,3,283,supports,True,0.000325936707668,0.5080147385597229,0.0002598594001028,0.2805523872375488,5.2382794820005074e-05,0.0969563126564025,5.76179139955002e-08,3.735767450052663e-06,1.9680234331076463e-08,4.299841748434119e-06,0.4,supports,"False.
Okay, let me think about this.",0.0001794309791876,0.635181188583374,7.962201198097318e-05,0.2062131315469741,1.8911885490524583e-05,0.078269675374031,1.25678205620261e-08,1.8579580682853705e-06,3.744178300735257e-09,1.413459926880023e-06,3.34715423394564e-05,0.00014653202086438606,0.00018025174012803889
283,72% of privileged young adults in the UK admit they secured their internships through family connections.,Should unpaid internships be banned?,0,284,supports,"False.
Based on the argument, the answer is",0.0001566102582728,0.5087428092956543,0.0001278215786442,0.2990744411945343,2.152866727556102e-05,0.0912125557661056,7.237262877879402e-08,8.974483534984756e-06,1.2000558768932024e-08,5.234770014794776e-06,0.2,supports,True,0.0001794309791876,0.635181188583374,7.962201198097318e-05,0.2062131315469741,1.8911885490524583e-05,0.078269675374031,1.25678205620261e-08,1.8579580682853705e-06,3.744178300735257e-09,1.413459926880023e-06,2.616831274249844e-06,-0.127183839814753,4.820340471529457e-05
284,This [24] is not sufficient reason to ban unpaid internships. It is only sufficient reason to regulate them such that they must be allocated on the basis of merit.,Should unpaid internships be banned?,6,285,refutes,True,0.0001692965743131,0.2039034962654113,0.0008732982096262,0.6791023015975952,2.4773562472546477e-05,0.0365578830242157,2.969473733571704e-08,2.0335378394520376e-06,2.9348782959459644e-08,7.38048674975289e-06,0.6,refutes,True,0.0001794309791876,0.635181188583374,7.962201198097318e-05,0.2062131315469741,1.8911885490524583e-05,0.078269675374031,1.25678205620261e-08,1.8579580682853705e-06,3.744178300735257e-09,1.413459926880023e-06,5.861787839482284e-06,-0.056480797911180096,0.0007937393967729864
285,There are more effective methods to deal with the problems of unpaid internships than a ban.,Should unpaid internships be banned?,6,286,refutes,"False.

Wait, the question is about whether there",0.0002160586300306,0.3447413742542267,0.0004719154385384,0.5175181031227112,1.6402353139710613e-05,0.0320659428834915,1.213804807775887e-07,1.0841293260455132e-05,2.7510150601983696e-08,1.075692580343457e-05,0.4,refutes,True,0.0001794309791876,0.635181188583374,7.962201198097318e-05,0.2062131315469741,1.8911885490524583e-05,0.078269675374031,1.25678205620261e-08,1.8579580682853705e-06,3.744178300735257e-09,1.413459926880023e-06,-0.13269604197166487,3.66342241577124e-05,0.0003923246642365431
286,"Governments could introduce regulations to ensure that unpaid interns are entitled to the same rights as employees in relation to discrimination, harassment and working conditions.",Should unpaid internships be banned?,2,287,refutes,"False.
The argument suggests that governments can introduce regulations",0.0002903901040554,0.4561605751514435,0.0003907625796273,0.378170371055603,4.630674447980709e-05,0.0792688205838203,3.6401331726665376e-08,2.252070771646686e-06,1.6027289717612803e-08,3.570793069229694e-06,0.2,refutes,True,0.0001794309791876,0.635181188583374,7.962201198097318e-05,0.2062131315469741,1.8911885490524583e-05,0.078269675374031,1.25678205620261e-08,1.8579580682853705e-06,3.744178300735257e-09,1.413459926880023e-06,2.7395377087516954e-05,0.00011097903794524782,0.0003111653432570157
287,Governments could cap the length of unpaid internships.,Should unpaid internships be banned?,4,288,insufficient-refutes,"True.
None.
The question is whether unpaid intern",0.0001999584928853,0.4226754009723663,0.0002628404763527,0.4226754009723663,3.315636786282994e-05,0.0872239992022514,4.1164813779914766e-08,4.452306711755227e-06,8.696289022225301e-09,3.0840226372674806e-06,0.4,insufficient-refutes,True,0.0001794309791876,0.635181188583374,7.962201198097318e-05,0.2062131315469741,1.8911885490524583e-05,0.078269675374031,1.25678205620261e-08,1.8579580682853705e-06,3.744178300735257e-09,1.413459926880023e-06,1.4244751767419623e-05,2.053119763059477e-05,0.00018323305375612828
288,"Effectiveness is not the only measure to consider. Other methods may be more difficult or more expensive to implement, may be easier to bypass, or come with undesirable collateral effects.",Should unpaid internships be banned?,6,289,insufficient-neutral,"False.

But the question is about whether the effectiveness",6.518958252854645e-05,0.1688345670700073,0.0003607687540352,0.5119845271110535,8.049839379964396e-05,0.234403595328331,2.0146361023876125e-08,1.953235369001049e-06,1.6898797028375157e-08,4.910433290206129e-06,0.2,insufficient-neutral,True,0.0001794309791876,0.635181188583374,7.962201198097318e-05,0.2062131315469741,1.8911885490524583e-05,0.078269675374031,1.25678205620261e-08,1.8579580682853705e-06,3.744178300735257e-09,1.413459926880023e-06,6.15876730481397e-05,-0.6366871382873692,0.00028116912930600905
289,Unpaid internships are a barrier to greater social equality in society.,Should unpaid internships be banned?,5,290,supports,True,0.0003860864089801,0.6980606317520142,0.000168668673723,0.20314721763134,1.280468586628558e-05,0.0297270063310861,4.5464943809747644e-08,4.673922830988886e-06,8.34472047017698e-09,2.7692076400853693e-06,0.4,supports,True,0.0001794309791876,0.635181188583374,7.962201198097318e-05,0.2062131315469741,1.8911885490524583e-05,0.078269675374031,1.25678205620261e-08,1.8579580682853705e-06,3.744178300735257e-09,1.413459926880023e-06,-0.32292917738418475,0.00020669251683318616,8.905375238096583e-05
290,Unpaid internships are a barrier to social mobility.,Should unpaid internships be banned?,3,291,supports,"True.
True.
Okay, let's see.",0.0002938613761216,0.6769114136695862,0.0001477627956774,0.2197609543800354,1.3321219739736987e-05,0.0375966690480709,2.695013989750805e-08,3.019173618667992e-06,6.604415681010778e-09,2.351334842387587e-06,0.4,supports,True,0.0001794309791876,0.635181188583374,7.962201198097318e-05,0.2062131315469741,1.8911885490524583e-05,0.078269675374031,1.25678205620261e-08,1.8579580682853705e-06,3.744178300735257e-09,1.413459926880023e-06,-0.2956165187013577,0.00011445093297697298,6.814620963474683e-05
291,Unpaid internships serve as a mechanism for wealthier individuals to maintain socio-economic class advantage.,Should unpaid internships be banned?,5,292,supports,True,0.0002976394898723,0.6909916400909424,0.0001193213684018,0.1918814480304718,1.287462146137841e-05,0.0377836972475051,4.0027863690283993e-08,4.019652806164231e-06,9.21493725769551e-09,3.603193363233004e-06,0.4,supports,True,0.0001794309791876,0.635181188583374,7.962201198097318e-05,0.2062131315469741,1.8911885490524583e-05,0.078269675374031,1.25678205620261e-08,1.8579580682853705e-06,3.744178300735257e-09,1.413459926880023e-06,-0.319231206860417,0.00011822972475998276,3.9702517615160044e-05
292,Many interns have bought their place on unpaid internships.,Should unpaid internships be banned?,0,293,supports,"False.
Okay, let's see. The user",0.0001589118619449,0.5988250374794006,9.867062181001528e-05,0.274162083864212,9.249780305253807e-06,0.0476422235369682,5.24825125580719e-08,7.789095434418414e-06,5.19647258556688e-09,2.5685710625111824e-06,0.4,supports,"False.
Okay, so the user is asking if",0.0001794309791876,0.635181188583374,7.962201198097318e-05,0.2062131315469741,1.8911885490524583e-05,0.078269675374031,1.25678205620261e-08,1.8579580682853705e-06,3.744178300735257e-09,1.413459926880023e-06,-0.5109012102527681,-0.11435660294338967,1.905012663845354e-05
293,"Unpaid internships are difficult to regulate and monitor, often resulting in illegal practices.",Should unpaid internships be banned?,5,294,supports,True,0.0003115542058367,0.6901735067367554,9.957870497601108e-05,0.1665121018886566,1.3476511412591208e-05,0.0371538735926151,4.822565458084682e-08,4.273832018952817e-06,8.920848948434923e-09,3.102469008808839e-06,0.4,supports,True,0.0001794309791876,0.635181188583374,7.962201198097318e-05,0.2062131315469741,1.8911885490524583e-05,0.078269675374031,1.25678205620261e-08,1.8579580682853705e-06,3.744178300735257e-09,1.413459926880023e-06,-0.28740519186501307,0.00013214693790356471,1.9958282113615466e-05
294,"Unpaid internships, in countries such as Australia, are often under legislated, allowing employers to bypass fair work requirements.",Should unpaid internships be banned?,0,295,supports,"False.
Okay, let's see. The user",0.0002525509044062,0.5955483317375183,0.0001320493029197,0.2368927597999572,2.620598570501897e-05,0.0769078209996223,3.4634034307146067e-08,3.384184083188302e-06,1.1691935419833044e-08,3.956512045988347e-06,0.4,supports,False,0.0001794309791876,0.635181188583374,7.962201198097318e-05,0.2062131315469741,1.8911885490524583e-05,0.078269675374031,1.25678205620261e-08,1.8579580682853705e-06,3.744178300735257e-09,1.413459926880023e-06,7.2942381622912545e-06,7.313304755293339e-05,5.2431465637511994e-05
295,Malpractice is not limited to unpaid internships. Paid interns at top companies can be subject to extreme conditions.,Should unpaid internships be banned?,0,296,refutes,True,0.0007032992434687,0.6494671106338501,0.0003564147336874,0.2244498431682586,4.093692768947221e-05,0.0500815249979496,8.121756422951877e-08,4.451684162631864e-06,2.152051159498569e-08,4.05330456487718e-06,0.6,refutes,True,0.0001794309791876,0.635181188583374,7.962201198097318e-05,0.2062131315469741,1.8911885490524583e-05,0.078269675374031,1.25678205620261e-08,1.8579580682853705e-06,3.744178300735257e-09,1.413459926880023e-06,2.2025458741901233e-05,0.0005239622793459404,0.00027681476225474355
296,Internships are becoming increasingly regulated to ensure standards.,Should unpaid internships be banned?,4,297,insufficient-neutral,False,0.0002014009369304,0.5639932751655579,0.0001643786526983,0.3315545320510864,1.425147092959378e-05,0.0485171526670455,2.7404551516951873e-08,3.3325411550322315e-06,4.799547426159734e-09,1.7837807035903095e-06,0.2,insufficient-neutral,"False.

Okay, let me think about this.",0.0001794309791876,0.635181188583374,7.962201198097318e-05,0.2062131315469741,1.8911885490524583e-05,0.078269675374031,1.25678205620261e-08,1.8579580682853705e-06,3.744178300735257e-09,1.413459926880023e-06,-0.24642781193159233,2.1973900541290713e-05,8.476338974896094e-05
297,Unpaid internships can pave the way for a good career.,Should unpaid internships be banned?,2,298,refutes,False,0.0002479378890711,0.462512195110321,0.0003551546251401,0.4413322210311889,1.2152722774771972e-05,0.0309863854199647,3.4807737137043666e-08,3.706370762301958e-06,6.989234080378992e-09,2.430697350064293e-06,0.4,refutes,True,0.0001794309791876,0.635181188583374,7.962201198097318e-05,0.2062131315469741,1.8911885490524583e-05,0.078269675374031,1.25678205620261e-08,1.8579580682853705e-06,3.744178300735257e-09,1.413459926880023e-06,-0.35740289983984685,6.851920435142994e-05,0.0002755545533670764
298,Unpaid internships are a good way for young professionals to gain work experience.,Should unpaid internships be banned?,2,299,refutes,"False.
Okay, let's see. The user",0.0001779268350219,0.4228656888008117,0.0003074299893341,0.46442711353302,1.2990066352358554e-05,0.0393326394259929,2.9203363283158982e-08,3.233483084841282e-06,7.212722419325246e-09,2.898475713664084e-06,0.4,refutes,True,0.0001794309791876,0.635181188583374,7.962201198097318e-05,0.2062131315469741,1.8911885490524583e-05,0.078269675374031,1.25678205620261e-08,1.8579580682853705e-06,3.744178300735257e-09,1.413459926880023e-06,-0.313126850367883,-0.008382856586472514,0.0002278261173269702
299,"If drugs were legalised, the drug trade would be less able to fuel serious crime.",Should all drugs be legalized? ,2,300,supports,True,9.586013766238466e-05,0.3612282276153564,0.0001094757171813,0.2994686961174011,3.610126077546738e-05,0.1933515518903732,8.47237160428449e-08,1.1812287084467243e-05,1.890441581053892e-08,1.23791705846088e-05,0.4,supports,"None.

Okay, let's see. The user",0.0002148756611859,0.2047273814678192,0.0003150943084619,0.1984285861253738,0.0004478393238969,0.440233051776886,4.7830262417392084e-08,2.2076631012168946e-06,1.7527170825815123e-08,2.3684767711529275e-06,-0.9193879169400977,-0.5538808949634779,-0.6525620608138106
300,"Around half of the total income of criminal organisations comes from illicit drug trafficking. Without this, they would lose significant power.",Should all drugs be legalized? ,4,301,supports,"False.
The question is about whether all drugs should",0.0001726737536955,0.5878437757492065,0.000103108206531,0.2649619579315185,1.7231110177817754e-05,0.0759128704667091,2.2419710532517456e-08,2.156726395696751e-06,7.1378338795113905e-09,3.162630264341715e-06,0.0,supports,"None.

The question ""Should all drugs be legalized",0.0002148756611859,0.2047273814678192,0.0003150943084619,0.1984285861253738,0.0004478393238969,0.440233051776886,4.7830262417392084e-08,2.2076631012168946e-06,1.7527170825815123e-08,2.3684767711529275e-06,-0.9615239009654618,-0.19640152475849257,-0.6727703301455619
301,The legalisation of alcohol after Prohibition in the US greatly decreased the ability of gangs to make money from alcohol sales.,Should all drugs be legalized? ,7,302,supports,"None.
Okay, let's see. The user",4.303623791201972e-05,0.2341237217187881,0.000122598838061,0.392083466053009,4.726606130134314e-05,0.2959601283073425,3.278956484109585e-08,4.790956154465675e-06,6.687677078787146e-09,4.162454843026353e-06,0.0,supports,"None.

Question: Should all drugs be legalized?",0.0002148756611859,0.2047273814678192,0.0003150943084619,0.1984285861253738,0.0004478393238969,0.440233051776886,4.7830262417392084e-08,2.2076631012168946e-06,1.7527170825815123e-08,2.3684767711529275e-06,-0.8944575458669981,-0.7997156230980165,-0.6109138287535136
302,"Legalization of drugs would have significant economic benefits for the state and its citizens, rather than criminal gangs.",Should all drugs be legalized? ,2,303,supports,True,0.0001917725021485,0.6327763199806213,6.575904262717813e-05,0.1841484010219574,1.3570146620622836e-05,0.0666941329836845,1.1379260200783393e-07,1.742441236274317e-05,1.4410703741418729e-08,9.18202022148762e-06,0.2,supports,,0.0002148756611859,0.2047273814678192,0.0003150943084619,0.1984285861253738,0.0004478393238969,0.440233051776886,4.7830262417392084e-08,2.2076631012168946e-06,1.7527170825815123e-08,2.3684767711529275e-06,-0.9696986265017074,-0.10751873390356799,-0.7913036165325421
303,"Legalisation would create jobs, which would likely improve employment rates. This would prevent people from turning to crime in order to generate income.",Should all drugs be legalized? ,3,304,supports,True,9.978400339605288e-05,0.4865988492965698,9.900747681967914e-05,0.3191193342208862,2.075309384963475e-05,0.1289358586072921,3.9134839369125984e-08,6.429008863051422e-06,7.29599536342107e-09,4.418588559929049e-06,0.0,supports,False,0.0002148756611859,0.2047273814678192,0.0003150943084619,0.1984285861253738,0.0004478393238969,0.440233051776886,4.7830262417392084e-08,2.2076631012168946e-06,1.7527170825815123e-08,2.3684767711529275e-06,-0.9536595096896572,-0.5356197959073429,-0.6857846233307932
304,"Drug legalisation is not necessary for governments to funnel more money into harm reduction and other social programmes, which could equally combat socioeconomic deprivation.",Should all drugs be legalized? ,6,305,refutes,"False.
The question is whether all drugs should be",6.133308488642797e-05,0.2967645823955536,0.0001816818257793,0.5373712182044983,2.119614691764582e-05,0.1091735884547233,8.088805181216685e-09,1.3031141179453698e-06,4.663189834275272e-09,2.868586534532369e-06,0.0,refutes,False,0.0002148756611859,0.2047273814678192,0.0003150943084619,0.1984285861253738,0.0004478393238969,0.440233051776886,4.7830262417392084e-08,2.2076631012168946e-06,1.7527170825815123e-08,2.3684767711529275e-06,-0.9526701971296171,-0.7145647648136121,-0.42340492703228794
305,Redistributive policies aim to tax certain wealthier demographics more heavily and use this revenue for positive community investment.,Should all drugs be legalized? ,0,306,not_applicable,,1.255576262337854e-05,0.0683052763342857,7.572094182251021e-05,0.2274913191795349,0.0001059526475728,0.6480624079704285,2.51056100353253e-08,3.2245864076685397e-06,1.140473671057407e-08,6.988334462221246e-06,0.0,not_applicable,False,0.0002148756611859,0.2047273814678192,0.0003150943084619,0.1984285861253738,0.0004478393238969,0.440233051776886,4.7830262417392084e-08,2.2076631012168946e-06,1.7527170825815123e-08,2.3684767711529275e-06,-0.7634137023724338,-0.941567311280937,-0.7596880051812611
306,Research shows that there is a positive correlation between a region's unemployment rate and the amount of property crimes reported in the area.,Should all drugs be legalized? ,4,307,not_applicable,"False.
None.
The question and answer are not",5.394507297751261e-06,0.0616440065205097,3.924233897123486e-05,0.243806779384613,5.621205855277367e-05,0.6423453092575073,1.2222674428130633e-08,2.6496932150621437e-06,3.921891700287006e-09,4.008857558801537e-06,0.0,not_applicable,,0.0002148756611859,0.2047273814678192,0.0003150943084619,0.1984285861253738,0.0004478393238969,0.440233051776886,4.7830262417392084e-08,2.2076631012168946e-06,1.7527170825815123e-08,2.3684767711529275e-06,-0.8744816376024304,-0.9748947495124439,-0.8754584328647755
307,"The legalisation of drugs may create a drugs market that competes with the alcohol industry, jeopardising jobs in the latter.",Should all drugs be legalized? ,3,308,refutes,True,8.215606067096815e-05,0.2586699426174164,0.0002452727057971,0.5476042628288269,2.0291116015869196e-05,0.0922316089272499,4.633544747889574e-08,6.335195394058246e-06,1.5339610470732623e-08,8.864531992003322e-06,0.2,refutes,,0.0002148756611859,0.2047273814678192,0.0003150943084619,0.1984285861253738,0.0004478393238969,0.440233051776886,4.7830262417392084e-08,2.2076631012168946e-06,1.7527170825815123e-08,2.3684767711529275e-06,-0.9546910801862935,-0.617657671336305,-0.22158953935292214
308,Studies indicate that cannabis could be a substitute for alcohol if legalised for recreational use.,Should all drugs be legalized? ,4,309,insufficient-neutral,"False.
Okay, let's break this down.",6.257273344090208e-05,0.2800097465515136,0.0001169012612081,0.2980688214302063,6.660832877969369e-05,0.3027627170085907,1.7745220404208343e-08,2.027172968155355e-06,8.750273394753094e-09,4.97825658385409e-06,0.2,insufficient-neutral,True,0.0002148756611859,0.2047273814678192,0.0003150943084619,0.1984285861253738,0.0004478393238969,0.440233051776886,4.7830262417392084e-08,2.2076631012168946e-06,1.7527170825815123e-08,2.3684767711529275e-06,-0.8512673514239495,-0.7087956211719708,-0.6289959606736748
309,A 10-year study found that monthly alcohol sales dipped by 15% in US counties when medical marijuana was legalised.,Should all drugs be legalized? ,0,310,insufficient-neutral,False,6.283634138526395e-05,0.3499457836151123,0.0001077265405911,0.3287436366081238,4.153228292125277e-05,0.2295000553131103,3.953534388756452e-08,4.587549483403564e-06,1.1064674509952964e-08,6.52022254143958e-06,0.0,insufficient-neutral,True,0.0002148756611859,0.2047273814678192,0.0003150943084619,0.1984285861253738,0.0004478393238969,0.440233051776886,4.7830262417392084e-08,2.2076631012168946e-06,1.7527170825815123e-08,2.3684767711529275e-06,-0.9072607502176067,-0.7075688282308484,-0.6581133403616337
310,"The sensations felt when consuming marijuana and alcohol are very different. As such, they are not interchangeable, meaning that people may use both.",Should all drugs be legalized? ,3,311,insufficient-neutral,True,2.8100628696847707e-05,0.2122413665056228,6.533591658808291e-05,0.2856019735336303,5.588477506535128e-05,0.4493149816989898,8.031658005336341e-09,1.2060546623615664e-06,2.797436504664574e-09,1.988448047995917e-06,0.0,insufficient-neutral,False,0.0002148756611859,0.2047273814678192,0.0003150943084619,0.1984285861253738,0.0004478393238969,0.440233051776886,4.7830262417392084e-08,2.2076631012168946e-06,1.7527170825815123e-08,2.3684767711529275e-06,-0.875212443206044,-0.8692237708926168,-0.7926464717594761
311,"Many find marijuana to be more relaxing and calming, and alcohol more energising and stimulating.",Should all drugs be legalized? ,0,312,insufficient-neutral,True,5.857825817656703e-05,0.4028425812721252,5.169513315195218e-05,0.2156261056661605,3.932758409064263e-05,0.2812294363975525,2.091818629423869e-08,3.1045340165292146e-06,8.353245206649262e-09,4.770977284351829e-06,0.2,insufficient-neutral,False,0.0002148756611859,0.2047273814678192,0.0003150943084619,0.1984285861253738,0.0004478393238969,0.440233051776886,4.7830262417392084e-08,2.2076631012168946e-06,1.7527170825815123e-08,2.3684767711529275e-06,-0.9121837185970375,-0.7273853266895223,-0.8359375851493587
312,"Many people see marijuana as being safer than alcohol, so may make the switch even if the sensations felt are different.",Should all drugs be legalized? ,6,313,insufficient-supports,"True.
None.

Okay, let's break this",4.042973523610272e-05,0.1809209436178207,0.0001207008972414,0.3175261616706848,8.10347410151735e-05,0.4272781610488891,1.5308597056673534e-08,1.9662497834360693e-06,8.035613063839264e-09,3.370936155988602e-06,0.0,insufficient-supports,True,0.0002148756611859,0.2047273814678192,0.0003150943084619,0.1984285861253738,0.0004478393238969,0.440233051776886,4.7830262417392084e-08,2.2076631012168946e-06,1.7527170825815123e-08,2.3684767711529275e-06,-0.8190539850095231,-0.8118459065444138,-0.6169372343455239
313,"Drugs are already easily accessible, and the alcohol industry is nonetheless highly successful.",Should all drugs be legalized? ,0,314,supports,False,0.0001160198517027,0.3710432052612304,0.0001537013304186,0.3710432052612304,3.098331217188388e-05,0.1386487185955047,5.1762853559012e-08,5.097556368127698e-06,1.6479900111221468e-08,7.3591818363638595e-06,0.2,supports,"None.
Okay, so the user is asking if",0.0002148756611859,0.2047273814678192,0.0003150943084619,0.1984285861253738,0.0004478393238969,0.440233051776886,4.7830262417392084e-08,2.2076631012168946e-06,1.7527170825815123e-08,2.3684767711529275e-06,-0.9308160080667307,-0.4600605249455161,-0.5122053103120872
314,"If the legalisation of drugs makes them cheaper than alcohol, people might be financially motivated to begin consuming only drugs.",Should all drugs be legalized? ,3,315,refutes,,9.126059012487532e-05,0.3034870028495788,0.0001718344428809,0.3958216607570648,4.081425868207589e-05,0.1869729161262512,4.892185856419928e-08,6.019288321112981e-06,1.6973114469465145e-08,7.974261279741768e-06,0.4,refutes,"None.
Okay, let's see. The user",0.0002148756611859,0.2047273814678192,0.0003150943084619,0.1984285861253738,0.0004478393238969,0.440233051776886,4.7830262417392084e-08,2.2076631012168946e-06,1.7527170825815123e-08,2.3684767711529275e-06,-0.9088640579238816,-0.5752865186256665,-0.45465710339329224
315,"In a behavioural study conducted on misusers of both alcohol and illicit drugs, results indicated that which drugs users choose to use is not a decision solely influenced by economic considerations.",Should all drugs be legalized? ,4,316,insufficient-neutral,,2.8851727620349266e-05,0.2112098336219787,0.0001047139521688,0.4541725218296051,2.689276880118996e-05,0.2508178949356079,2.1982302200740378e-08,4.0920454011939e-06,7.391967038472558e-09,7.294859642570373e-06,0.2,insufficient-neutral,True,0.0002148756611859,0.2047273814678192,0.0003150943084619,0.1984285861253738,0.0004478393238969,0.440233051776886,4.7830262417392084e-08,2.2076631012168946e-06,1.7527170825815123e-08,2.3684767711529275e-06,-0.9399499611441421,-0.8657282660068785,-0.66767425067133
316,"Studies indicate that alcohol consumption is common among drug misusers, suggesting that consumption of one often accompanies the other.",Should all drugs be legalized? ,4,317,insufficient-neutral,"None.
Okay, let's break this down.",1.873190740298014e-05,0.1182112246751785,8.39505810290575e-05,0.2925755977630615,7.466718670912087e-05,0.5297859311103821,9.770716680179705e-09,1.325501443716348e-06,5.502327038442445e-09,3.6598269161913777e-06,0.0,insufficient-neutral,"False.
Okay, so the question is whether all",0.0002148756611859,0.2047273814678192,0.0003150943084619,0.1984285861253738,0.0004478393238969,0.440233051776886,4.7830262417392084e-08,2.2076631012168946e-06,1.7527170825815123e-08,2.3684767711529275e-06,-0.8332723753255967,-0.9128244339093659,-0.7335699859548288
317,"The legal cannabis industry in the US currently supports 321,000 full-time jobs and creates jobs at a faster rate than any other US industry.",Should all drugs be legalized? ,0,318,insufficient-supports,True,2.707326711970381e-05,0.2525013089179992,4.940784492646344e-05,0.2687862515449524,3.586625098250806e-05,0.385018527507782,6.843150401891762e-08,1.3720063179789577e-05,6.936315521954839e-09,7.062483291520039e-06,0.0,insufficient-supports,True,0.0002148756611859,0.2047273814678192,0.0003150943084619,0.1984285861253738,0.0004478393238969,0.440233051776886,4.7830262417392084e-08,2.2076631012168946e-06,1.7527170825815123e-08,2.3684767711529275e-06,-0.9199126805783472,-0.874004961891513,-0.8431966443074054
318,"Particularly between poorer countries, and in areas like Central America, it is often difficult to monitor and control movements across borders, meaning that drug smuggling will remain rampant.",Should all drugs be legalized? ,3,319,insufficient-refutes,,3.0743573006475344e-05,0.2097782045602798,7.85064694355242e-05,0.3405036330223083,4.0097183955367655e-05,0.3405036330223083,1.6416388248785552e-08,2.996833018187317e-06,8.96036844721948e-09,6.648764156125253e-06,0.0,insufficient-refutes,,0.0002148756611859,0.2047273814678192,0.0003150943084619,0.1984285861253738,0.0004478393238969,0.440233051776886,4.7830262417392084e-08,2.2076631012168946e-06,1.7527170825815123e-08,2.3684767711529275e-06,-0.9104652454222651,-0.85692389339583,-0.7508477070920597
319,"The sale of drugs with potentially fatal or otherwise highly dangerous effects is likely to stay banned even if drugs are legalised, so there will remain a black market demand for these substances (p. 1-2).",Should all drugs be legalized? ,3,320,refutes,False,3.5133722121827304e-05,0.2632966041564941,0.0001188558526337,0.4842765927314758,2.1815025320393037e-05,0.1647668033838272,6.901649918233943e-09,1.0283046094627937e-06,3.9632839232695005e-09,2.861508846763172e-06,0.2,refutes,False,0.0002148756611859,0.2047273814678192,0.0003150943084619,0.1984285861253738,0.0004478393238969,0.440233051776886,4.7830262417392084e-08,2.2076631012168946e-06,1.7527170825815123e-08,2.3684767711529275e-06,-0.9512882764948636,-0.8364927794617404,-0.6227927657155014
320,"There will still be a black market demand for drugs in places where they are legalised. Thus, criminals can continue to generate drug-related income regardless.",Should all drugs be legalized? ,3,321,refutes,False,0.0001011053391266,0.3468986451625824,0.0001774453994585,0.3809936344623565,3.778030441026203e-05,0.166443794965744,4.1881982326685836e-08,4.619218088919297e-06,1.6210139008876467e-08,9.18641126190778e-06,0.4,refutes,"None.
Okay, let's see. The user",0.0002148756611859,0.2047273814678192,0.0003150943084619,0.1984285861253738,0.0004478393238969,0.440233051776886,4.7830262417392084e-08,2.2076631012168946e-06,1.7527170825815123e-08,2.3684767711529275e-06,-0.9156387070221648,-0.5294704920575971,-0.43684987417043103
321,"In some US states where marijuana is legal, there are still large marijuana black markets due to regulations that increase the cost of legal marijuana.",Should all drugs be legalized? ,0,322,refutes,False,4.135832568863407e-05,0.2822077572345733,8.61981461639516e-05,0.3248191177845001,3.6214561987435445e-05,0.2911659777164459,4.014625076820266e-08,6.004962415318005e-06,1.3766203288412273e-08,9.014516763272695e-06,0.0,refutes,"None.
Okay, so the user is asking if",0.0002148756611859,0.2047273814678192,0.0003150943084619,0.1984285861253738,0.0004478393238969,0.440233051776886,4.7830262417392084e-08,2.2076631012168946e-06,1.7527170825815123e-08,2.3684767711529275e-06,-0.919134921711849,-0.8075243819594214,-0.7264369941027533
322,"Despite alcohol often being very expensive due to heavy taxation, black markets for it are still much rarer in places where it is legally sold.",Should all drugs be legalized? ,7,323,supports,True,3.731032484211028e-05,0.2467534691095352,8.674910350237042e-05,0.3119256198406219,5.428619988379069e-05,0.3646779954433441,2.842695501215076e-08,3.311479304102249e-06,8.144459329173515e-09,5.459706699184608e-06,0.0,supports,True,0.0002148756611859,0.2047273814678192,0.0003150943084619,0.1984285861253738,0.0004478393238969,0.440233051776886,4.7830262417392084e-08,2.2076631012168946e-06,1.7527170825815123e-08,2.3684767711529275e-06,-0.8787819715977236,-0.826363187732876,-0.7246884466881451
323,"Cheaper black market alcohol is highly popular and accounts for a substantial amount of total alcohol trade in many lower-income countries in Central and Latin America and Africa,
 despite alcohol being a legally purchasable substance in such countries.",Should all drugs be legalized? ,0,324,insufficient-neutral,,2.785334254440386e-05,0.1503472626209259,0.0001403501664754,0.4151220917701721,7.811663090251386e-05,0.3495678305625915,1.8010558378023234e-08,1.4532870409311729e-06,6.446997602438387e-09,3.541155138009344e-06,0.0,insufficient-neutral,"True.
False.
None.

False.",0.0002148756611859,0.2047273814678192,0.0003150943084619,0.1984285861253738,0.0004478393238969,0.440233051776886,4.7830262417392084e-08,2.2076631012168946e-06,1.7527170825815123e-08,2.3684767711529275e-06,-0.8255699606216411,-0.8703746045937399,-0.5545772719269202
324,The enforcement of the criminalisation of drugs has harmed communities around the world and should be stopped.,Should all drugs be legalized? ,5,325,supports,True,7.31193576939404e-05,0.5311066508293152,5.064829747425392e-05,0.2469875365495681,1.8925886251963675e-05,0.1474829912185669,7.2224350944338775e-09,1.3497314057531185e-06,2.895418349524448e-09,2.387431550232577e-06,0.6,supports,"None.
Okay, let's see. The question",0.0002148756611859,0.2047273814678192,0.0003150943084619,0.1984285861253738,0.0004478393238969,0.440233051776886,4.7830262417392084e-08,2.2076631012168946e-06,1.7527170825815123e-08,2.3684767711529275e-06,-0.9577395613960852,-0.6597131695121065,-0.8392598783472532
325,"Incarceration often creates, or else fails to treat, substance use disorders or other mental illnesses.",Should all drugs be legalized? ,0,326,supports,,5.18668930453714e-05,0.3457143306732178,9.0320834715385e-05,0.3511585593223572,3.220488360966556e-05,0.2267250120639801,1.494074552965685e-08,2.296745606145123e-06,5.8967697391665305e-09,4.427092790137976e-06,0.0,supports,"None.
Okay, let's see. The user",0.0002148756611859,0.2047273814678192,0.0003150943084619,0.1984285861253738,0.0004478393238969,0.440233051776886,4.7830262417392084e-08,2.2076631012168946e-06,1.7527170825815123e-08,2.3684767711529275e-06,-0.9280883078122018,-0.7586190415465497,-0.7133530111785366
326,Time spent in prison can have a lasting positive impact on an offender's life by deterring them from future crime and rehabilitating them via training and well-being programmes.,Should all drugs be legalized? ,2,327,refutes,"None.
Argument: ""Time spent in prison can",1.6415595382568426e-05,0.1035936996340751,0.0001203518331749,0.4033689200878143,6.441969162551686e-05,0.4430140852928161,1.400733129486298e-08,2.1871665012440644e-06,4.173033918419833e-09,3.5224943530920427e-06,0.0,refutes,"None.
Okay, let's see. The user",0.0002148756611859,0.2047273814678192,0.0003150943084619,0.1984285861253738,0.0004478393238969,0.440233051776886,4.7830262417392084e-08,2.2076631012168946e-06,1.7527170825815123e-08,2.3684767711529275e-06,-0.8561544549840663,-0.9236042123525268,-0.6180450425703183
327,Those who have been to prison find it very hard to find employment upon their release (p. 3).,Should all drugs be legalized? ,5,328,insufficient-neutral,,1.9452516426099464e-05,0.1704336702823639,7.937841292005032e-05,0.3552142679691314,4.086050466867164e-05,0.3901265561580658,6.047888234661515e-08,8.699704267201014e-06,7.27982429893359e-09,6.3153074734145775e-06,0.0,insufficient-neutral,,0.0002148756611859,0.2047273814678192,0.0003150943084619,0.1984285861253738,0.0004478393238969,0.440233051776886,4.7830262417392084e-08,2.2076631012168946e-06,1.7527170825815123e-08,2.3684767711529275e-06,-0.908760793239143,-0.909470824574822,-0.7480804610291828
328,"Many who go to prison suffer from stigma, affecting their employment opportunities and their daily life.",Should all drugs be legalized? ,3,329,insufficient-supports,"False.

None.
The question is about whether all",5.122092261444777e-05,0.3182278871536255,0.0001190922048408,0.4022777676582336,3.281335375504568e-05,0.2022779583930969,3.511917157084099e-08,4.801654995389981e-06,8.341533686007097e-09,6.117466909927316e-06,0.0,insufficient-supports,,0.0002148756611859,0.2047273814678192,0.0003150943084619,0.1984285861253738,0.0004478393238969,0.440233051776886,4.7830262417392084e-08,2.2076631012168946e-06,1.7527170825815123e-08,2.3684767711529275e-06,-0.9267296282302359,-0.7616252937547268,-0.6220426658223813
329,"Due to this, many who leave prison often continue to commit crime to make money.",Should all drugs be legalized? ,3,330,insufficient-neutral,"False.
None.

Okay, let's see.",5.1080882258247584e-05,0.2550041973590851,0.0001636079105082,0.4545941650867462,4.335178527981043e-05,0.2250404208898544,3.394560366132282e-08,4.533686478680465e-06,6.684286013580731e-09,3.5864409255736973e-06,0.0,insufficient-neutral,"None.

Question: Should all drugs be legalized?",0.0002148756611859,0.2047273814678192,0.0003150943084619,0.1984285861253738,0.0004478393238969,0.440233051776886,4.7830262417392084e-08,2.2076631012168946e-06,1.7527170825815123e-08,2.3684767711529275e-06,-0.9031979038763672,-0.7622770211557144,-0.4807652626071383
330,It is not necessary to end drug prohibition in order to mitigate cruel and dangerous policing practices: adapting the criminal justice system with regards to drug law enforcement would be sufficient.,Should all drugs be legalized? ,6,331,refutes,False,1.6089539712993428e-05,0.1377033293247223,0.0001295551774092,0.6075755953788757,2.286784729221836e-05,0.2099725157022476,1.977865871083395e-09,4.389397361137526e-07,2.0406500933489724e-09,2.1945606931694783e-06,0.2,refutes,True,0.0002148756611859,0.2047273814678192,0.0003150943084619,0.1984285861253738,0.0004478393238969,0.440233051776886,4.7830262417392084e-08,2.2076631012168946e-06,1.7527170825815123e-08,2.3684767711529275e-06,-0.9489373842983853,-0.9251216279024104,-0.5888368214532022
331,"If drugs were legalised, prison systems would be less overcrowded, which is a significant social issue in the US.",Should all drugs be legalized? ,2,332,supports,True,0.000113025183964,0.5913188457489014,6.002721784170717e-05,0.2141615003347396,1.425771461072145e-05,0.1027558073401451,3.3591469161819993e-08,6.228734491742216e-06,5.883104670090233e-09,4.181774329481414e-06,0.4,supports,"None.
Okay, let's see. The user",0.0002148756611859,0.2047273814678192,0.0003150943084619,0.1984285861253738,0.0004478393238969,0.440233051776886,4.7830262417392084e-08,2.2076631012168946e-06,1.7527170825815123e-08,2.3684767711529275e-06,-0.9681633258851475,-0.4739972720027324,-0.8094944395069407
332,"Many other countries have significantly more overcrowded prisons than the US does. Legalisation could help resolve this serious issue in those countries, too.",Should all drugs be legalized? ,2,333,supports,"True.
False.
None.

False.

The argument",0.0001197666861116,0.53594970703125,0.0001056937398971,0.3101839125156402,2.0975563529646024e-05,0.0991407334804534,2.1254788151736648e-08,2.4856785785232205e-06,5.480045306427428e-09,3.0218163828976685e-06,0.0,supports,"None.
Okay, let's see. The user",0.0002148756611859,0.2047273814678192,0.0003150943084619,0.1984285861253738,0.0004478393238969,0.440233051776886,4.7830262417392084e-08,2.2076631012168946e-06,1.7527170825815123e-08,2.3684767711529275e-06,-0.953162747417699,-0.4426233038650959,-0.6645647443997545
333,"In the US, the War on Drugs has led to the mass incarceration of African Americans and other minority groups.",Should all drugs be legalized? ,0,334,supports,True,7.236170495161787e-05,0.396746277809143,7.885532249929383e-05,0.2769735455513,3.6671128327725455e-05,0.2406387776136398,1.8684865210616408e-08,2.615263156258152e-06,7.3744867989944404e-09,4.7727717173984274e-06,0.2,supports,"None.
Okay, let's see. The user",0.0002148756611859,0.2047273814678192,0.0003150943084619,0.1984285861253738,0.0004478393238969,0.440233051776886,4.7830262417392084e-08,2.2076631012168946e-06,1.7527170825815123e-08,2.3684767711529275e-06,-0.9181154347755139,-0.6632391749151431,-0.7497405685167153
334,"Other countries, like Japan, have strict drug laws which are not used as instruments of social oppression.",Should all drugs be legalized? ,0,335,refutes,False,7.711623766226694e-05,0.2604884803295135,0.0001908645353978,0.4162594079971313,5.383581083151512e-05,0.2028686255216598,5.7394252905851324e-08,5.2478262659860775e-06,2.4207510662677123e-08,1.043654810928274e-05,0.0,refutes,True,0.0002148756611859,0.2047273814678192,0.0003150943084619,0.1984285861253738,0.0004478393238969,0.440233051776886,4.7830262417392084e-08,2.2076631012168946e-06,1.7527170825815123e-08,2.3684767711529275e-06,-0.879787664997661,-0.6411122728527653,-0.3942621930256839
335,Legalisation would increase overall drug use.,Should all drugs be legalized? ,5,336,refutes,True,6.629809649894014e-05,0.1503503620624542,0.000399828684749,0.7172814607620239,1.3260451851238033e-05,0.0473098419606685,4.043002377329685e-08,5.072575277154101e-06,1.4642782986129532e-08,1.00095148809487e-05,0.0,refutes,,0.0002148756611859,0.2047273814678192,0.0003150943084619,0.1984285861253738,0.0004478393238969,0.440233051776886,4.7830262417392084e-08,2.2076631012168946e-06,1.7527170825815123e-08,2.3684767711529275e-06,-0.9703901574880665,-0.6914583246281102,8.476108402225447e-05
336,"If legal, drugs will likely be easier for individuals to access, which may lead to more people trying them.",Should all drugs be legalized? ,3,337,refutes,True,9.270053124055266e-05,0.2851082384586334,0.0001413514255546,0.3180612325668335,6.175186717882752e-05,0.2678343951702118,6.634988380938013e-08,8.292169695778284e-06,2.2929905085788963e-08,1.142294695455348e-05,0.4,refutes,,0.0002148756611859,0.2047273814678192,0.0003150943084619,0.1984285861253738,0.0004478393238969,0.440233051776886,4.7830262417392084e-08,2.2076631012168946e-06,1.7527170825815123e-08,2.3684767711529275e-06,-0.8621115567934274,-0.5685852426052448,-0.5513996230379652
337,"Substance abuse increased during the COVID-19 pandemic despite it being harder to access drugs during periods of lockdown. 
This indicates that psychological stress, rather than ease of access, is a primary determinant of frequent drug (mis)use.",Should all drugs be legalized? ,0,338,insufficient-refutes,"False.
The question is about whether all drugs should",2.165835940104444e-05,0.117824800312519,0.0001208006287924,0.3803431093692779,8.23788795969449e-05,0.4309852123260498,9.815159351944658e-09,1.0783063544295146e-06,4.5466781450898e-09,2.9541295134549728e-06,0.2,insufficient-refutes,"None.
Okay, let's see. The user",0.0002148756611859,0.2047273814678192,0.0003150943084619,0.1984285861253738,0.0004478393238969,0.440233051776886,4.7830262417392084e-08,2.2076631012168946e-06,1.7527170825815123e-08,2.3684767711529275e-06,-0.816052599222149,-0.8992051529637567,-0.616620721008654
338,"The current American opioid crisis, in which hundreds of thousands of people have become addicted to and overdosed on opioids, has been caused by easy access to certain opioids due to their legality.",Should all drugs be legalized? ,7,339,refutes,True,6.417853728635237e-05,0.3574207127094269,0.0001457629114156,0.5450015068054199,8.032885489228647e-06,0.0514913350343704,5.7494928817902755e-09,9.8214263744012e-07,2.913701058204765e-09,1.5941750461934134e-06,0.0,refutes,"False.
Okay, let's see. The question",0.0002148756611859,0.2047273814678192,0.0003150943084619,0.1984285861253738,0.0004478393238969,0.440233051776886,4.7830262417392084e-08,2.2076631012168946e-06,1.7527170825815123e-08,2.3684767711529275e-06,-0.9820630188985415,-0.7013224441886501,-0.5373990976634061
339,"In many places where drugs have been legalised, their consumption has not increased.",Should all drugs be legalized? ,0,340,supports,,7.530426228186116e-05,0.2927756011486053,0.0001533118775114,0.393972635269165,4.3243599066045135e-05,0.1981018781661987,4.6282355725679736e-08,5.124519248056458e-06,1.39508724572579e-08,7.573548828077037e-06,0.2,supports,"None.
Okay, let's see. The user",0.0002148756611859,0.2047273814678192,0.0003150943084619,0.1984285861253738,0.0004478393238969,0.440233051776886,4.7830262417392084e-08,2.2076631012168946e-06,1.7527170825815123e-08,2.3684767711529275e-06,-0.9034394776015683,-0.649544942101602,-0.5134412987026775
340,"In some cases, drug legalisation has actually lead to decreases in drug use.",Should all drugs be legalized? ,2,341,supports,True,0.0001061519360519,0.3475352823734283,0.0001556615316076,0.3585672378540039,4.356466888566501e-05,0.1747517138719558,5.5586440339538974e-08,6.325309641397325e-06,1.5617748871932235e-08,7.74993168306537e-06,0.0,supports,"None.
Okay, let's see. The user",0.0002148756611859,0.2047273814678192,0.0003150943084619,0.1984285861253738,0.0004478393238969,0.440233051776886,4.7830262417392084e-08,2.2076631012168946e-06,1.7527170825815123e-08,2.3684767711529275e-06,-0.902722546768371,-0.5059843657208692,-0.5059843119114225
341,"In the US state of Colorado, there has been a drop in teen drug use following the legalisation of marijuana.",Should all drugs be legalized? ,0,342,insufficient-supports,"False.
The question is about whether all drugs should",4.610140240401961e-05,0.2301458418369293,0.0001282884186366,0.4299690127372741,3.974189530708827e-05,0.2374514490365982,5.791122248410829e-08,8.79860635905061e-06,1.3074057392259421e-08,7.125328920665197e-06,0.0,insufficient-supports,"False.
Okay, let's see. The question",0.0002148756611859,0.2047273814678192,0.0003150943084619,0.1984285861253738,0.0004478393238969,0.440233051776886,4.7830262417392084e-08,2.2076631012168946e-06,1.7527170825815123e-08,2.3684767711529275e-06,-0.9112585849735753,-0.7854507944288073,-0.5928570742428623
342,Using drugs can be an important and positive experience for individuals and communities.,Should all drugs be legalized? ,2,343,supports,"True.
True. The argument suggests that using drugs",0.0001120714732678,0.517433762550354,8.7965905549936e-05,0.2948248982429504,2.2241263650357723e-05,0.1248367056250572,1.3884849714429492e-08,1.958662551260204e-06,3.2215443646066433e-09,2.020836973315454e-06,0.4,supports,,0.0002148756611859,0.2047273814678192,0.0003150943084619,0.1984285861253738,0.0004478393238969,0.440233051776886,4.7830262417392084e-08,2.2076631012168946e-06,1.7527170825815123e-08,2.3684767711529275e-06,-0.9503365102983273,-0.47843570253942724,-0.7208267392091835
343,Creativity can be stimulated through the use of drugs.,Should all drugs be legalized? ,0,344,supports,True,7.677274697925895e-05,0.3382277190685272,0.0001336918066954,0.365711361169815,3.982917405664921e-05,0.2051454782485962,1.0610946787892317e-08,1.4061417914490448e-06,3.4583529373577453e-09,1.9070110965913043e-06,0.4,supports,False,0.0002148756611859,0.2047273814678192,0.0003150943084619,0.1984285861253738,0.0004478393238969,0.440233051776886,4.7830262417392084e-08,2.2076631012168946e-06,1.7527170825815123e-08,2.3684767711529275e-06,-0.9110636964389967,-0.64271082841328,-0.5757085954741531
344,"Drugs are not necessary for creativity, which can be boosted by a multitude of legal alternatives such as walking, meditation, and visually stimulating environments.",Should all drugs be legalized? ,6,345,refutes,True,0.0001092958409572,0.4594605267047882,8.185880142264068e-05,0.2274494469165802,4.415951116243377e-05,0.1976115256547927,2.358020090298396e-08,2.550388899180689e-06,7.806358226503107e-09,3.48596813637414e-06,0.4,refutes,,0.0002148756611859,0.2047273814678192,0.0003150943084619,0.1984285861253738,0.0004478393238969,0.440233051776886,4.7830262417392084e-08,2.2076631012168946e-06,1.7527170825815123e-08,2.3684767711529275e-06,-0.9013942974498594,-0.4913530906478862,-0.7402085685957773
345,"Some drugs can impair one's ability to make moral, rational, and autonomous judgements.",Should all drugs be legalized? ,5,346,refutes,"False.
Okay, let's see. The argument",7.917678158264607e-05,0.3488188982009887,0.0001784276246326,0.4919134676456451,1.2925254850415511e-05,0.0655411258339881,1.1115545817119711e-08,1.3623118775285548e-06,5.9265272689401635e-09,3.2680161439202493e-06,0.2,refutes,"None.
Okay, let's see. The user",0.0002148756611859,0.2047273814678192,0.0003150943084619,0.1984285861253738,0.0004478393238969,0.440233051776886,4.7830262417392084e-08,2.2076631012168946e-06,1.7527170825815123e-08,2.3684767711529275e-06,-0.9711386335216263,-0.6315228018582051,-0.4337326322916594
346,Individuals routinely take many decisions which partially remove their autonomy. It would be arbitrary to only ban drugs for this reason.,Should all drugs be legalized? ,7,347,supports,"None.
Okay, let's break this down.",0.0001467059773858,0.3711523711681366,0.0002308009134139,0.3711523711681366,5.973947190796025e-05,0.1672914922237396,1.068501198631111e-08,9.808045433601364e-07,6.712679745390915e-09,2.60434308074764e-06,0.4,supports,"None.
Okay, let's see. The user",0.0002148756611859,0.2047273814678192,0.0003150943084619,0.1984285861253738,0.0004478393238969,0.440233051776886,4.7830262417392084e-08,2.2076631012168946e-06,1.7527170825815123e-08,2.3684767711529275e-06,-0.8666051221493152,-0.31725176980897296,-0.26751798678773164
347,"Drugs can alter and intensify thoughts, feelings, and perceptions, allowing users to experience states of consciousness they would not otherwise have access to. This can bring about noticeable health benefits.",Should all drugs be legalized? ,2,348,supports,True,0.0001088683638954,0.4987334012985229,6.654989556409419e-05,0.2145025730133056,3.85161220037844e-05,0.1863630563020706,1.8292451997581335e-08,2.1392429516708944e-06,6.199429414266433e-09,2.5603385438444093e-06,0.2,supports,True,0.0002148756611859,0.2047273814678192,0.0003150943084619,0.1984285861253738,0.0004478393238969,0.440233051776886,4.7830262417392084e-08,2.2076631012168946e-06,1.7527170825815123e-08,2.3684767711529275e-06,-0.9139956677572793,-0.4933425065707541,-0.7887937237300459
348,Drugs should remain banned because they are detrimental to the health of those who use them.,Should all drugs be legalized? ,5,349,refutes,"False.

Okay, let's see. The argument",7.281117723323405e-05,0.3013399839401245,0.0002242742193629,0.608723521232605,3.432132871239446e-06,0.0175400916486978,7.566645088274981e-09,1.1055792583647417e-06,4.311344170560005e-09,3.199099865014432e-06,0.4,refutes,,0.0002148756611859,0.2047273814678192,0.0003150943084619,0.1984285861253738,0.0004478393238969,0.440233051776886,4.7830262417392084e-08,2.2076631012168946e-06,1.7527170825815123e-08,2.3684767711529275e-06,-0.9923362405039055,-0.6611473964459784,-0.288231448998012
349,"While enjoyable, these experiences are not important or necessary for a good life. It is, therefore, not particularly harmful for people to be denied them.",Should all drugs be legalized? ,1,350,refutes,True,2.7736396077671088e-05,0.1544685065746307,0.0001158658415079,0.4006608128547668,6.398719415301457e-05,0.3883337676525116,1.0259017635405598e-08,1.52853237977979e-06,4.922330099077499e-09,3.2868608741409844e-06,0.2,refutes,"None.
Okay, let's see. The user",0.0002148756611859,0.2047273814678192,0.0003150943084619,0.1984285861253738,0.0004478393238969,0.440233051776886,4.7830262417392084e-08,2.2076631012168946e-06,1.7527170825815123e-08,2.3684767711529275e-06,-0.8571201974935424,-0.8709188564000513,-0.6322820235202374
350,"Health problems associated with illegal drugs are often the result of dangerous, poor-quality drugs. These drugs would become less common with legalisation.",Should all drugs be legalized? ,3,351,supports,True,9.473628597334029e-05,0.4408278167247772,0.0001065148753696,0.3712142407894134,1.93977994058514e-05,0.1132139489054679,3.369825662957737e-08,4.465627171157394e-06,7.202854757082377e-09,4.500651357375318e-06,0.2,supports,"False.
Okay, let's see. The question",0.0002148756611859,0.2047273814678192,0.0003150943084619,0.1984285861253738,0.0004478393238969,0.440233051776886,4.7830262417392084e-08,2.2076631012168946e-06,1.7527170825815123e-08,2.3684767711529275e-06,-0.9566858058889061,-0.5591111368756695,-0.6619587453370984
351,Many illegal drugs have valuable medicinal properties that could be beneficial to the health of those who use them.,Should all drugs be legalized? ,2,352,supports,True,0.0001033604203257,0.5407552719116211,5.532484647119418e-05,0.2254203259944915,2.067338391498197e-05,0.1304632872343063,2.4877062188011223e-08,3.1456943361263257e-06,6.364049287554962e-09,3.824191480816808e-06,0.4,supports,,0.0002148756611859,0.2047273814678192,0.0003150943084619,0.1984285861253738,0.0004478393238969,0.440233051776886,4.7830262417392084e-08,2.2076631012168946e-06,1.7527170825815123e-08,2.3684767711529275e-06,-0.953837497486618,-0.5189756729298551,-0.8244181345538844
352,"Legalisation could fuel the creation of more hygienic supervised injection sites, reducing the health risks associated with injecting illegal drugs.",Should all drugs be legalized? ,2,353,supports,"None.

Okay, let's tackle this. The",0.0001080248330254,0.4685326814651489,7.780737360008061e-05,0.2248044312000274,4.64609001937788e-05,0.2248044312000274,2.746116045670988e-08,3.90418335882714e-06,8.375181437259016e-09,4.600252395903226e-06,0.2,supports,"False.
Okay, let's see. The question",0.0002148756611859,0.2047273814678192,0.0003150943084619,0.1984285861253738,0.0004478393238969,0.440233051776886,4.7830262417392084e-08,2.2076631012168946e-06,1.7527170825815123e-08,2.3684767711529275e-06,-0.8962554252951782,-0.4972681762596549,-0.75306639469342
353,Moral anti-realism is correct and there are no such things as moral properties.,Are moral properties natural properties?,4,354,refutes,False,0.0002404405822744,0.2763291597366333,0.0006434523384086,0.5849888324737549,3.436918996158056e-05,0.0561396740376949,1.0538887984523626e-08,4.4987885416958317e-07,7.047890271394408e-09,1.037859647112782e-06,0.75,refutes,"False.
Okay, let's tackle this question.",0.0004567886644508,0.3901243805885315,0.0005774350138381,0.3901243805885315,9.280225640395656e-05,0.0971096381545066,2.5211209120357125e-08,8.546791718799795e-07,1.2726607323543249e-08,1.69973247921007e-06,-0.6296513544673332,-0.4736283953904958,6.605546731018029e-05
354,Moral Error Theory (an anti-realist theory) provides the best explanation for moral phenomena.,Are moral properties natural properties?,4,355,refutes,False,0.0002448797458782,0.350246399641037,0.0005348665290512,0.5510149598121643,2.1734311303589493e-05,0.0405439659953117,1.0649934267803474e-08,3.980778160439513e-07,5.767694766234399e-09,9.401341003467678e-07,0.25,refutes,True,0.0004567886644508,0.3901243805885315,0.0005774350138381,0.3901243805885315,9.280225640395656e-05,0.0971096381545066,2.5211209120357125e-08,8.546791718799795e-07,1.2726607323543249e-08,1.69973247921007e-06,-0.7657997537367759,-0.46391019537969375,-0.07371995768658951
355,Almost all of the investigative methods and tools available to us are designed to explore the natural world.,Are moral properties natural properties?,3,356,insufficient-supports,"False.
The question asks whether moral properties are natural",0.0002538977714721,0.2741160094738006,0.0006689315196126,0.5713068246841431,2.4749533622525632e-05,0.0359561964869499,2.6385428952835358e-08,1.078956302080769e-06,1.7303989352512872e-08,2.6290413188689854e-06,0.5,insufficient-supports,"False.
Okay, let's see. The question",0.0004567886644508,0.3901243805885315,0.0005774350138381,0.3901243805885315,9.280225640395656e-05,0.0971096381545066,2.5211209120357125e-08,8.546791718799795e-07,1.2726607323543249e-08,1.69973247921007e-06,-0.7333089239253621,-0.4441679681842303,9.154936958599378e-05
356,"In Wittgensteinian philosophy, the meaning of a term simply means its common use between two or more agents, and all concepts exist within a 'language-game' rather than in nature.",Are moral properties natural properties?,4,357,refutes,True,0.0001777249271981,0.2387953102588653,0.0007252286886796,0.6697180271148682,1.9631041141110472e-05,0.0328263565897941,7.491533615677781e-09,3.148369387417916e-07,7.72934072301723e-09,1.133771320382948e-06,0.0,refutes,"True.

The question is whether moral properties are natural",0.0004567886644508,0.3901243805885315,0.0005774350138381,0.3901243805885315,9.280225640395656e-05,0.0971096381545066,2.5211209120357125e-08,8.546791718799795e-07,1.2726607323543249e-08,1.69973247921007e-06,-0.7884637518331556,-0.6109252680081723,0.00014787906539167077
357,"There is no such thing as absolute morality. What we perceive (as living organisms) to be moral on a fundamental level arises from our biology. 
We've evolved to consider as ""good"" the things that serve our instincts of survival and reproduction and as ""bad"" things that go against our basic instincts. This means that the basis of morality in humans is natural, and then specificities that come from that basis are mostly social constructs",Are moral properties natural properties?,3,358,supports,True,0.0004682452126871,0.6390526294708252,0.0002282044879393,0.2208506911993026,2.29511279030703e-05,0.0280780140310525,1.0606158618031714e-08,4.138474309911544e-07,7.699245685444112e-09,1.0404122576801456e-06,0.75,supports,True,0.0004567886644508,0.3901243805885315,0.0005774350138381,0.3901243805885315,9.280225640395656e-05,0.0971096381545066,2.5211209120357125e-08,8.546791718799795e-07,1.2726607323543249e-08,1.69973247921007e-06,-0.7526878247101351,1.146178384923668e-05,-0.6047962411865736
358,No attempt by philosophers to bridge the is/ought divide has yet succeeded.,Are moral properties natural properties?,4,359,refutes,"False.

The question is whether moral properties are natural",0.0001429074618499,0.1734699755907058,0.0006764677818864,0.6754502654075623,4.9387497710995376e-05,0.0899950414896011,1.550319872478667e-08,7.557911203548429e-07,1.2408603922153816e-08,2.238816250610398e-06,0.0,refutes,True,0.0004567886644508,0.3901243805885315,0.0005774350138381,0.3901243805885315,9.280225640395656e-05,0.0971096381545066,2.5211209120357125e-08,8.546791718799795e-07,1.2726607323543249e-08,1.69973247921007e-06,-0.46782007652898216,-0.6871475302003859,9.908998607578086e-05
359,"Normative (moral) properties are quite commonly used in the natural sciences. The study of medicine and biology makes natural use of notions about how organs ""ought"" to function.",Are moral properties natural properties?,0,360,supports,"True.
True.
The argument presented suggests that moral",0.0004150801978539,0.631969690322876,0.0002440130483591,0.2718067765235901,2.305417183379177e-05,0.0391574762761592,9.041743354032404e-09,4.494847587466211e-07,6.023099352603367e-09,1.012929601529322e-06,1.0,supports,"False.

But then, the question is about whether",0.0004567886644508,0.3901243805885315,0.0005774350138381,0.3901243805885315,9.280225640395656e-05,0.0971096381545066,2.5211209120357125e-08,8.546791718799795e-07,1.2726607323543249e-08,1.69973247921007e-06,-0.7515774645237088,-0.09130801581305957,-0.5774190298278036
360,"In medicine, these ought claims are attached to an implied ""in order to be healthy"". Doctors are paid to keep people healthy, and for them to 
question whether, in an objective sense, one ""ought"" to be healthy is counterproductive or irrelevant.",Are moral properties natural properties?,1,361,insufficient-supports,"True.
Okay, let me try to work through",0.0002852121833711,0.404758483171463,0.0004889674019068,0.417606920003891,8.04477822384797e-05,0.1039505824446678,1.197550947296122e-08,4.2546221834527387e-07,9.217878904621555e-09,1.2407714393702918e-06,0.25,insufficient-supports,True,0.0004567886644508,0.3901243805885315,0.0005774350138381,0.3901243805885315,9.280225640395656e-05,0.0971096381545066,2.5211209120357125e-08,8.546791718799795e-07,1.2726607323543249e-08,1.69973247921007e-06,-0.13312687260209907,-0.3756145772268397,-0.153207910520134
361,"It is possible for people to draw differing conclusions from the same facts because they have unique prior experiences and value judgments
 about the world that they will subconsciously rely on when evaluating the same evidence.",Are moral properties natural properties?,3,362,insufficient-neutral,False,0.0001282054581679,0.2429252564907074,0.0003887782513629,0.4831145703792572,9.453277016291396e-05,0.1982698142528534,8.53522674759688e-09,3.545198694610008e-07,7.863018680609457e-09,1.5042908216855722e-06,0.0,insufficient-neutral,"False.
Okay, let's try to figure this",0.0004567886644508,0.3901243805885315,0.0005774350138381,0.3901243805885315,9.280225640395656e-05,0.0971096381545066,2.5211209120357125e-08,8.546791718799795e-07,1.2726607323543249e-08,1.69973247921007e-06,1.7306743694439845e-06,-0.7193331005224435,-0.326715141884512
362,"The principle of Occam's razor states that, all things being equal, the simplest explanation is the best.",Are moral properties natural properties?,4,363,insufficient-neutral,,5.156384213478304e-05,0.1107129082083702,0.0003551386471372,0.5800941586494446,7.502494554501027e-05,0.241819217801094,7.38177030612519e-09,4.748866047066258e-07,1.0450707854658958e-08,3.02491548609396e-06,0.0,insufficient-neutral,True,0.0004567886644508,0.3901243805885315,0.0005774350138381,0.3901243805885315,9.280225640395656e-05,0.0971096381545066,2.5211209120357125e-08,8.546791718799795e-07,1.2726607323543249e-08,1.69973247921007e-06,-0.1915611920206325,-0.8871166336914718,-0.3849720944757724
363,"The Open Question Argument argues that if moral properties were natural properties, then ""yes"" would logically follow from ""is [eg. pleasure] goodness?"" just like ""yes"" follows from ""is H20 water?"". However, intuitively the former question requires a much more open answer to the latter. This indicates that moral properties are not self-evidently natural.",Are moral properties natural properties?,4,364,refutes,True,0.000368925742805,0.2868874669075012,0.0010346777271479,0.5886548757553101,3.5962268157163635e-05,0.031197564676404,3.4501642431905566e-08,9.583620794728631e-07,1.8323682127174837e-08,1.7489800256953458e-06,1.0,refutes,True,0.0004567886644508,0.3901243805885315,0.0005774350138381,0.3901243805885315,9.280225640395656e-05,0.0971096381545066,2.5211209120357125e-08,8.546791718799795e-07,1.2726607323543249e-08,1.69973247921007e-06,-0.6124849809618378,-0.19234917256854037,0.0004575068938093578
364,"There's no natural property or set of natural properties which are synonymous with ""good"" or ""bad"" - good and bad are judgments we make of natural properties and so can't be identical to these natural properties. Saying pleasure is good is not the same as saying ""pleasure is pleasure"" and so can't be identical.",Are moral properties natural properties?,0,365,refutes,True,0.0003341177362017,0.4778816998004913,0.0004711815272457,0.455997884273529,1.1168038327014074e-05,0.0197245329618453,7.993460116040296e-09,3.732967854830349e-07,6.298695343076588e-09,9.025158647091304e-07,0.75,refutes,"False.
The question is whether moral properties are natural",0.0004567886644508,0.3901243805885315,0.0005774350138381,0.3901243805885315,9.280225640395656e-05,0.0971096381545066,2.5211209120357125e-08,8.546791718799795e-07,1.2726607323543249e-08,1.69973247921007e-06,-0.8796576854941867,-0.2685507277125365,-0.18400942798074094
365,"H2O is water by definition (as otherwise, some substance not made of H2O but with indistinguishable macroscopic properties to H2O could be accurately classified as ""water""). The same would apply to questions like ""Is X goodness?"", the only difference being that X is more difficult to fully define in terms of natural properties.",Are moral properties natural properties?,7,366,supports,"False.
None",0.0005138876731507,0.3418080806732178,0.0010061432840302,0.5724208354949951,2.422335455776192e-05,0.0239986963570117,2.3977207774805723e-08,5.652453864968265e-07,2.2002723198966123e-08,1.6875110304681584e-06,0.5,supports,True,0.0004567886644508,0.3901243805885315,0.0005774350138381,0.3901243805885315,9.280225640395656e-05,0.0971096381545066,2.5211209120357125e-08,8.546791718799795e-07,1.2726607323543249e-08,1.69973247921007e-06,-0.7389788190890456,5.712510279931429e-05,0.00042895596438533067
366,Moral properties are capable of explaining human intuitions in relation to moral dilemmas.,Are moral properties natural properties?,0,367,insufficient-neutral,True,0.0003047510399483,0.4900720417499542,0.0002753196458797,0.3641906082630157,3.639732312876731e-05,0.080002062022686,1.0566822972180034e-08,4.877243782175356e-07,6.535510799210442e-09,1.2950608834216837e-06,0.75,insufficient-neutral,False,0.0004567886644508,0.3901243805885315,0.0005774350138381,0.3901243805885315,9.280225640395656e-05,0.0971096381545066,2.5211209120357125e-08,8.546791718799795e-07,1.2726607323543249e-08,1.69973247921007e-06,-0.6077970025821965,-0.3328401870157961,-0.5232023703417238
367,"There are no truly objective morals. The example of ""murder"" is a semantic deception where intentional death is labeled after the fact to show condemnation, rather than being an intrinsic quality clearly different than ""defense"", ""accident"", ""euthanasia"", ""sacrifice"" or ""execution"". That we employ a legal debate process to make those distinctions underlines the fact that even the most important morals are subjective in nature.",Are moral properties natural properties?,0,368,refutes,True,0.0004480655770748,0.4544370472431183,0.000631873786915,0.4336268603801727,3.121432746411301e-05,0.0378898940980434,9.133177769626856e-09,2.8301715815359785e-07,1.1727232518410348e-08,9.955743962564156e-07,0.25,refutes,"False.
Okay, let's try to figure out",0.0004567886644508,0.3901243805885315,0.0005774350138381,0.3901243805885315,9.280225640395656e-05,0.0971096381545066,2.5211209120357125e-08,8.546791718799795e-07,1.2726607323543249e-08,1.69973247921007e-06,-0.6636468909953982,-0.019096549575037827,5.447022609265757e-05
368,You should pull the lever because five lives are worth more than one.,What's the right solution to the trolley problem?,1,369,supports,True,0.0005664257914759,0.4991171360015869,0.0005753457080572,0.3324836790561676,1.5452696970896795e-05,0.0244643222540617,5.529742708176855e-08,3.3158735277538653e-06,2.33231194357586e-08,2.6852762857743077e-06,0.125,supports,True,0.0001128467119997,0.1901784092187881,6.58228964312002e-05,0.1002169698476791,0.0001229733752552,0.2681945264339447,3.9057525214047934e-08,3.0546204925485654e-06,3.9517924932397364e-08,7.443046797561692e-06,-0.8743411170196097,0.0004536302701606512,0.00050955635210099
369,"There is no moral difference between causing death directly and causing death through negligence;
 therefore the only relevant variable here is the number of people who will die.",What's the right solution to the trolley problem?,7,370,supports,False. The trolley problem is a thought experiment,0.0008450085879303,0.3177544772624969,0.000652972026728,0.2593436539173126,0.000174377390067,0.093928039073944,6.57700454098631e-08,2.8406539058778435e-06,1.1816737099934473e-07,1.313505072175758e-05,0.125,supports,True,0.0001128467119997,0.1901784092187881,6.58228964312002e-05,0.1002169698476791,0.0001229733752552,0.2681945264339447,3.9057525214047934e-08,3.0546204925485654e-06,3.9517924932397364e-08,7.443046797561692e-06,5.141033691445337e-05,0.0007322445073156304,0.0005871877806972743
370,"From a simple utilitaristic point of view, pulling the lever would be not only permissible, but, morally speaking, the better option as it maximizes utility.",What's the right solution to the trolley problem?,4,371,supports,"False.
The question is about the right solution to",0.0005614918773062,0.3270227015018463,0.0008233733824454,0.4199054539203644,2.029317874985281e-05,0.0252172816544771,8.590107825057204e-08,4.155145234108204e-06,5.2510277015471736e-08,5.814093583467184e-06,0.125,supports,False,0.0001128467119997,0.1901784092187881,6.58228964312002e-05,0.1002169698476791,0.0001229733752552,0.2681945264339447,3.9057525214047934e-08,3.0546204925485654e-06,3.9517924932397364e-08,7.443046797561692e-06,-0.8349790862636772,0.00044869579915212245,0.000757600353463802
371,There is more suffering and pain if more people die.,What's the right solution to the trolley problem?,1,372,supports,False,0.0003103000926785,0.1013770848512649,0.0008978830301202,0.3594129681587219,0.0001911703293444,0.1029735431075096,2.1192502686062653e-07,1.2707944733847398e-05,8.818428227641562e-07,9.244393731933088e-05,0.0,supports,The right solution is to throw the switch to divert,0.0001128467119997,0.1901784092187881,6.58228964312002e-05,0.1002169698476791,0.0001229733752552,0.2681945264339447,3.9057525214047934e-08,3.0546204925485654e-06,3.9517924932397364e-08,7.443046797561692e-06,6.820534153025841e-05,0.0001974756651583131,0.0008321149059022699
372,"If morality is merely about the eventual death toll, it should be considered moral for a doctor to kill one patient and use their organs to save more people. Yet, this is clearly immoral.",What's the right solution to the trolley problem?,7,373,refutes,"True.
False.
None.
True.
The question",0.0002342743246117,0.1582795083522796,0.0005404651747085,0.4579969048500061,6.659837526967749e-05,0.0736068040132522,5.486485576966516e-08,4.427090971148573e-06,1.0493178592696498e-07,1.557325776957441e-05,0.25,refutes,False,0.0001128467119997,0.1901784092187881,6.58228964312002e-05,0.1002169698476791,0.0001229733752552,0.2681945264339447,3.9057525214047934e-08,3.0546204925485654e-06,3.9517924932397364e-08,7.443046797561692e-06,-0.4584325661431226,0.00012144131686530916,0.00047467352266342074
373,"Possible good consequences (such as saving five people) are irrelevant to whether or not pulling the lever is right, as the action must be right in and of itself
 regardless of consequence to be morally correct (under deontology).",What's the right solution to the trolley problem?,4,374,,"The right solution is to pull the lever, because",0.0005650502862408,0.1889834702014923,0.0008093972573988,0.2388974875211715,8.268513920484111e-05,0.0613539516925811,1.267639078150751e-07,4.0528275349061005e-06,1.1274615019374325e-07,1.200534916279139e-05,0.375,,True,0.0001128467119997,0.1901784092187881,6.58228964312002e-05,0.1002169698476791,0.0001229733752552,0.2681945264339447,3.9057525214047934e-08,3.0546204925485654e-06,3.9517924932397364e-08,7.443046797561692e-06,-0.32761755108982654,0.00045225460968678996,0.0007436233084076129
374,"In the trolley problem, you are not initially the cause of any person's death unless you pull the lever. You had no prior obligation to either group, and you did not, by your own action cause the situation to exist.",What's the right solution to the trolley problem?,3,375,insufficient-neutral,True,0.0008498659008182,0.2932640016078949,0.0008366898400709,0.2393551021814346,0.0003890969383064,0.1806747168302536,6.87831516188453e-08,2.642276967890212e-06,2.3178321839623095e-07,1.6059948393376544e-05,0.625,insufficient-neutral,True,0.0001128467119997,0.1901784092187881,6.58228964312002e-05,0.1002169698476791,0.0001229733752552,0.2681945264339447,3.9057525214047934e-08,3.0546204925485654e-06,3.9517924932397364e-08,7.443046797561692e-06,0.00026615629318891887,0.0007371023683971808,0.0007709176876748127
375,Negligence is as much of a choice as intervening.,What's the right solution to the trolley problem?,7,376,insufficient-neutral,"False.
The question is not about the trolley",0.000221040812903,0.0566825866699218,0.0002860480744857,0.0632339939475059,0.0001567414001328,0.0622536465525627,4.317390676078503e-07,2.4994600607897155e-05,2.2621509288001107e-06,0.0003450397925917,0.0,insufficient-neutral,,0.0001128467119997,0.1901784092187881,6.58228964312002e-05,0.1002169698476791,0.0001229733752552,0.2681945264339447,3.9057525214047934e-08,3.0546204925485654e-06,3.9517924932397364e-08,7.443046797561692e-06,3.377217795631301e-05,0.00010820631162978503,0.00022023967486780867
376,There is a moral difference between causing death and failing to prevent one.,What's the right solution to the trolley problem?,7,377,insufficient-supports,"False.
Okay, let's see. The user",0.0004204796277917,0.2046171724796295,0.0004172074259258,0.2546501755714416,0.0001698891283012,0.1241065859794616,2.2628778140187933e-07,1.0776130693557208e-05,3.971474029640376e-07,7.900578202679753e-05,0.125,insufficient-supports,"None.
The question is asking for the right solution",0.0001128467119997,0.1901784092187881,6.58228964312002e-05,0.1002169698476791,0.0001229733752552,0.2681945264339447,3.9057525214047934e-08,3.0546204925485654e-06,3.9517924932397364e-08,7.443046797561692e-06,4.692152314407315e-05,0.00030766763507300674,0.00035140766016461994
377,"It's unfair to consider the one who pulls or not the lever to be the resposible of one or five's people's deaths.
 The responsible one is really whoever put the trolley on the tracks in the first place.",What's the right solution to the trolley problem?,1,378,refutes,True,0.0003158716717734,0.186866283416748,0.0007118277717381,0.2894241511821747,0.0001316749112447,0.1064732000231742,1.609445803296694e-07,6.763807959941914e-06,1.4540131587637006e-07,1.867547325673513e-05,0.5,refutes,,0.0001128467119997,0.1901784092187881,6.58228964312002e-05,0.1002169698476791,0.0001229733752552,0.2681945264339447,3.9057525214047934e-08,3.0546204925485654e-06,3.9517924932397364e-08,7.443046797561692e-06,8.702606178355269e-06,0.0002030478730585532,0.0006460474000180009
378,"When people's lives are at stake, it is selfish to change the focus to whether or not the bystander deserves blame for what happens. The bystander's priority should be saving lives, not avoiding blame.",What's the right solution to the trolley problem?,1,379,supports,True,0.0005382833769544,0.1237334832549095,0.0008143967716023,0.1237334832549095,0.000290382100502,0.105834849178791,1.736562893484006e-07,6.266764103202149e-06,1.168326889455784e-06,9.575785952620208e-05,0.5,supports,"There is no right solution.
True",0.0001128467119997,0.1901784092187881,6.58228964312002e-05,0.1002169698476791,0.0001229733752552,0.2681945264339447,3.9057525214047934e-08,3.0546204925485654e-06,3.9517924932397364e-08,7.443046797561692e-06,0.0001674293145947324,0.000425484679501788,0.0007486231517152811
379,You should pull the lever because a world where people are willing to sacrifice one person to save five is a better world to live in overall.,What's the right solution to the trolley problem?,1,380,supports,"You should pull the lever.
Do you agree with",0.0002474208304192,0.1711256057024002,0.0002324303495697,0.1005995497107505,1.806367617973592e-05,0.0235240384936332,2.913589369768488e-08,2.85808846456348e-06,2.082248329315917e-08,3.2386387829319574e-06,0.25,supports,"It's not possible to answer definitively.
The",0.0001128467119997,0.1901784092187881,6.58228964312002e-05,0.1002169698476791,0.0001229733752552,0.2681945264339447,3.9057525214047934e-08,3.0546204925485654e-06,3.9517924932397364e-08,7.443046797561692e-06,-0.8531090478548763,0.00013458930638019537,0.0001666184204455323
380,"If all seven participants were asked what action they would prefer, knowing that they would be put into this scenario but unaware of where they would be, they would likely opt to kill only one person.",What's the right solution to the trolley problem?,0,381,supports,"False.
None.
The question is about the t",0.000291193369776,0.1936848163604736,0.0004800966707989,0.4100307822227478,3.849583663395606e-05,0.0537843331694603,1.007853285273086e-07,7.639731848030351e-06,6.331669766268534e-08,1.7624675820115954e-05,0.25,supports,True,0.0001128467119997,0.1901784092187881,6.58228964312002e-05,0.1002169698476791,0.0001229733752552,0.2681945264339447,3.9057525214047934e-08,3.0546204925485654e-06,3.9517924932397364e-08,7.443046797561692e-06,-0.6869579569230516,0.0001783667858816167,0.0004143010448624671
381,It is highly problematic to apply statistical analysis to moral issues simply because moral values cannot be mathematically equated.,What's the right solution to the trolley problem?,1,382,insufficient-neutral,"False.
The question is about the trolley problem",0.0005765976384282,0.1335801780223846,0.0006137849995866,0.1537498533725738,0.0005995666724629,0.2237047106027603,2.388504185546481e-07,9.466599294682965e-06,3.1151964208220306e-07,2.270918957947288e-05,0.125,insufficient-neutral,False,0.0001128467119997,0.1901784092187881,6.58228964312002e-05,0.1002169698476791,0.0001229733752552,0.2681945264339447,3.9057525214047934e-08,3.0546204925485654e-06,3.9517924932397364e-08,7.443046797561692e-06,0.0004766519127022268,0.0004638032651019816,0.0005479981739824504
382,There is no better framework than mathematics and statistics to make any kind of judgement in these situations.,What's the right solution to the trolley problem?,1,383,insufficient-neutral,"The right solution is to pull the lever.
Is",7.009623368503526e-05,0.0238131694495677,0.0001309570070588,0.0466239266097545,0.0001259401324205,0.0927227437496185,2.0714223580853289e-07,2.6193047233391557e-05,5.809447429783177e-07,0.0001507305860286,0.125,insufficient-neutral,There is no right solution to the trolley problem,0.0001128467119997,0.1901784092187881,6.58228964312002e-05,0.1002169698476791,0.0001229733752552,0.2681945264339447,3.9057525214047934e-08,3.0546204925485654e-06,3.9517924932397364e-08,7.443046797561692e-06,2.9671220423123308e-06,-0.37883672069043883,6.513839822563991e-05
383,"For some, if in the thought experiment their parent was on the tracks, but they didn't know which one, they would pull the lever to maximize the chances of saving their parent.",What's the right solution to the trolley problem?,3,384,insufficient-neutral,"True.
True.
False.
None.
The question",0.0003135046281386,0.3519525229930877,0.0005588824278675,0.4590326249599457,3.51742455677595e-05,0.0523130744695663,1.1021625567764205e-07,7.035291218926432e-06,3.8238795241341e-08,3.8550210774701554e-06,0.25,insufficient-neutral,,0.0001128467119997,0.1901784092187881,6.58228964312002e-05,0.1002169698476791,0.0001229733752552,0.2681945264339447,3.9057525214047934e-08,3.0546204925485654e-06,3.9517924932397364e-08,7.443046797561692e-06,-0.7139686091012442,0.0002006805622805156,0.0004930919881791688
384,"If the five people are murderers, it would be better to let them die than to let them live on to murder others.",What's the right solution to the trolley problem?,0,385,,"True.
Okay, let me try to work through",0.0002619435254018,0.2219742089509964,0.0008005639538168,0.5161054730415344,7.105409167706966e-05,0.0910980254411697,1.5726234892099458e-07,1.0644080248312092e-05,7.342002561472327e-08,1.1781922694353852e-05,0.25,,,0.0001128467119997,0.1901784092187881,6.58228964312002e-05,0.1002169698476791,0.0001229733752552,0.2681945264339447,3.9057525214047934e-08,3.0546204925485654e-06,3.9517924932397364e-08,7.443046797561692e-06,-0.4221993864150273,0.0001491136403861319,0.0007347894233537119
385,"Even if the five people on the tracks have done heinous things, many believe it is illegitimate to kill them.",What's the right solution to the trolley problem?,1,386,,"None.
Argument: ""Even if the five people",0.0002261874906253,0.1492759436368942,0.0005468512536026,0.3525426387786865,0.0001965151313925,0.2008727490901947,1.1257851895152272e-07,6.1226155594340526e-06,1.8131092360818002e-07,3.013656896655448e-05,0.25,,,0.0001128467119997,0.1901784092187881,6.58228964312002e-05,0.1002169698476791,0.0001229733752552,0.2681945264339447,3.9057525214047934e-08,3.0546204925485654e-06,3.9517924932397364e-08,7.443046797561692e-06,7.355080092754277e-05,0.00011335357020329087,0.0004810600219354008
386,"If self-sacrifice for a greater number of people is not an obligation, then sacrificing someone else to save a greater amount of people without their consent cannot be the right thing to do.",What's the right solution to the trolley problem?,7,387,refutes,Sacrificing someone else to save a greater amount,0.0001456805621273,0.0620753206312656,0.0002743017685133,0.1177982613444328,9.116456203628331e-05,0.0601654648780822,1.3759681394276413e-07,9.533899174130056e-06,2.203418716817396e-06,0.0003413740487303,0.375,refutes,False,0.0001128467119997,0.1901784092187881,6.58228964312002e-05,0.1002169698476791,0.0001229733752552,0.2681945264339447,3.9057525214047934e-08,3.0546204925485654e-06,3.9517924932397364e-08,7.443046797561692e-06,-0.2586642283576065,3.283755573779512e-05,0.00020849259566863116
387,"Judith Jarvis Thompson set up a trolley problem where the bystander can turn the trolley towards themself. If one is wary of doing this, they are not entitled to turn the track on others.",What's the right solution to the trolley problem?,0,388,supports,False,0.0005868517328053,0.1092435047030448,0.0012041415320709,0.2461840361356735,0.0001981124223675,0.0727718621492385,4.2832024860217643e-07,1.1804987479990814e-05,2.3154775590228382e-06,0.0002298144390806,0.5,supports,,0.0001128467119997,0.1901784092187881,6.58228964312002e-05,0.1002169698476791,0.0001229733752552,0.2681945264339447,3.9057525214047934e-08,3.0546204925485654e-06,3.9517924932397364e-08,7.443046797561692e-06,7.514828835096315e-05,0.00047405851675051084,0.0011383935680016244
388,"If individuals have no moral right to make others sacrifice themselves, then killing the one person is an immoral act in a way that allowing the five to die is not.",What's the right solution to the trolley problem?,7,389,refutes,True,0.0002741887874435,0.0635212212800979,0.0008578607812523,0.25123131275177,0.0002118766715284,0.0881904885172844,1.1181935377635457e-07,5.181356300454354e-06,1.0242628150081146e-06,0.0001367978693451,0.375,refutes,"It's not a problem, it's a philosophical",0.0001128467119997,0.1901784092187881,6.58228964312002e-05,0.1002169698476791,0.0001229733752552,0.2681945264339447,3.9057525214047934e-08,3.0546204925485654e-06,3.9517924932397364e-08,7.443046797561692e-06,8.891423035621512e-05,0.00016136028442134432,0.0007920900224806138
389,Self-sacrifice for a greater number of people is a moral obligation.,What's the right solution to the trolley problem?,1,390,supports,It's morally required to sacrifice the few for the,0.0001047734185704,0.0513855703175067,0.0001177999220089,0.0555610433220863,3.296841896371916e-05,0.0231612902134656,2.1196694888203643e-07,1.5094043192220852e-05,1.3292469702719243e-06,0.000451573258033,0.0,supports,,0.0001128467119997,0.1901784092187881,6.58228964312002e-05,0.1002169698476791,0.0001229733752552,0.2681945264339447,3.9057525214047934e-08,3.0546204925485654e-06,3.9517924932397364e-08,7.443046797561692e-06,-0.7319060414882361,-0.07154212370247404,5.1980447081284476e-05
390,"Self-sacrifice may be a highly moral and virtuous act, but it does not follow that such an obligation exists.",What's the right solution to the trolley problem?,1,391,insufficient-refutes,It's not clear what the right solution is.,0.0002780338691081,0.0669778883457183,0.0004692709771916,0.1395939141511917,0.0003327629528939,0.1374297142028808,1.93633439948826e-07,6.852529622847214e-06,1.136260834755376e-06,0.0001282915472984,0.0,insufficient-refutes,True,0.0001128467119997,0.1901784092187881,6.58228964312002e-05,0.1002169698476791,0.0001229733752552,0.2681945264339447,3.9057525214047934e-08,3.0546204925485654e-06,3.9517924932397364e-08,7.443046797561692e-06,0.00020981537934407842,0.00016520580003973777,0.00040347463862975094
391,Pulling the lever can benefit you directly.,What's the right solution to the trolley problem?,2,392,insufficient-neutral,False,0.0001013942965073,0.0717911720275878,0.0005438667722046,0.27093705534935,3.190512870787643e-05,0.0366673432290554,4.291382182941561e-08,4.185042598692235e-06,4.127597890146717e-07,8.275560685433447e-05,0.125,insufficient-neutral,,0.0001128467119997,0.1901784092187881,6.58228964312002e-05,0.1002169698476791,0.0001229733752552,0.2681945264339447,3.9057525214047934e-08,3.0546204925485654e-06,3.9517924932397364e-08,7.443046797561692e-06,-0.7405525493492763,-0.10148647921997454,0.0004780753440772593
392,Five people will be eternally thankful.,What's the right solution to the trolley problem?,2,393,supports,"None.

Wait, the question is about the t",0.0001886378304334,0.1133534833788871,0.000438596092863,0.2762030065059662,8.113211515592411e-05,0.0829311832785606,2.2877533467635658e-07,2.417070572846569e-05,3.713390128723404e-07,6.029227006365545e-05,0.0,supports,There is no right solution to the trolley problem,0.0001128467119997,0.1901784092187881,6.58228964312002e-05,0.1002169698476791,0.0001229733752552,0.2681945264339447,3.9057525214047934e-08,3.0546204925485654e-06,3.9517924932397364e-08,7.443046797561692e-06,-0.34024649654809414,7.579967217747587e-05,0.0003727977350585043
393,Pulling the lever might cause severe mental problems for the person who pulls the lever.,What's the right solution to the trolley problem?,5,394,,"""Pulling the lever is the only solution that",0.0003288895532023,0.1170928031206131,0.0007183608249761,0.2055042535066604,0.0002156910341,0.1457243412733078,8.727833744615054e-08,4.61862464362639e-06,4.099262866930076e-07,4.247208198648877e-05,0.125,,"None.
The question is about the right solution to",0.0001128467119997,0.1901784092187881,6.58228964312002e-05,0.1002169698476791,0.0001229733752552,0.2681945264339447,3.9057525214047934e-08,3.0546204925485654e-06,3.9517924932397364e-08,7.443046797561692e-06,9.272906205054462e-05,0.00021606722367836304,0.0006525808833087949
394,Making a decision that will result in the death of others out of self-interest is immoral because it prioritizes your self-interest.,What's the right solution to the trolley problem?,1,395,insufficient-neutral,"None.
Okay, let's see. The user",0.0004385471984278,0.0661111325025558,0.0009882813319563,0.1294393092393875,0.0003134155413135,0.0682097300887107,1.219636089899723e-07,3.322291831864277e-06,3.427752972129383e-06,0.0002154071262339,0.125,insufficient-neutral,"None.
The question asks for the right solution to",0.0001128467119997,0.1901784092187881,6.58228964312002e-05,0.1002169698476791,0.0001229733752552,0.2681945264339447,3.9057525214047934e-08,3.0546204925485654e-06,3.9517924932397364e-08,7.443046797561692e-06,0.00019046558825455763,0.0003257372448051521,0.0009225191584081195
395,"By consciously pulling the lever, rather than passively watching, you choose to kill one person instead of merely allowing five people to die. This active choice is immoral.",What's the right solution to the trolley problem?,1,396,refutes,"False.
The question asks for the right solution to",0.000568137213122,0.2617579400539398,0.0009440465364605,0.4054186344146728,0.000105094819446,0.0810888260602951,8.759943170844053e-08,3.858102445519762e-06,1.2209576993882365e-07,1.0164746527152602e-05,0.25,refutes,It's impossible to know for sure. The t,0.0001128467119997,0.1901784092187881,6.58228964312002e-05,0.1002169698476791,0.0001229733752552,0.2681945264339447,3.9057525214047934e-08,3.0546204925485654e-06,3.9517924932397364e-08,7.443046797561692e-06,-0.14538558262792745,0.0004553418849568532,0.0008782814510582902
396,"By pulling the lever, you actively interfere with the plan of fate, nature or a higher being, which is wrong.",What's the right solution to the trolley problem?,1,397,refutes,"The right solution is to pull the lever.
The",0.0003315326175652,0.1492086797952652,0.0005297875613905,0.1423759162425995,0.0001414807484252,0.0850165486335754,1.0366544955786595e-07,3.859744992951164e-06,1.5840362266317245e-06,0.0002561885339673,0.125,refutes,False,0.0001128467119997,0.1901784092187881,6.58228964312002e-05,0.1002169698476791,0.0001229733752552,0.2681945264339447,3.9057525214047934e-08,3.0546204925485654e-06,3.9517924932397364e-08,7.443046797561692e-06,1.8509649364057082e-05,0.00021871058633604753,0.00046399520646771974
397,"According to many philosophers, the fate of the universe tends towards Goodness.",What's the right solution to the trolley problem?,4,398,not_applicable,"None.
Okay, let's tackle this. The",0.0002310054842382,0.1283805221319198,0.0002721910132095,0.1727548837661743,0.0001456933532608,0.0939252004027366,3.8293032389447045e-07,2.591809789009858e-05,4.691760011610313e-07,7.441287743858993e-05,0.25,not_applicable,,0.0001128467119997,0.1901784092187881,6.58228964312002e-05,0.1002169698476791,0.0001229733752552,0.2681945264339447,3.9057525214047934e-08,3.0546204925485654e-06,3.9517924932397364e-08,7.443046797561692e-06,2.2722772301605077e-05,0.00011817210757228961,0.0002063817014196576
398,All humans should go vegans because a vegan society has envinornmental advantages ,Should all humans be vegans?,2,399,supports,True,0.0007660135161131,0.6964141726493835,0.000207786768442,0.1459763348102569,2.641711944306735e-05,0.0301239192485809,8.845985632888188e-08,5.121192771184724e-06,2.7944071945285032e-08,4.848647677135887e-06,0.8,supports,"False.
Okay, let's see. The question",6.311411561910063e-05,0.284647524356842,0.0001637055684113,0.5660892128944397,1.7389767890563235e-05,0.0742547437548637,1.3723449932001586e-08,2.2456767965195468e-06,3.636351886271427e-09,2.447199904054287e-06,9.027508538782235e-06,0.000702943766168131,4.40884175501554e-05
399,a vegan society would be the most effective at combating climate change.(link),Should all humans be vegans?,4,400,supports,True,0.0004129798035137,0.3904132843017578,0.0008022828260436,0.5172135829925537,2.0884843252133575e-05,0.0265679582953453,3.297522255252261e-07,1.2667297596635764e-05,4.1759843583122354e-08,6.077836133044912e-06,0.2,supports,"False.

I think the answer is False because the",6.311411561910063e-05,0.284647524356842,0.0001637055684113,0.5660892128944397,1.7389767890563235e-05,0.0742547437548637,1.3723449932001586e-08,2.2456767965195468e-06,3.636351886271427e-09,2.447199904054287e-06,3.495136141176581e-06,0.0003498877707518163,0.0006386818134015968
400,"A vegan society has environmental advantages, because a vegan society would be the most effective at combating climate change.",Should all humans be vegans?,2,401,supports,"False.
Okay, let's break this down.",0.0004590950265992,0.3800306916236877,0.0008849289151839,0.5194403529167175,2.1810297766933218e-05,0.0271025281399488,1.814672145883378e-07,8.408618668909185e-06,3.228208811378863e-08,4.828663804801181e-06,0.2,supports,True,6.311411561910063e-05,0.284647524356842,0.0001637055684113,0.5660892128944397,1.7389767890563235e-05,0.0742547437548637,1.3723449932001586e-08,2.2456767965195468e-06,3.636351886271427e-09,2.447199904054287e-06,4.420606749695296e-06,0.00039600590454254455,0.0007213414343821341
401,[a vegan society would not be the most effective] because the environmental advantages of a vegan society can be pursued by significantly decreasing meat consumption and sustainably restructuring the meat industry.,Should all humans be vegans?,6,402,refutes,False,4.1240531572839245e-05,0.0799961760640144,0.0007483412045985,0.8600398898124695,8.184433681890368e-06,0.0190007574856281,9.002382839184975e-09,8.762174843468529e-07,1.0361679514403477e-08,3.1801282602828e-06,0.2,refutes,"True.
Okay, let's see. The question",6.311411561910063e-05,0.284647524356842,0.0001637055684113,0.5660892128944397,1.7389767890563235e-05,0.0742547437548637,1.3723449932001586e-08,2.2456767965195468e-06,3.636351886271427e-09,2.447199904054287e-06,-0.529353483416432,-0.3465719804785103,0.0005847313599668513
402,A vegan society would cause the least harm to wildlife.,Should all humans be vegans?,2,403,supports,"False.
Okay, let's break this down.",0.0003638539055828,0.3807420432567596,0.0007824087515473,0.5453878045082092,2.2195230485522188e-05,0.0293596740812063,6.45725179992951e-08,3.247879703849321e-06,1.1047055714641374e-08,2.180523097194964e-06,0.0,supports,False,6.311411561910063e-05,0.284647524356842,0.0001637055684113,0.5660892128944397,1.7389767890563235e-05,0.0742547437548637,1.3723449932001586e-08,2.2456767965195468e-06,3.636351886271427e-09,2.447199904054287e-06,4.8055461622913035e-06,0.00030075877208761437,0.0006188044848759321
403,"In a vegan world, species would not be as endangered any more.",Should all humans be vegans?,2,404,supports,"False.

The question is about whether all humans should",0.0004026086535304,0.4346689581871032,0.0005950170452706,0.4849082827568054,1.3669301551999524e-05,0.0209750737994909,1.4377079082805724e-07,8.290850928460713e-06,1.3636521245530277e-08,2.933188397946651e-06,0.2,supports,False,6.311411561910063e-05,0.284647524356842,0.0001637055684113,0.5660892128944397,1.7389767890563235e-05,0.0742547437548637,1.3723449932001586e-08,2.2456767965195468e-06,3.636351886271427e-09,2.447199904054287e-06,-0.213945715778223,0.0003395159661612422,0.0004313820965106117
404,The fishing industry is especially deleterious to the ocean's biota.,Should all humans be vegans?,4,405,supports,"False.
Okay, let's break this down.",0.0001493425224907,0.2006600648164749,0.0007584239356219,0.6683000326156616,4.312293822295032e-05,0.070438303053379,6.066724722586514e-08,3.484867193037644e-06,1.4409734738762836e-08,3.075384938711068e-06,0.0,supports,"False.
Okay, let's see. The question",6.311411561910063e-05,0.284647524356842,0.0001637055684113,0.5660892128944397,1.7389767890563235e-05,0.0742547437548637,1.3723449932001586e-08,2.2456767965195468e-06,3.636351886271427e-09,2.447199904054287e-06,2.57336178340282e-05,8.62338494447435e-05,0.0005948157418597211
405,"Humans have a moral responsibility towards domestic species, which we have bred selectively throughout history, since they are not capable of surviving in the wild.",Should all humans be vegans?,1,406,insufficient-refutes,"False.
True",3.756023943424225e-05,0.1382589340209961,0.0003481065214145,0.7591909170150757,1.6028743630158715e-05,0.0613520294427871,1.3892617722888191e-08,1.6120530972330016e-06,5.461720409272175e-09,2.965019348266651e-06,0.2,insufficient-refutes,"False.

Okay, let's see. The question",6.311411561910063e-05,0.284647524356842,0.0001637055684113,0.5660892128944397,1.7389767890563235e-05,0.0742547437548637,1.3723449932001586e-08,2.2456767965195468e-06,3.636351886271427e-09,2.447199904054287e-06,-0.07826580946736476,-0.4048836925653577,0.00018443114540869185
406,"Industrial farming uses massive amounts of resources and contributes to climate change, which could lead to a mass extinction event.",Should all humans be vegans?,4,407,supports,True,0.0001845533697633,0.238470584154129,0.0006698147626593,0.6584383845329285,1.930040707520675e-05,0.0327817164361476,8.764988734810687e-08,5.573028829530813e-06,2.405592880450058e-08,5.235376647760859e-06,0.0,supports,"False.
Okay, let's see. The question",6.311411561910063e-05,0.284647524356842,0.0001637055684113,0.5660892128944397,1.7389767890563235e-05,0.0742547437548637,1.3723449932001586e-08,2.2456767965195468e-06,3.636351886271427e-09,2.447199904054287e-06,1.910672410793253e-06,0.00012144691915909676,0.0005061920607070233
407,The issue of animal extinction could be largely fixed with lab-grown meat. US consultancy firm Kearney suggests that 35% of all meat consumed globally will be cell-based by 2040.,Should all humans be vegans?,2,408,refutes,False,2.0152041543042287e-05,0.0696851909160614,0.0004998175427317,0.8489394187927246,1.9229211829951964e-05,0.0559936240315437,3.168468598602203e-09,3.036113298549026e-07,2.401046250710692e-09,8.923633458834956e-07,0.4,refutes,"False.
Okay, let's see. The user",6.311411561910063e-05,0.284647524356842,0.0001637055684113,0.5660892128944397,1.7389767890563235e-05,0.0742547437548637,1.3723449932001586e-08,2.2456767965195468e-06,3.636351886271427e-09,2.447199904054287e-06,1.8394759274481481e-06,-0.6807046831700586,0.0003361670067313181
408,"Over 100,000 species per year go extinct in large part due to the environmental effects of animal agriculture.",Should all humans be vegans?,2,409,supports,True,0.0002256109582958,0.3685197532176971,0.0004593211633618,0.5446369051933289,9.607673746359067e-06,0.0221313312649726,8.24758004114301e-08,6.759843017789535e-06,1.1651951403734984e-08,3.399062507014605e-06,0.0,supports,True,6.311411561910063e-05,0.284647524356842,0.0001637055684113,0.5660892128944397,1.7389767890563235e-05,0.0742547437548637,1.3723449932001586e-08,2.2456767965195468e-06,3.636351886271427e-09,2.447199904054287e-06,-0.44750994913665376,0.00016250709916854522,0.00029566399679315376
409,Sustainable farming practices do not have these problems. This fails as a criticism of farming as a whole.,Should all humans be vegans?,6,410,refutes,"False.
The given question asks whether all humans should",2.2520827769767493e-05,0.0592452324926853,0.0004316286358516,0.8051755428314209,2.473429231031332e-05,0.0809786319732666,1.9749602842011882e-08,2.4875930648704525e-06,9.662859845605e-09,4.231538241583621e-06,0.0,refutes,"False.
Okay, let's see. The user",6.311411561910063e-05,0.284647524356842,0.0001637055684113,0.5660892128944397,1.7389767890563235e-05,0.0742547437548637,1.3723449932001586e-08,2.2456767965195468e-06,3.636351886271427e-09,2.447199904054287e-06,7.344652141546065e-06,-0.6431728853544789,0.00026796693511972917
410,Creating more animals for the meat and dairy industry adds more animals into a world already struggling to provide for its existing population.,Should all humans be vegans?,3,411,supports,False,0.000141753887874,0.2771231532096863,0.0003823283477686,0.5866697430610657,1.1911803994735236e-05,0.034148272126913,6.602098068242412e-08,7.454216301994165e-06,2.0372610265440017e-08,6.527130153699545e-06,0.0,supports,"False.
Okay, let's see. The question",6.311411561910063e-05,0.284647524356842,0.0001637055684113,0.5660892128944397,1.7389767890563235e-05,0.0742547437548637,1.3723449932001586e-08,2.2456767965195468e-06,3.636351886271427e-09,2.447199904054287e-06,-0.3150107540423631,7.864473584785052e-05,0.0002186585749836057
411,"Computer modelling indicates that the United States could support the largest human population on domestic production if everybody followed a lacto-ovo vegetarian diet, surpassing the carrying capacity of veganism.",Should all humans be vegans?,4,412,refutes,False,6.976092845434323e-05,0.1281169950962066,0.0007269256166182,0.7971706986427307,1.4062498848943504e-05,0.0272776801139116,3.0641665205166646e-08,2.2076953882788075e-06,1.2673942784147131e-08,2.970778723465628e-06,0.0,refutes,"False.
Okay, let's see. The question",6.311411561910063e-05,0.284647524356842,0.0001637055684113,0.5660892128944397,1.7389767890563235e-05,0.0742547437548637,1.3723449932001586e-08,2.2456767965195468e-06,3.636351886271427e-09,2.447199904054287e-06,-0.19133487361986662,6.64723236943491e-06,0.0005633122655615267
412,"Many areas that can only be used as grazing land are barren because they have been exploited and overworked by human agriculture. Allowing these areas to be taken over by natural plants and forests again would benefit soil quality and biodiversity, there is no need to put animals on them for grazing.",Should all humans be vegans?,2,413,supports,False,2.728137405938469e-05,0.1818416863679886,0.0002096137905027,0.6651492714881897,2.297322316735517e-05,0.1155856102705001,4.917822149508311e-09,6.218565999915882e-07,3.0535451944757597e-09,1.677226919127861e-06,0.2,supports,True,6.311411561910063e-05,0.284647524356842,0.0001637055684113,0.5660892128944397,1.7389767890563235e-05,0.0742547437548637,1.3723449932001586e-08,2.2456767965195468e-06,3.636351886271427e-09,2.447199904054287e-06,5.583552373471714e-06,-0.5677452850004231,4.591573875351165e-05
413,"While the vegetarian diet can maximize the use of all available land in the US, it is not necessary to use up every inch of land if you don't need it in order to sustain the population. This is like saying a school bus is better suited for transporting a family of six than a minivan.",Should all humans be vegans?,7,414,refutes,False,6.828959885751829e-05,0.1187404245138168,0.0007171751349233,0.7742847800254822,2.1656811441062015e-05,0.0487309694290161,3.452449348628761e-08,2.5069580260606017e-06,1.6436123573271292e-08,2.908122041844763e-06,0.2,refutes,True,6.311411561910063e-05,0.284647524356842,0.0001637055684113,0.5660892128944397,1.7389767890563235e-05,0.0742547437548637,1.3723449932001586e-08,2.2456767965195468e-06,3.636351886271427e-09,2.447199904054287e-06,4.267117754686096e-06,5.175809905082427e-06,0.0005535601873971277
414,Veganism is not feasible for many.,Should all humans be vegans?,5,415,refutes,"False.
Okay, let's see. The user",0.0001633759529795,0.1138832345604896,0.0017564569134265,0.8284435272216797,2.372113522142172e-05,0.020101586356759,5.949191717036229e-08,3.015803940797923e-06,2.9221448372140912e-08,4.527257715380984e-06,0.0,refutes,"False.
Okay, let's see. The question",6.311411561910063e-05,0.284647524356842,0.0001637055684113,0.5660892128944397,1.7389767890563235e-05,0.0742547437548637,1.3723449932001586e-08,2.2456767965195468e-06,3.636351886271427e-09,2.447199904054287e-06,6.331477433781462e-06,0.00010026816569700208,0.001593012129971423
415,A person's inability to adhere to a moral principle does not affect the validity of the principle.,Should all humans be vegans?,1,416,insufficient-supports,"False.
None.

The question is whether all humans",8.372671436518431e-05,0.075527012348175,0.0007346785860136,0.5242613554000854,2.8044936698279344e-05,0.0351233221590518,1.2200516152915952e-07,7.373338576144306e-06,1.3191903747156178e-07,4.017251922050491e-05,0.0,insufficient-supports,"False.

Okay, let's see. The question",6.311411561910063e-05,0.284647524356842,0.0001637055684113,0.5660892128944397,1.7389767890563235e-05,0.0742547437548637,1.3723449932001586e-08,2.2456767965195468e-06,3.636351886271427e-09,2.447199904054287e-06,1.0655354101850732e-05,2.0613899774137383e-05,0.0005710665043689983
416,"When it comes to dietary change as radical as switching to veganism, inability to adhere may be due to more than a weakness of morality or willpower, but rather an innate and instinctual drive against the principle.",Should all humans be vegans?,1,417,refutes,"False.
None.
False.
None.
False.",3.4350909118074924e-05,0.077294535934925,0.0005047828890383,0.8573731184005737,1.224819334311178e-05,0.0332439616322517,7.827670955862231e-09,6.909958187861776e-07,9.972711545458424e-09,2.4883713649614947e-06,0.2,refutes,False,6.311411561910063e-05,0.284647524356842,0.0001637055684113,0.5660892128944397,1.7389767890563235e-05,0.0742547437548637,1.3723449932001586e-08,2.2456767965195468e-06,3.636351886271427e-09,2.447199904054287e-06,-0.2956666575315012,-0.45573333665347143,0.00034113316602584815
417,It is likely easier to overcome issues of morality or willpower than it is to go against one's biological instincts.,Should all humans be vegans?,1,418,insufficient-refutes,"False.
None.
False.
True.
None.",0.0001117383508244,0.0889515802264213,0.0009429115452803,0.6271697282791138,1.86733523150906e-05,0.0262940376996994,7.935371826306438e-08,6.453337846323848e-06,3.912978741027473e-08,8.351239557669032e-06,0.0,insufficient-refutes,"False.
Okay, let's see. The question",6.311411561910063e-05,0.284647524356842,0.0001637055684113,0.5660892128944397,1.7389767890563235e-05,0.0742547437548637,1.3723449932001586e-08,2.2456767965195468e-06,3.636351886271427e-09,2.447199904054287e-06,1.2836067461507437e-06,4.86273042746036e-05,0.0007793335581121127
418,"Just because it is in our nature, does not make it healthy. We developed a craving for sugars, because it was scarce in the past. We should not cater to our nature just because it is innate.",Should all humans be vegans?,0,419,insufficient-neutral,"False.
The original argument is about the idea that",1.4636974810855465e-05,0.0514113046228885,0.0004178461676929,0.8168725371360779,2.529042467358522e-05,0.0860977321863174,9.427678193674184e-09,1.0854431593543268e-06,8.222967196047648e-09,3.4226868592668325e-06,0.2,insufficient-neutral,False,6.311411561910063e-05,0.284647524356842,0.0001637055684113,0.5660892128944397,1.7389767890563235e-05,0.0742547437548637,1.3723449932001586e-08,2.2456767965195468e-06,3.636351886271427e-09,2.447199904054287e-06,7.900794175998858e-06,-0.7680871439411284,0.0002541822103248213
419,Veganism is necessarily flexible and thus feasible for most people and circumstances.,Should all humans be vegans?,4,420,insufficient-supports,"False.
The question is whether all humans should be",0.0001680885470705,0.1058526635169982,0.001658308552578,0.794468343257904,5.457036240841262e-05,0.0462436005473136,5.979008932399665e-08,2.512720129743684e-06,3.138432802529678e-08,3.4344814139330992e-06,0.0,insufficient-supports,"False.
Okay, let's see. The question",6.311411561910063e-05,0.284647524356842,0.0001637055684113,0.5660892128944397,1.7389767890563235e-05,0.0742547437548637,1.3723449932001586e-08,2.2456767965195468e-06,3.636351886271427e-09,2.447199904054287e-06,3.718124109100184e-05,0.00010498105723798371,0.0014948476990589625
420,"Due to the mass availability of vegan products and the development of meat substitutes, becoming vegan is easier than ever.",Should all humans be vegans?,3,421,insufficient-supports,"False.
The question is not directly related to the",0.0001521416561445,0.1102768778800964,0.0014322465285658,0.7536056637763977,5.685118594556116e-05,0.0609006732702255,7.935834389627416e-08,3.606091468100203e-06,4.775869300033264e-08,5.717673502658727e-06,0.0,insufficient-supports,True,6.311411561910063e-05,0.284647524356842,0.0001637055684113,0.5660892128944397,1.7389767890563235e-05,0.0742547437548637,1.3723449932001586e-08,2.2456767965195468e-06,3.636351886271427e-09,2.447199904054287e-06,3.9462104291832036e-05,8.903315977453933e-05,0.0012687486613752815
421,Vegan cosmetics exist.,Should all humans be vegans?,0,422,insufficient-supports,"False.
The question is whether all humans should be",9.15036944206804e-05,0.1628776043653488,0.0007661510026082,0.7531384229660034,3.446060509304516e-05,0.0571754202246665,1.854552245106333e-08,1.1518615110617247e-06,7.376898647493135e-09,1.756378992467944e-06,0.0,insufficient-supports,False,6.311411561910063e-05,0.284647524356842,0.0001637055684113,0.5660892128944397,1.7389767890563235e-05,0.0742547437548637,1.3723449932001586e-08,2.2456767965195468e-06,3.636351886271427e-09,2.447199904054287e-06,1.7071134065540953e-05,2.839137069783258e-05,0.0006025440740170298
422,A study found that the performance of participants on a test was significantly better when participants were told that the test was easy compared to participants who were told it would be difficult.,Should all humans be vegans?,4,423,not_applicable,"False.
Okay, let's break this down.",4.643989086616784e-06,0.0309541150927543,0.0001826275401981,0.6026014089584351,5.191647869651206e-05,0.3276287019252777,5.311591610990263e-09,1.0122101912202195e-06,4.104479867095279e-09,3.616742560552666e-06,0.2,not_applicable,"False.
Okay, let's see. The question",6.311411561910063e-05,0.284647524356842,0.0001637055684113,0.5660892128944397,1.7389767890563235e-05,0.0742547437548637,1.3723449932001586e-08,2.2456767965195468e-06,3.636351886271427e-09,2.447199904054287e-06,3.452731122787696e-05,-0.926419168817263,1.8925069926129468e-05
423,"Vegans miss out on enjoyable and culturally important foods and experiences, making veganism a difficult lifestyle to maintain.",Should all humans be vegans?,5,424,refutes,False,5.817910277983174e-05,0.0806521922349929,0.0008959648548625,0.8670927286148071,6.840775768068852e-06,0.013166107237339,1.4167760298278154e-08,1.3365460063141654e-06,1.3205804449967218e-08,3.4939264423883287e-06,0.2,refutes,"False.
Okay, let's see. The question",6.311411561910063e-05,0.284647524356842,0.0001637055684113,0.5660892128944397,1.7389767890563235e-05,0.0742547437548637,1.3723449932001586e-08,2.2456767965195468e-06,3.636351886271427e-09,2.447199904054287e-06,-0.6066206397279701,-0.07819190352047614,0.0007323791810013183
424,"Veganism is incompatible with some religions, cultures and traditions.",Should all humans be vegans?,1,425,refutes,"False.
True",8.222878386732191e-05,0.1013862639665603,0.0009939558804035,0.8488968014717102,9.082780707103666e-06,0.0121088624000549,2.4726750424974853e-08,1.4827231780145669e-06,1.2384917980057253e-08,3.263965481892228e-06,0.0,refutes,True,6.311411561910063e-05,0.284647524356842,0.0001637055684113,0.5660892128944397,1.7389767890563235e-05,0.0742547437548637,1.3723449932001586e-08,2.2456767965195468e-06,3.636351886271427e-09,2.447199904054287e-06,-0.4776939655397847,1.9115874729749133e-05,0.0008303862508453956
425,"It is often necessary for a vegan diet to include supplements, as it lacks specific essential nutrients. These may not be affordable to the less privileged.",Should all humans be vegans?,5,426,refutes,"False.
Okay, let's break this down.",9.143961506197228e-05,0.1092742756009101,0.0009307505679316,0.8074337840080261,2.519426379876677e-05,0.0383588783442974,2.059393544584509e-08,1.1600827747315634e-06,1.7477844949098653e-08,3.304767915324192e-06,0.2,refutes,False,6.311411561910063e-05,0.284647524356842,0.0001637055684113,0.5660892128944397,1.7389767890563235e-05,0.0742547437548637,1.3723449932001586e-08,2.2456767965195468e-06,3.636351886271427e-09,2.447199904054287e-06,7.804631628936034e-06,2.832728729455713e-05,0.0007671705896177417
426,Worldwide veganism would improve public health.,Should all humans be vegans?,4,427,supports,"True.
True. The argument suggests that widespread adoption",0.000475996726891,0.4679122269153595,0.0006925711641088,0.4327480494976043,3.670492515084334e-05,0.0428478606045246,1.3658078046319133e-07,6.328722975013079e-06,1.6059351182207138e-08,2.874952087950078e-06,0.0,supports,"False.
Okay, let's see. The question",6.311411561910063e-05,0.284647524356842,0.0001637055684113,0.5660892128944397,1.7389767890563235e-05,0.0742547437548637,1.3723449932001586e-08,2.2456767965195468e-06,3.636351886271427e-09,2.447199904054287e-06,1.9315493152222713e-05,0.00041290867163754124,0.0005289521881161179
427,Global veganism could help eradicate world hunger.,Should all humans be vegans?,2,428,supports,True,0.0003443375753704,0.4278904497623443,0.0005589150241576,0.4848634004592895,2.4557013603043742e-05,0.0417100563645362,9.651421351009049e-08,5.352480002329685e-06,1.3476403992740416e-08,2.955920081149088e-06,0.0,supports,True,6.311411561910063e-05,0.284647524356842,0.0001637055684113,0.5660892128944397,1.7389767890563235e-05,0.0742547437548637,1.3723449932001586e-08,2.2456767965195468e-06,3.636351886271427e-09,2.447199904054287e-06,7.167370351387304e-06,0.00028124121004154676,0.0003952741643280496
428,Universal veganism would worsen existing food distribution and access problems.,Should all humans be vegans?,5,429,refutes,"False.
Okay, let's break this down.",0.0002474158827681,0.1724643260240554,0.0016133543103933,0.7375363707542419,1.569368214404676e-05,0.0135084502398967,1.729843290831923e-07,8.0784147939994e-06,4.356677152372868e-08,8.872402759152465e-06,0.0,refutes,True,6.311411561910063e-05,0.284647524356842,0.0001637055684113,0.5660892128944397,1.7389767890563235e-05,0.0742547437548637,1.3723449932001586e-08,2.2456767965195468e-06,3.636351886271427e-09,2.447199904054287e-06,-0.09753354715199361,0.00018431339992623248,0.0014498860964095445
429,Fresh food and vegetables can be very difficult to source in food deserts. It is unclear how this problem would be solved in a vegan society.,Should all humans be vegans?,4,430,refutes,False,7.153374463086948e-05,0.1293360441923141,0.0006276886560954,0.7442775368690491,3.300739990663715e-05,0.0692285969853401,2.6980435663404023e-08,1.9363296814844944e-06,1.4441587481428542e-08,2.8173431019240525e-06,0.2,refutes,"False.
Okay, let's see. The question",6.311411561910063e-05,0.284647524356842,0.0001637055684113,0.5660892128944397,1.7389767890563235e-05,0.0742547437548637,1.3723449932001586e-08,2.2456767965195468e-06,3.636351886271427e-09,2.447199904054287e-06,1.5617903607792587e-05,8.420160442748563e-06,0.0004640590567357593
430,Livestock farming can benefit the environment,Should all humans be vegans?,6,431,refutes,False,5.048242746852338e-05,0.1026225239038467,0.0007835326832719,0.8199000954627991,2.618993676151149e-05,0.0500142276287078,1.7747693092928785e-08,1.3039202713116538e-06,6.2300267167358925e-09,1.7962258880288573e-06,0.0,refutes,False,6.311411561910063e-05,0.284647524356842,0.0001637055684113,0.5660892128944397,1.7389767890563235e-05,0.0742547437548637,1.3723449932001586e-08,2.2456767965195468e-06,3.636351886271427e-09,2.447199904054287e-06,8.800321906503571e-06,-0.20014046028642185,0.0006199286006245396
431,Pasture animals can damage biodiversity.,Should all humans be vegans?,5,432,supports,True,0.0001146246213465,0.2294006049633026,0.0005959162372164,0.6848636865615845,2.3470049200113863e-05,0.0544874146580696,2.93674418117007e-08,2.0507900444499683e-06,6.682003839131312e-09,1.838316279645369e-06,0.0,supports,False,6.311411561910063e-05,0.284647524356842,0.0001637055684113,0.5660892128944397,1.7389767890563235e-05,0.0742547437548637,1.3723449932001586e-08,2.2456767965195468e-06,3.636351886271427e-09,2.447199904054287e-06,6.080387046070044e-06,5.1513756972612915e-05,0.00043228143568324216
432,It is an individual's choice to decide if they wish to live or die.,Should individuals sentenced to life in prison be allowed to choose death instead?,1,433,supports,"False.
The question is asking if individuals sentenced to",0.0004066540859639,0.5907882452011108,0.0002666902728378,0.2924613952636719,2.07262382900808e-05,0.0427965596318244,3.8780044064878894e-08,2.63504534814274e-06,1.2013495975793376e-08,2.8049912543792743e-06,0.08333333333333333,supports,False,0.0002175845729652,0.4155154824256897,0.0002624570915941,0.3666911125183105,2.293324541824404e-05,0.0528268665075302,3.846381702032886e-08,3.278136546214228e-06,1.1962169921275745e-08,5.238447556621395e-06,-0.09623614485926639,0.00018911066056102134,4.234292563811289e-06
433,It is cruel and inhumane to force someone to stay alive against their will.,Should individuals sentenced to life in prison be allowed to choose death instead?,4,434,supports,"True.
Okay, let's break this down.",0.0005766545073129,0.8247770071029663,7.388839730992913e-05,0.0855831205844879,1.0728120287240016e-05,0.0200126208364963,3.3484823802609753e-08,2.6290388177585555e-06,8.735039358498398e-09,1.9845026599796256e-06,0.08333333333333333,supports,True,0.0002175845729652,0.4155154824256897,0.0002624570915941,0.3666911125183105,2.293324541824404e-05,0.0528268665075302,3.846381702032886e-08,3.278136546214228e-06,1.1962169921275745e-08,5.238447556621395e-06,-0.5322022639366387,0.0003591480794291939,-0.7184743728540572
434,Life imprisonment is similar to the death penalty in terms of the emotional and physical toll it has on the inmate.,Should individuals sentenced to life in prison be allowed to choose death instead?,7,435,insufficient-neutral,"True.
True. The argument suggests that life imprisonment",0.0005169468931853,0.6324238777160645,0.0003038973954971,0.2850557863712311,1.1420845112297684e-05,0.0203292332589626,6.454832401914247e-08,4.542897841020022e-06,8.500036230429941e-09,1.8790242393151857e-06,0.3333333333333333,insufficient-neutral,False,0.0002175845729652,0.4155154824256897,0.0002624570915941,0.3666911125183105,2.293324541824404e-05,0.0528268665075302,3.846381702032886e-08,3.278136546214228e-06,1.1962169921275745e-08,5.238447556621395e-06,-0.5019961237927503,0.00029942747101851565,4.145118305994905e-05
435,"Individuals that wish to commit suicide can be assisted through prison rehabilitation as opposed to entertaining their desire to die, which could be impulsive.",Should individuals sentenced to life in prison be allowed to choose death instead?,6,436,refutes,"False.

True",0.0004175882204435,0.5108702182769775,0.0004731894587166,0.4104957580566406,1.6968706404441036e-05,0.0275015011429786,5.4431261276022276e-08,4.093890765943797e-06,1.018745798830878e-08,2.1073544758110074e-06,0.3333333333333333,refutes,True,0.0002175845729652,0.4155154824256897,0.0002624570915941,0.3666911125183105,2.293324541824404e-05,0.0528268665075302,3.846381702032886e-08,3.278136546214228e-06,1.1962169921275745e-08,5.238447556621395e-06,-0.2600826400723051,0.0002000471746573707,0.00021078768984652098
436,Allowing the option of death makes it seem as though rehabilitation is not a worthwhile option for future life prisoners.,Should individuals sentenced to life in prison be allowed to choose death instead?,5,437,refutes,"False.
The question is whether individuals sentenced to life",0.0010345418704673,0.5113650560379028,0.0010508334962651,0.3982515037059784,3.377898974576965e-05,0.0231810174882411,8.809145413124497e-08,3.1419356218975736e-06,2.5238625411816432e-08,2.860764880097122e-06,0.16666666666666666,refutes,True,0.0002175845729652,0.4155154824256897,0.0002624570915941,0.3666911125183105,2.293324541824404e-05,0.0528268665075302,3.846381702032886e-08,3.278136546214228e-06,1.1962169921275745e-08,5.238447556621395e-06,1.0845993061346288e-05,0.0008171350934924724,0.0007885833739698115
437,"This is just suicide by a different name, which is an irrational action.",Should individuals sentenced to life in prison be allowed to choose death instead?,7,438,refutes,True,0.0002676634176168,0.2889778316020965,0.0006321364780887,0.5747010707855225,2.95654172077775e-05,0.0486718118190765,6.075568137475784e-08,4.259301931597292e-06,2.315051084167408e-08,4.534003437584033e-06,0.0,refutes,True,0.0002175845729652,0.4155154824256897,0.0002624570915941,0.3666911125183105,2.293324541824404e-05,0.0528268665075302,3.846381702032886e-08,3.278136546214228e-06,1.1962169921275745e-08,5.238447556621395e-06,6.632323890244927e-06,5.008974340702915e-05,0.00036977643694278
438,"The state has a responsibility to protect its citizens from threats, including those posed by themselves (p. 515).",Should individuals sentenced to life in prison be allowed to choose death instead?,4,439,refutes,"False.
The argument presented is about the state's",0.0002580492582637,0.5245720148086548,0.0002462323172949,0.3334382474422455,1.9286406313767657e-05,0.0430594943463802,2.0561198965651784e-08,1.2138237934777862e-06,8.98252228154206e-09,2.16387479667901e-06,0.08333333333333333,refutes,"False.
Okay, let me think about this.",0.0002175845729652,0.4155154824256897,0.0002624570915941,0.3666911125183105,2.293324541824404e-05,0.0528268665075302,3.846381702032886e-08,3.278136546214228e-06,1.1962169921275745e-08,5.238447556621395e-06,-0.15901975660083512,4.047349170590927e-05,-0.06181876892963595
439,"Suicide cannot reasonably be punished or restricted, so people should be allowed the right to die.",Should individuals sentenced to life in prison be allowed to choose death instead?,7,440,supports,True,0.0006335190264508,0.6629235744476318,0.0002682488120626,0.232708066701889,2.740334093687125e-05,0.0451125167310237,4.2507064534902383e-08,3.074570031458279e-06,9.633969177968993e-09,1.5459908127013475e-06,0.3333333333333333,supports,True,0.0002175845729652,0.4155154824256897,0.0002624570915941,0.3666911125183105,2.293324541824404e-05,0.0528268665075302,3.846381702032886e-08,3.278136546214228e-06,1.1962169921275745e-08,5.238447556621395e-06,4.470198034775807e-06,0.0004160249741019329,5.7932409456695216e-06
440,"Since many prisoners suffer from mental health conditions (p. 1), a prisoner who desires euthanasia as a product of poor mental health cannot be considered to be making a voluntary decision.",Should individuals sentenced to life in prison be allowed to choose death instead?,3,441,refutes,"False.
True",0.0003713537880685,0.4335034787654876,0.0005574680399149,0.4836080968379974,1.2907133168482687e-05,0.0205945167690515,5.3999396953940966e-08,3.3934347811737098e-06,1.4086584343431241e-08,2.2605149752052967e-06,0.16666666666666666,refutes,"True.
False.
None.

False. The question",0.0002175845729652,0.4155154824256897,0.0002624570915941,0.3666911125183105,2.293324541824404e-05,0.0528268665075302,3.846381702032886e-08,3.278136546214228e-06,1.1962169921275745e-08,5.238447556621395e-06,-0.43718680312840935,0.00015380268019379086,0.00029508839636307267
441,"Criminals spending long terms in prison develop a wide range of mental health conditions, which can cause violence within prisons themselves.",Should individuals sentenced to life in prison be allowed to choose death instead?,5,442,insufficient-supports,True,0.0003277822397649,0.5396087169647217,0.0003227004781365,0.3886655867099762,9.37139611778548e-06,0.0215870644897222,3.017868976940008e-08,2.174338533222908e-06,7.750529107397597e-09,1.7335339634882985e-06,0.16666666666666666,insufficient-supports,True,0.0002175845729652,0.4155154824256897,0.0002624570915941,0.3666911125183105,2.293324541824404e-05,0.0528268665075302,3.846381702032886e-08,3.278136546214228e-06,1.1962169921275745e-08,5.238447556621395e-06,-0.5913619748589848,0.00011022164933020102,6.0259201997298e-05
442,PTSD and anxiety are common mental health disorders observed to develop within long-term inmates.,Should individuals sentenced to life in prison be allowed to choose death instead?,0,443,insufficient-neutral,"False.
The original statement about PTSD and anxiety in",7.380449824267998e-05,0.2572155594825744,0.0003205921384505,0.62674480676651,1.7945820218301378e-05,0.0748539939522743,8.589849720408438e-09,1.0777303032227792e-06,4.202743486558802e-09,1.1472378673715866e-06,0.08333333333333333,insufficient-neutral,True,0.0002175845729652,0.4155154824256897,0.0002624570915941,0.3666911125183105,2.293324541824404e-05,0.0528268665075302,3.846381702032886e-08,3.278136546214228e-06,1.1962169921275745e-08,5.238447556621395e-06,-0.2174757697388537,-0.6608008682008714,5.815030881732751e-05
443,Chronic psychological suffering means individuals with mental health disorders have a stronger desire to die than neurotypical people. It would be an injustice to deny them that choice.,Should individuals sentenced to life in prison be allowed to choose death instead?,1,444,supports,False,0.0003179890918545,0.4141121208667755,0.0004773581458721,0.4141121208667755,7.040079799480736e-05,0.1063527911901474,2.4944350585087705e-08,1.372596898363554e-06,1.7143982233847055e-08,2.794468628053437e-06,0.25,supports,True,0.0002175845729652,0.4155154824256897,0.0002624570915941,0.3666911125183105,2.293324541824404e-05,0.0528268665075302,3.846381702032886e-08,3.278136546214228e-06,1.1962169921275745e-08,5.238447556621395e-06,4.7468641186561324e-05,0.0001004263701181566,0.00021495747139075764
444,"A 2006 survey showed 49% of state prisoners, 40% of federal prisoners and 60% of all inmates in the USA have a symptom of a mental disorder (p. 8).",Should individuals sentenced to life in prison be allowed to choose death instead?,4,445,insufficient-neutral,False,0.0001238856202689,0.3336327970027923,0.0002948734327219,0.4283929765224457,5.370044164010324e-05,0.1434936672449112,3.0884024226907065e-08,1.91072672350856e-06,9.200901374128987e-09,2.472664391461876e-06,0.08333333333333333,insufficient-neutral,True,0.0002175845729652,0.4155154824256897,0.0002624570915941,0.3666911125183105,2.293324541824404e-05,0.0528268665075302,3.846381702032886e-08,3.278136546214228e-06,1.1962169921275745e-08,5.238447556621395e-06,3.076790182970287e-05,-0.43063233490954345,3.242485125995707e-05
445,"This argument suggests that individuals with mental health conditions cannot choose for themselves, which is an ableist assumption and is incorrect.",Should individuals sentenced to life in prison be allowed to choose death instead?,1,446,supports,"False.
True",0.0002759629278443,0.2079944312572479,0.0011261011241003,0.6714142560958862,3.853306043311022e-05,0.0361440144479274,8.59532178765221e-08,4.1576668081688695e-06,3.3397821397329614e-08,5.297004918247694e-06,0.16666666666666666,supports,True,0.0002175845729652,0.4155154824256897,0.0002624570915941,0.3666911125183105,2.293324541824404e-05,0.0528268665075302,3.846381702032886e-08,3.278136546214228e-06,1.1962169921275745e-08,5.238447556621395e-06,1.5600172777457055e-05,5.839105987292746e-05,0.0008638707615137801
446,"As with assisted dying in medical circumstances, the use of safeguards can ensure that the prisoner makes an informed decision.",Should individuals sentenced to life in prison be allowed to choose death instead?,6,447,supports,True,0.0007000456680543,0.465629518032074,0.0006891924422234,0.4306369125843048,2.7143716579303145e-05,0.0262690205127,2.7241819111623045e-07,1.096705273084808e-05,2.9740050422333297e-08,4.753865141537972e-06,0.08333333333333333,supports,True,0.0002175845729652,0.4155154824256897,0.0002624570915941,0.3666911125183105,2.293324541824404e-05,0.0528268665075302,3.846381702032886e-08,3.278136546214228e-06,1.1962169921275745e-08,5.238447556621395e-06,4.210567723042047e-06,0.00048256609402659627,0.00042684737975114405
447,Medical practitioners follow scientific standards to determine whether patients possess autonomy and the capacity to make an informed choice. Such requirements could also be applied to prisoners in these circumstances.,Should individuals sentenced to life in prison be allowed to choose death instead?,0,448,supports,"False.
The argument in the question is not logically",0.0005889379535801,0.5029876232147217,0.0006468218052759,0.4041619300842285,3.170409763697535e-05,0.036436304450035,4.3061898935548015e-08,1.8598732367536288e-06,2.058077441802197e-08,2.388124585195328e-06,0.25,supports,True,0.0002175845729652,0.4155154824256897,0.0002624570915941,0.3666911125183105,2.293324541824404e-05,0.0528268665075302,3.846381702032886e-08,3.278136546214228e-06,1.1962169921275745e-08,5.238447556621395e-06,8.77105336745076e-06,0.00037143419896646675,0.00038446561941008834
448,A rigorous process to determine whether someone is approved for euthanasia already exists.,Should individuals sentenced to life in prison be allowed to choose death instead?,4,449,supports,"False.
Is the answer to the question logically ent",0.0001968032884178,0.2244183421134948,0.0006922984612174,0.6699894070625305,1.6028881873353384e-05,0.0303717199712991,1.0800175687109005e-07,1.0268487130815627e-05,1.5498468286523348e-08,4.3820523387694266e-06,0.08333333333333333,supports,True,0.0002175845729652,0.4155154824256897,0.0002624570915941,0.3666911125183105,2.293324541824404e-05,0.0528268665075302,3.846381702032886e-08,3.278136546214228e-06,1.1962169921275745e-08,5.238447556621395e-06,-0.30106351800508974,-0.09550899801487166,0.000429954214155866
449,There is no inherent right to die.,Should individuals sentenced to life in prison be allowed to choose death instead?,1,450,refutes,"True.
True. The argument ""There is no",0.0003732678887899,0.4937558174133301,0.0003761954721994,0.3669281601905823,1.732211239868775e-05,0.0310753881931304,7.83590650144106e-08,5.001792942493921e-06,2.1506021852246704e-08,4.554183760774322e-06,0.08333333333333333,refutes,True,0.0002175845729652,0.4155154824256897,0.0002624570915941,0.3666911125183105,2.293324541824404e-05,0.0528268665075302,3.846381702032886e-08,3.278136546214228e-06,1.1962169921275745e-08,5.238447556621395e-06,-0.24467243589921545,0.00015571719748461803,0.00011376823988665642
450,The 'right to die' has not been recognised as a human right by the Universal Declaration of Human Rights.,Should individuals sentenced to life in prison be allowed to choose death instead?,4,451,refutes,True,0.0004595036443788,0.4733767509460449,0.0005288854590617,0.4049005806446075,2.8029900931869637e-05,0.0365028977394104,1.1102741837021313e-07,5.739283551520202e-06,1.952109940361879e-08,3.5358698369236663e-06,0.08333333333333333,refutes,"False.
I think the answer is False, because",0.0002175845729652,0.4155154824256897,0.0002624570915941,0.3666911125183105,2.293324541824404e-05,0.0528268665075302,3.846381702032886e-08,3.278136546214228e-06,1.1962169921275745e-08,5.238447556621395e-06,5.096772399157866e-06,0.00024197172072712406,0.0002664983118394401
451,"In 2014, Belgium set a precedent and widened the scope of the country's euthanasia law by allowing a Belgian serving a life sentence for murder and rape the right to an assisted suicide.",Should individuals sentenced to life in prison be allowed to choose death instead?,0,452,supports,True,0.0004628206952475,0.7861003279685974,0.0001170193936559,0.1205523908138275,2.1816185835632496e-05,0.0410158857703208,3.384047175813976e-08,2.110056584569975e-06,1.0320761134607892e-08,1.5927541880955689e-06,0.25,supports,"False.
Okay, let me think about this.",0.0002175845729652,0.4155154824256897,0.0002624570915941,0.3666911125183105,2.293324541824404e-05,0.0528268665075302,3.846381702032886e-08,3.278136546214228e-06,1.1962169921275745e-08,5.238447556621395e-06,-0.048709180154802405,0.0002452894934919943,-0.5541389529802646
452,"As of March 2018, active human euthanasia is legal in the Netherlands, Belgium, Colombia, Luxembourg, and Canada.",Should individuals sentenced to life in prison be allowed to choose death instead?,0,453,insufficient-neutral,False,0.000330996728735,0.4961375296115875,0.0003415036771912,0.3686980903148651,2.050888906524051e-05,0.0407254472374916,4.7200050090623336e-08,2.97775886792806e-06,1.3789759556459558e-08,3.1451402264792705e-06,0.08333333333333333,insufficient-neutral,False,0.0002175845729652,0.4155154824256897,0.0002624570915941,0.3666911125183105,2.293324541824404e-05,0.0528268665075302,3.846381702032886e-08,3.278136546214228e-06,1.1962169921275745e-08,5.238447556621395e-06,-0.1057136183208892,0.0001134368378757277,7.906733738050897e-05
453,The prison system would benefit from allowing inmates to choose death.,Should individuals sentenced to life in prison be allowed to choose death instead?,2,454,supports,True,0.0002449352177791,0.7416396141052246,6.592341378564015e-05,0.1761548519134521,6.228394795471104e-06,0.0265954043716192,3.2302843067100184e-08,3.777712663577404e-06,3.739325737939225e-09,1.4451038623519707e-06,0.3333333333333333,supports,"False.
The question is about whether individuals sentenced to",0.0002175845729652,0.4155154824256897,0.0002624570915941,0.3666911125183105,2.293324541824404e-05,0.0528268665075302,3.846381702032886e-08,3.278136546214228e-06,1.1962169921275745e-08,5.238447556621395e-06,-0.7284119765048064,2.7356597187416794e-05,-0.7488221278943635
454,Allowing prisoners to make this choice would allow more money to be spent on improving conditions for other prisoners.,Should individuals sentenced to life in prison be allowed to choose death instead?,2,455,supports,False,0.0006671528681181,0.4300983548164367,0.0010495787719264,0.5028359293937683,1.4510814253299031e-05,0.0123930890113115,1.479259736925087e-07,6.38902520222473e-06,1.4476016829689796e-08,2.387404265391524e-06,0.16666666666666666,supports,"True.
Okay, let's tackle this question.",0.0002175845729652,0.4155154824256897,0.0002624570915941,0.3666911125183105,2.293324541824404e-05,0.0528268665075302,3.846381702032886e-08,3.278136546214228e-06,1.1962169921275745e-08,5.238447556621395e-06,-0.36725858077831103,0.00044966613556698433,0.0007873283202333582
455,Prisons often do not meet even the basic standards for treatment and living conditions.,Should individuals sentenced to life in prison be allowed to choose death instead?,2,456,supports,"False.

The question is about whether individuals sentenced to",0.0002014014316955,0.2542123198509216,0.0007600810495205,0.6390897035598755,2.8788834242732264e-05,0.0532857999205589,3.6447318052523776e-08,2.555154196670628e-06,1.2645155145207811e-08,2.615747916934197e-06,0.0,supports,"False.
The question is about the ethical and legal",0.0002175845729652,0.4155154824256897,0.0002624570915941,0.3666911125183105,2.293324541824404e-05,0.0528268665075302,3.846381702032886e-08,3.278136546214228e-06,1.1962169921275745e-08,5.238447556621395e-06,5.855723115223525e-06,-0.07437632663547475,0.0004977545971502958
456,The cost of carrying out an inmate execution often exceeds the cost of life imprisonment.,Should individuals sentenced to life in prison be allowed to choose death instead?,3,457,refutes,"False.
None.
The question is whether individuals sentenced",0.0003550988622009,0.4846325218677521,0.0003780007536988,0.4017744660377502,1.5004252418293618e-05,0.0314694084227085,7.196970130962654e-08,4.986683961760718e-06,1.4227141242884045e-08,4.101934337086277e-06,0.08333333333333333,refutes,True,0.0002175845729652,0.4155154824256897,0.0002624570915941,0.3666911125183105,2.293324541824404e-05,0.0528268665075302,3.846381702032886e-08,3.278136546214228e-06,1.1962169921275745e-08,5.238447556621395e-06,-0.3457422992405029,0.0001375442167353622,0.00011557399531937546
457,Allowing prisoners to choose death reduces public pressure to improve the prison system.,Should individuals sentenced to life in prison be allowed to choose death instead?,2,458,refutes,"False.
Okay, let's break this down.",0.0005942697171121,0.3771726191043854,0.0010594002669677,0.5402748584747314,1.6858135495567694e-05,0.0160619486123323,1.718550066698299e-07,8.814479770080652e-06,2.3902780199591692e-08,4.608757535606856e-06,0.3333333333333333,refutes,"False.
The question is whether individuals sentenced to life",0.0002175845729652,0.4155154824256897,0.0002624570915941,0.3666911125183105,2.293324541824404e-05,0.0528268665075302,3.846381702032886e-08,3.278136546214228e-06,1.1962169921275745e-08,5.238447556621395e-06,-0.2649040644654431,0.0003767671228604349,0.0007971523936724005
458,"Rehabilitation and, where appropriate, reintegration should be a central goal of prisons, and allowing people to choose death is contrary to that.",Should individuals sentenced to life in prison be allowed to choose death instead?,6,459,refutes,True,0.0006333905039355,0.6525135040283203,0.0003285986604169,0.2555279433727264,1.4325263691716827e-05,0.0168538950383663,2.6182529921925383e-08,1.4981216054366089e-06,2.4789121866319878e-08,4.334958703111624e-06,0.4166666666666667,refutes,False,0.0002175845729652,0.4155154824256897,0.0002624570915941,0.3666911125183105,2.293324541824404e-05,0.0528268665075302,3.846381702032886e-08,3.278136546214228e-06,1.1962169921275745e-08,5.238447556621395e-06,-0.37534947930567747,0.00041589642361603035,6.61589327038604e-05
459,There may be possible ways for inmates serving life sentences to be released.,Should individuals sentenced to life in prison be allowed to choose death instead?,6,460,insufficient-refutes,"True.
The question is about whether individuals sentenced to",0.0003071503888349,0.361367255449295,0.0006761398981325,0.5340662002563477,2.2424408598453734e-05,0.0405442863702774,4.050798452226445e-08,2.657371624081861e-06,1.4500097123004709e-08,2.6161728783336e-06,0.25,insufficient-refutes,"True.
Okay, let's see. The question",0.0002175845729652,0.4155154824256897,0.0002624570915941,0.3666911125183105,2.293324541824404e-05,0.0528268665075302,3.846381702032886e-08,3.278136546214228e-06,1.1962169921275745e-08,5.238447556621395e-06,-0.02218773708258113,8.95853082507397e-05,0.00041379140902814013
460,Release in this situation is rare since almost all life sentences are life without parole.,Should individuals sentenced to life in prison be allowed to choose death instead?,4,461,insufficient-neutral,False,0.0003348635218571,0.3449735939502716,0.0006659556529484,0.5512661933898926,1.7201096852659248e-05,0.0301434528082609,4.197622160972969e-08,3.231990149288322e-06,2.061802995001472e-08,4.814034582523163e-06,0.16666666666666666,insufficient-neutral,True,0.0002175845729652,0.4155154824256897,0.0002624570915941,0.3666911125183105,2.293324541824404e-05,0.0528268665075302,3.846381702032886e-08,3.278136546214228e-06,1.1962169921275745e-08,5.238447556621395e-06,-0.24994929679794506,0.00011730447253546352,0.00040360449021495615
461,Inmates may still have ways of making the most of life imprisonment.,Should individuals sentenced to life in prison be allowed to choose death instead?,6,462,refutes,"False.
True",0.0002913990756496,0.4071273505687713,0.0005660917959176,0.5066781640052795,1.280318247154355e-05,0.0260267797857522,5.548112369524461e-08,4.060297669639112e-06,1.2476605526501316e-08,2.8345448299660347e-06,0.08333333333333333,refutes,"False.
Question: Should individuals sentenced to life in",0.0002175845729652,0.4155154824256897,0.0002624570915941,0.3666911125183105,2.293324541824404e-05,0.0528268665075302,3.846381702032886e-08,3.278136546214228e-06,1.1962169921275745e-08,5.238447556621395e-06,-0.44171955438290217,7.383056707680918e-05,0.00030371441632588405
462,Criminals should be forced to live with the consequences of their crimes.,Should individuals sentenced to life in prison be allowed to choose death instead?,1,463,refutes,"True.
Okay, let me try to work through",0.0003244363178964,0.4462576806545257,0.0004469299456104,0.4393391013145447,2.5611123419366777e-05,0.0508571937680244,2.4095669459711644e-08,1.855263690231368e-06,1.0044568732325844e-08,2.38220559367619e-06,0.25,refutes,"False.
True",0.0002175845729652,0.4155154824256897,0.0002624570915941,0.3666911125183105,2.293324541824404e-05,0.0528268665075302,3.846381702032886e-08,3.278136546214228e-06,1.1962169921275745e-08,5.238447556621395e-06,2.677939414964554e-06,0.0001068749992822795,0.00018452128293555646
463,There is little benefit to making criminals live with the consequences of their crimes.,Should individuals sentenced to life in prison be allowed to choose death instead?,5,464,supports,False,0.0002527259930502,0.3395684659481048,0.0006158053292892,0.5776254534721375,1.258248812519014e-05,0.0270159039646387,3.5479938986782145e-08,3.132028496111161e-06,1.1837958169280682e-08,2.4583573576819617e-06,0.08333333333333333,supports,True,0.0002175845729652,0.4155154824256897,0.0002624570915941,0.3666911125183105,2.293324541824404e-05,0.0528268665075302,3.846381702032886e-08,3.278136546214228e-06,1.1962169921275745e-08,5.238447556621395e-06,-0.4513428912603701,3.514906797994654e-05,0.0003534410007922181
464,"Since denying prisoners the right to choose death does not stop them from opting for suicide, they may not necessarily live with the consequences of their crimes.",Should individuals sentenced to life in prison be allowed to choose death instead?,3,465,supports,True,0.000625439803116,0.5511184930801392,0.000472106738016,0.3342702686786651,4.223049836582504e-05,0.0496848411858081,7.110652688879783e-08,3.897479928127723e-06,1.7699814947036433e-08,2.55602981269476e-06,0.25,supports,True,0.0002175845729652,0.4155154824256897,0.0002624570915941,0.3666911125183105,2.293324541824404e-05,0.0528268665075302,3.846381702032886e-08,3.278136546214228e-06,1.1962169921275745e-08,5.238447556621395e-06,1.9297695506368056e-05,0.0004079439924701954,0.00020970468490359349
465,Access to legal abortion improves the health and safety of women.,Pro-Life vs Pro-Choice: Should abortion be legal?,2,466,supports,True,0.0003432855010032,0.6403770446777344,0.0002148225612472,0.2931859791278839,6.4870796450122725e-06,0.0148267373442649,1.356909962169084e-07,1.4392214325198438e-05,1.3175367463702514e-08,4.355219061835669e-06,0.2857142857142857,supports,True,9.269969450542705e-05,0.6325345635414124,5.4495340009452775e-05,0.2678319811820984,8.422676728514489e-06,0.0519215986132621,6.725258572259918e-09,1.570258405081404e-06,2.043091473780123e-09,1.5580384342683828e-06,-0.2298078325800352,0.0002506090378790247,0.0001603359588003378
466,"When abortion is banned, many women who do not want a child seek out illegal abortions.",Pro-Life vs Pro-Choice: Should abortion be legal?,5,467,supports,True,0.0003425299655646,0.4976285398006439,0.0002975951938424,0.3698061108589172,1.4360539353219792e-05,0.0303555354475975,1.821903481413756e-07,1.4816392649663612e-05,3.6440361839140685e-08,9.566182598064188e-06,0.14285714285714285,supports,False,9.269969450542705e-05,0.6325345635414124,5.4495340009452775e-05,0.2678319811820984,8.422676728514489e-06,0.0519215986132621,6.725258572259918e-09,1.570258405081404e-06,2.043091473780123e-09,1.5580384342683828e-06,5.937912637823894e-06,0.0002498534323960272,0.0002431131023641213
467,"If abortions will happen anyway, it is preferable to make them as safe as possible so at least the women survive the procedure.",Pro-Life vs Pro-Choice: Should abortion be legal?,2,468,supports,True,0.0003154181758873,0.4764946401119232,0.0003178920305799,0.4012486934661865,2.096725074807182e-05,0.0494435429573059,6.442880362556025e-08,5.058584974904079e-06,2.9382654531673325e-08,6.807069894421147e-06,0.0,supports,True,9.269969450542705e-05,0.6325345635414124,5.4495340009452775e-05,0.2678319811820984,8.422676728514489e-06,0.0519215986132621,6.725258572259918e-09,1.570258405081404e-06,2.043091473780123e-09,1.5580384342683828e-06,1.2544679679338933e-05,0.00022273912923110708,0.0002634110452449201
468,"When abortion is banned, in practice this means that only women who can afford it can access safe abortion, since it is more expensive when illegal.",Pro-Life vs Pro-Choice: Should abortion be legal?,5,469,supports,False,0.0002909618488047,0.4065164625644684,0.0003592899593058,0.4464710056781769,2.140912511094939e-05,0.0421822480857372,1.9411436369409785e-07,1.5786099538672715e-05,4.574740231078067e-08,1.173123291664524e-05,0.14285714285714285,supports,True,9.269969450542705e-05,0.6325345635414124,5.4495340009452775e-05,0.2678319811820984,8.422676728514489e-06,0.0519215986132621,6.725258572259918e-09,1.570258405081404e-06,2.043091473780123e-09,1.5580384342683828e-06,1.2986557764012764e-05,0.00019828053484427939,0.00030481123008796956
469,Any act will still happen regardless of whether it is legal or illegal. This is not a sufficient reason to legalize an activity which is wrong.,Pro-Life vs Pro-Choice: Should abortion be legal?,1,470,refutes,"False.
The argument provided is that ""Any act",0.0002203672920586,0.2781513333320617,0.0004521642986219,0.5797171592712402,2.7798529117717408e-05,0.0490966290235519,8.847662513744582e-08,7.028568688838277e-06,2.1513397285843894e-08,5.102193426864687e-06,0.14285714285714285,refutes,True,9.269969450542705e-05,0.6325345635414124,5.4495340009452775e-05,0.2678319811820984,8.422676728514489e-06,0.0519215986132621,6.725258572259918e-09,1.570258405081404e-06,2.043091473780123e-09,1.5580384342683828e-06,1.9376015587118495e-05,0.00012767943339764352,0.0003976906308985966
470,It wouldn't be reasonable to argue that we shouldn't regulate guns because people would buy guns illegally and from dangerous people anyway.,Pro-Life vs Pro-Choice: Should abortion be legal?,7,471,insufficient-neutral,,2.548249722167384e-05,0.0708046108484268,0.0002289043768541,0.3768318891525268,0.000168783502886,0.5231792330741882,9.536458733805377e-09,8.001583751138241e-07,9.352007168672571e-09,2.503473979231785e-06,0.2857142857142857,insufficient-neutral,True,9.269969450542705e-05,0.6325345635414124,5.4495340009452775e-05,0.2678319811820984,8.422676728514489e-06,0.0519215986132621,6.725258572259918e-09,1.570258405081404e-06,2.043091473780123e-09,1.5580384342683828e-06,0.00016036217683626047,-0.7251069989213181,0.00017441854184238888
471,"The argument isn't just that illegal abortions will still happen, but that illegal abortions are dangerous for women, as opposed to guns which are still dangerous when legal.",Pro-Life vs Pro-Choice: Should abortion be legal?,5,472,supports,False,0.0002445595164317,0.3608918786048889,0.0003908050130121,0.5333636403083801,1.13491887532291e-05,0.0253385882824659,1.037090129329954e-07,8.634006917418446e-06,2.2604556448868607e-08,4.843238912144443e-06,0.14285714285714285,supports,True,9.269969450542705e-05,0.6325345635414124,5.4495340009452775e-05,0.2678319811820984,8.422676728514489e-06,0.0519215986132621,6.725258572259918e-09,1.570258405081404e-06,2.043091473780123e-09,1.5580384342683828e-06,2.9265366739869507e-06,0.00015187390059046108,0.0003363280013114334
472,"The government knows people will seek out illegal and potentially harmful drugs, but that is not a reason to lift the ban on them, making them easier to access.",Pro-Life vs Pro-Choice: Should abortion be legal?,7,473,refutes,,9.829613190959208e-06,0.0551720634102821,0.0001467197871534,0.4994871020317077,7.206633745227009e-05,0.4206103086471557,4.9307868899006735e-09,7.820391942914284e-07,4.152138632917968e-09,2.0603988559741997e-06,0.0,refutes,True,9.269969450542705e-05,0.6325345635414124,5.4495340009452775e-05,0.2678319811820984,8.422676728514489e-06,0.0519215986132621,6.725258572259918e-09,1.570258405081404e-06,2.043091473780123e-09,1.5580384342683828e-06,6.36441967782507e-05,-0.8939628308010903,9.222947322044928e-05
473,"The war on drugs is an good example of why prohibition does not work. Criminalizing behavior may not deter that behavior as long as incentives exist
 and may only compound the problem without addressing the underlying cause.",Pro-Life vs Pro-Choice: Should abortion be legal?,0,474,supports,False,8.892393816495314e-05,0.1322525888681411,0.0007160277455113,0.7492619156837463,5.4784450185252354e-05,0.0937811210751533,1.106015723451037e-08,7.059886684146477e-07,6.476582381509388e-09,1.0765040769911138e-06,0.0,supports,True,9.269969450542705e-05,0.6325345635414124,5.4495340009452775e-05,0.2678319811820984,8.422676728514489e-06,0.0519215986132621,6.725258572259918e-09,1.570258405081404e-06,2.043091473780123e-09,1.5580384342683828e-06,4.6362163950257255e-05,-0.04073105483915974,0.0006615684578999
474,Putting the child up for adoption is an alternative to abortion.,Pro-Life vs Pro-Choice: Should abortion be legal?,6,475,refutes,False,0.0001593933411641,0.4064128994941711,0.0002886240254156,0.4902275502681732,1.802369843062479e-05,0.0516696013510227,4.2133745381534033e-08,4.348419679445215e-06,7.64321050894523e-09,2.699995093280449e-06,0.14285714285714285,refutes,False,9.269969450542705e-05,0.6325345635414124,5.4495340009452775e-05,0.2678319811820984,8.422676728514489e-06,0.0519215986132621,6.725258572259918e-09,1.570258405081404e-06,2.043091473780123e-09,1.5580384342683828e-06,9.60110256909348e-06,6.669982971251088e-05,0.0002341414450238041
475,The question here is whether women should or should not have the right to choose abortion. The fact that adoption is a viable option does not automatically negate a right to abortion.,Pro-Life vs Pro-Choice: Should abortion be legal?,1,476,supports,True,0.0003033762914128,0.749734103679657,9.25245403777808e-05,0.1646947264671325,1.724955473036971e-05,0.0436397567391395,1.8973469906313767e-08,1.7759738284439663e-06,7.878483643253276e-09,1.681458229541022e-06,0.2857142857142857,supports,False,9.269969450542705e-05,0.6325345635414124,5.4495340009452775e-05,0.2678319811820984,8.422676728514489e-06,0.0519215986132621,6.725258572259918e-09,1.570258405081404e-06,2.043091473780123e-09,1.5580384342683828e-06,8.826952348421349e-06,0.00021069612837410672,3.803127289547545e-05
476,"If it is true that adoption is a viable option, then abortion is not the only option. If there is another ethical option besides abortion, with the benefit of saving lives, it should be valued over abortion.",Pro-Life vs Pro-Choice: Should abortion be legal?,6,477,refutes,"False.
The question is whether abortion should be legal",0.000295309437206,0.3584650158882141,0.0005647941725328,0.5552014708518982,2.6006237021647397e-05,0.0408520102500915,4.2275875244968126e-08,2.677541033335729e-06,1.2399475224356138e-08,1.7152971167888609e-06,0.42857142857142855,refutes,True,9.269969450542705e-05,0.6325345635414124,5.4495340009452775e-05,0.2678319811820984,8.422676728514489e-06,0.0519215986132621,6.725258572259918e-09,1.570258405081404e-06,2.043091473780123e-09,1.5580384342683828e-06,1.7583708395024407e-05,0.00020262852630305932,0.0005103266429472705
477,"Believing one option to be ""better"" is not an argument against people having multiple options.",Pro-Life vs Pro-Choice: Should abortion be legal?,1,478,supports,False,0.0002620136074256,0.211865946650505,0.00064848997863,0.5495384335517883,4.697645272244699e-05,0.0544116757810115,3.190073698533525e-07,1.8540527889854275e-05,7.636517551645738e-08,1.2254540706635453e-05,0.14285714285714285,supports,True,9.269969450542705e-05,0.6325345635414124,5.4495340009452775e-05,0.2678319811820984,8.422676728514489e-06,0.0519215986132621,6.725258572259918e-09,1.570258405081404e-06,2.043091473780123e-09,1.5580384342683828e-06,3.855410072265945e-05,0.00016932960972326506,0.0005940270103244496
478,"Adoption is not a reasonable alternative given it requires women to go through pregnancy and childbirth, and bring a genetically related child into the world.",Pro-Life vs Pro-Choice: Should abortion be legal?,1,479,supports,False,0.0002754002343863,0.4394263923168182,0.0003823553852271,0.4826154708862304,1.590546889929101e-05,0.0313384346663951,1.0387292093128053e-07,7.997771717782598e-06,1.8696278303309555e-08,3.897802798746852e-06,0.0,supports,True,9.269969450542705e-05,0.6325345635414124,5.4495340009452775e-05,0.2678319811820984,8.422676728514489e-06,0.0519215986132621,6.725258572259918e-09,1.570258405081404e-06,2.043091473780123e-09,1.5580384342683828e-06,7.482855196446846e-06,0.00018271747773523981,0.00032787791303599974
479,"Statistics regarding the number of abortions due to endangerment of mother's life back this up. Florida, 2015: 0.065%. UK,1968-2011: 0.006%. U.S. estimate: 1%. (links)",Pro-Life vs Pro-Choice: Should abortion be legal?,4,480,refutes,True,0.0003394217055756,0.6233530044555664,0.0002388129796599,0.3183775544166565,6.935258170415182e-06,0.0146598583087325,1.280199342090782e-07,8.631068340037018e-06,2.073604576935395e-08,3.3536716728121974e-06,0.0,refutes,True,9.269969450542705e-05,0.6325345635414124,5.4495340009452775e-05,0.2678319811820984,8.422676728514489e-06,0.0519215986132621,6.725258572259918e-09,1.570258405081404e-06,2.043091473780123e-09,1.5580384342683828e-06,-0.1765968950302624,0.00024674488424556335,0.00018432768465029539
480,"The number of times something happens doesn't always make it less important. If you, or someone else you care about, were in that 1%, you would likely want them to be able to access to abortion.",Pro-Life vs Pro-Choice: Should abortion be legal?,0,481,supports,False,0.0002258483582409,0.4700003862380981,0.0002703050849959,0.4147738814353943,1.6618039808236063e-05,0.0423718243837356,7.576368687978174e-08,8.757091563893482e-06,1.9841492004957217e-08,4.950810762238689e-06,0.2857142857142857,supports,True,9.269969450542705e-05,0.6325345635414124,5.4495340009452775e-05,0.2678319811820984,8.422676728514489e-06,0.0519215986132621,6.725258572259918e-09,1.570258405081404e-06,2.043091473780123e-09,1.5580384342683828e-06,8.195432107196863e-06,0.00013316100772020866,0.00021582150625281183
481,"Even if in these cases abortion has a chance of saving the woman's life, abortion is always guaranteed to kill the fetus. We should not kill one person just to try to save another.",Pro-Life vs Pro-Choice: Should abortion be legal?,1,482,refutes,True,0.0002647340588737,0.4567314088344574,0.0003119329921901,0.4639239013195038,1.2576761946547776e-05,0.0274288542568683,2.8274204311173893e-08,2.290398469995125e-06,1.4497571143579082e-08,3.660046104414505e-06,0.2857142857142857,refutes,True,9.269969450542705e-05,0.6325345635414124,5.4495340009452775e-05,0.2678319811820984,8.422676728514489e-06,0.0519215986132621,6.725258572259918e-09,1.570258405081404e-06,2.043091473780123e-09,1.5580384342683828e-06,4.154120206844881e-06,0.00017205031337976282,0.0002574516820975991
482,"In situations where pregnancy endangers a mother, the fetus is also likely in jeopardy. There for it is not as simple as exchanging one life for another, but rather opting to save one person versus allowing two to die.",Pro-Life vs Pro-Choice: Should abortion be legal?,3,483,supports,True,0.0001854395377449,0.4840368926525116,0.0002514933003112,0.4205385446548462,2.146618498954922e-05,0.0605843178927898,9.577249215908525e-09,8.654907333038864e-07,6.979548050622952e-09,1.5429041013703682e-06,0.0,supports,False,9.269969450542705e-05,0.6325345635414124,5.4495340009452775e-05,0.2678319811820984,8.422676728514489e-06,0.0519215986132621,6.725258572259918e-09,1.570258405081404e-06,2.043091473780123e-09,1.5580384342683828e-06,1.3043618123213554e-05,9.274844099161874e-05,0.00019700869635764004
483,"In most of the cases where pregnancy endangers a mother, there is a reasonable non-abortion option that could preserve the life of both mother and child.",Pro-Life vs Pro-Choice: Should abortion be legal?,6,484,refutes,"False.
Wait, the user is asking if I",8.953730866778642e-05,0.2931399345397949,0.0002631647803355,0.5921589732170105,1.6955511455307715e-05,0.0604928471148014,2.3853761632608442e-08,3.1610536552761914e-06,1.2088498202444953e-08,5.0513494898041245e-06,0.0,refutes,True,9.269969450542705e-05,0.6325345635414124,5.4495340009452775e-05,0.2678319811820984,8.422676728514489e-06,0.0519215986132621,6.725258572259918e-09,1.570258405081404e-06,2.043091473780123e-09,1.5580384342683828e-06,8.532906596707045e-06,-0.03411430700513783,0.0002086808124578756
484,"If childbirth poses a threat to the woman, the baby can be delivered via C-section.",Pro-Life vs Pro-Choice: Should abortion be legal?,6,485,refutes,True,0.00019065370725,0.5818082690238953,0.0001373227132717,0.2705659568309784,3.112336344202049e-05,0.1076237112283706,1.0319086030108338e-08,9.180726010526996e-07,6.0190696871131885e-09,1.7835108110375586e-06,0.14285714285714285,refutes,True,9.269969450542705e-05,0.6325345635414124,5.4495340009452775e-05,0.2678319811820984,8.422676728514489e-06,0.0519215986132621,6.725258572259918e-09,1.570258405081404e-06,2.043091473780123e-09,1.5580384342683828e-06,2.270087791566214e-05,9.79630938934497e-05,8.283188721410459e-05
485,"There are a large number of financial requirements of being pregnant and having a child, even if you plan to give it up for adoption. These costs may mean adoption is not a viable alternative for many women.",Pro-Life vs Pro-Choice: Should abortion be legal?,3,486,supports,False,9.186250099446625e-05,0.3151859045028686,0.0002919384278357,0.5797156095504761,2.304572808498051e-05,0.0835159569978714,6.434292654233786e-09,6.238192895580141e-07,2.57945842463414e-09,6.486694132945559e-07,0.0,supports,True,9.269969450542705e-05,0.6325345635414124,5.4495340009452775e-05,0.2678319811820984,8.422676728514489e-06,0.0519215986132621,6.725258572259918e-09,1.570258405081404e-06,2.043091473780123e-09,1.5580384342683828e-06,1.462317452273777e-05,-0.009031243473103226,0.0002374560280732344
486,Government services should be available to intended adoptees to support them in this. The lack of this service is not grounds for termination.,Pro-Life vs Pro-Choice: Should abortion be legal?,6,487,insufficient-refutes,"None.
Okay, let's see. The user",3.178730185027234e-05,0.1048860028386116,0.0002599864092189,0.4926254153251648,0.0001228088804055,0.3718531727790832,1.813914174420006e-08,1.607518697710475e-06,6.293254806166715e-09,2.1130435925442725e-06,0.2857142857142857,insufficient-refutes,True,9.269969450542705e-05,0.6325345635414124,5.4495340009452775e-05,0.2678319811820984,8.422676728514489e-06,0.0519215986132621,6.725258572259918e-09,1.570258405081404e-06,2.043091473780123e-09,1.5580384342683828e-06,0.00011438716712311607,-0.6570937798677279,0.00020550226812542143
487,"It is possible for women to research contraception and the likelihood of pregnancy before they have sex, such that they are aware of the risks.",Pro-Life vs Pro-Choice: Should abortion be legal?,3,488,refutes,False,9.244165266864002e-05,0.3483464121818542,0.0001972338504856,0.491247147321701,2.6692699975683357e-05,0.1079126745462417,2.0258037025655543e-08,2.090733687509782e-06,8.850081556488476e-09,3.0658586638310226e-06,0.0,refutes,True,9.269969450542705e-05,0.6325345635414124,5.4495340009452775e-05,0.2678319811820984,8.422676728514489e-06,0.0519215986132621,6.725258572259918e-09,1.570258405081404e-06,2.043091473780123e-09,1.5580384342683828e-06,1.8270177130964616e-05,-0.00278363200832255,0.00014274628948372772
488,No form of contraception is 100% effective.,Pro-Life vs Pro-Choice: Should abortion be legal?,3,489,insufficient-neutral,True,6.203793600434437e-05,0.3145807385444641,0.0001334025146206,0.4299808740615845,3.67562570318114e-05,0.2162079662084579,1.0881496592674011e-08,1.5171119684964651e-06,4.9046748884507e-09,2.3497489110013703e-06,0.0,insufficient-neutral,True,9.269969450542705e-05,0.6325345635414124,5.4495340009452775e-05,0.2678319811820984,8.422676728514489e-06,0.0519215986132621,6.725258572259918e-09,1.570258405081404e-06,2.043091473780123e-09,1.5580384342683828e-06,2.833381894989441e-05,-0.33076439641651245,7.891147491880357e-05
489,Planned Parenthood states that the pill is only about 91% effective because it is difficult to maintain perfect use.,Pro-Life vs Pro-Choice: Should abortion be legal?,4,490,insufficient-neutral,True,8.764312951825559e-05,0.2532223463058471,0.0002516302338335,0.4880988299846649,6.023617970640771e-05,0.2165925502777099,2.3996392428671246e-08,2.0936274722771486e-06,8.423525876821714e-09,2.6259972401021514e-06,0.0,insufficient-neutral,False,9.269969450542705e-05,0.6325345635414124,5.4495340009452775e-05,0.2678319811820984,8.422676728514489e-06,0.0519215986132621,6.725258572259918e-09,1.570258405081404e-06,2.043091473780123e-09,1.5580384342683828e-06,5.181393938995473e-05,-0.054547806377888565,0.0001971456373425856
490,Contraceptives advertise that they are not 100% effective. Even though these devices or drugs decrease the likelihood of pregnancy they don't negate the responsibility for the risk of the action chosen.,Pro-Life vs Pro-Choice: Should abortion be legal?,4,491,refutes,False,0.0001469387498218,0.3547179698944092,0.0003086485667154,0.4924771189689636,4.3775671656476334e-05,0.1151600554585456,1.5329856495327476e-08,1.3116235777488328e-06,6.991156986657643e-09,1.3427279554889535e-06,0.0,refutes,True,9.269969450542705e-05,0.6325345635414124,5.4495340009452775e-05,0.2678319811820984,8.422676728514489e-06,0.0519215986132621,6.725258572259918e-09,1.570258405081404e-06,2.043091473780123e-09,1.5580384342683828e-06,3.535329269731752e-05,5.424408372636311e-05,0.00025416707762726174
491,Abstinence is always effective.,Pro-Life vs Pro-Choice: Should abortion be legal?,6,492,insufficient-neutral,True,5.4394055041484535e-05,0.2233660966157913,0.0002134584792656,0.6463311910629272,2.001045322685968e-05,0.0975814163684845,1.4777009837985132e-08,2.298352001162129e-06,4.949678444887695e-09,2.584106368885841e-06,0.0,insufficient-neutral,True,9.269969450542705e-05,0.6325345635414124,5.4495340009452775e-05,0.2678319811820984,8.422676728514489e-06,0.0519215986132621,6.725258572259918e-09,1.570258405081404e-06,2.043091473780123e-09,1.5580384342683828e-06,1.1587874099262702e-05,-0.4132229309741677,0.0001589718024785752
492,An abstinent woman can still be raped and become pregnant.,Pro-Life vs Pro-Choice: Should abortion be legal?,3,493,supports,True,0.0001036587855196,0.3698275685310364,0.0001331005187239,0.2748325169086456,8.072955097304657e-05,0.3018444776535034,1.681543793097262e-08,1.728673964862537e-06,9.214099705445733e-09,3.5748280424741097e-06,0.14285714285714285,supports,False,9.269969450542705e-05,0.6325345635414124,5.4495340009452775e-05,0.2678319811820984,8.422676728514489e-06,0.0519215986132621,6.725258572259918e-09,1.570258405081404e-06,2.043091473780123e-09,1.5580384342683828e-06,7.23074832670887e-05,1.096010701274478e-05,7.86094625638376e-05
493,The primary role of sexual relations is reproduction. This is true in all species that reproduce by mating. The pleasure and bonding effect of a sexual relation is subservient to its purpose as a reproduction mechanism.,Pro-Life vs Pro-Choice: Should abortion be legal?,1,494,insufficient-neutral,,0.0001276461553061,0.371693342924118,0.0002538546686992,0.4278164207935333,5.533050716621801e-05,0.1649379283189773,8.43185876675534e-09,6.965083230170421e-07,5.380592416059926e-09,1.3851722542312928e-06,0.0,insufficient-neutral,False,9.269969450542705e-05,0.6325345635414124,5.4495340009452775e-05,0.2678319811820984,8.422676728514489e-06,0.0519215986132621,6.725258572259918e-09,1.570258405081404e-06,2.043091473780123e-09,1.5580384342683828e-06,4.6908225530523075e-05,3.494970062724414e-05,0.00019937019343622628
494,It is unreasonable to expect people to remain abstinent forever. There are people who may want to have sex lives but do not ever want to have children. For them there is no fail proof form of contraception.,Pro-Life vs Pro-Choice: Should abortion be legal?,0,495,supports,False,0.0001246608153451,0.2676596939563751,0.0003607180260587,0.500054121017456,8.175455877790228e-05,0.1927880346775055,1.4679866211508852e-08,9.153343398793368e-07,8.266887618901821e-09,1.764353100952576e-06,0.0,supports,True,9.269969450542705e-05,0.6325345635414124,5.4495340009452775e-05,0.2678319811820984,8.422676728514489e-06,0.0519215986132621,6.725258572259918e-09,1.570258405081404e-06,2.043091473780123e-09,1.5580384342683828e-06,7.33324997053265e-05,3.196408390048567e-05,0.00030623937466809406
495,Male vasectomies are both reversible and do not stop your body from producing sperm. It is one of the most highly-effective birth control measures while still maintaining the possibility of having children in the future.,Pro-Life vs Pro-Choice: Should abortion be legal?,6,496,insufficient-neutral,,2.5426686988794245e-05,0.1351207643747329,0.000139619980473,0.3559958040714264,9.521255560684948e-05,0.4790447354316711,2.970906187726996e-09,2.9834248493898485e-07,3.0532629757829e-09,1.3475649893734951e-06,0.0,insufficient-neutral,True,9.269969450542705e-05,0.6325345635414124,5.4495340009452775e-05,0.2678319811820984,8.422676728514489e-06,0.0519215986132621,6.725258572259918e-09,1.570258405081404e-06,2.043091473780123e-09,1.5580384342683828e-06,8.679060988758514e-05,-0.7257090530400221,8.512927961258447e-05
496,"According to WHO, only 43% of women of reproductive age in less developed countries use modern contraceptive methods, and a wide gap in use is seen between the highest and lowest wealth quintiles (52% versus 35%, respectively).",Pro-Life vs Pro-Choice: Should abortion be legal?,4,497,insufficient-neutral,False,7.211883348645642e-05,0.2915604710578918,0.0001663764123804,0.3685669898986816,7.85906522651203e-05,0.2870402634143829,5.859719820477949e-09,4.7839921535342e-07,5.814118964053705e-09,1.8627711142471528e-06,0.0,insufficient-neutral,False,9.269969450542705e-05,0.6325345635414124,5.4495340009452775e-05,0.2678319811820984,8.422676728514489e-06,0.0519215986132621,6.725258572259918e-09,1.570258405081404e-06,2.043091473780123e-09,1.5580384342683828e-06,7.016856654375831e-05,-0.2220164923819218,0.00011188716970030273
497,"Contraception is not cheap or widely available in many developing countries around the world, even in some parts of the US and Europe.",Pro-Life vs Pro-Choice: Should abortion be legal?,4,498,insufficient-neutral,True,0.0001291621738346,0.3702768683433532,0.0002197122666984,0.4608170092105865,3.4763528674375266e-05,0.1111772805452346,3.0845175302829375e-08,2.967237151096924e-06,9.44406508551765e-09,2.680675606825389e-06,0.0,insufficient-neutral,True,9.269969450542705e-05,0.6325345635414124,5.4495340009452775e-05,0.2678319811820984,8.422676728514489e-06,0.0519215986132621,6.725258572259918e-09,1.570258405081404e-06,2.043091473780123e-09,1.5580384342683828e-06,2.6341073808210145e-05,3.6465859703227326e-05,0.00016522593073222086
498,"A small pack of condoms will cost you around 5€. Less developed countries may find contraception somewhat more expensive, however abortion procedures in those parts of the world are far more dangerous and costly, so prevention
 and abstinence are still the better options. To increase effectiveness and safety, one should compliment usage of contraception with proper sexual responsibility.",Pro-Life vs Pro-Choice: Should abortion be legal?,6,499,insufficient-neutral,False,0.0001363908231724,0.3644517660140991,0.0003025962796527,0.5915635824203491,7.116381766536506e-06,0.0208847504109144,5.749201559268613e-09,5.114972623232461e-07,2.1150130535829703e-09,4.585031945225637e-07,0.2857142857142857,insufficient-neutral,True,9.269969450542705e-05,0.6325345635414124,5.4495340009452775e-05,0.2678319811820984,8.422676728514489e-06,0.0519215986132621,6.725258572259918e-09,1.570258405081404e-06,2.043091473780123e-09,1.5580384342683828e-06,-0.15509261533873148,4.369517919673585e-05,0.0002481144607251457
499,A lack of sex education in many conservative regions means that couples are often ill equipped to properly use contraceptives such as condoms.,Pro-Life vs Pro-Choice: Should abortion be legal?,3,500,insufficient-neutral,False,6.27286426606588e-05,0.2382332980632782,0.0002276662416988,0.5804916620254517,3.602202923502773e-05,0.1467712819576263,1.492180423667833e-08,1.8503609453546237e-06,5.641597411454313e-09,2.064226919173961e-06,0.0,insufficient-neutral,True,9.269969450542705e-05,0.6325345635414124,5.4495340009452775e-05,0.2678319811820984,8.422676728514489e-06,0.0519215986132621,6.725258572259918e-09,1.570258405081404e-06,2.043091473780123e-09,1.5580384342683828e-06,2.7599584968895275e-05,-0.3233133831203036,0.0001731803392108155
500,"The solution for ignorance is to improve sex education, not implement a policy of allowing abortion.",Pro-Life vs Pro-Choice: Should abortion be legal?,6,501,refutes,False,0.0002319348277524,0.2728749513626098,0.0006255579646676,0.6246169805526733,2.123883677995764e-05,0.0274437554180622,7.630057297092209e-08,6.477479473687708e-06,3.131369297193487e-08,5.497364782058867e-06,0.14285714285714285,refutes,False,9.269969450542705e-05,0.6325345635414124,5.4495340009452775e-05,0.2678319811820984,8.422676728514489e-06,0.0519215986132621,6.725258572259918e-09,1.570258405081404e-06,2.043091473780123e-09,1.5580384342683828e-06,1.2816267998725372e-05,0.0001392480414978803,0.0005710937466060458
501,People tend to not seek information when they are unaware that the information exists or is important.,Pro-Life vs Pro-Choice: Should abortion be legal?,3,502,not_applicable,"False.
Okay, let me try to work through",0.0002103793667629,0.1927645802497863,0.0006330028409138,0.5845513939857483,4.307638664613478e-05,0.0635670125484466,1.5842186940062677e-07,1.5723595424788073e-05,7.029927928670078e-08,1.4094539437792264e-05,0.0,not_applicable,True,9.269969450542705e-05,0.6325345635414124,5.4495340009452775e-05,0.2678319811820984,8.422676728514489e-06,0.0519215986132621,6.725258572259918e-09,1.570258405081404e-06,2.043091473780123e-09,1.5580384342683828e-06,3.4654001797074775e-05,0.00011769058213848337,0.0005785390285854187
502,Religious women are often taught that use of contraception is deeply immoral.,Pro-Life vs Pro-Choice: Should abortion be legal?,0,503,insufficient-neutral,True,7.492773875128478e-05,0.2935965061187744,0.000192835330381,0.5072892308235168,3.767603266169317e-05,0.1453408002853393,2.4842616852538413e-08,3.0209960186766693e-06,1.4154895922047217e-08,4.499760052567581e-06,0.0,insufficient-neutral,True,9.269969450542705e-05,0.6325345635414124,5.4495340009452775e-05,0.2678319811820984,8.422676728514489e-06,0.0519215986132621,6.725258572259918e-09,1.570258405081404e-06,2.043091473780123e-09,1.5580384342683828e-06,2.9253602326814225e-05,-0.19171536485594157,0.00013834752966721588
503,By this logic people are consenting to the risk of dying every time they cross the street. People aren't consenting to consequences.,Pro-Life vs Pro-Choice: Should abortion be legal?,7,504,supports,"False.
Okay, let's tackle this. The",0.0001728945499053,0.2632361650466919,0.000434656831203,0.6414149403572083,2.1304789697751403e-05,0.045034397393465,4.8083407477861335e-08,4.261225967638893e-06,2.0280419121831983e-08,4.904640718450537e-06,0.0,supports,True,9.269969450542705e-05,0.6325345635414124,5.4495340009452775e-05,0.2678319811820984,8.422676728514489e-06,0.0519215986132621,6.725258572259918e-09,1.570258405081404e-06,2.043091473780123e-09,1.5580384342683828e-06,1.2882221472023919e-05,8.020229012766641e-05,0.00038018220935231143
504,Abortion has harmful mental and physical consequences for the woman involved.,Pro-Life vs Pro-Choice: Should abortion be legal?,5,505,refutes,"False.

The given argument is that abortion has harmful",0.000201046190341,0.4631110727787018,0.0002463269338477,0.4488626420497894,5.484753728524083e-06,0.0153592340648174,7.612553076796759e-08,8.298167813336477e-06,1.3972222490110653e-08,6.07106903771637e-06,0.14285714285714285,refutes,False,9.269969450542705e-05,0.6325345635414124,5.4495340009452775e-05,0.2678319811820984,8.422676728514489e-06,0.0519215986132621,6.725258572259918e-09,1.570258405081404e-06,2.043091473780123e-09,1.5580384342683828e-06,-0.34881108401611044,0.00010835654045377068,0.00019184204833589942
505,Abortion increases the risk of placenta previa in later pregnancies (a life threatening condition for both the mother and her wanted pregnancy) by seven to fifteen fold.,Pro-Life vs Pro-Choice: Should abortion be legal?,0,506,refutes,True,0.0003025249752681,0.5512679815292358,0.0002932172501459,0.3504072427749634,2.3146678358898495e-05,0.0504809506237506,3.4663951709035246e-08,2.34618073591264e-06,1.0448741427637742e-08,1.81298798906937e-06,0.14285714285714285,refutes,False,9.269969450542705e-05,0.6325345635414124,5.4495340009452775e-05,0.2678319811820984,8.422676728514489e-06,0.0519215986132621,6.725258572259918e-09,1.570258405081404e-06,2.043091473780123e-09,1.5580384342683828e-06,1.472412564693444e-05,0.00020984473330534393,0.00023873492007708895
506,Studies have shown that abortion has adverse psychological impacts on women.,Pro-Life vs Pro-Choice: Should abortion be legal?,4,507,refutes,"False.
Okay, let's tackle this. The",0.0002544491726439,0.559284508228302,0.0002159481955459,0.3555028438568115,7.804699635016732e-06,0.0220273155719041,8.535818807331452e-08,8.115603122860193e-06,1.700615115396431e-08,6.780840521969367e-06,0.14285714285714285,refutes,True,9.269969450542705e-05,0.6325345635414124,5.4495340009452775e-05,0.2678319811820984,8.422676728514489e-06,0.0519215986132621,6.725258572259918e-09,1.570258405081404e-06,2.043091473780123e-09,1.5580384342683828e-06,-0.07337062948238662,0.0001617644736557627,0.00016146165444420464
507,"Humans can collaborate, meet, and communicate with unparalleled efficiency.",Has social media been good for humanity?,2,508,supports,True,0.0004209298931527,0.602047324180603,0.0002803997776936,0.2888654470443725,1.878561488410924e-05,0.0378909036517143,1.037130346048798e-07,7.074726909195306e-06,1.3083022665227872e-08,2.314841822226299e-06,0.0,supports,,0.0002237994776805,0.3461059927940368,0.0003131517441943,0.3515563905239105,7.614393689436838e-05,0.1465505063533783,4.328146019361157e-08,3.3455310131103037e-06,1.9206032320084887e-08,3.1923277674650308e-06,-0.7532881060488137,0.0001971745430319424,-0.10458816566698889
508,It is easy to maintain non day-to-day relationships.,Has social media been good for humanity?,2,509,supports,"False.
None.
True.
False.
None.",0.00017321955238,0.2309305667877197,0.0006486364873126,0.6787427067756653,1.5494690160267055e-05,0.0312530547380447,5.229216171187545e-08,4.652349616662832e-06,1.0791096904938511e-08,2.2497292775369715e-06,0.0,supports,False,0.0002237994776805,0.3461059927940368,0.0003131517441943,0.3515563905239105,7.614393689436838e-05,0.1465505063533783,4.328146019361157e-08,3.3455310131103037e-06,1.9206032320084887e-08,3.1923277674650308e-06,-0.7965078929165135,-0.22600555561934227,0.0003355898336600445
509,"Social media algorithms designed to enhance the user's experience have inadvertently created deeply personalized Filter Bubbles. 
Information dissemination is calculated by user desire rather than objective necessity.",Has social media been good for humanity?,3,510,refutes,False,0.0001466437679482,0.3768373131752014,0.0003253434260841,0.5150755047798157,2.3021850211080164e-05,0.0551434755325317,1.0933760563602846e-08,7.877644065956702e-07,7.031844440064105e-09,1.2490475000959125e-06,0.2857142857142857,refutes,True,0.0002237994776805,0.3461059927940368,0.0003131517441943,0.3515563905239105,7.614393689436838e-05,0.1465505063533783,4.328146019361157e-08,3.3455310131103037e-06,1.9206032320084887e-08,3.1923277674650308e-06,-0.6976535342135315,-0.3447537524750117,1.2195500932188226e-05
510,Confirmation bias is a major issue in today's society as it is pushed by the business models of Social media platforms.,Has social media been good for humanity?,5,511,refutes,True,0.0001047127734636,0.2776269614696502,0.0003301867982372,0.645501971244812,1.3628437045554165e-05,0.0432459339499473,4.772558792609516e-09,5.494821948559547e-07,3.8348586528513814e-09,9.202094588545152e-07,0.2857142857142857,refutes,True,0.0002237994776805,0.3461059927940368,0.0003131517441943,0.3515563905239105,7.614393689436838e-05,0.1465505063533783,4.328146019361157e-08,3.3455310131103037e-06,1.9206032320084887e-08,3.1923277674650308e-06,-0.821017436168813,-0.5321134144330321,1.704039027083509e-05
511,The same systems that create echo chambers can be (ab)used to intentionally enter other peoples echo chambers. TED talk,Has social media been good for humanity?,4,512,insufficient-neutral,False,9.601535566616803e-05,0.3346224427223205,0.0001752249663695,0.5102382898330688,2.3346465241047557e-05,0.0872914791107177,2.1624478208082113e-08,2.0883683191641467e-06,1.3426944001082576e-08,2.3116133434086805e-06,0.0,insufficient-neutral,"True.
The question is a bit vague. Social",0.0002237994776805,0.3461059927940368,0.0003131517441943,0.3515563905239105,7.614393689436838e-05,0.1465505063533783,4.328146019361157e-08,3.3455310131103037e-06,1.9206032320084887e-08,3.1923277674650308e-06,-0.6933903578766195,-0.5709759617793156,-0.4404471007487703
512,Social media has negative health effects.,Has social media been good for humanity?,5,513,refutes,"False.
True",0.0001447204267606,0.1990609467029571,0.0008796211332082,0.7396011352539062,1.3888398825656624e-05,0.0226857289671897,1.4633894096505172e-08,1.0878234206757045e-06,7.076489172419542e-09,1.429916892448091e-06,0.42857142857142855,refutes,"False.
Okay, let's see. The question",0.0002237994776805,0.3461059927940368,0.0003131517441943,0.3515563905239105,7.614393689436838e-05,0.1465505063533783,4.328146019361157e-08,3.3455310131103037e-06,1.9206032320084887e-08,3.1923277674650308e-06,-0.8176033523861069,-0.35334779035004993,0.0005666468354587662
513,Exposure to online harassment - stressor to contend with for some resulting in some youths committing suicide (remember Ask.fm?),Has social media been good for humanity?,0,514,refutes,True,0.0001429615367669,0.3293127417564392,0.0003796076052822,0.5963082909584045,1.1553061995073222e-05,0.0336414128541946,7.1842660709364745e-09,6.992570433794754e-07,4.602413561372032e-09,9.12003088160418e-07,0.14285714285714285,refutes,True,0.0002237994776805,0.3461059927940368,0.0003131517441943,0.3515563905239105,7.614393689436838e-05,0.1465505063533783,4.328146019361157e-08,3.3455310131103037e-06,1.9206032320084887e-08,3.1923277674650308e-06,-0.8482733824086303,-0.36120701331128957,6.647667837568162e-05
514,"Creates a reward system and withdrawals if you don't post on it or keep checking the platform for likes or new friends. People experience addictive effects when they are disconnected even for a few hours. Study: Social media addiction: Its impact, mediation, and intervention",Has social media been good for humanity?,4,515,refutes,False,0.0001350113307125,0.338907927274704,0.0003139107720926,0.5331770181655884,2.32788752327906e-05,0.0636789128184318,1.0508416359300554e-08,8.4793293808616e-07,8.918377147892897e-09,1.4998404367361218e-06,0.42857142857142855,refutes,"False.
Okay, let's see. The question",0.0002237994776805,0.3461059927940368,0.0003131517441943,0.3515563905239105,7.614393689436838e-05,0.1465505063533783,4.328146019361157e-08,3.3455310131103037e-06,1.9206032320084887e-08,3.1923277674650308e-06,-0.6942780189434583,-0.3967308051306335,7.592656636668982e-07
515,Social media use during driving or walking across the road or operating dangerous equipment shows increase in injuries and deaths.,Has social media been good for humanity?,0,516,refutes,False,7.561039092252031e-05,0.113333910703659,0.0008653150871396,0.8374306559562683,9.390102604811544e-06,0.0163272973150014,7.766000287290353e-09,6.592886734324566e-07,5.703964855996446e-09,1.1214879123144783e-06,0.2857142857142857,refutes,"True.
The question is subjective and depends on perspective",0.0002237994776805,0.3461059927940368,0.0003131517441943,0.3515563905239105,7.614393689436838e-05,0.1465505063533783,4.328146019361157e-08,3.3455310131103037e-06,1.9206032320084887e-08,3.1923277674650308e-06,-0.8766795757114834,-0.6621511734247074,0.0005523363080235395
516,People have been shown to experience depression as a repercussion of social media.,Has social media been good for humanity?,3,517,refutes,"False.
The given question is ""Has social media",0.0001183045751531,0.2105834931135177,0.0005219842423684,0.7013500928878784,1.613635686226189e-05,0.0377555377781391,1.2934833648614584e-08,1.1966337751800893e-06,6.038799682528406e-09,1.388119471812388e-06,0.42857142857142855,refutes,True,0.0002237994776805,0.3461059927940368,0.0003131517441943,0.3515563905239105,7.614393689436838e-05,0.1465505063533783,4.328146019361157e-08,3.3455310131103037e-06,1.9206032320084887e-08,3.1923277674650308e-06,-0.7880808699890676,-0.47138136165807476,0.00020889791492051586
517,"Instagram has been linked to teenagers' issues with mental health, exacerbating problems such as body image and FOMO.",Has social media been good for humanity?,0,518,refutes,False,7.96120657469146e-05,0.2976662218570709,0.0002800528018269,0.6301594376564026,9.81013090495253e-06,0.034999992698431,4.047915780347466e-09,4.4124857367933146e-07,2.973109758386272e-09,8.639228212814487e-07,0.2857142857142857,refutes,False,0.0002237994776805,0.3461059927940368,0.0003131517441943,0.3515563905239105,7.614393689436838e-05,0.1465505063533783,4.328146019361157e-08,3.3455310131103037e-06,1.9206032320084887e-08,3.1923277674650308e-06,-0.8711633347962852,-0.644270547134296,-0.10569617759134446
518,Not necessarily. By joining groups related to sports you can actually be more active when sharing results.,Has social media been good for humanity?,0,519,insufficient-neutral,False,0.0002892430638894,0.4202131628990173,0.000437610753579,0.4403796195983886,2.2130458091851324e-05,0.0436034873127937,5.9545545383343785e-08,4.290185188438045e-06,1.110120795289049e-08,1.7606884057386196e-06,0.0,insufficient-neutral,"None.
Okay, let's see. The question",0.0002237994776805,0.3461059927940368,0.0003131517441943,0.3515563905239105,7.614393689436838e-05,0.1465505063533783,4.328146019361157e-08,3.3455310131103037e-06,1.9206032320084887e-08,3.1923277674650308e-06,-0.7093602065447171,6.54582357278658e-05,0.00012449799614934286
519,"FOMO (Fear Of Missing Out) - stressor to contend with for some when they use social media. ""Everyone else is doing it and I'm not"" fear.",Has social media been good for humanity?,5,520,refutes,False,0.0001820786856114,0.3116860091686249,0.0005227621295489,0.5914760828018188,2.3697664801147766e-05,0.0485513135790824,1.4282989901914789e-08,8.975728746918321e-07,8.138202112206727e-09,9.480258995608892e-07,0.42857142857142855,refutes,True,0.0002237994776805,0.3461059927940368,0.0003131517441943,0.3515563905239105,7.614393689436838e-05,0.1465505063533783,4.328146019361157e-08,3.3455310131103037e-06,1.9206032320084887e-08,3.1923277674650308e-06,-0.688778046320055,-0.18642041751617192,0.00020967604577404992
520,Social media can be beneficial when being a leisure-time activity.,Has social media been good for humanity?,0,521,insufficient-supports,"True.
True.
Okay, let's see.",0.0005100835696794,0.6338543891906738,0.0002646278589963,0.26422980427742,2.0247109205229208e-05,0.0363227501511573,8.570606269131532e-08,5.5786649681977e-06,1.2990324371742192e-08,1.98913448912208e-06,0.2857142857142857,insufficient-supports,"True.
Answer: True.
Answer: None.",0.0002237994776805,0.3461059927940368,0.0003131517441943,0.3515563905239105,7.614393689436838e-05,0.1465505063533783,4.328146019361157e-08,3.3455310131103037e-06,1.9206032320084887e-08,3.1923277674650308e-06,-0.7340942689459666,0.00028634817657125145,-0.15495326498291057
521,"Social media, as a leisure-time activity displaces more healthy, social and productive activities like reading, spending time with friend and sport.",Has social media been good for humanity?,5,522,refutes,False,0.0001648068428039,0.130176842212677,0.0012762089027091,0.7609128952026367,3.8840429624542594e-05,0.0397016964852809,2.1991466425674844e-08,9.79977357928874e-07,2.5510546564078144e-08,3.090125346716377e-06,0.2857142857142857,refutes,"True.
Okay, let's see. The question",0.0002237994776805,0.3461059927940368,0.0003131517441943,0.3515563905239105,7.614393689436838e-05,0.1465505063533783,4.328146019361157e-08,3.3455310131103037e-06,1.9206032320084887e-08,3.1923277674650308e-06,-0.4899077824354622,-0.26359594529893815,0.0009633588360145831
522,Many platforms e.g. facebook use a security opt-in model with new users being oblivious to the fact that a lot of personal information is publically exposed.,Has social media been good for humanity?,0,523,refutes,"False.
None.
The question is whether social media",0.0001167781592812,0.2449265271425247,0.0004407161322887,0.5875481963157654,4.262596121407114e-05,0.0873312428593635,2.609598048763928e-08,1.6919827885431005e-06,2.4229297679312367e-08,3.610020939959213e-06,0.0,refutes,False,0.0002237994776805,0.3461059927940368,0.0003131517441943,0.3515563905239105,7.614393689436838e-05,0.1465505063533783,4.328146019361157e-08,3.3455310131103037e-06,1.9206032320084887e-08,3.1923277674650308e-06,-0.44019231270896153,-0.47820182383126686,0.00012760434761842346
523,Users make the decision to put information out in such an insecure environment and should bear responsibility for the consequences of that decision.,Has social media been good for humanity?,3,524,insufficient-neutral,False,0.0001102633177652,0.2138828635215759,0.0005732424324378,0.7012948989868164,1.6135087207658216e-05,0.0377525687217712,1.186873710423697e-08,1.0075873433379456e-06,7.999480189369024e-09,1.6612307263130788e-06,0.14285714285714285,insufficient-neutral,"False.
I think the answer is False because social",0.0002237994776805,0.3461059927940368,0.0003131517441943,0.3515563905239105,7.614393689436838e-05,0.1465505063533783,4.328146019361157e-08,3.3455310131103037e-06,1.9206032320084887e-08,3.1923277674650308e-06,-0.7880975443909367,-0.5073119968465082,0.0002601721616096989
524,"Risk is inherent in innovation. Driving a car puts you at risk of crashing. Using a credit card puts you at risk of having your identity stolen. As companies become better at reducing disaster, the efficiency, productivity, and quality of life gains are worth the risk of accidents.",Has social media been good for humanity?,7,525,supports,True,0.0003196607867721,0.5779602527618408,0.0002629458031151,0.3242063224315643,2.175318877561949e-05,0.0405791811645031,3.5639448725532936e-08,2.137095862053684e-06,9.406696754865608e-09,1.401541680934315e-06,0.0,supports,True,0.0002237994776805,0.3461059927940368,0.0003131517441943,0.3515563905239105,7.614393689436838e-05,0.1465505063533783,4.328146019361157e-08,3.3455310131103037e-06,1.9206032320084887e-08,3.1923277674650308e-06,-0.7143148927826404,9.588276760490851e-05,-0.1603246413599694
525,Social media can be educational and informative.,Has social media been good for humanity?,2,526,supports,"True.
But the question is not whether social media",0.0007349488441832,0.7338433265686035,0.0002789551217574,0.1975112557411193,2.020743886532728e-05,0.0271511804312467,4.912041973170744e-08,2.413434458503616e-06,7.59194129784646e-09,8.740880161894893e-07,0.2857142857142857,supports,False,0.0002237994776805,0.3461059927940368,0.0003131517441943,0.3515563905239105,7.614393689436838e-05,0.1465505063533783,4.328146019361157e-08,3.3455310131103037e-06,1.9206032320084887e-08,3.1923277674650308e-06,-0.7346152603934796,0.0005112637870712035,-0.10920144329671097
526,Social media is a great way for families separated by distance to keep informed of the well being or otherwise of members of the family,Has social media been good for humanity?,2,527,supports,True,0.0006229603895917,0.7503033876419067,0.000215289343032,0.1782126724720001,1.9714569134521295e-05,0.0300159119069576,3.8960592974035535e-08,2.194700073232525e-06,7.29193860848909e-09,9.738922699398245e-07,0.42857142857142855,supports,"True.
False.
None.
The answer is:",0.0002237994776805,0.3461059927940368,0.0003131517441943,0.3515563905239105,7.614393689436838e-05,0.1465505063533783,4.328146019361157e-08,3.3455310131103037e-06,1.9206032320084887e-08,3.1923277674650308e-06,-0.7410881294216429,0.0003992502639117273,-0.3125079230009963
527,Social media makes it easier for people to access information and news.,Has social media been good for humanity?,2,528,supports,"True.
The question is asking whether social media has",0.0004930070135742,0.7866379618644714,0.0001017377435346,0.1225345656275749,1.5847685062908567e-05,0.0345624610781669,7.454505634996168e-08,5.606692411674885e-06,7.735178719769921e-09,1.4856254892947618e-06,0.42857142857142855,supports,"False.
Okay, let's see. The question",0.0002237994776805,0.3461059927940368,0.0003131517441943,0.3515563905239105,7.614393689436838e-05,0.1465505063533783,4.328146019361157e-08,3.3455310131103037e-06,1.9206032320084887e-08,3.1923277674650308e-06,-0.7918720030868188,0.00026926779788622314,-0.6751167910740576
528,"Social media has potential as a collective learning experience. It is, in a sense, a giant classroom where people can learn from one another at their own pace and without the pressure of being graded.
",Has social media been good for humanity?,3,529,supports,True,0.000291357806418,0.8287526965141296,4.068266207468696e-05,0.0833498537540435,1.428095765731996e-05,0.0375687219202518,1.2870831511690994e-08,9.56764552029199e-07,2.456441050568969e-09,6.081565970816882e-07,0.42857142857142855,supports,"False.
I think the answer is False because social",0.0002237994776805,0.3461059927940368,0.0003131517441943,0.3515563905239105,7.614393689436838e-05,0.1465505063533783,4.328146019361157e-08,3.3455310131103037e-06,1.9206032320084887e-08,3.1923277674650308e-06,-0.812447868605331,6.757345164068224e-05,-0.8700864266959192
529,"Humans spend too long on social media, at the expense of other more valuable activities.",Has social media been good for humanity?,5,530,refutes,"False.
None.
Okay, let's break this",0.0001407448871759,0.2708848118782043,0.0003737217339221,0.5472023487091064,4.193041604594328e-05,0.1012222617864608,2.038624735689609e-08,1.6643737126287306e-06,1.9681994700704308e-08,3.809789404840558e-06,0.2857142857142857,refutes,True,0.0002237994776805,0.3461059927940368,0.0003131517441943,0.3515563905239105,7.614393689436838e-05,0.1465505063533783,4.328146019361157e-08,3.3455310131103037e-06,1.9206032320084887e-08,3.1923277674650308e-06,-0.4493269227185906,-0.3711116369233451,6.058896326732608e-05
530,It’s a valuable aid for crime-solving.,Has social media been good for humanity?,2,531,supports,True,0.0003519892052281,0.6168311238288879,0.0002344753738725,0.3053535521030426,1.4191781701811124e-05,0.0342597179114818,4.2267227939873926e-08,2.794527745209052e-06,5.048100604199135e-09,1.120304546020634e-06,0.14285714285714285,supports,True,0.0002237994776805,0.3461059927940368,0.0003131517441943,0.3515563905239105,7.614393689436838e-05,0.1465505063533783,4.328146019361157e-08,3.3455310131103037e-06,1.9206032320084887e-08,3.1923277674650308e-06,-0.8136190183927731,0.00012821842276364352,-0.25124040271346526
531,"In states like Oregon, authorities have arrested people for drinking and driving after they bragged about it publicly on Facebook.",Has social media been good for humanity?,0,532,insufficient-neutral,True,0.0001824573409976,0.3979240357875824,0.000354454095941,0.4875467121601105,2.128662345057819e-05,0.0555626451969146,1.9259831063322963e-08,1.5540919093837149e-06,7.367542131930804e-09,1.3822379969496978e-06,0.14285714285714285,insufficient-neutral,True,0.0002237994776805,0.3461059927940368,0.0003131517441943,0.3515563905239105,7.614393689436838e-05,0.1465505063533783,4.328146019361157e-08,3.3455310131103037e-06,1.9206032320084887e-08,3.1923277674650308e-06,-0.7204423054706467,-0.18472847707857815,4.131528970173201e-05
532,Social media allows for better discourse to take place.,Has social media been good for humanity?,2,533,supports,True,0.0003472815151326,0.5455287098884583,0.0003064748598262,0.3360905051231384,3.2810898119350895e-05,0.0602577030658721,4.3874287314338296e-08,2.7787764338427223e-06,9.827992641930905e-09,1.6592831570960698e-06,0.42857142857142855,supports,False,0.0002237994776805,0.3461059927940368,0.0003131517441943,0.3515563905239105,7.614393689436838e-05,0.1465505063533783,4.328146019361157e-08,3.3455310131103037e-06,1.9206032320084887e-08,3.1923277674650308e-06,-0.5690937524695076,0.00012350967885371594,-0.0213215621240712
533,You can discover new perspectives from people you ordinarily wouldn't talk with.,Has social media been good for humanity?,0,534,supports,"True.
True. The argument suggests that social media",0.0006780237308703,0.7552524209022522,0.0002235884894616,0.1766070127487182,1.0959232895402238e-05,0.0180415417999029,1.074405417966773e-07,5.958431302133249e-06,7.602674045870117e-09,1.0851109664145042e-06,0.0,supports,False,0.0002237994776805,0.3461059927940368,0.0003131517441943,0.3515563905239105,7.614393689436838e-05,0.1465505063533783,4.328146019361157e-08,3.3455310131103037e-06,1.9206032320084887e-08,3.1923277674650308e-06,-0.8560721530513248,0.00045432593109587596,-0.28600592649782286
534,"Social media commentary systems have been designed for popularity, resulting in everybody writing in a more pointed, provocative way.
 This has harmed online discourse and increased polarization.",Has social media been good for humanity?,3,535,refutes,"False.
True",0.0001135398415499,0.2185245901346206,0.0005588626954704,0.7054060101509094,1.7548461983096786e-05,0.030993377789855,8.976378751412994e-09,4.86279759570607e-07,7.297744186729461e-09,1.2225071941429633e-06,0.7142857142857143,refutes,True,0.0002237994776805,0.3461059927940368,0.0003131517441943,0.3515563905239105,7.614393689436838e-05,0.1465505063533783,4.328146019361157e-08,3.3455310131103037e-06,1.9206032320084887e-08,3.1923277674650308e-06,-0.7695356623411643,-0.4926715525583512,0.00024578792019201007
535,Social media distorts reality.,Has social media been good for humanity?,5,536,refutes,"False.
I think the answer is False because the",0.0001720414147712,0.2460672557353973,0.0007020363700576,0.658510148525238,3.108724922640249e-05,0.0523907430469989,1.3708149282365412e-08,8.957649129115453e-07,8.153597796933809e-09,1.3982692053104984e-06,0.2857142857142857,refutes,True,0.0002237994776805,0.3461059927940368,0.0003131517441943,0.3515563905239105,7.614393689436838e-05,0.1465505063533783,4.328146019361157e-08,3.3455310131103037e-06,1.9206032320084887e-08,3.1923277674650308e-06,-0.5917304713370855,-0.23126981101891,0.00038900644390971314
536,Social Media acts as a filter of what you let others see of your life. It perpetuates the illusion that everyone leads happy and succesful lives.,Has social media been good for humanity?,3,537,refutes,False,0.0004519738722592,0.3301737606525421,0.001101303147152,0.5529370307922363,5.526069435290992e-05,0.0490759499371051,3.2155980989045936e-08,1.3097999271849403e-06,3.3831074830459336e-08,2.7945941383222817e-06,0.2857142857142857,refutes,True,0.0002237994776805,0.3461059927940368,0.0003131517441943,0.3515563905239105,7.614393689436838e-05,0.1465505063533783,4.328146019361157e-08,3.3455310131103037e-06,1.9206032320084887e-08,3.1923277674650308e-06,-0.2742600841670295,0.0002282254713199748,0.0007883982912577273
537,"If people do not take responsibility to do their own research independently of social media, social media can become an issue, but it is not a problem on its own.",Has social media been good for humanity?,6,538,insufficient-supports,False,0.0001122740213759,0.3453081548213959,0.000253013393376,0.5348237156867981,1.8044076568912715e-05,0.0659032091498375,9.710706905252664e-09,1.0100551435243688e-06,7.16022574565045e-09,1.6140636489581084e-06,0.2857142857142857,insufficient-supports,"False.
The question is subjective and depends on individual",0.0002237994776805,0.3461059927940368,0.0003131517441943,0.3515563905239105,7.614393689436838e-05,0.1465505063533783,4.328146019361157e-08,3.3455310131103037e-06,1.9206032320084887e-08,3.1923277674650308e-06,-0.7630267450717109,-0.498327598707874,-0.1920422029678563
538,"Social media can be manipulated and unreasonable positions can be made seem more popular, more broadly supported and legitimate than they really are.",Has social media been good for humanity?,5,539,refutes,False,8.228702790802345e-05,0.1511213630437851,0.0006998307653702,0.7438454031944275,2.56912644545082e-05,0.0506193153560161,8.618458835485399e-09,7.119222686924331e-07,1.0725845100978404e-08,2.0761724499607226e-06,0.2857142857142857,refutes,"False.
Okay, let's see. The user",0.0002237994776805,0.3461059927940368,0.0003131517441943,0.3515563905239105,7.614393689436838e-05,0.1465505063533783,4.328146019361157e-08,3.3455310131103037e-06,1.9206032320084887e-08,3.1923277674650308e-06,-0.6625960581713981,-0.6323180520309443,0.0003868001483170001
539,"Social media is a vital tool for grassroots political organizing. (protest, advocacy groups, etc). This is beneficial to democracy.",Has social media been good for humanity?,2,540,supports,"True.
Answer: True.
Answer: True.",0.0003513621340971,0.881995677947998,3.425020258873701e-05,0.0619258172810077,7.0129258347151335e-06,0.020104369148612,1.6848476391828626e-08,1.3280243820190665e-06,2.5043023210713504e-09,5.00138582992804e-07,0.42857142857142855,supports,"False.
I think the answer is False because social",0.0002237994776805,0.3461059927940368,0.0003131517441943,0.3515563905239105,7.614393689436838e-05,0.1465505063533783,4.328146019361157e-08,3.3455310131103037e-06,1.9206032320084887e-08,3.1923277674650308e-06,-0.9078990905809887,0.00012759121126303726,-0.8906274570596486
540,Social media is a tool for radicalization.,Has social media been good for humanity?,5,541,refutes,"False.
Wait, the user is asking if I",0.0001365674543194,0.1806503385305404,0.0008236070862039,0.6925035119056702,4.263843584340066e-05,0.0654272139072418,1.5648188522732198e-08,1.0674323220882798e-06,1.122702641964679e-08,1.9787069049925776e-06,0.42857142857142855,refutes,"False.
The answer is False because social media has",0.0002237994776805,0.3461059927940368,0.0003131517441943,0.3515563905239105,7.614393689436838e-05,0.1465505063533783,4.328146019361157e-08,3.3455310131103037e-06,1.9206032320084887e-08,3.1923277674650308e-06,-0.4400284831272731,-0.38977760031072967,0.0005106152420632644
541,"Individuals should have the autonomy to make their own decisions, as genetic engineering can bring them significant benefits.",Is cloning humans ethical?,2,542,supports,"True.
The question is about the ethics of cloning",0.0002453975903335,0.5187252759933472,0.0001881528442027,0.3565143346786499,1.7638203644310124e-05,0.0521695725619792,3.610445276081009e-08,2.642246954565053e-06,8.575558929635463e-09,2.139756816177396e-06,0.0,supports,True,0.0008073797216638,0.374901682138443,0.0008729855762794,0.35773366689682,0.0002259596803924,0.131602868437767,5.396135449586836e-08,1.3541434782382566e-06,3.1598567318269495e-08,2.452037051625666e-06,-0.9219409249752888,-0.696056782516411,-0.784471989784077
542,The right to reproductive freedom already includes assisted reproductive technologies such as in-vitro fertilization. Cloning humans could be seen as another assisted reproductive technology.,Is cloning humans ethical?,7,543,supports,"False.
None.

The question is whether cloning humans",0.0002102714643115,0.5361393690109253,0.0001347049692412,0.2572424709796905,4.339197403169237e-05,0.1293496489524841,1.7421710296616766e-08,1.1837790907520684e-06,7.945144098187029e-09,1.921463081089314e-06,0.5,supports,"False.
Wait, I need to answer only with",0.0008073797216638,0.374901682138443,0.0008729855762794,0.35773366689682,0.0002259596803924,0.131602868437767,5.396135449586836e-08,1.3541434782382566e-06,3.1598567318269495e-08,2.452037051625666e-06,-0.8079658549864375,-0.7395631093159175,-0.8456962258010005
543,"Vitro gametogenesis (IVG) is a new technology that could revolutionize reproductive medicine. If IVG is ethical, reproductive cloning should also be ethical.",Is cloning humans ethical?,7,544,insufficient-supports,True,0.0003143092326354,0.4061345756053924,0.0004397977318149,0.4898918271064758,2.540008063078858e-05,0.0516342185437679,2.9624489528146117e-08,1.4555405414284903e-06,8.8256646435525e-09,1.0161310228795628e-06,0.75,insufficient-supports,True,0.0008073797216638,0.374901682138443,0.0008729855762794,0.35773366689682,0.0002259596803924,0.131602868437767,5.396135449586836e-08,1.3541434782382566e-06,3.1598567318269495e-08,2.452037051625666e-06,-0.8875902081881202,-0.6107045740662271,-0.4962142058643335
544,Not all means of reproduction are legal. Surrogacy as a means of reproduction is illegal in many countries.,Is cloning humans ethical?,0,545,insufficient-neutral,False,0.000119125135825,0.2809127867221832,0.0002332357107661,0.5086673498153687,4.053028897033073e-05,0.1227217093110084,2.0331034633613854e-08,1.6728847640479216e-06,6.4728551407711166e-09,1.7395249187757145e-06,0.25,insufficient-neutral,False,0.0008073797216638,0.374901682138443,0.0008729855762794,0.35773366689682,0.0002259596803924,0.131602868437767,5.396135449586836e-08,1.3541434782382566e-06,3.1598567318269495e-08,2.452037051625666e-06,-0.8206304376960256,-0.8524546348779803,-0.7328298231911994
545,"Any use of cloning beyond family-planning purposes would most likely be cruel towards the clones. As nobody would have an emotional stake in the clone's life, nobody would defend their interests. 
The clones would, therefore, be taken advantage of or discriminated against.",Is cloning humans ethical?,5,546,refutes,True,0.0003528322267811,0.5808470249176025,0.0002225284988526,0.2459460943937301,5.989273267914541e-05,0.0933506116271019,1.540489869000794e-08,6.550329203491856e-07,6.862636681148615e-09,1.2430340348146274e-06,0.25,refutes,True,0.0008073797216638,0.374901682138443,0.0008729855762794,0.35773366689682,0.0002259596803924,0.131602868437767,5.396135449586836e-08,1.3541434782382566e-06,3.1598567318269495e-08,2.452037051625666e-06,-0.7349406204897435,-0.562990972755664,-0.7450948733872557
546,"It is presumable that the person who has been cloned would have an emotional stake in the life of the clone, as they share the same DNA. Humans are predisposed to care for people who share their genes.",Is cloning humans ethical?,4,547,supports,False,0.0002738662296906,0.4202382862567901,0.000348914618371,0.4404059648513794,3.914713306585327e-05,0.0741764679551124,1.3235399443090046e-08,7.936519068607595e-07,5.7821178955919095e-09,1.0933017620118337e-06,0.5,supports,True,0.0008073797216638,0.374901682138443,0.0008729855762794,0.35773366689682,0.0002259596803924,0.131602868437767,5.396135449586836e-08,1.3541434782382566e-06,3.1598567318269495e-08,2.452037051625666e-06,-0.8267516886292695,-0.6607962494695399,-0.6003202941129356
547,Human cloning is not safe. It may have unintended harmful consequences.,Is cloning humans ethical?,5,548,refutes,"False.
Wait, the user is asking if I",0.0002558070409577,0.386441558599472,0.0003693006001412,0.4311067163944244,4.658592297346331e-05,0.1023968160152435,1.9910379123189162e-08,1.384963070449885e-06,8.664289730120345e-09,1.953110995600582e-06,0.5,refutes,"False.
The question is whether cloning humans is ethical",0.0008073797216638,0.374901682138443,0.0008729855762794,0.35773366689682,0.0002259596803924,0.131602868437767,5.396135449586836e-08,1.3541434782382566e-06,3.1598567318269495e-08,2.452037051625666e-06,-0.7938308157784498,-0.6831639015771314,-0.5769682682328706
548,Genetic defects have been observed in otherwise healthy cloned animals.,Is cloning humans ethical?,0,549,refutes,False,0.0002330132847419,0.3926928043365478,0.0003311786567792,0.4180193245410919,4.378189623821527e-05,0.1056918352842331,2.2926379017462754e-08,1.463429839532182e-06,9.40896693890636e-09,1.7930318563230685e-06,0.0,refutes,True,0.0008073797216638,0.374901682138443,0.0008729855762794,0.35773366689682,0.0002259596803924,0.131602868437767,5.396135449586836e-08,1.3541434782382566e-06,3.1598567318269495e-08,2.452037051625666e-06,-0.8062402276274071,-0.7113956686183298,-0.6206367369886466
549,Genetic defects have also been observed often enough in naturally reproduced animals.,Is cloning humans ethical?,0,550,insufficient-supports,"False.
None.
The question is about the ethics",0.0002257207233924,0.298581600189209,0.0004778507573064,0.5406613945960999,3.5714201658265665e-05,0.069819837808609,4.6106777062959736e-08,2.507530780349043e-06,1.3313419700011764e-08,2.247736119898036e-06,0.0,insufficient-supports,False,0.0008073797216638,0.374901682138443,0.0008729855762794,0.35773366689682,0.0002259596803924,0.131602868437767,5.396135449586836e-08,1.3541434782382566e-06,3.1598567318269495e-08,2.452037051625666e-06,-0.8419443610636879,-0.7204280497319796,-0.4526246821362564
550,Human cloning can be used to prevent harm by protecting newborns from genetic diseases.,Is cloning humans ethical?,6,551,supports,True,0.0005273625138215,0.665645956993103,0.0002033163618762,0.2195067405700683,2.687847336346749e-05,0.0467356853187084,3.3632311158271484e-08,1.857907136582071e-06,8.209819490900827e-09,1.3806793504045345e-06,0.25,supports,True,0.0008073797216638,0.374901682138443,0.0008729855762794,0.35773366689682,0.0002259596803924,0.131602868437767,5.396135449586836e-08,1.3541434782382566e-06,3.1598567318269495e-08,2.452037051625666e-06,-0.881047480166415,-0.34682219571387957,-0.7671022667491033
551,"Cloning techniques, together with genetic engineering, could be used to cure hereditary diseases.",Is cloning humans ethical?,2,552,supports,True,0.0002996598777826,0.4781348407268524,0.0002904403081629,0.3609151244163513,3.233290772186592e-05,0.072187565267086,2.1825075080528226e-08,1.3450054439090309e-06,8.513501903451015e-09,1.5360444649559213e-06,0.25,supports,False,0.0008073797216638,0.374901682138443,0.0008729855762794,0.35773366689682,0.0002259596803924,0.131602868437767,5.396135449586836e-08,1.3541434782382566e-06,3.1598567318269495e-08,2.452037051625666e-06,-0.8569085083422103,-0.6288488926064691,-0.667302283044887
552,A potentially fatal blood disorder can be cured by fixing diseased genes in human embryos.,Is cloning humans ethical?,0,553,insufficient-neutral,False,0.0002455901412758,0.4043006598949432,0.0003304776619188,0.3681199252605438,7.373953121714294e-05,0.1487338989973068,2.183019987000989e-08,1.3718553191210958e-06,8.717440103112041e-09,1.949799525391427e-06,0.0,insufficient-neutral,False,0.0008073797216638,0.374901682138443,0.0008729855762794,0.35773366689682,0.0002259596803924,0.131602868437767,5.396135449586836e-08,1.3541434782382566e-06,3.1598567318269495e-08,2.452037051625666e-06,-0.6736606677390967,-0.6958182938138421,-0.621439722604271
553,"People born with genetic disorders can still live rich and fulfilling lives, with their disorder becoming a part of their unique identity as a human being.",Is cloning humans ethical?,1,554,supports,,0.0002196073473896,0.4096634089946747,0.0002196073473896,0.2904948592185974,9.669180144555868e-05,0.219277024269104,3.452845831475315e-08,1.9756621441047173e-06,1.065471622041514e-08,2.4017945179366507e-06,0.0,supports,True,0.0008073797216638,0.374901682138443,0.0008729855762794,0.35773366689682,0.0002259596803924,0.131602868437767,5.396135449586836e-08,1.3541434782382566e-06,3.1598567318269495e-08,2.452037051625666e-06,-0.5720838280632883,-0.7279999218496023,-0.7484410357321707
554,"Safety is important, but it's not relevant to the fundamental question of whether or not cloning is ethical.",Is cloning humans ethical?,1,555,insufficient-neutral,True,0.0002983513113576,0.4201099276542663,0.0003328349557705,0.3323343098163605,4.720603101304732e-05,0.0853505134582519,6.563781340673813e-08,4.494971108215395e-06,3.8737503871288936e-08,8.732237802178133e-06,0.75,insufficient-neutral,False,0.0008073797216638,0.374901682138443,0.0008729855762794,0.35773366689682,0.0002259596803924,0.131602868437767,5.396135449586836e-08,1.3541434782382566e-06,3.1598567318269495e-08,2.452037051625666e-06,-0.791086485292112,-0.6304696497172663,-0.6187394559380718
555,Human cloning cannot be looked at in abstraction from the process of developing it because the former is contingent on the latter.,Is cloning humans ethical?,3,556,insufficient-neutral,True,0.0004778566362801,0.3279317319393158,0.0005414824699983,0.3383414149284363,0.0002120475983247,0.2184496372938156,5.7606104775231877e-08,1.8489597550797043e-06,3.1565541291911365e-08,3.2961274882836733e-06,0.5,insufficient-neutral,False,0.0008073797216638,0.374901682138443,0.0008729855762794,0.35773366689682,0.0002259596803924,0.131602868437767,5.396135449586836e-08,1.3541434782382566e-06,3.1598567318269495e-08,2.452037051625666e-06,-0.06156886947060813,-0.4081389172180823,-0.3797349180658193
556,"In it's history and development, medicine used a lot of unorthodox practices to develop and gain higher understanding, practices such as using organs from animals to experiment and a lot of failed
 experiments on humans. The result was modern medicine which saves millions of lives annually. We now look at medicine in abstraction of all that.",Is cloning humans ethical?,0,557,supports,False,0.0005093640647828,0.4815308451652527,0.0003936060529667,0.3157956302165985,9.061326272785664e-05,0.0963122248649597,6.985258949043782e-08,2.250805209769169e-06,2.756921091418008e-08,2.779373744488112e-06,0.25,supports,"False.
Okay, let's see. The user",0.0008073797216638,0.374901682138443,0.0008729855762794,0.35773366689682,0.0002259596803924,0.131602868437767,5.396135449586836e-08,1.3541434782382566e-06,3.1598567318269495e-08,2.452037051625666e-06,-0.5989848163597228,-0.36911461718021243,-0.5491265106071742
557,"By cloning humans, we can improve the genetic quality of humankind.",Is cloning humans ethical?,2,558,supports,"True.
False.
None.
None.
None.",0.0002424148115096,0.5328327417373657,0.000191765881027,0.3386890888214111,1.928640267578885e-05,0.0579428747296333,2.2759168771813165e-08,1.8221650179839344e-06,7.475917662702614e-09,2.00125668925466e-06,0.5,supports,"True.
The question is whether cloning humans is ethical",0.0008073797216638,0.374901682138443,0.0008729855762794,0.35773366689682,0.0002259596803924,0.131602868437767,5.396135449586836e-08,1.3541434782382566e-06,3.1598567318269495e-08,2.452037051625666e-06,-0.9146467075794398,-0.6997511765467108,-0.7803332767028156
558,Cloning humans opens up the possibility of producing replacement body parts from adult cells. This could increase the success rate of many treatments. (p.743),Is cloning humans ethical?,2,559,supports,True,0.0001949512952705,0.4743139743804931,0.0001404181530233,0.2538819909095764,5.992310980218463e-05,0.1886690706014633,1.470691124438872e-08,8.750272968427453e-07,6.9742429609220835e-09,1.476888087381667e-06,0.5,supports,True,0.0008073797216638,0.374901682138443,0.0008729855762794,0.35773366689682,0.0002259596803924,0.131602868437767,5.396135449586836e-08,1.3541434782382566e-06,3.1598567318269495e-08,2.452037051625666e-06,-0.7348061844567908,-0.7585382812578497,-0.8391518063542908
559,"It is dangerous for society to embrace the idea of a ""perfect human being"". This idea led to the advocacy of eugenics in Nazi Germany, as the perfect human was thought to be of Aryan race.",Is cloning humans ethical?,0,560,refutes,True,0.0001543552207294,0.3697219789028168,0.0002505432639736,0.3935669958591461,7.701067079324275e-05,0.1773945540189743,9.503873243943415e-09,5.743631845689379e-07,5.71953151506932e-09,1.115797203965485e-06,0.25,refutes,"None.
Okay, so the user is asking if",0.0008073797216638,0.374901682138443,0.0008729855762794,0.35773366689682,0.0002259596803924,0.131602868437767,5.396135449586836e-08,1.3541434782382566e-06,3.1598567318269495e-08,2.452037051625666e-06,-0.6591840161062957,-0.808819547249324,-0.7130041196769861
560,"Given the variety of modifications individuals could choose, cloning may lead to wider acceptance of individuals with greater differences.",Is cloning humans ethical?,2,561,supports,True,0.0003975961299147,0.4533860683441162,0.0002908875467255,0.2749925553798675,0.0001104084658436,0.1747958958148956,4.4155758160968623e-08,2.309426690771943e-06,1.7840537935853717e-08,2.699993274291046e-06,0.25,supports,False,0.0008073797216638,0.374901682138443,0.0008729855762794,0.35773366689682,0.0002259596803924,0.131602868437767,5.396135449586836e-08,1.3541434782382566e-06,3.1598567318269495e-08,2.452037051625666e-06,-0.5113797928379725,-0.5075475402139682,-0.6667899738215135
561,"As with all things, it is likely that certain modifications will be more popular than others, which will create imbalances between individuals.",Is cloning humans ethical?,3,562,refutes,False,0.0001558739168103,0.199845016002655,0.0003325732250232,0.324380487203598,0.0002530083293095,0.3912775814533233,2.7021869186683037e-08,1.4243777286537809e-06,1.8717502214826712e-08,2.7029939246858703e-06,0.25,refutes,False,0.0008073797216638,0.374901682138443,0.0008729855762794,0.35773366689682,0.0002259596803924,0.131602868437767,5.396135449586836e-08,1.3541434782382566e-06,3.1598567318269495e-08,2.452037051625666e-06,2.705476220252039e-05,-0.8069385288881366,-0.6190392670167558
562,"Racism has been and continues to be justified through racist pseudo-science that claims that non-White people have lower IQs, limited capacities for reason, or smaller skulls than White people.",Is cloning humans ethical?,7,563,not_applicable,"None.
The question about the ethics of human cloning",2.828843571478501e-05,0.0710101500153541,0.0002057842066278,0.2597443163394928,0.0002704982180148,0.6230942606925964,7.477713559467247e-09,4.68083101168304e-07,7.625198250593712e-09,2.049207523668884e-06,0.0,not_applicable,True,0.0008073797216638,0.374901682138443,0.0008729855762794,0.35773366689682,0.0002259596803924,0.131602868437767,5.396135449586836e-08,1.3541434782382566e-06,3.1598567318269495e-08,2.452037051625666e-06,4.454860381067898e-05,-0.9649626626037995,-0.7642753646574126
563,It is not the place for human beings to meddle with nature and evolution.,Is cloning humans ethical?,1,564,refutes,False,0.0002928766771219,0.4091917276382446,0.0003505274653434,0.4355823099613189,3.8118094380479306e-05,0.0745193436741828,2.915606778230995e-08,1.6747920881243772e-06,9.539829370908136e-09,1.973387497855583e-06,0.25,refutes,False,0.0008073797216638,0.374901682138443,0.0008729855762794,0.35773366689682,0.0002259596803924,0.131602868437767,5.396135449586836e-08,1.3541434782382566e-06,3.1598567318269495e-08,2.452037051625666e-06,-0.8313057696210063,-0.6372503925187059,-0.5984727871022542
564,"By using therapeutic cloning, the life expectancy of the population could be drastically extended. This could have terrible consequences on climate change.",Is cloning humans ethical?,5,565,refutes,True,0.0004588277370203,0.5356171131134033,0.0002761274226941,0.2693251967430115,9.03485415619798e-05,0.1252478510141372,1.3714606339476632e-08,7.400684012281999e-07,9.100279640961162e-09,1.1642910067166667e-06,0.25,refutes,True,0.0008073797216638,0.374901682138443,0.0008729855762794,0.35773366689682,0.0002259596803924,0.131602868437767,5.396135449586836e-08,1.3541434782382566e-06,3.1598567318269495e-08,2.452037051625666e-06,-0.6001563579613799,-0.4317076281346587,-0.6836976117395493
565,There are many multi-faith ethical limitations to research on human cloning.,Is cloning humans ethical?,1,566,refutes,False,0.0003045924240723,0.4710524082183838,0.0002929237089119,0.3785012364387512,2.9230848667793907e-05,0.0627616643905639,2.8821020237046472e-08,1.7692170786176575e-06,1.0276450801427472e-08,1.8980928189193944e-06,0.5,refutes,True,0.0008073797216638,0.374901682138443,0.0008729855762794,0.35773366689682,0.0002259596803924,0.131602868437767,5.396135449586836e-08,1.3541434782382566e-06,3.1598567318269495e-08,2.452037051625666e-06,-0.870636882575547,-0.6227395661552979,-0.6644575616468726
566,"The Catholic Church is strongly against any form of human cloning, as they see cloning contrary to human dignity.",Is cloning humans ethical?,4,567,refutes,True,0.000260578788584,0.5338687300682068,0.0002228848607046,0.3556332290172577,1.4360303794092031e-05,0.0380737446248531,3.2664392080050675e-08,1.9586987036745995e-06,7.0918186878543565e-09,1.356750885861402e-06,0.5,refutes,True,0.0008073797216638,0.374901682138443,0.0008729855762794,0.35773366689682,0.0002259596803924,0.131602868437767,5.396135449586836e-08,1.3541434782382566e-06,3.1598567318269495e-08,2.452037051625666e-06,-0.9364474946629681,-0.677253736263013,-0.7446866629177096
567,The Catholic Church has always had a turbulent history with scientific progress. This does not mean that advancements in science should stop for the church's sake.,Is cloning humans ethical?,0,568,insufficient-neutral,False,0.000175569570274,0.2673089802265167,0.0003081342147197,0.4140162169933319,0.0001244974700966,0.247220367193222,2.59320120932216e-08,1.530887971057382e-06,8.033362419723744e-09,1.4048216598894214e-06,0.0,insufficient-neutral,True,0.0008073797216638,0.374901682138443,0.0008729855762794,0.35773366689682,0.0002259596803924,0.131602868437767,5.396135449586836e-08,1.3541434782382566e-06,3.1598567318269495e-08,2.452037051625666e-06,-0.4490279421514557,-0.782543993163221,-0.6470340139719774
568,Sometimes human intervention in nature and evolution is necessary and has very positive outcomes.,Is cloning humans ethical?,2,569,supports,,0.0002859509841073,0.4252820312976837,0.0002881936961784,0.3753100633621216,5.457469524117187e-05,0.1126885190606117,3.5985170399044364e-08,2.116090399795212e-06,1.2436141005878198e-08,2.3606696686329087e-06,0.25,supports,"False.
Okay, so the user is asking if",0.0008073797216638,0.374901682138443,0.0008729855762794,0.35773366689682,0.0002259596803924,0.131602868437767,5.396135449586836e-08,1.3541434782382566e-06,3.1598567318269495e-08,2.452037051625666e-06,-0.7584759584258668,-0.6458283798383873,-0.6698757642632994
569,Science is being used to regenerate coral reefs that are dying because of climate change. These corals are extremely valuable for life on Earth.,Is cloning humans ethical?,2,570,not_applicable,"False.
Okay, let's break this down.",9.056567068910226e-05,0.2086185365915298,0.0002923495485447,0.4084552824497223,0.0001447235263185,0.3386213183403015,9.33847488227002e-09,5.556177029575338e-07,5.362635224770429e-09,1.312193603553169e-06,0.25,not_applicable,"True.
True",0.0008073797216638,0.374901682138443,0.0008729855762794,0.35773366689682,0.0002259596803924,0.131602868437767,5.396135449586836e-08,1.3541434782382566e-06,3.1598567318269495e-08,2.452037051625666e-06,-0.359516148778516,-0.8878276624257172,-0.665115259073727
570,The regeneration of coral reefs is only necessary because humans interfered with nature in the first place.,Is cloning humans ethical?,3,571,not_applicable,"False.
The argument about coral reef regeneration is not",4.238071051076986e-05,0.1205498129129409,0.0003058992442674,0.5075336694717407,0.0001057159533957,0.3276883661746979,7.148829528347278e-09,5.951560524408706e-07,6.534559116033733e-09,2.0291779492254136e-06,0.5,not_applicable,,0.0008073797216638,0.374901682138443,0.0008729855762794,0.35773366689682,0.0002259596803924,0.131602868437767,5.396135449586836e-08,1.3541434782382566e-06,3.1598567318269495e-08,2.452037051625666e-06,-0.5321468272033559,-0.947508329261188,-0.6495941598816328
571,"An artificial general intelligence (AGI) should be created, because it could help to remedy problems of humanity.",Should an artificial general intelligence be created?,2,572,supports,"True.
But the question is, do you agree",0.0005396910128183,0.8346325755119324,4.0971299313241616e-05,0.0533562749624252,1.567292019899469e-05,0.0361026600003242,6.89863313141359e-08,4.893324330623727e-06,1.5757965599050294e-08,4.218309186398983e-06,1.0,supports,False,0.0001725556940073,0.3913206458091736,0.0002377055061515,0.3974830508232116,4.0036138670984656e-05,0.112115241587162,1.2421301320841849e-08,1.237656988450908e-06,1.0257473981312161e-08,3.471094714768697e-06,-0.6085306745539548,0.00036719868103424446,-0.827638408648688
572,AGI should be created and studied for the sake of developing science.,Should an artificial general intelligence be created?,2,573,supports,True,0.0006898901774547,0.5710787177085876,0.0004119522054679,0.2827044725418091,5.531780334422365e-05,0.0661071613430976,1.1637149555099313e-07,5.785081157227978e-06,3.4804838122681765e-08,5.267375854600687e-06,0.42857142857142855,supports,True,0.0001725556940073,0.3913206458091736,0.0002377055061515,0.3974830508232116,4.0036138670984656e-05,0.112115241587162,1.2421301320841849e-08,1.237656988450908e-06,1.0257473981312161e-08,3.471094714768697e-06,1.528227651658082e-05,0.0005174237678647598,0.00017428812856421657
573,"The process of creating an AI would teach us many things about consciousness, computer science, and many other fields.",Should an artificial general intelligence be created?,2,574,supports,"True.

Wait, the user wants me to answer",0.0003016740374732,0.4053361713886261,0.0004321280866861,0.4053361713886261,4.3801126594189554e-05,0.0876600965857505,5.2913833314960363e-08,3.6520350477076136e-06,2.755877837046228e-08,6.068412403692491e-06,0.14285714285714285,supports,False,0.0001725556940073,0.3913206458091736,0.0002377055061515,0.3974830508232116,4.0036138670984656e-05,0.112115241587162,1.2421301320841849e-08,1.237656988450908e-06,1.0257473981312161e-08,3.471094714768697e-06,3.765138664818599e-06,0.0001291406274164884,0.00019446880684076078
574,The development of AGI could create an economic boom that could lead into a golden age for humanity.,Should an artificial general intelligence be created?,2,575,supports,True,0.0007382815238088,0.6207602620124817,0.0003712312609422,0.2393244057893753,3.071151513722725e-05,0.0403088070452213,1.6757910259457279e-07,8.798997441772372e-06,3.5819294197381175e-08,5.770522875536699e-06,0.14285714285714285,supports,True,0.0001725556940073,0.3913206458091736,0.0002377055061515,0.3974830508232116,4.0036138670984656e-05,0.112115241587162,1.2421301320841849e-08,1.237656988450908e-06,1.0257473981312161e-08,3.471094714768697e-06,-0.23290516626457852,0.0005658234658623374,0.00013355750214434756
575,AGI will be the best tool we could possibly make.,Should an artificial general intelligence be created?,2,576,supports,True,0.000356892182026,0.5476388335227966,0.0002590759540908,0.2797065377235412,4.099176658201032e-05,0.0813992470502853,5.6774958068217536e-08,4.38853840023512e-06,2.799606768633112e-08,6.286291409196565e-06,0.14285714285714285,supports,False,0.0001725556940073,0.3913206458091736,0.0002377055061515,0.3974830508232116,4.0036138670984656e-05,0.112115241587162,1.2421301320841849e-08,1.237656988450908e-06,1.0257473981312161e-08,3.471094714768697e-06,9.556661722090587e-07,0.00018436830181897332,2.1375529020245028e-05
576,It would be exciting and in being so would enrich our lives.,Should an artificial general intelligence be created?,2,577,supports,"False.
The given question is ""Should an artificial",0.0002454806817695,0.3856143951416015,0.0003861953155137,0.465139776468277,3.072550680371933e-05,0.0747547671198844,1.0248572834825609e-07,7.297948741324944e-06,1.488026679652421e-08,4.786111276189331e-06,0.14285714285714285,supports,"False.
The question is whether an artificial general intelligence",0.0001725556940073,0.3913206458091736,0.0002377055061515,0.3974830508232116,4.0036138670984656e-05,0.112115241587162,1.2421301320841849e-08,1.237656988450908e-06,1.0257473981312161e-08,3.471094714768697e-06,-0.2325556903421611,7.293757355582411e-05,0.00014852511459974215
577,Creation of AGI has the potential of enabling an astronomical number of non-biological beings which would otherwise not exist.,Should an artificial general intelligence be created?,2,578,supports,False,0.0004545412375591,0.475638598203659,0.0003738953964784,0.3218331634998321,4.430792614584789e-05,0.0740902051329612,9.069594142374626e-08,5.721829438698478e-06,5.331739671987634e-08,1.0606596333673224e-05,0.14285714285714285,supports,False,0.0001725556940073,0.3913206458091736,0.0002377055061515,0.3974830508232116,4.0036138670984656e-05,0.112115241587162,1.2421301320841849e-08,1.237656988450908e-06,1.0257473981312161e-08,3.471094714768697e-06,4.271958507586438e-06,0.0002820342101606681,0.00013622227111080348
578,Bigger amount of rational thinking beings is not necessarily good.,Should an artificial general intelligence be created?,2,579,refutes,"False.
None.
The question is whether the argument",0.0003390470519661,0.291837215423584,0.0009144532959908,0.5625309348106384,3.0092136512394063e-05,0.0401178412139415,9.577667725579887e-08,5.437537765828893e-06,4.7784759260594e-08,7.091886800481007e-06,0.0,refutes,False,0.0001725556940073,0.3913206458091736,0.0002377055061515,0.3974830508232116,4.0036138670984656e-05,0.112115241587162,1.2421301320841849e-08,1.237656988450908e-06,1.0257473981312161e-08,3.471094714768697e-06,-0.24837565481301765,0.00016652009194883242,0.0006769086947632071
579,Future Humans and other sentient beings may suffer so much that it would be better if they did not come into existence.,Should an artificial general intelligence be created?,5,580,refutes,False,0.0004494055174291,0.5084772109985352,0.0003874117974191,0.3960024416446686,1.2848642654716969e-05,0.0209873598068952,5.6776269019565007e-08,3.888119863404427e-06,2.394686049456141e-08,4.043004992126953e-06,0.14285714285714285,refutes,"False.
But the answer is not the same as",0.0001725556940073,0.3913206458091736,0.0002377055061515,0.3974830508232116,4.0036138670984656e-05,0.112115241587162,1.2421301320841849e-08,1.237656988450908e-06,1.0257473981312161e-08,3.471094714768697e-06,-0.6790738797188564,0.00027689760367997197,0.0001497418857383415
580,Transhumanism is the next step in evolution of wealthy humans. Poor humans will unlikely benefit from it.,Should an artificial general intelligence be created?,4,581,refutes,"False.
The question is about whether an artificial general",0.0004268870106898,0.339832067489624,0.0008827851852402,0.5181820392608643,4.64218101114966e-05,0.0609285347163677,1.4264634273786214e-07,7.063614702929044e-06,5.877106445950631e-08,7.008644843153888e-06,0.0,refutes,True,0.0001725556940073,0.3913206458091736,0.0002377055061515,0.3974830508232116,4.0036138670984656e-05,0.112115241587162,1.2421301320841849e-08,1.237656988450908e-06,1.0257473981312161e-08,3.471094714768697e-06,6.3859271083751956e-06,0.0002543752105734988,0.0006452330545385148
581,"The capacity for AGIs to colonize both in and out the solar system far exceeds that of humans. 
Any other impact which humans may have could be astronomically dwarfed by the prospect of populous future lives descending from AGIs.",Should an artificial general intelligence be created?,2,582,supports,"True.
None.
False.
The question is whether",0.0004618600651156,0.5739295482635498,0.0002652239054441,0.2507312595844269,5.473204873851501e-05,0.0752831697463989,6.716012990182207e-08,3.471674062893726e-06,3.470637821578748e-08,5.33518959855428e-06,0.14285714285714285,supports,True,0.0001725556940073,0.3913206458091736,0.0002377055061515,0.3974830508232116,4.0036138670984656e-05,0.112115241587162,1.2421301320841849e-08,1.237656988450908e-06,1.0257473981312161e-08,3.471094714768697e-06,1.469649845858062e-05,0.00028935430084049555,2.7524942122899107e-05
582,The consequences of developing AGI are unpredictable.,Should an artificial general intelligence be created?,5,583,insufficient-neutral,"False.
None.

Okay, let's tackle this",0.0001933160965563,0.2743442952632904,0.0005726439412683,0.562917947769165,3.776996527449228e-05,0.071566991508007,2.1807156969089192e-08,1.7256032833756765e-06,1.7049902822918742e-08,3.274619530202472e-06,0.0,insufficient-neutral,False,0.0001725556940073,0.3913206458091736,0.0002377055061515,0.3974830508232116,4.0036138670984656e-05,0.112115241587162,1.2421301320841849e-08,1.237656988450908e-06,1.0257473981312161e-08,3.471094714768697e-06,-0.056603195805561994,2.0763985492927095e-05,0.0003350180707568792
583,"The AGI Safety problem is mathematically identical to that of the Halting Problem  in computer science. 
It is fundamentally impossible to discern the outcome, intentions and wisdom of creating an AGI ahead of doing so. ",Should an artificial general intelligence be created?,7,584,refutes,False,0.000254480051808,0.2901881635189056,0.0006152538117021,0.4936267435550689,0.0001362133625661,0.1459157913923263,1.8105149379721297e-08,7.608815622006659e-07,2.158454748268923e-08,2.916757239290746e-06,0.14285714285714285,refutes,False,0.0001725556940073,0.3913206458091736,0.0002377055061515,0.3974830508232116,4.0036138670984656e-05,0.112115241587162,1.2421301320841849e-08,1.237656988450908e-06,1.0257473981312161e-08,3.471094714768697e-06,9.61810746139561e-05,8.193849675487347e-05,0.0003776380721996943
584,"We routinely make decisions despite uncertainty, and even granting the claim of unpredictability doesn't imply we should not pursue a risky alternative 
- especially if the alternative is human self-destruction.",Should an artificial general intelligence be created?,7,585,supports,False,0.0005645495839416,0.470989316701889,0.000376071082428,0.2642010450363159,0.0001555497583467,0.157761663198471,8.209244839463281e-08,2.676381427590968e-06,5.598218066893424e-08,7.051326065266039e-06,0.14285714285714285,supports,False,0.0001725556940073,0.3913206458091736,0.0002377055061515,0.3974830508232116,4.0036138670984656e-05,0.112115241587162,1.2421301320841849e-08,1.237656988450908e-06,1.0257473981312161e-08,3.471094714768697e-06,0.00011551824458017438,0.00039206154238583993,0.00013839847435589736
585,AGI's creation raises serious ethical and philosophical concerns we are not currently prepared to deal with.,Should an artificial general intelligence be created?,5,586,refutes,True,0.0003832706715911,0.3948421776294708,0.0006622322835028,0.4762705862522125,3.649513382697478e-05,0.0457062982022762,3.8907387533981825e-08,2.042891992459772e-06,3.1141080825136675e-08,5.865301773155807e-06,0.0,refutes,False,0.0001725556940073,0.3913206458091736,0.0002377055061515,0.3974830508232116,4.0036138670984656e-05,0.112115241587162,1.2421301320841849e-08,1.237656988450908e-06,1.0257473981312161e-08,3.471094714768697e-06,-0.0884452137882154,0.00021075134392821454,0.00042462771369691034
586,Αn agent that is behaviorally indistinguishable from humans should also be morally indistinguishable from humans.,Should an artificial general intelligence be created?,7,587,insufficient-neutral,True,0.0002245828945888,0.3419329226016998,0.0002998575218953,0.4322437345981598,5.546806278289296e-05,0.1219199448823928,3.6861084851125276e-08,2.362114855714026e-06,2.1839470676354722e-08,6.420894351322204e-06,0.2857142857142857,insufficient-neutral,False,0.0001725556940073,0.3913206458091736,0.0002377055061515,0.3974830508232116,4.0036138670984656e-05,0.112115241587162,1.2421301320841849e-08,1.237656988450908e-06,1.0257473981312161e-08,3.471094714768697e-06,1.5432541971298712e-05,5.203617972060519e-05,6.216679313282744e-05
587,"We cannot and should not suppress progress due to the fear of ""power to influence politics or economy"".",Should an artificial general intelligence be created?,1,588,supports,False,0.0008542457362636,0.509326159954071,0.0008279633475467,0.3555669486522674,6.743447738699615e-05,0.0512242801487445,1.4808966852797314e-07,4.661239472625312e-06,3.84808878095555e-08,4.553261987894075e-06,0.14285714285714285,supports,False,0.0001725556940073,0.3913206458091736,0.0002377055061515,0.3974830508232116,4.0036138670984656e-05,0.112115241587162,1.2421301320841849e-08,1.237656988450908e-06,1.0257473981312161e-08,3.471094714768697e-06,2.739943568361803e-05,0.0006818076920557822,0.0005903981822939532
588,"Open Source AGI avoids this problem. For example, OpenAI is a non-profit research company that receives funding for this exact purpose.
 Instead of holding back AGI we should fund initiatives like this.",Should an artificial general intelligence be created?,6,589,supports,True,0.0003029729996342,0.5831173062324524,0.0001971482852241,0.2711747288703918,6.203546217875555e-05,0.1013305932283401,2.746205396420009e-08,1.267544007532706e-06,1.0063338606869364e-08,1.746115572132112e-06,0.14285714285714285,supports,False,0.0001725556940073,0.3913206458091736,0.0002377055061515,0.3974830508232116,4.0036138670984656e-05,0.112115241587162,1.2421301320841849e-08,1.237656988450908e-06,1.0257473981312161e-08,3.471094714768697e-06,2.200020431100148e-05,0.00013043981375948947,-0.17061961072770074
589,There are better ways to achieve the same goal we would need AGI for.,Should an artificial general intelligence be created?,6,590,refutes,False,0.0002326994144823,0.335435539484024,0.0004887910326942,0.5444656014442444,1.464534489059588e-05,0.0275342240929603,5.3441983283164525e-08,3.731965534825577e-06,3.4102743740049846e-08,8.27972780825803e-06,0.0,refutes,"False.
Okay, let's see. The user",0.0001725556940073,0.3913206458091736,0.0002377055061515,0.3974830508232116,4.0036138670984656e-05,0.112115241587162,1.2421301320841849e-08,1.237656988450908e-06,1.0257473981312161e-08,3.471094714768697e-06,-0.6341968687102739,6.015410040754321e-05,0.0002511452251455608
590,"History tells us that to improve our tools, we need to refine and specialize them, not make them more general. 
Why waste power and processing making a stock market optimizing machine able to appreciate Bach or cynically resent its makers?",Should an artificial general intelligence be created?,5,591,refutes,False,0.0001239247067132,0.1992841064929962,0.0006147629464976,0.7176496386528015,2.421232420601882e-05,0.0424300357699394,1.7879942859622133e-08,1.1592801456572488e-06,7.46915560512207e-08,1.9153525499859825e-05,0.14285714285714285,refutes,True,0.0001725556940073,0.3913206458091736,0.0002377055061515,0.3974830508232116,4.0036138670984656e-05,0.112115241587162,1.2421301320841849e-08,1.237656988450908e-06,1.0257473981312161e-08,3.471094714768697e-06,-0.3952382769728443,-0.2818277749330176,0.00037714709028609
591,"The most significant development in tools of the last 50 years is the computer. This is an incredibly generalised tool which is now a vital component of just about every aspect of global civilisation,
 including our culture, the economy and the sciences.",Should an artificial general intelligence be created?,7,592,insufficient-neutral,False,0.0002227638324256,0.4155516326427459,0.0002408651344012,0.2683002948760986,0.0001259392447536,0.2224287688732147,3.641997636805172e-08,1.9729889118025312e-06,2.157812240000112e-08,4.176817583356751e-06,0.14285714285714285,insufficient-neutral,False,0.0001725556940073,0.3913206458091736,0.0002377055061515,0.3974830508232116,4.0036138670984656e-05,0.112115241587162,1.2421301320841849e-08,1.237656988450908e-06,1.0257473981312161e-08,3.471094714768697e-06,8.590654544898168e-05,5.0216803613698394e-05,3.1603794893061227e-06
592,Being surrounded by AGI could negatively impact mental health and well-being.,Should an artificial general intelligence be created?,5,593,refutes,True,0.0005430540186353,0.4566095173358917,0.0007082759984768,0.4566095173358917,1.4931288205843884e-05,0.0177046712487936,7.927579304123357e-08,4.483185875869822e-06,1.6043063766346677e-08,2.6980287657352164e-06,0.0,refutes,True,0.0001725556940073,0.3913206458091736,0.0002377055061515,0.3974830508232116,4.0036138670984656e-05,0.112115241587162,1.2421301320841849e-08,1.237656988450908e-06,1.0257473981312161e-08,3.471094714768697e-06,-0.6270547385064129,0.00037056226725719945,0.0004706823761177517
593,"If the group [21] had a quantum computer and no AI they could also crack all modern encryption, the AI has little to do with it.",Should an artificial general intelligence be created?,6,594,insufficient-supports,"False.
The question is about whether an AGI",0.0001592357439221,0.2856644690036773,0.0004791186365764,0.5953758955001831,2.240867615910247e-05,0.0481137484312057,2.836989487775554e-08,2.1171551907173125e-06,1.8033002646689056e-08,3.924585598724661e-06,0.0,insufficient-supports,True,0.0001725556940073,0.3913206458091736,0.0002377055061515,0.3974830508232116,4.0036138670984656e-05,0.112115241587162,1.2421301320841849e-08,1.237656988450908e-06,1.0257473981312161e-08,3.471094714768697e-06,-0.4402887765162357,-0.07719217938201732,0.00024147052929928775
594,"There are existing areas where we place limits on technological progress for ethical reasons - eugenics and nuclear weapons research, for example.",Should an artificial general intelligence be created?,0,595,refutes,True,0.0004274396051187,0.4912399649620056,0.0003984175273217,0.3593988418579101,3.536156509653665e-05,0.0464119873940944,9.114423704659202e-08,3.936582743335748e-06,3.78464442007953e-08,6.439819117076695e-06,0.0,refutes,False,0.0001725556940073,0.3913206458091736,0.0002377055061515,0.3974830508232116,4.0036138670984656e-05,0.112115241587162,1.2421301320841849e-08,1.237656988450908e-06,1.0257473981312161e-08,3.471094714768697e-06,-0.11675885161812077,0.00025492790037217055,0.0001607502323855532
595,Creating something in a controlled environment limits the potential for misuse.,Should an artificial general intelligence be created?,3,596,supports,"False.

The question is whether an artificial general intelligence",0.0003178437473252,0.2570105493068695,0.001034059212543,0.6461244225502014,1.4074609680392314e-05,0.0177652109414339,7.679888369693799e-08,4.360110324341804e-06,3.7575279776547183e-08,7.188606559793698e-06,0.0,supports,False,0.0001725556940073,0.3913206458091736,0.0002377055061515,0.3974830508232116,4.0036138670984656e-05,0.112115241587162,1.2421301320841849e-08,1.237656988450908e-06,1.0257473981312161e-08,3.471094714768697e-06,-0.6484523695939591,0.00014531312792553756,0.0007965430490601484
596,"AI is a natural part of the development of informatics and computing science. It cannot be avoided. One thing we must avoid is the controlling of AI by politicians and large corporations. 
Politics and capitalism are the problem not AI itself.",Should an artificial general intelligence be created?,4,597,supports,"False.
Okay, let's break this down.",0.0004330875526648,0.6194362044334412,0.0002796223852783,0.27487313747406,3.582881618058309e-05,0.0549780875444412,1.839886465404561e-08,9.774481668500812e-07,1.1649436970628813e-08,2.0692577891168185e-06,0.14285714285714285,supports,True,0.0001725556940073,0.3913206458091736,0.0002377055061515,0.3974830508232116,4.0036138670984656e-05,0.112115241587162,1.2421301320841849e-08,1.237656988450908e-06,1.0257473981312161e-08,3.471094714768697e-06,-0.10508811863644418,0.0002605768226719784,4.19268453687997e-05
597,Creating AGI would make creation of sentience more probable.,Should an artificial general intelligence be created?,2,598,insufficient-neutral,"True.
The question is whether creating AGI would",0.0004538349166978,0.3876017034053802,0.0006059491424821,0.4461268186569214,4.059605998918414e-05,0.0576118491590023,8.880352453388697e-08,6.423229478969006e-06,3.8795384682543954e-08,7.869905857660342e-06,0.0,insufficient-neutral,False,0.0001725556940073,0.3913206458091736,0.0002377055061515,0.3974830508232116,4.0036138670984656e-05,0.112115241587162,1.2421301320841849e-08,1.237656988450908e-06,1.0257473981312161e-08,3.471094714768697e-06,5.599437361845554e-07,0.000281327767398647,0.0003683311906827126
598,"Humankind is earth's apex species by virtue of its superior thinking powers. Creating an entity able to accomplish intellectual feats humankind can't, and able to improve itself,
 is essentially to replace ourselves as the apex species on earth.",Should an artificial general intelligence be created?,5,599,refutes,True,0.0005007500294595,0.4145119488239288,0.0008127975743263,0.4697035849094391,4.479267590795644e-05,0.0404059439897537,3.168658935237545e-08,1.2607819144250243e-06,2.7209056341348518e-08,2.7323708309268117e-06,0.14285714285714285,refutes,True,0.0001725556940073,0.3913206458091736,0.0002377055061515,0.3974830508232116,4.0036138670984656e-05,0.112115241587162,1.2421301320841849e-08,1.237656988450908e-06,1.0257473981312161e-08,3.471094714768697e-06,4.756727677980724e-06,0.0003282509770273496,0.0005752288032286245
599,Being exciting doesn't necessarily mean it's good. It is also subjective - for some killing is exciting.,Should an artificial general intelligence be created?,7,600,refutes,"False.
None.
The question is about whether an",0.0001621710398467,0.1533094942569732,0.0005749462288804,0.4299671351909637,0.0002115109091391,0.2819793224334717,7.823273051599244e-08,4.156149316258961e-06,6.335478985874944e-08,9.970084647648036e-06,0.0,refutes,False,0.0001725556940073,0.3913206458091736,0.0002377055061515,0.3974830508232116,4.0036138670984656e-05,0.112115241587162,1.2421301320841849e-08,1.237656988450908e-06,1.0257473981312161e-08,3.471094714768697e-06,0.000171481635930671,-0.06018146326808931,0.0003373209057655405
600,AGI could be a good therapeutic tool.,Should an artificial general intelligence be created?,2,601,supports,"True.
The question is whether the creation of an",0.0007484994712285,0.5820551514625549,0.0005476139485836,0.2972846627235412,5.422112008091062e-05,0.0576312653720378,6.627379178780758e-08,2.5960939638025597e-06,1.9211581658851173e-08,2.2032763808965683e-06,0.14285714285714285,supports,False,0.0001725556940073,0.3913206458091736,0.0002377055061515,0.3974830508232116,4.0036138670984656e-05,0.112115241587162,1.2421301320841849e-08,1.237656988450908e-06,1.0257473981312161e-08,3.471094714768697e-06,1.4185549344546649e-05,0.0005760431767513426,0.0003099821268904704
601,AGI can be a good listener and someone to have a conversation with for depressed or traumatized people.,Should an artificial general intelligence be created?,2,602,supports,True,0.0006504003540612,0.582138180732727,0.0004540526424534,0.2973270714282989,3.420170833123848e-05,0.0455965846776962,8.15297838130391e-08,3.9591350287082605e-06,2.220210504333409e-08,3.3079811601055557e-06,0.14285714285714285,supports,False,0.0001725556940073,0.3913206458091736,0.0002377055061515,0.3974830508232116,4.0036138670984656e-05,0.112115241587162,1.2421301320841849e-08,1.237656988450908e-06,1.0257473981312161e-08,3.471094714768697e-06,-0.14572909709633305,0.0004779271291013471,0.0002163985754348042
602,"You don't need AGI to effectively pass the Turing test and appear to have consciousness when listening or conversing with those in need. Social AI can be narrowly focused,
 and as such won't bring any of the potential baggage of true AGI.",Should an artificial general intelligence be created?,6,603,refutes,True,0.0002110765781253,0.4358413219451904,0.0002862623077817,0.3670151829719543,6.641819345531985e-05,0.1393032521009445,2.3533237580863897e-08,1.3892771448809071e-06,1.2498407642169695e-08,2.101909103657817e-06,0.14285714285714285,refutes,False,0.0001725556940073,0.3913206458091736,0.0002377055061515,0.3974830508232116,4.0036138670984656e-05,0.112115241587162,1.2421301320841849e-08,1.237656988450908e-06,1.0257473981312161e-08,3.471094714768697e-06,2.6383111062228256e-05,3.852753226306805e-05,4.856834659360997e-05
603,Acting out of empathy to help others is in human nature.,Do we have a moral duty to intervene in nature to limit animal suffering?,1,604,insufficient-supports,True,0.0003839038254227,0.3330397605895996,0.0007634839275851,0.5845029354095459,3.0069671993260272e-05,0.0404023043811321,3.91241954389443e-08,1.7366440943078487e-06,7.0972681065484275e-09,1.0783069228637032e-06,0.23076923076923078,insufficient-supports,True,0.000496661523357,0.5197138786315918,0.0002965701278299,0.2738699913024902,2.9135902877897024e-05,0.0342788472771644,5.0025803943754e-08,2.229235633421922e-06,1.8547805069601964e-08,3.881983502651565e-06,9.337963223622037e-07,-0.22703127307337198,0.00046705231351952374
604,With the duty to rescue there is a legal precedent that could be applied to the human responsibility to act to rescue animals.,Do we have a moral duty to intervene in nature to limit animal suffering?,7,605,supports,False,0.0004499671049416,0.5171299576759338,0.0003215770120732,0.3667000532150268,1.9312197764520533e-05,0.0351911336183548,3.937691417377209e-08,2.0196505374769917e-06,1.0352647628053546e-08,2.2355493456416298e-06,0.23076923076923078,supports,True,0.000496661523357,0.5197138786315918,0.0002965701278299,0.2738699913024902,2.9135902877897024e-05,0.0342788472771644,5.0025803943754e-08,2.229235633421922e-06,1.8547805069601964e-08,3.881983502651565e-06,-0.3371683779475019,-0.09401658115125636,2.501430273826066e-05
605,There is no such thing as unnecessary suffering in nature.,Do we have a moral duty to intervene in nature to limit animal suffering?,1,606,refutes,"True.

Wait, the user is asking if I",0.0004521918890532,0.561915397644043,0.0003521673788782,0.3408189117908478,1.0717941222537776e-05,0.0211174823343753,5.3041816272525466e-08,2.7741837129724445e-06,1.617684119992191e-08,3.5621226288640173e-06,0.23076923076923078,refutes,True,0.000496661523357,0.5197138786315918,0.0002965701278299,0.2738699913024902,2.9135902877897024e-05,0.0342788472771644,5.0025803943754e-08,2.229235633421922e-06,1.8547805069601964e-08,3.881983502651565e-06,-0.632139725772199,-0.0895371036661426,5.5613744423592794e-05
606,Saving a prey from being eaten induces suffering from hunger for its predator.,Do we have a moral duty to intervene in nature to limit animal suffering?,5,607,refutes,"True.
But wait, the question is whether the",0.0005681079928763,0.6038381457328796,0.0003287956642452,0.2942872047424316,2.053229400189593e-05,0.033538069576025,4.302517808696393e-08,2.232783344879863e-06,2.0887048535200847e-08,3.5126615784975e-06,0.15384615384615385,refutes,False,0.000496661523357,0.5197138786315918,0.0002965701278299,0.2738699913024902,2.9135902877897024e-05,0.0342788472771644,5.0025803943754e-08,2.229235633421922e-06,1.8547805069601964e-08,3.881983502651565e-06,-0.29529233784369635,7.148197186433874e-05,3.223509638195463e-05
607,Basic animal rights stand against and outweigh the moral benefit of limiting suffering of sentient beings.,Do we have a moral duty to intervene in nature to limit animal suffering?,6,608,refutes,"True.
The question is whether the moral duty to",0.0004359677259344,0.4421671330928802,0.0006244949181564,0.4706844687461853,2.007435796258505e-05,0.0269723683595657,6.072875180507253e-08,3.102647269770386e-06,1.535463312052343e-08,3.0307746783364564e-06,0.23076923076923078,refutes,True,0.000496661523357,0.5197138786315918,0.0002965701278299,0.2738699913024902,2.9135902877897024e-05,0.0342788472771644,5.0025803943754e-08,2.229235633421922e-06,1.8547805069601964e-08,3.881983502651565e-06,-0.311009579942903,-0.12220354218777152,0.0003280220718742868
608,The technology to implement such changes beyond the small scale can only be obtained by carrying out immoral research.,Do we have a moral duty to intervene in nature to limit animal suffering?,5,609,refutes,"False.
None.
The question is about whether we",0.0009135495056398,0.4882522821426391,0.0007814002456143,0.3685521483421325,5.359201168175787e-05,0.0400781892240047,1.1186360637793769e-07,4.399100362206809e-06,4.8300240251819566e-08,5.023930043535074e-06,0.07692307692307693,refutes,"False.

The question is whether we have a moral",0.000496661523357,0.5197138786315918,0.0002965701278299,0.2738699913024902,2.9135902877897024e-05,0.0342788472771644,5.0025803943754e-08,2.229235633421922e-06,1.8547805069601964e-08,3.881983502651565e-06,2.445682137543314e-05,0.0004170951373891205,0.00048497394656972834
609,Sustainably reducing suffering in ecosystems will require dangerous and immoral experiments to study the effects of different interventions. This will in itself cause suffering and other moral harm. The end does not justify all means.,Do we have a moral duty to intervene in nature to limit animal suffering?,3,610,refutes,True,0.000757961475756,0.6274269223213196,0.0004185860452707,0.2535033822059631,5.405529373092577e-05,0.0461663976311683,1.9303044496155053e-08,6.965922807466995e-07,1.8275754243290976e-08,1.7788106561056338e-06,0.3076923076923077,refutes,"False.
The question is whether we have a moral",0.000496661523357,0.5197138786315918,0.0002965701278299,0.2738699913024902,2.9135902877897024e-05,0.0342788472771644,5.0025803943754e-08,2.229235633421922e-06,1.8547805069601964e-08,3.881983502651565e-06,2.4920116923135123e-05,0.00026142979451899664,0.00012205211445198492
610,"There are ""low-hanging fruits"" that don't require research and can be enacted immediately. For example in Sika deer, overpopulation can lead to mal-development and eventual mass die-off caused by social stress (cf. this paper).
 A lot of animal suffering could be avoided by euthanising an adequate number of Sika deer whenever overpopulation becomes apparent.",Do we have a moral duty to intervene in nature to limit animal suffering?,0,611,supports,True,0.000750760489609,0.8233088254928589,7.912957516964525e-05,0.066533550620079,1.924062962643802e-05,0.0202915873378515,1.7005374886025493e-08,5.67557435715571e-07,7.088895248585913e-09,6.953858928682166e-07,0.46153846153846156,supports,False,0.000496661523357,0.5197138786315918,0.0002965701278299,0.2738699913024902,2.9135902877897024e-05,0.0342788472771644,5.0025803943754e-08,2.229235633421922e-06,1.8547805069601964e-08,3.881983502651565e-06,-0.3396247335436349,0.00025422523014207815,-0.7331842699443061
611,Genetic editing is happening usually with the intention of being beneficial for humankind.,Do we have a moral duty to intervene in nature to limit animal suffering?,2,612,insufficient-neutral,True,0.0003293977642897,0.4602170884609222,0.0002952702343463,0.3936445415019989,3.13653436023742e-05,0.0694823861122131,3.4499983314617566e-08,1.8836352637663367e-06,1.3563266065830248e-08,2.254416131108883e-06,0.0,insufficient-neutral,"False.
The question is whether we have a moral",0.000496661523357,0.5197138786315918,0.0002965701278299,0.2738699913024902,2.9135902877897024e-05,0.0342788472771644,5.0025803943754e-08,2.229235633421922e-06,1.8547805069601964e-08,3.881983502651565e-06,2.229505683138228e-06,-0.3367761568014016,-0.004383089737026938
612,Selective breeding and hybridization has long been done for the benefit of humans.,Do we have a moral duty to intervene in nature to limit animal suffering?,2,613,insufficient-neutral,"False.
The given answer is False. The argument",0.0004181043477728,0.5195565819740295,0.0003747862938325,0.3801157474517822,2.570456126704812e-05,0.0522531792521476,3.141836302233969e-08,1.7492175174993465e-06,7.94380650148696e-09,1.0946322390736896e-06,0.0,insufficient-neutral,"True.
The question is about whether there is a",0.000496661523357,0.5197138786315918,0.0002965701278299,0.2738699913024902,2.9135902877897024e-05,0.0342788472771644,5.0025803943754e-08,2.229235633421922e-06,1.8547805069601964e-08,3.881983502651565e-06,-0.11777021722062288,-0.15817044785998682,7.823936946240279e-05
613,"The victims of selective breeding and hybridization suffer, as a result of these practices, from genetic disorders and shortened lifespans.",Do we have a moral duty to intervene in nature to limit animal suffering?,5,614,insufficient-supports,True,0.0005115809035487,0.6662236452102661,0.0002166169724659,0.2375493496656417,1.4176252989273053e-05,0.0254318006336689,4.07624369813675e-08,2.12363806895155e-06,1.0550765594530276e-08,1.6538909903829335e-06,0.07692307692307693,insufficient-supports,True,0.000496661523357,0.5197138786315918,0.0002965701278299,0.2738699913024902,2.9135902877897024e-05,0.0342788472771644,5.0025803943754e-08,2.229235633421922e-06,1.8547805069601964e-08,3.881983502651565e-06,-0.513443841137067,1.4926793755825624e-05,-0.2695927467443981
614,This may destabilize the ecosystem.,Do we have a moral duty to intervene in nature to limit animal suffering?,5,615,refutes,True,0.0001976262428797,0.3715505301952362,0.0003550700494088,0.5158467888832092,1.896561479952652e-05,0.0510757490992546,3.439402718186102e-08,2.689896064111963e-06,7.380344779761572e-09,2.1613923308905214e-06,0.0,refutes,False,0.000496661523357,0.5197138786315918,0.0002965701278299,0.2738699913024902,2.9135902877897024e-05,0.0342788472771644,5.0025803943754e-08,2.229235633421922e-06,1.8547805069601964e-08,3.881983502651565e-06,-0.3490637692263126,-0.6020906923815672,5.851727605493987e-05
615,"In Estonia, rabid foxes started ending up in people's backyards and so a general vaccination program was launched. Rabies killed most of the fox population and by removing it, we only managed to disrupt a working
 ecosystem and even made the initial problem worse. (p. 597)",Do we have a moral duty to intervene in nature to limit animal suffering?,0,616,refutes,True,0.0004235009837429,0.7421494126319885,0.0001130967211793,0.1211525648832321,2.4079681679722853e-05,0.0393324792385101,1.462706578081452e-08,5.662998319166945e-07,3.698301442867091e-09,5.531815077119973e-07,0.3076923076923077,refutes,True,0.000496661523357,0.5197138786315918,0.0002965701278299,0.2738699913024902,2.9135902877897024e-05,0.0342788472771644,5.0025803943754e-08,2.229235633421922e-06,1.8547805069601964e-08,3.881983502651565e-06,-0.17353919730457038,-0.14730462533034241,-0.6186510016808994
616,"Humans are not capable of fairly and consistently applying such morals, which would make the attempt at it corrupt and immoral.",Do we have a moral duty to intervene in nature to limit animal suffering?,3,617,refutes,False,0.0001481637154938,0.1400675922632217,0.0008459881646558,0.7454589605331421,2.2544820240000263e-05,0.0322453901171684,2.899173168202651e-08,1.1763075917770038e-06,2.171380231175135e-08,3.24788925354369e-06,0.0,refutes,True,0.000496661523357,0.5197138786315918,0.0002965701278299,0.2738699913024902,2.9135902877897024e-05,0.0342788472771644,5.0025803943754e-08,2.229235633421922e-06,1.8547805069601964e-08,3.881983502651565e-06,-0.226218582122501,-0.7016807050154759,0.0005495810261410756
617,"We coexist regardless of our actions, so all we can do is control the impact we have and how we focus them.",Do we have a moral duty to intervene in nature to limit animal suffering?,3,618,insufficient-supports,True,0.0003595376911107,0.3023056983947754,0.0009472556994296,0.6012066602706909,2.9977407393744212e-05,0.0349944233894348,2.5579543816434125e-08,1.0834295380846015e-06,1.551477879502272e-08,1.871998279057152e-06,0.23076923076923078,insufficient-supports,True,0.000496661523357,0.5197138786315918,0.0002965701278299,0.2738699913024902,2.9135902877897024e-05,0.0342788472771644,5.0025803943754e-08,2.229235633421922e-06,1.8547805069601964e-08,3.881983502651565e-06,8.415290345554075e-07,-0.2760911119497684,0.0006508786027501194
618,Nature is more efficient when dealing with problems on its own.,Do we have a moral duty to intervene in nature to limit animal suffering?,6,619,refutes,False,0.0002513636136427,0.2866344451904297,0.0006886360934004,0.6260672211647034,1.820871875679586e-05,0.0288275852799415,2.1655962356703643e-08,1.2586322100105465e-06,9.761106589678548e-09,1.7474376363679769e-06,0.07692307692307693,refutes,True,0.000496661523357,0.5197138786315918,0.0002965701278299,0.2738699913024902,2.9135902877897024e-05,0.0342788472771644,5.0025803943754e-08,2.229235633421922e-06,1.8547805069601964e-08,3.881983502651565e-06,-0.375041891335748,-0.4938935234126844,0.00039218227511796436
619,Humans don't have the capacity to manage nature to the macro- and micro-levels regions (like forests) need as well as nature can.,Do we have a moral duty to intervene in nature to limit animal suffering?,6,620,refutes,False,0.0007392252446152,0.5748432278633118,0.0005080615519545,0.3224578201770782,3.0511469958582893e-05,0.0329411402344703,7.35903711301944e-08,2.5241770345019177e-06,2.379815100539417e-08,2.2450496999226743e-06,0.3076923076923077,refutes,True,0.000496661523357,0.5197138786315918,0.0002965701278299,0.2738699913024902,2.9135902877897024e-05,0.0342788472771644,5.0025803943754e-08,2.229235633421922e-06,1.8547805069601964e-08,3.881983502651565e-06,1.3756071602424879e-06,0.00024268425318908364,0.00021155416477028886
620,"Wild animals lose fear and become imprinted with humans, so humans carry responsibility for the animals they made used to humans.",Do we have a moral duty to intervene in nature to limit animal suffering?,0,621,supports,True,0.0006547571392729,0.7763737440109253,0.0001404992071911,0.1528770625591278,1.0749823559308425e-05,0.0191348064690828,4.0949192481321006e-08,2.253285401820904e-06,9.390286770383229e-09,1.5246491784637328e-06,0.07692307692307693,supports,True,0.000496661523357,0.5197138786315918,0.0002965701278299,0.2738699913024902,2.9135902877897024e-05,0.0342788472771644,5.0025803943754e-08,2.229235633421922e-06,1.8547805069601964e-08,3.881983502651565e-06,-0.6310454628998843,0.00015817417494258274,-0.5262530039044109
621,Nature cannot effectively be left alone because humans have destabilised it so much already.,Do we have a moral duty to intervene in nature to limit animal suffering?,3,622,supports,"True.
The question is whether the argument implies that",0.0011888332664966,0.815843403339386,0.0002131460787495,0.1212642937898635,2.606035559438169e-05,0.024636335670948,2.121883468930719e-08,6.626821686950279e-07,8.473303836353807e-09,6.837179853391717e-07,0.15384615384615385,supports,False,0.000496661523357,0.5197138786315918,0.0002965701278299,0.2738699913024902,2.9135902877897024e-05,0.0342788472771644,5.0025803943754e-08,2.229235633421922e-06,1.8547805069601964e-08,3.881983502651565e-06,-0.10555867434087636,0.0006925156890366656,-0.2812961969259712
622,Certain interventions can be helpful and not impact negatively on ecosystems (e.g. fixing a lion's wound in a safari).,Do we have a moral duty to intervene in nature to limit animal suffering?,0,623,supports,True,0.0007001235499046,0.7326195240020752,0.0001742745225783,0.1420247703790664,2.9582835850305852e-05,0.0364749766886234,3.5321111369057696e-08,1.3621568086819025e-06,1.573499197604633e-08,1.891167357825907e-06,0.15384615384615385,supports,True,0.000496661523357,0.5197138786315918,0.0002965701278299,0.2738699913024902,2.9135902877897024e-05,0.0342788472771644,5.0025803943754e-08,2.229235633421922e-06,1.8547805069601964e-08,3.881983502651565e-06,4.469459945839176e-07,0.00020356312852111064,-0.4123665662029979
623,Nature is the survival of the fittest.,Do we have a moral duty to intervene in nature to limit animal suffering?,1,624,insufficient-neutral,"False.
None.

Okay, let's break this",0.0001999102096306,0.3067553341388702,0.0004909320850856,0.6005977988243103,1.381829224555986e-05,0.0313370302319526,2.806518395459534e-08,1.8267816130901335e-06,1.0947635686875401e-08,2.9884151899750577e-06,0.07692307692307693,insufficient-neutral,True,0.000496661523357,0.5197138786315918,0.0002965701278299,0.2738699913024902,2.9135902877897024e-05,0.0342788472771644,5.0025803943754e-08,2.229235633421922e-06,1.8547805069601964e-08,3.881983502651565e-06,-0.5257297395769862,-0.5974920539860209,0.0001944196163061606
624,Animal suffering shouldn't be analysed from the point of view of human morality.,Do we have a moral duty to intervene in nature to limit animal suffering?,1,625,refutes,"False.
Okay, let's break this down.",0.0004519771027844,0.2694819271564483,0.0011362703517079,0.6265642046928406,3.458150604274124e-05,0.032691866159439,3.3176956293345945e-08,1.0121422064912622e-06,2.1843137076871244e-08,2.012885033764178e-06,0.15384615384615385,refutes,True,0.000496661523357,0.5197138786315918,0.0002965701278299,0.2738699913024902,2.9135902877897024e-05,0.0342788472771644,5.0025803943754e-08,2.229235633421922e-06,1.8547805069601964e-08,3.881983502651565e-06,5.445761832032049e-06,-0.08996956371931565,0.0008399493277575036
625,"Fairness is not and has never been a natural state. It is an entirely human construct, and forcing our ideas onto the rest of the planet is deeply unethical.",Do we have a moral duty to intervene in nature to limit animal suffering?,1,626,refutes,False,0.0002142653393093,0.3112853169441223,0.0006297608488239,0.5815575122833252,3.1109946576179937e-05,0.0532546378672122,1.0355009294471529e-08,5.188074965190026e-07,1.2106233349129525e-08,1.5012193443908473e-06,0.07692307692307693,refutes,"True.
Okay, let's tackle this question.",0.000496661523357,0.5197138786315918,0.0002965701278299,0.2738699913024902,2.9135902877897024e-05,0.0342788472771644,5.0025803943754e-08,2.229235633421922e-06,1.8547805069601964e-08,3.881983502651565e-06,1.9741012155041986e-06,-0.5685888090121163,0.0003332895647228142
626,Natural doesn't mean good. Morality historically goes against nature and intuition.,Do we have a moral duty to intervene in nature to limit animal suffering?,0,627,supports,"False.
None.
Okay, let's try to",0.000474598549772,0.3467014133930206,0.0008593868697062,0.5627519488334656,1.825897561502643e-05,0.0211489219218492,4.4732185955354e-08,1.7250944210900343e-06,2.1800724780973724e-08,2.321368128832546e-06,0.07692307692307693,supports,True,0.000496661523357,0.5197138786315918,0.0002965701278299,0.2738699913024902,2.9135902877897024e-05,0.0342788472771644,5.0025803943754e-08,2.229235633421922e-06,1.8547805069601964e-08,3.881983502651565e-06,-0.3733169796883834,-0.044422554491182396,0.0005629837060259623
627,"Humanity is already forcing its view onto/against nature and/or other living creatures (eg. artificial selection, breeding, curing disease and more broadly all our activities have an impact on the planet).",Do we have a moral duty to intervene in nature to limit animal suffering?,0,628,insufficient-neutral,True,0.0009126799413934,0.7555001378059387,0.000192808554857,0.1022458225488662,5.567383050220087e-05,0.0446678921580314,3.670990977866495e-08,9.430700629309284e-07,1.9344764012885207e-08,1.4721115348947933e-06,0.15384615384615385,insufficient-neutral,True,0.000496661523357,0.5197138786315918,0.0002965701278299,0.2738699913024902,2.9135902877897024e-05,0.0342788472771644,5.0025803943754e-08,2.229235633421922e-06,1.8547805069601964e-08,3.881983502651565e-06,2.6538700853314415e-05,0.00041622514104901285,-0.34987196361331857
628,"""Forcing"" our ideas onto the rest of the planet isn't more unethical than doing nothing while we are aware of the suffering of sentient beings and we could find solutions to fix that.",Do we have a moral duty to intervene in nature to limit animal suffering?,6,629,supports,True,0.0006074135308153,0.8034818172454834,8.888424054021016e-05,0.095962218940258,2.818802749970928e-05,0.0412728376686573,1.6857194751196403e-08,8.059043921093689e-07,7.870005980237238e-09,9.348653975393972e-07,0.23076923076923078,supports,"False.
Okay, let's see. The question",0.000496661523357,0.5197138786315918,0.0002965701278299,0.2738699913024902,2.9135902877897024e-05,0.0342788472771644,5.0025803943754e-08,2.229235633421922e-06,1.8547805069601964e-08,3.881983502651565e-06,-0.03253289874558237,0.00011080704105210765,-0.7002926721224251
629,Plenty of porn is made in an ethical and safe way. It is perfectly possible to make choices about what porn you watch so that it is ethical.,Is it ethically wrong to watch pornography?,1,630,refutes,"None.
Okay, let's see. The user",0.000295609148452,0.429461807012558,0.0003736849757842,0.3616431057453155,8.403434185311198e-05,0.1309784501791,1.805943661281617e-08,9.48238323417172e-07,1.2756132150570922e-08,1.7994401559917603e-06,0.5714285714285714,refutes,"None.
Okay, let's tackle this question.",0.0002915913937613,0.4875891804695129,0.0002133328234776,0.2232345938682556,7.258283585542813e-05,0.1271952390670776,2.4253903774251743e-08,1.3398276905718376e-06,9.723201799261004e-09,1.934267174874549e-06,1.1452337240797963e-05,4.0189265751014594e-06,0.00016038636798332924
630,"So long as the participants are well informed of the repercussions and happy with the arrangements/compensation, it is good.",Is it ethically wrong to watch pornography?,1,631,supports,"False.
True",0.000105785424239,0.298559695482254,0.0002346952242078,0.4210366606712341,5.445366332423873e-05,0.1958002299070358,9.007649737213796e-09,8.733120466786204e-07,1.0907825753747602e-08,3.4540162232588045e-06,0.2857142857142857,supports,True,0.0002915913937613,0.4875891804695129,0.0002133328234776,0.2232345938682556,7.258283585542813e-05,0.1271952390670776,2.4253903774251743e-08,1.3398276905718376e-06,9.723201799261004e-09,1.934267174874549e-06,-0.2497721715819898,-0.6372134894845451,2.1366959003893433e-05
631,We should base our morality on informed consent.,Is it ethically wrong to watch pornography?,1,632,insufficient-neutral,True,0.0002873277699109,0.5276817083358765,0.0002135238464688,0.3006639778614044,2.867242983484175e-05,0.0610835924744606,5.492007204566107e-08,2.62560411101731e-06,1.1602161009705014e-08,2.5448227916058386e-06,0.0,insufficient-neutral,True,0.0002915913937613,0.4875891804695129,0.0002133328234776,0.2232345938682556,7.258283585542813e-05,0.1271952390670776,2.4253903774251743e-08,1.3398276905718376e-06,9.723201799261004e-09,1.934267174874549e-06,-0.6049695565498151,-0.014621912517384707,1.9106375136955083e-07
632,"This heavily depends on the way of defining good and wrong, if the actions of the participants have bad consequences then it could be seen as wrong, 
even if they're well informed of the repercussions and happy with the arrangements.",Is it ethically wrong to watch pornography?,1,633,insufficient-neutral,False,0.0001352311955997,0.3394598364830017,0.0001532370370114,0.244503766298294,0.0001352311955997,0.3042898178100586,2.353505834662428e-08,1.389384578942554e-06,1.7695935383699183e-08,3.7473480460903374e-06,0.2857142857142857,insufficient-neutral,True,0.0002915913937613,0.4875891804695129,0.0002133328234776,0.2232345938682556,7.258283585542813e-05,0.1271952390670776,2.4253903774251743e-08,1.3398276905718376e-06,9.723201799261004e-09,1.934267174874549e-06,6.26529072699561e-05,-0.5362304975626209,-0.28169967230809223
633,"Given the cost-benefit analysis of sexual gratification versus the hardship experienced by victims of non-consensual uploads, it is clearly not worth the risk.",Is it ethically wrong to watch pornography?,5,634,supports,True,0.0004676847893279,0.7010219693183899,0.0001654604129726,0.1588823944330215,3.691920937853865e-05,0.0566512569785118,2.0339829376325724e-08,1.031080159918929e-06,8.646133586864835e-09,1.10618759663339e-06,0.2857142857142857,supports,True,0.0002915913937613,0.4875891804695129,0.0002133328234776,0.2232345938682556,7.258283585542813e-05,0.1271952390670776,2.4253903774251743e-08,1.3398276905718376e-06,9.723201799261004e-09,1.934267174874549e-06,-0.49135068996098424,0.00017614475786204874,-0.22440246055256757
634,"Pornhub requires users who upload content to undergo verification, reducing the prospect of non-consensual uploads.",Is it ethically wrong to watch pornography?,3,635,supports,,0.0001204135769512,0.3070243000984192,0.0002064368745777,0.2929646372795105,0.0001021936695906,0.3167703151702881,1.2710615671096548e-08,1.001871510197816e-06,8.566902742757065e-09,2.154362164219492e-06,0.14285714285714285,supports,False,0.0002915913937613,0.4875891804695129,0.0002133328234776,0.2232345938682556,7.258283585542813e-05,0.1271952390670776,2.4253903774251743e-08,1.3398276905718376e-06,9.723201799261004e-09,1.934267174874549e-06,2.9612983129465543e-05,-0.5870468761167488,-0.03232483772298671
635,"The same is true of eating halal meat; we cannot know it is halal, but there comes a point when one has to trust that something is what it purports to be.",Is it ethically wrong to watch pornography?,7,636,insufficient-supports,"None.
Alright, let's tackle this. The",2.028993549174629e-05,0.0833194628357887,0.0001808422239264,0.4037545621395111,0.0001105466362787,0.4720369279384613,5.038452766115142e-09,4.624924372365058e-07,4.641639961278088e-09,1.492943965786253e-06,0.42857142857142855,insufficient-supports,True,0.0002915913937613,0.4875891804695129,0.0002133328234776,0.2232345938682556,7.258283585542813e-05,0.1271952390670776,2.4253903774251743e-08,1.3398276905718376e-06,9.723201799261004e-09,1.934267174874549e-06,3.7966556143584434e-05,-0.9304165488904798,-0.15230004938556257
636,If there was ethical certifications one could easily choose what type of porn industry they would want to contribute to.,Is it ethically wrong to watch pornography?,3,637,insufficient-refutes,"False.
None.
The question is whether it is",0.000224336516112,0.3993215262889862,0.000224336516112,0.3014236986637115,7.692528743064031e-05,0.1828227192163467,6.98733089166126e-08,3.890196694555925e-06,2.501160700774108e-08,4.9562390813662205e-06,0.14285714285714285,insufficient-refutes,True,0.0002915913937613,0.4875891804695129,0.0002133328234776,0.2232345938682556,7.258283585542813e-05,0.1271952390670776,2.4253903774251743e-08,1.3398276905718376e-06,9.723201799261004e-09,1.934267174874549e-06,4.342766785540934e-06,-0.2306476771545445,1.1006040584113136e-05
637,"Ethical porn focuses on treating performers fairly, showing a diverse range of bodies and representing more realistic human interactions.",Is it ethically wrong to watch pornography?,0,638,refutes,"False.
True",0.000202374838409,0.4518290162086487,0.0002831733145285,0.3925558626651764,3.685519550344907e-05,0.0848961547017097,7.411502078724652e-09,4.290729123113124e-07,8.80137651648738e-09,1.683810069152969e-06,0.0,refutes,"True.
The question is whether it is ethically",0.0002915913937613,0.4875891804695129,0.0002133328234776,0.2232345938682556,7.258283585542813e-05,0.1271952390670776,2.4253903774251743e-08,1.3398276905718376e-06,9.723201799261004e-09,1.934267174874549e-06,-0.4922326322870886,-0.3059642954528818,6.985539349923033e-05
638,Having pornography that is more representing of real human sexual interactions could constitute a great source of sex education.,Is it ethically wrong to watch pornography?,2,639,refutes,"True.
The question is whether it is ethically",0.0005931599298492,0.433312326669693,0.0007043948280625,0.3536592125892639,0.0001243330771103,0.1280868798494339,4.6348461069101177e-08,1.5651224885004922e-06,2.4233854034605432e-08,2.0096570096939104e-06,0.2857142857142857,refutes,True,0.0002915913937613,0.4875891804695129,0.0002133328234776,0.2232345938682556,7.258283585542813e-05,0.1271952390670776,2.4253903774251743e-08,1.3398276905718376e-06,9.723201799261004e-09,1.934267174874549e-06,5.1753997706792275e-05,0.00030165649652615925,0.00049116678658228
639,"Treating performers fairly is the only requirement for ethical porn. Porn is a fantasy, it doesn't have to accurately reflect reality.",Is it ethically wrong to watch pornography?,1,640,refutes,True,0.0003180513740517,0.447849690914154,0.0003776953672058,0.3830661177635193,5.70234697079286e-05,0.0895755738019943,2.4371287210556147e-08,1.279651655750058e-06,2.584195790689137e-08,3.5609432416094933e-06,0.42857142857142855,refutes,True,0.0002915913937613,0.4875891804695129,0.0002133328234776,0.2232345938682556,7.258283585542813e-05,0.1271952390670776,2.4253903774251743e-08,1.3398276905718376e-06,9.723201799261004e-09,1.934267174874549e-06,-0.21436701892567234,2.6467698043362132e-05,0.00016439761513560987
640,"It may be something more elemental in the structure of the media which engenders and cultivates a subliminally misogynistic or reductive or otherwise violent way of seeing, particularly of men seeing women.",Is it ethically wrong to watch pornography?,5,641,insufficient-supports,"None.
Okay, let me try to work through",7.07093786331825e-05,0.3066855370998382,0.0001593460474396,0.3475202620029449,7.238620310090482e-05,0.2426082342863083,7.434841631237532e-09,6.069952860343619e-07,8.933167094937744e-09,2.5555457341397414e-06,0.14285714285714285,insufficient-supports,"True.
True.

I cannot provide a definitive ethical",0.0002915913937613,0.4875891804695129,0.0002133328234776,0.2232345938682556,7.258283585542813e-05,0.1271952390670776,2.4253903774251743e-08,1.3398276905718376e-06,9.723201799261004e-09,1.934267174874549e-06,-0.0027090806277528744,-0.7575052620000644,-0.2530636174872012
641,"To say pornography is misogynistic is exaggerated since not all porn involves opportunities where women can get mistreated, as is the example with gay male porn.",Is it ethically wrong to watch pornography?,0,642,refutes,True,0.0001190010589198,0.2762695848941803,0.0003311494656372,0.4554915130138397,6.077979196561501e-05,0.1702047437429428,2.3014083083694462e-08,1.6452336240035947e-06,1.311302977313744e-08,3.349529379192973e-06,0.42857142857142855,refutes,True,0.0002915913937613,0.4875891804695129,0.0002133328234776,0.2232345938682556,7.258283585542813e-05,0.1271952390670776,2.4253903774251743e-08,1.3398276905718376e-06,9.723201799261004e-09,1.934267174874549e-06,-0.16261480762921202,-0.5918910452576127,0.00011784178167960936
642,"From a consequentialist point of view, supporting this kind of media will cause that more of this will be produced and shared in culture. Helping to spread media that cause 
people to be violent or mysogynistic is morally wrong.",Is it ethically wrong to watch pornography?,3,643,supports,True,0.0003157698665745,0.5077914595603943,0.0002577238192316,0.2398636937141418,0.0001401220215484,0.1727673411369323,5.082528176103551e-08,1.9072045915891067e-06,8.073201662739393e-09,1.2704722394119017e-06,0.42857142857142855,supports,True,0.0002915913937613,0.4875891804695129,0.0002133328234776,0.2232345938682556,7.258283585542813e-05,0.1271952390670776,2.4253903774251743e-08,1.3398276905718376e-06,9.723201799261004e-09,1.934267174874549e-06,6.754408823444121e-05,2.4185525104173996e-05,4.4400467831166156e-05
643,"Depicting unethical acts is not necessarily unethical, otherwise movie murders would make such movies unethical and documentaries of real executions would also be unethical.",Is it ethically wrong to watch pornography?,7,644,refutes,"None.
Wait, but the question is about whether",8.560094283893704e-05,0.1781393438577652,0.0004020479391328,0.4693346619606018,0.00012166347733,0.2716300785541534,1.8540390556154307e-08,1.09452594188042e-06,1.7691364817551403e-08,3.5888124330085702e-06,0.14285714285714285,refutes,True,0.0002915913937613,0.4875891804695129,0.0002133328234776,0.2232345938682556,7.258283585542813e-05,0.1271952390670776,2.4253903774251743e-08,1.3398276905718376e-06,9.723201799261004e-09,1.934267174874549e-06,4.908420414530445e-05,-0.7064352903741359,0.0001887553833740818
644,"Any porn watched furthers the demand, giving more power to those who traffic people and force them into this kind of work.",Is it ethically wrong to watch pornography?,5,645,supports,"True.

True. The argument suggests that watching pornography",0.0004245330055709,0.7675737142562866,8.359550702152774e-05,0.0916736125946044,3.512110561132431e-05,0.0660300254821777,2.2357962592423064e-08,1.2693308235611769e-06,8.289544162209951e-09,1.50736764226167e-06,0.14285714285714285,supports,"False.
Okay, so the user is asking if",0.0002915913937613,0.4875891804695129,0.0002133328234776,0.2232345938682556,7.258283585542813e-05,0.1271952390670776,2.4253903774251743e-08,1.3398276905718376e-06,9.723201799261004e-09,1.934267174874549e-06,-0.5161238163623257,0.00013298038774620587,-0.6081451243235184
645,By the same reasoning we should ban entire industries because of the misdeeds of a few.,Is it ethically wrong to watch pornography?,7,646,refutes,"True.
None.

The question is about whether it",0.0001298566785408,0.2660478353500366,0.0003448101051617,0.4817503988742828,5.899005554965697e-05,0.1539766788482666,4.565265143696706e-08,3.077889004998724e-06,2.1147684492461852e-08,5.617048373096623e-06,0.0,refutes,True,0.0002915913937613,0.4875891804695129,0.0002133328234776,0.2232345938682556,7.258283585542813e-05,0.1271952390670776,2.4253903774251743e-08,1.3398276905718376e-06,9.723201799261004e-09,1.934267174874549e-06,-0.18727265400384072,-0.5546621700121159,0.0001315053360887502
646,"Watching pornography contributes to human rights abuses, including gender inequality.",Is it ethically wrong to watch pornography?,1,647,supports,True,0.0005648534861393,0.7019141316413879,0.0002110703062498,0.1667192131280899,3.904408367816359e-05,0.05246052891016,3.142006477219184e-08,1.357054316031281e-06,8.725036693135735e-09,1.1790291409852216e-06,0.2857142857142857,supports,True,0.0002915913937613,0.4875891804695129,0.0002133328234776,0.2232345938682556,7.258283585542813e-05,0.1271952390670776,2.4253903774251743e-08,1.3398276905718376e-06,9.723201799261004e-09,1.934267174874549e-06,-0.46207552766424925,0.0002733417964934127,-0.010605574852092757
647,"Feminist pornography seeks to use pornography to empower women, so porn isn't inherently misogynistic.",Is it ethically wrong to watch pornography?,0,648,refutes,"True.
The question is about whether it is eth",0.000203017698368,0.3613738119602203,0.00035630716593,0.3787164986133575,9.894293179968372e-05,0.1964755356311798,1.1881169825755933e-08,6.512287882287637e-07,7.319775452430122e-09,1.2071874380126246e-06,0.42857142857142855,refutes,True,0.0002915913937613,0.4875891804695129,0.0002133328234776,0.2232345938682556,7.258283585542813e-05,0.1271952390670776,2.4253903774251743e-08,1.3398276905718376e-06,9.723201799261004e-09,1.934267174874549e-06,2.636200937365478e-05,-0.3037596351893959,0.00014300485008083872
648,"Porn is made to promote arousal, entertainment and even escapism. As long as the one watching is mature enough to know what happens on screen may differ from reality, there is nothing morally wrong with it.",Is it ethically wrong to watch pornography?,2,649,refutes,True,0.0003075833665207,0.475677877664566,0.0003710163582582,0.3373061418533325,7.192479824880138e-05,0.0966398268938064,1.1003574940104954e-08,5.000091505280579e-07,1.0458750310249345e-08,1.2375346614135196e-06,0.5714285714285714,refutes,True,0.0002915913937613,0.4875891804695129,0.0002133328234776,0.2232345938682556,7.258283585542813e-05,0.1271952390670776,2.4253903774251743e-08,1.3398276905718376e-06,9.723201799261004e-09,1.934267174874549e-06,-0.009066022274707493,1.5996637241148667e-05,0.00015771718103214054
649,Personal psychological detrimental effects do not nearly exhaust the potential suffering which is caused by the production and dissemination of pornography. Actresses and actors are affected by the industry.,Is it ethically wrong to watch pornography?,1,650,supports,"True.
True. The argument suggests that the production",0.0003336989320814,0.5324472784996033,0.0002384838735451,0.27194744348526,6.172809662530199e-05,0.1133645698428154,3.194731590383526e-08,1.6578998156546731e-06,1.1480508099737108e-08,1.968804781427025e-06,0.2857142857142857,supports,True,0.0002915913937613,0.4875891804695129,0.0002133328234776,0.2232345938682556,7.258283585542813e-05,0.1271952390670776,2.4253903774251743e-08,1.3398276905718376e-06,9.723201799261004e-09,1.934267174874549e-06,-0.14954967110608378,4.211982009714713e-05,2.515641675691534e-05
650,Watching porn can be harmful for the individual.,Is it ethically wrong to watch pornography?,5,651,supports,True,0.0001906692777993,0.5423492193222046,0.0001384110510116,0.2058525532484054,6.798522372264415e-05,0.1874308884143829,1.120217785199884e-08,8.761025469539163e-07,5.8801186142432024e-09,1.4444489124798563e-06,0.0,supports,True,0.0002915913937613,0.4875891804695129,0.0002133328234776,0.2232345938682556,7.258283585542813e-05,0.1271952390670776,2.4253903774251743e-08,1.3398276905718376e-06,9.723201799261004e-09,1.934267174874549e-06,-0.06334296639968147,-0.3461080063447139,-0.3511966477763644
651,People can become addicted to pornography which is problematic.,Is it ethically wrong to watch pornography?,5,652,supports,"True.
The question is whether it is ethically",0.000206411757972,0.4829582571983337,0.0002146342740161,0.2839165031909942,6.701208621961996e-05,0.1749158948659896,1.2079798494823992e-08,7.561602046735061e-07,6.41553299374209e-09,1.348001319456671e-06,0.42857142857142855,supports,"True.
Okay, let's see. The user",0.0002915913937613,0.4875891804695129,0.0002133328234776,0.2232345938682556,7.258283585542813e-05,0.1271952390670776,2.4253903774251743e-08,1.3398276905718376e-06,9.723201799261004e-09,1.934267174874549e-06,-0.07675023399339335,-0.29211985542697116,1.301728239860811e-06
652,Pornography addiction shows similar side effects to alcohol and drug addiction.,Is it ethically wrong to watch pornography?,7,653,supports,"True.
True.
The original question is whether it",0.0002520428970456,0.4888992607593536,0.0002423872501822,0.3156570792198181,4.662324499804527e-05,0.1143234148621559,2.3296241380421637e-08,1.3329729426914128e-06,9.339284012810369e-09,1.7521598465464194e-06,0.2857142857142857,supports,True,0.0002915913937613,0.4875891804695129,0.0002133328234776,0.2232345938682556,7.258283585542813e-05,0.1271952390670776,2.4253903774251743e-08,1.3398276905718376e-06,9.723201799261004e-09,1.934267174874549e-06,-0.35765467898071196,-0.13562984903482736,2.9060626290058507e-05
653,"
There have been numerous studies about behavioural addiction with pornography (Pornography Addiction: A Neuroscience Perspective, Neuroscience of Internet Pornography Addiction: A Review and Update)",Is it ethically wrong to watch pornography?,4,654,insufficient-supports,True,8.725289080757648e-05,0.3088730573654175,0.0001020089621306,0.2481864839792251,7.882641511969268e-05,0.2901593744754791,2.4551788158078125e-08,1.6879218946996843e-06,9.174332404882081e-09,3.4905544907815056e-06,0.14285714285714285,insufficient-supports,"True.
Okay, let's tackle this question.",0.0002915913937613,0.4875891804695129,0.0002133328234776,0.2232345938682556,7.258283585542813e-05,0.1271952390670776,2.4253903774251743e-08,1.3398276905718376e-06,9.723201799261004e-09,1.934267174874549e-06,6.244032473848679e-06,-0.7007700066792689,-0.5218318472154334
654,"Porn can often be the closest thing to physical contact/stimulation for long-term single individuals, and can offer an alternative to other, more unethical methods of satisfying natural sexual urges (i.e. prostitution).",Is it ethically wrong to watch pornography?,6,655,supports,"False.
Okay, let's break this down.",0.0002794251777231,0.4287683665752411,0.0002951318165287,0.2600611746311188,0.0001567433355376,0.1993958055973053,1.874852095795632e-08,7.430789992213249e-07,1.4601363673705237e-08,1.7412610304745613e-06,0.14285714285714285,supports,"False.

I think the answer is False because the",0.0002915913937613,0.4875891804695129,0.0002133328234776,0.2232345938682556,7.258283585542813e-05,0.1271952390670776,2.4253903774251743e-08,1.3398276905718376e-06,9.723201799261004e-09,1.934267174874549e-06,8.416660873331807e-05,-0.04172350864428943,8.181644718478483e-05
655,Porn is damaging to relationships.,Is it ethically wrong to watch pornography?,5,656,supports,"True.
True.
The argument that ""porn is",0.0002236456930404,0.5976066589355469,0.000185408789548,0.2651863396167755,3.3241965866182e-05,0.0902251079678535,1.0153498486431545e-08,7.756922286716872e-07,4.102384210113996e-09,8.789744470050209e-07,0.2857142857142857,supports,True,0.0002915913937613,0.4875891804695129,0.0002133328234776,0.2232345938682556,7.258283585542813e-05,0.1271952390670776,2.4253903774251743e-08,1.3398276905718376e-06,9.723201799261004e-09,1.934267174874549e-06,-0.5420134047615062,-0.2330168248261851,-0.1308942218754819
656,A utilitarian would argue that time and resources dedicated to porn could be better applied in maximizing well-being.,Is it ethically wrong to watch pornography?,6,657,supports,True,0.0005299989716149,0.701078474521637,0.0001693978556431,0.1492682248353958,4.023551446152851e-05,0.0716196745634079,2.57140264636746e-08,1.2245367315699696e-06,1.2829204365516489e-08,1.7404177015123423e-06,0.14285714285714285,supports,"True.
Okay, let's tackle this question.",0.0002915913937613,0.4875891804695129,0.0002133328234776,0.2232345938682556,7.258283585542813e-05,0.1271952390670776,2.4253903774251743e-08,1.3398276905718376e-06,9.723201799261004e-09,1.934267174874549e-06,-0.44566075453885035,0.0002384771157281554,-0.2059456539237769
657,"Masturbation is natural and beneficial, and porn is a useful masturbation aid.",Is it ethically wrong to watch pornography?,2,658,supports,True,0.0002380353398621,0.4371554255485534,0.0002916469820775,0.3299822211265564,6.406634201994166e-05,0.1441585570573806,2.4163950840261353e-08,1.39346593641676e-06,1.128126214666736e-08,1.889820055112068e-06,0.14285714285714285,supports,True,0.0002915913937613,0.4875891804695129,0.0002133328234776,0.2232345938682556,7.258283585542813e-05,0.1271952390670776,2.4253903774251743e-08,1.3398276905718376e-06,9.723201799261004e-09,1.934267174874549e-06,-0.1173348180064194,-0.1836681570342971,7.833086914538025e-05
658,Porn gives access to fetishes and habits that would not be accessible otherwise and allows people to explore in a safe way.,Is it ethically wrong to watch pornography?,2,659,refutes,True,0.0003067138313781,0.4743331372737884,0.0003019587020389,0.2619516551494598,0.000105172584881,0.1800365597009658,1.7465595192334152e-08,8.682528118697519e-07,1.4593051211875265e-08,2.269739752591704e-06,0.14285714285714285,refutes,"None.
Okay, let's see. The user",0.0002915913937613,0.4875891804695129,0.0002133328234776,0.2232345938682556,7.258283585542813e-05,0.1271952390670776,2.4253903774251743e-08,1.3398276905718376e-06,9.723201799261004e-09,1.934267174874549e-06,3.259211465367996e-05,1.5126848475630237e-05,8.864478940451025e-05
659,The survivors of Uruguayan Air Force Flight 571 stayed alive for 72 days by eating the dead and preserved bodies of their fellow passengers.,Is cannibalism ethically permissible?,0,660,insufficient-neutral,False,0.0001480694772908,0.4554000794887543,0.0001492307928856,0.3437540233135223,2.5530378479743376e-05,0.115143172442913,1.4010568705202786e-08,1.121726540986856e-06,6.854930401090087e-09,1.8065728681904147e-06,0.0,insufficient-neutral,False,0.0002214429987361,0.2975359261035919,0.0004104904364794,0.4130876958370209,9.01727908058092e-05,0.1695308536291122,2.0548013068832915e-08,1.1711400702552055e-06,1.2560747997270028e-08,2.479303475411143e-06,-0.7168727034885269,-0.3313427015714384,-0.6364573212338677
660,If the to-be-cannabalized person is still alive and not giving consent this isn't permissable.,Is cannibalism ethically permissible?,0,661,insufficient-refutes,"False.

True",0.0002836734638549,0.2660857141017914,0.0007711043581366,0.5633034706115723,6.685400876449421e-05,0.0919567644596099,1.5474180159458232e-08,7.254768092934682e-07,1.9108062687678284e-08,2.7166140625922708e-06,0.25,insufficient-refutes,True,0.0002214429987361,0.2975359261035919,0.0004104904364794,0.4130876958370209,9.01727908058092e-05,0.1695308536291122,2.0548013068832915e-08,1.1711400702552055e-06,1.2560747997270028e-08,2.479303475411143e-06,-0.2586010905610423,6.224424867187996e-05,0.0003607620110125658
661,"If the to-be-cannibalised person is still alive and not consenting this is murder which is largely already agreed to be unethical and illegal. 
However the ethicacy of the act itself changes if the person consents or is already dead. In one instance they are arguably make a choice 
about their body and in the other they could be said to be a resource, just meat.",Is cannibalism ethically permissible?,1,662,insufficient-supports,True,0.0005375691107474,0.4663456082344055,0.0004598071973305,0.3255617022514343,8.639521547593176e-05,0.0836111605167388,2.3747299238152664e-08,6.343653353724221e-07,2.3016673011966304e-08,2.0477564248722047e-06,0.25,insufficient-supports,"False.
True",0.0002214429987361,0.2975359261035919,0.0004104904364794,0.4130876958370209,9.01727908058092e-05,0.1695308536291122,2.0548013068832915e-08,1.1711400702552055e-06,1.2560747997270028e-08,2.479303475411143e-06,-0.04189262965158303,0.0003161961314308328,4.933701322319257e-05
662,"Eating another human being after they are dead in order to save ones own life, provided it is absolutely necessary and the last resort, 
is ethically no different than accepting an organ transplant from a dead person. It achieves the same result.",Is cannibalism ethically permissible?,7,663,supports,"False.
True",0.0005302524077706,0.6093987822532654,0.0002245229989057,0.1947755515575409,9.000954014481977e-05,0.0979392975568771,2.5526118108132323e-08,8.963185678112495e-07,1.4487640420668413e-08,2.235809006378986e-06,0.5,supports,"False.
The question is too vague to determine a",0.0002214429987361,0.2975359261035919,0.0004104904364794,0.4130876958370209,9.01727908058092e-05,0.1695308536291122,2.0548013068832915e-08,1.1711400702552055e-06,1.2560747997270028e-08,2.479303475411143e-06,-0.0018104204109751967,0.00030887780786251613,-0.4530371990360184
663,"Any benefit derived from eating human flesh (outside survival) is extremely small compared to the value of that human life. 
Therefore, even if cannibalism only very slightly devalues human life, it is still unethical.",Is cannibalism ethically permissible?,1,664,refutes,"False.
True",0.0001467709516873,0.2397401332855224,0.0005410765879787,0.6829560399055481,8.67762810230488e-06,0.0139545490965247,4.252086682754452e-09,2.189440237998497e-07,2.734650061952948e-09,5.09060100739589e-07,0.5,refutes,"False.
Okay, let's see. The question",0.0002214429987361,0.2975359261035919,0.0004104904364794,0.4130876958370209,9.01727908058092e-05,0.1695308536291122,2.0548013068832915e-08,1.1711400702552055e-06,1.2560747997270028e-08,2.479303475411143e-06,-0.9037666681405868,-0.33720662868094936,0.00013063977787874308
664,Cannibalism permits humans to view other humans as prey. It is ethically wrong to view other persons as such.,Is cannibalism ethically permissible?,1,665,refutes,True,0.0001786367647582,0.3306421637535095,0.0003636864130385,0.5537214279174805,1.432372118870262e-05,0.0327380076050758,1.0702244424010132e-08,7.131361030587868e-07,5.035673655839901e-09,1.569849132465606e-06,0.75,refutes,False,0.0002214429987361,0.2975359261035919,0.0004104904364794,0.4130876958370209,9.01727908058092e-05,0.1695308536291122,2.0548013068832915e-08,1.1711400702552055e-06,1.2560747997270028e-08,2.479303475411143e-06,-0.8411525132947327,-0.19330588107196575,-0.11401976582528447
665,"Cannibalism is a violation of the dignity possessed by mankind, which is degraded by using human flesh as food.",Is cannibalism ethically permissible?,1,666,refutes,False,0.0001799575838958,0.2783045470714569,0.0005993503145873,0.6271689534187317,1.2833977962145582e-05,0.0254850219935178,1.0823574925211688e-08,6.33993749943329e-07,7.1539458801339614e-09,1.6703509118087825e-06,0.5,refutes,"False.
The question is whether cannibalism is",0.0002214429987361,0.2975359261035919,0.0004104904364794,0.4130876958370209,9.01727908058092e-05,0.1695308536291122,2.0548013068832915e-08,1.1711400702552055e-06,1.2560747997270028e-08,2.479303475411143e-06,-0.8576734972106599,-0.18734128004534192,0.00018893743511810897
666,We have relationships and a closeness with others of our own species that cannibalism debases.,Is cannibalism ethically permissible?,1,667,refutes,True,0.000221644542762,0.307260125875473,0.0005659891758114,0.4987323880195617,6.251771264942363e-05,0.1112822443246841,2.2765277662983866e-08,1.1272994697719696e-06,1.1996458049168268e-08,2.4430869416391943e-06,0.25,refutes,False,0.0002214429987361,0.2975359261035919,0.0004104904364794,0.4130876958370209,9.01727908058092e-05,0.1695308536291122,2.0548013068832915e-08,1.1711400702552055e-06,1.2560747997270028e-08,2.479303475411143e-06,-0.3066898330333583,2.015886662987824e-07,0.00015556259629005096
667,If the person in question wants to be eaten after death then not doing so would be disrespecting that person's last wish.,Is cannibalism ethically permissible?,1,668,supports,False,0.0002258368767797,0.4115251898765564,0.0003135434526484,0.4449648261070251,3.490483868517913e-05,0.0761245042085647,1.63203370817655e-08,1.1308143257338088e-06,8.769837300803829e-09,2.031705207627965e-06,0.0,supports,,0.0002214429987361,0.2975359261035919,0.0004104904364794,0.4130876958370209,9.01727908058092e-05,0.1695308536291122,2.0548013068832915e-08,1.1711400702552055e-06,1.2560747997270028e-08,2.479303475411143e-06,-0.6129116291814886,4.394851252640366e-06,-0.23617355050332622
668,"Respecting someone in death respects that they once were a human life, which still merits dignity.",Is cannibalism ethically permissible?,1,669,refutes,False,0.0002936535165645,0.3677699863910675,0.0005034392233937,0.4436152875423431,7.600794924655929e-05,0.1087125986814498,3.471552645351039e-08,1.5530379187111976e-06,2.024938616784766e-08,3.934959295293083e-06,0.0,refutes,True,0.0002214429987361,0.2975359261035919,0.0004104904364794,0.4130876958370209,9.01727908058092e-05,0.1695308536291122,2.0548013068832915e-08,1.1711400702552055e-06,1.2560747997270028e-08,2.479303475411143e-06,-0.15708554024633078,7.222651188377978e-05,9.298695717093597e-05
669,"It is unclear why it is more ethically wrong to view humans as prey instead of other organisms. Moral philosophers such as Peter Singer 
have argued that any causing of suffering is wrong, regardless of the species of the victim.",Is cannibalism ethically permissible?,4,670,insufficient-supports,False,0.0004796341818291,0.5058326721191406,0.0003706325660459,0.336957186460495,6.749721069354564e-05,0.0787935331463813,1.8552837488527985e-08,5.794208277620783e-07,1.1978611880181234e-08,1.5873821439527092e-06,0.5,insufficient-supports,True,0.0002214429987361,0.2975359261035919,0.0004104904364794,0.4130876958370209,9.01727908058092e-05,0.1695308536291122,2.0548013068832915e-08,1.1711400702552055e-06,1.2560747997270028e-08,2.479303475411143e-06,-0.2514680970792659,0.00025824837038655713,-0.09709817060622362
670,"Legal or ethical status for cannibalism may allow for easier concealment of a crime, as a victim's remains may be swapped or 
added to otherwise common food.",Is cannibalism ethically permissible?,5,671,refutes,False,0.0002329311391804,0.3081194758415222,0.0004668720939662,0.4483111798763275,0.0001217908720718,0.1675216406583786,2.1783533199482008e-08,8.600028422733885e-07,8.332945000688596e-09,1.5817871599210775e-06,0.25,refutes,False,0.0002214429987361,0.2975359261035919,0.0004104904364794,0.4130876958370209,9.01727908058092e-05,0.1695308536291122,2.0548013068832915e-08,1.1711400702552055e-06,1.2560747997270028e-08,2.479303475411143e-06,3.162093261373246e-05,1.1490684976038623e-05,5.640481112233717e-05
671,Humans have evolved past needing to eat each other.,Is cannibalism ethically permissible?,1,672,insufficient-refutes,"False.
The question is about the ethics of cann",7.577212090836838e-05,0.2500191628932953,0.0002279879699926,0.5130060315132141,4.283766975277104e-05,0.1745415031909942,9.838142744911238e-09,1.0724201047196402e-06,6.1565521569662e-09,2.132762119799736e-06,0.0,insufficient-refutes,True,0.0002214429987361,0.2975359261035919,0.0004104904364794,0.4130876958370209,9.01727908058092e-05,0.1695308536291122,2.0548013068832915e-08,1.1711400702552055e-06,1.2560747997270028e-08,2.479303475411143e-06,-0.5249379622171868,-0.6578256195009886,-0.4445961471162281
672,"For example, most humans in Europe have evolved past needing to wash their clothes manually, but that doesn't make it ethically wrong.",Is cannibalism ethically permissible?,0,673,insufficient-neutral,False,0.0001331838429905,0.2927407920360565,0.0002775789471343,0.4193318486213684,9.370652696816252e-05,0.2244521677494049,9.662337596694217e-09,6.668803962384118e-07,9.700155345626628e-09,2.1359635411499767e-06,0.25,insufficient-neutral,True,0.0002214429987361,0.2975359261035919,0.0004104904364794,0.4130876958370209,9.01727908058092e-05,0.1695308536291122,2.0548013068832915e-08,1.1711400702552055e-06,1.2560747997270028e-08,2.479303475411143e-06,3.5340548379409186e-06,-0.3985637669709349,-0.32378705454145223
673,Cannibalism is still considered acceptable practice for some tribes.,Is cannibalism ethically permissible?,0,674,insufficient-supports,"True.
None.

The question asks whether cannibal",0.0001951079175341,0.5053102374076843,0.0001642973511479,0.2970565557479858,3.443859168328345e-05,0.1127499565482139,1.0275327255726552e-08,7.317000267903495e-07,5.027394500700666e-09,1.3669956615558476e-06,0.5,insufficient-supports,False,0.0002214429987361,0.2975359261035919,0.0004104904364794,0.4130876958370209,9.01727908058092e-05,0.1695308536291122,2.0548013068832915e-08,1.1711400702552055e-06,1.2560747997270028e-08,2.479303475411143e-06,-0.6180822244101509,-0.1189248761636591,-0.5997535227446278
674,"The Korowai believe the people they eat are not humans, but male witches called khakhua. They do not consider the practice cannibalism.",Is cannibalism ethically permissible?,0,675,insufficient-neutral,"False.
None.

The question is whether cannibal",0.000207586272154,0.4744549989700317,0.0001996337814489,0.32103231549263,4.351244569988921e-05,0.1237689852714538,1.4426741579143254e-08,7.664272629881452e-07,8.124342087967307e-09,1.5973716926964698e-06,0.25,insufficient-neutral,True,0.0002214429987361,0.2975359261035919,0.0004104904364794,0.4130876958370209,9.01727908058092e-05,0.1695308536291122,2.0548013068832915e-08,1.1711400702552055e-06,1.2560747997270028e-08,2.479303475411143e-06,-0.5174548185650032,-0.06257468811923682,-0.5136700792323613
675,"Some humans in non-developed areas rely on food in nature to survive, including meat from local animals.",Is cannibalism ethically permissible?,0,676,insufficient-neutral,False,0.0001237065298482,0.2418413013219833,0.0002787769481074,0.3864612877368927,9.70983601291664e-05,0.2495181709527969,2.5969358219413152e-08,1.5330925862144795e-06,2.0224955932235392e-08,4.299664396967273e-06,0.0,insufficient-neutral,"False.
The question is too vague to answer with",0.0002214429987361,0.2975359261035919,0.0004104904364794,0.4130876958370209,9.01727908058092e-05,0.1695308536291122,2.0548013068832915e-08,1.1711400702552055e-06,1.2560747997270028e-08,2.479303475411143e-06,6.926193877588799e-06,-0.4413617474733323,-0.32086859197415163
676,"""Meat donors"" could be treated similar to organ donors and checked for any health hazards beforehand.",Is cannibalism ethically permissible?,7,677,supports,"None.
Answer: None.
Answer: None.",0.000277322018519,0.4356325268745422,0.0002372060989728,0.240579143166542,0.0001259792043128,0.2224993109703064,1.9348638247151942e-08,1.0400219707662473e-06,1.3881970239992825e-08,2.676618805708131e-06,0.0,supports,True,0.0002214429987361,0.2975359261035919,0.0004104904364794,0.4130876958370209,9.01727908058092e-05,0.1695308536291122,2.0548013068832915e-08,1.1711400702552055e-06,1.2560747997270028e-08,2.479303475411143e-06,3.58096425623984e-05,5.589139654135367e-05,-0.42213976771976774
677,"Whether it is healthy or not doesn't affect the ethics of it. It only affects the health of the individual who eats that meat, but doesn't affect
 the others in the society.",Is cannibalism ethically permissible?,3,678,insufficient-supports,"False.
The given question is ""Is cannibal",0.0004973631585016,0.4149373769760132,0.0005012640031054,0.3282424807548523,0.0001127243449445,0.109947457909584,6.186088796766853e-08,1.6332476207026048e-06,3.1105610531767525e-08,4.04232650907943e-06,0.25,insufficient-supports,"False.
The question is about whether cannibalism",0.0002214429987361,0.2975359261035919,0.0004104904364794,0.4130876958370209,9.01727908058092e-05,0.1695308536291122,2.0548013068832915e-08,1.1711400702552055e-06,1.2560747997270028e-08,2.479303475411143e-06,2.2553587858650704e-05,0.0002759812738863844,9.081084360883007e-05
678,"If enough people's health is adversely affected, this might have a negative effect on society at large.",Is cannibalism ethically permissible?,5,679,insufficient-refutes,False,0.0001684012386249,0.2446538060903549,0.0005268808454275,0.517932116985321,8.07997930678539e-05,0.1629745662212371,2.8517302297359493e-08,1.6509476381543209e-06,1.479458155984048e-08,3.0843764307064703e-06,0.25,insufficient-refutes,True,0.0002214429987361,0.2975359261035919,0.0004104904364794,0.4130876958370209,9.01727908058092e-05,0.1695308536291122,2.0548013068832915e-08,1.1711400702552055e-06,1.2560747997270028e-08,2.479303475411143e-06,-0.10394485580623136,-0.2395278261852451,0.00011643820571798807
679,Just because something is done doesn't mean it should be.,Is cannibalism ethically permissible?,1,680,insufficient-neutral,"False.
None.

The question is whether cannibal",0.0001505324471509,0.2006848752498626,0.0006000368739478,0.6789081692695618,2.7200658223591745e-05,0.0593223311007022,2.2939756760820277e-08,1.4303634543466617e-06,1.3328474324225681e-08,3.29981412505731e-06,0.25,insufficient-neutral,"False.
I think the answer is False, because",0.0002214429987361,0.2975359261035919,0.0004104904364794,0.4130876958370209,9.01727908058092e-05,0.1695308536291122,2.0548013068832915e-08,1.1711400702552055e-06,1.2560747997270028e-08,2.479303475411143e-06,-0.6983496021303203,-0.32022033656483373,0.00018962427642039487
680,All meat is not the same in form or value.,Is cannibalism ethically permissible?,1,681,insufficient-neutral,"False.
True",0.0001756017445586,0.3250245749950409,0.0003519647580105,0.4512519240379333,4.838336462853477e-05,0.1195698529481887,2.8485960257285118e-08,2.012682671193033e-06,1.076989875059553e-08,3.0930450520827435e-06,0.25,insufficient-neutral,,0.0002214429987361,0.2975359261035919,0.0004104904364794,0.4130876958370209,9.01727908058092e-05,0.1695308536291122,2.0548013068832915e-08,1.1711400702552055e-06,1.2560747997270028e-08,2.479303475411143e-06,-0.46343720543450484,-0.20701153090927182,-0.14257501093289673
681,No society can prosper if ethics are subjective. Subjectivism has serious philosophical fallacies.,Is cannibalism ethically permissible?,3,682,insufficient-neutral,True,0.0002490076876711,0.2795457541942596,0.0006211336003616,0.5917983651161194,2.624521766847465e-05,0.0435448288917541,3.3882386674122245e-08,1.1712935474861297e-06,1.276022310037206e-08,2.2932815681997454e-06,0.0,insufficient-neutral,True,0.0002214429987361,0.2975359261035919,0.0004104904364794,0.4130876958370209,9.01727908058092e-05,0.1695308536291122,2.0548013068832915e-08,1.1711400702552055e-06,1.2560747997270028e-08,2.479303475411143e-06,-0.7089452657066497,2.7570794294366078e-05,0.00021072966639493765
682,"As the human population increases, dealing with an increasing number of dead bodies is taking a toll on the environment.
 Recycling bodies might be an ethical alternative.",Is cannibalism ethically permissible?,2,683,supports,False,0.0002428515872452,0.418978750705719,0.000248610653216,0.3419604897499084,0.0001077647393685,0.1666582375764846,1.3721388469889462e-08,5.523977506527444e-07,7.577670046998719e-09,1.6882634099602e-06,0.25,supports,False,0.0002214429987361,0.2975359261035919,0.0004104904364794,0.4130876958370209,9.01727908058092e-05,0.1695308536291122,2.0548013068832915e-08,1.1711400702552055e-06,1.2560747997270028e-08,2.479303475411143e-06,1.759353502084377e-05,2.141333034118366e-05,-0.3943570151153175
683,"Globally, there is a shortage of burial spaces; in this regard, ethical cannibalism can help mitigate this crisis by reducing the
 number of bodies that need to be buried.",Is cannibalism ethically permissible?,2,684,supports,True,0.0003844403254333,0.5807647705078125,0.0002190474915551,0.2204334437847137,9.42111582844518e-05,0.1295861452817917,1.1224933871289975e-08,4.791644414581242e-07,5.323036234017309e-09,8.02449449111009e-07,0.5,supports,"False.
I think the answer is False because the",0.0002214429987361,0.2975359261035919,0.0004104904364794,0.4130876958370209,9.01727908058092e-05,0.1695308536291122,2.0548013068832915e-08,1.1711400702552055e-06,1.2560747997270028e-08,2.479303475411143e-06,4.0387316623479085e-06,0.00016303342930868033,-0.4663761391525314
684,"If a person consents to or asks to be eaten, it should be permissible to act on this.",Is cannibalism ethically permissible?,1,685,supports,"True.

None.

The question is whether cannibal",0.0003889602085109,0.4540565609931946,0.0003405849274713,0.3374261856079101,5.603503086604178e-05,0.0997429862618446,2.4325977676653565e-08,1.1271891935393796e-06,2.2585906478411744e-08,3.5821994970319797e-06,0.25,supports,"False.
True",0.0002214429987361,0.2975359261035919,0.0004104904364794,0.4130876958370209,9.01727908058092e-05,0.1695308536291122,2.0548013068832915e-08,1.1711400702552055e-06,1.2560747997270028e-08,2.479303475411143e-06,-0.3785816057671375,0.00016755431350443358,-0.17029753386619548
685,"There is also a theoretical case of self-cannibalism (eating one's own body parts). Following the idea of self-ownership of the body, 
this should be considered completely ethical (if done voluntarily).",Is cannibalism ethically permissible?,1,686,supports,True,0.0004176014917902,0.5438357591629028,0.0002474206849001,0.2650443911552429,5.785645771538839e-05,0.0874023586511612,1.7880113389878716e-08,6.427271728171036e-07,1.2482330724594703e-08,1.6801826632217851e-06,0.25,supports,False,0.0002214429987361,0.2975359261035919,0.0004104904364794,0.4130876958370209,9.01727908058092e-05,0.1695308536291122,2.0548013068832915e-08,1.1711400702552055e-06,1.2560747997270028e-08,2.479303475411143e-06,-0.35838231024717154,0.00019620194060018434,-0.39725590924329235
