	Argument	Debate	Scheme	id	prediction_w_evidence	p_True	p__True	p_False	p__False	p_None	p__None	p_Support	p__Support	p_Refute	p__Refute
0	Euthanasia can end unnecessary suffering.	Should euthanasia be legalized?	2	1	None. I am not sure if euthanasia	0.00017194438260048628	0.2328404039144516	6.839474372100085e-05	0.10660210251808167	0.00013183432747609913	0.3606302738189697	1.7766971893706796e-07	3.218143683625385e-05	2.1098800573327026e-07	5.203198088565841e-05
1	In situations of great chronic pain, euthanasia should be an option for patients.	Should euthanasia be legalized?	0	2	True. (Note: This is a moral and	0.0003074696287512779	0.3850732445716858	7.896473107393831e-05	0.10776964575052261	9.018055425258353e-05	0.2126576453447342	2.4359491135328426e-07	3.15329380100593e-05	3.455426167420228e-07	6.054436380509287e-05
2	Chronic pain changes a person's psychological state to the point where their decision process is so impaired that they cannot make a rational decision on euthanasia.	Should euthanasia be legalized?	3	3	False. The argument is against legalizing euthanas	7.779242150718346e-05	0.10953988134860992	0.00019864991190843284	0.3944682776927948	0.00012238466297276318	0.31696417927742004	5.7055576263564944e-08	1.1608066415647045e-05	1.9663131922698085e-07	5.1017512305406854e-05
3	Less than 33% of patients requesting euthanaisa experience inadequate pain control.	Should euthanasia be legalized?	4	4	None. I am not sure about the relationship between	0.00010169732559006661	0.1159672886133194	0.0001326383207924664	0.19726701080799103	0.00021698178898077458	0.49592921137809753	6.582388323295163e-08	1.101595535146771e-05	1.5898642402589758e-07	3.0416027584578842e-05
4	"Some doctors have argued that patients suffering from ""treatement-resistant"" depression should be allowed to elect for euthanasia."	Should euthanasia be legalized?	4	5	None. (I am not sure if euthanas	0.00016397640865761787	0.21521873772144318	8.845864067552611e-05	0.16501392424106598	0.00015769457968417555	0.4084133803844452	1.4267979508986173e-07	2.1175557776587084e-05	3.1347272511084157e-07	7.107851706678048e-05
5	Much of the suffering of those who request euthanasia, can be relieved simply with better palliative care.	Should euthanasia be legalized?	6	6	None. I am not sure if euthanasia	5.6889777624746785e-05	0.07825110107660294	0.00014414261386264116	0.2817930281162262	0.0001595513167558238	0.44332268834114075	6.239226735260672e-08	1.3199490240367595e-05	2.3940768301145e-07	5.869565575267188e-05
6	To let someone suffer until death is just as bad as murder.	Should euthanasia be legalized?	7	7	None. (The question is not directly related to	7.427127275150269e-05	0.10376788675785065	0.00018239265773445368	0.3272073268890381	0.00013035014853812754	0.35379546880722046	7.727074802232892e-08	1.2558283742691856e-05	2.3638918378310336e-07	4.832924241782166e-05
7	It could be considered to be worse than murder since it is torturing for a long time when murder stops life and automatically with it all pain and any more suffering.	Should euthanasia be legalized?	1	8	False. (The argument is not about whether euth	0.000129069245303981	0.15545305609703064	0.00028412422398105264	0.4095642566680908	0.00014065169671084732	0.2685987949371338	4.419502275254672e-08	5.670907285093563e-06	1.7496549276074802e-07	3.187785478075966e-05
8	The people most likely to be considered as candidates for euthanasia are those least likely to be able to speak for themselves (e.g. dementia, brain damage, neurodegenerative disorders).	Should euthanasia be legalized?	0	9	None. I am not sure. I am not	0.00010451431444380432	0.14488549530506134	0.00014397455379366875	0.25828632712364197	0.00014738881145603955	0.38773369789123535	4.449427848385312e-08	7.600623575854115e-06	1.8990661487805482e-07	4.495104440138675e-05
9	Safeguards would likely be put in place.	Should euthanasia be legalized?	3	10	None. I am not sure that safeguards would be	0.00011556073150131851	0.1947522759437561	0.00014158796693664044	0.30638834834098816	0.00010358796862419695	0.3312847912311554	5.419086690494623e-08	1.2864656127931084e-05	2.1453845988617104e-07	6.282927643042058e-05
10	"Countries, like Canada, use checks like requiring people to be ""mentally competent"" and ""suffering intolerably""."	Should euthanasia be legalized?	0	11	False. The argument is against euthanasia,	0.00013111640873830765	0.20758020877838135	0.000182037110789679	0.34224191308021545	0.00010053044388769194	0.27073562145233154	9.607133222289121e-08	1.660459383856505e-05	2.229366771189234e-07	6.490733358077705e-05
11	The current medical standards in countries with legal euthanasia are too easily attainable.	Should euthanasia be legalized?	0	12	None. I am not sure if the current medical	5.674385465681553e-05	0.06728363782167435	0.00023519675596617162	0.34169450402259827	0.00015667481056880206	0.369459867477417	5.8233847965993846e-08	1.1349485248501878e-05	2.802706546845002e-07	5.99334598518908e-05
12	"States such as Oregon have ""Death with Dignity"" regulations that set the standards for a person to become eligible for euthanasia."	Should euthanasia be legalized?	0	13	None. I am not sure if I agree with	6.621427746722475e-05	0.09036805480718613	0.00016260656411759555	0.32038256525993347	0.00013908477558288723	0.3745651841163635	1.4259755687362485e-07	2.6338220777688548e-05	2.8805499141526525e-07	8.979987615020946e-05
13	Quality of life is something too difficult to compute and can not be valued or 'measured' neither by experts since it involves feelings.	Should euthanasia be legalized?	1	14	None. (The question is not related to the	0.00019786231860052794	0.14912965893745422	0.00029935615020804107	0.2536780834197998	0.0002462436386849731	0.2965797483921051	9.037073311901622e-08	9.363227945868857e-06	5.050329150435573e-07	5.780658102594316e-05
14	This is our life, therefore we should be able to decide when to end it.	Should euthanasia be legalized?	1	15	None. I am not sure if I agree with	0.00021780352108180523	0.23885056376457214	0.00018484744941815734	0.22437934577465057	0.00012507404608186334	0.279244601726532	1.5958850951847126e-07	1.9180724848411046e-05	2.719999372402526e-07	4.3055915739387274e-05
15	The ability to choose when we die is an integral part of our human freedom.	Should euthanasia be legalized?	1	16	None. (The question is not directly related to	0.00021603050117846578	0.2622312903404236	0.000115632799861487	0.14481787383556366	0.00010947893315460533	0.279143750667572	2.0484169738210767e-07	2.5902147172018886e-05	2.446850260184874e-07	5.031928594689816e-05
16	God gave life so only he can take it.	Should euthanasia be legalized?	4	17	False. (The argument is based on a religious	7.181511318776757e-05	0.07753385603427887	0.000356258824467659	0.42243143916130066	0.0001508494751760736	0.2685137391090393	5.090174326483066e-08	6.177847353683319e-06	2.0609446949038102e-07	2.8902804842800833e-05
17	"Deuteronomy 32:29 states, ""It is I who bring both death and life."""	Should euthanasia be legalized?	4	18	False. The argument is based on a biblical passage	0.00010336056584492326	0.11972001940011978	0.0002680969191715121	0.4178639054298401	0.0001237063988810405	0.26979321241378784	3.7674620756433796e-08	4.506005552684655e-06	1.3660213937782828e-07	2.870219395845197e-05
18	Certain deities (e. g. Moloch, Kukulkan) even fancy human sacrifice.	Should euthanasia be legalized?	0	19	False. (I do not agree with the question	0.00013199151726439595	0.14139322936534882	0.0002772515290416777	0.35546255111694336	0.00018041100702248514	0.32365232706069946	3.229987299846471e-08	3.4764752854243852e-06	1.871479042847568e-07	2.6920659365714528e-05
19	Euthanasia is a selfish act.	Should euthanasia be legalized?	1	20	None. (The question is not related to the	6.0048114391975105e-05	0.07943117618560791	9.823216532822698e-05	0.14839696884155273	0.00019999076903332025	0.5343980193138123	9.098675235463816e-08	1.8385317162028514e-05	2.5970388151108637e-07	5.729831173084676e-05
20	Euthanasia is assisted suicide and suicide is a rejection of the value of the life of the patient and those of everyone who cares about them.	Should euthanasia be legalized?	7	21	False. (The argument is not a reason to	0.00011674197594402358	0.10696731507778168	0.00034581488580442965	0.3912701904773712	0.0001725334586808458	0.2953462302684784	7.735347651305347e-08	9.810013580136001e-06	4.2433950397935405e-07	6.15187018411234e-05
21	Ethically, doctors should not do anything to a patient that will not benefit them.	Should euthanasia be legalized?	1	22	False. (Note: This is a classic example	6.174597365316004e-05	0.0626240000128746	0.0003841963771265	0.41156256198883057	0.00014582449512090534	0.2575492858886719	5.192131169451386e-08	6.23426149104489e-06	1.853397009199398e-07	2.8380012736306526e-05
22	Euthanasia does not necessarily have to be performed by doctors or nurses, and as such the guiding morality doesn't necessarily spring from the hippocratic oath.	Should euthanasia be legalized?	6	23	None. (I'm not sure if the argument	0.00015801980043761432	0.20578669011592865	0.00015679009084124118	0.2857065200805664	0.0001250039495062083	0.31872865557670593	6.221723225507958e-08	9.342700650449842e-06	1.6232758071055287e-07	3.4442211472196504e-05
23	Legal euthanasia is better than alternatives for those seeking to end their lives.	Should euthanasia be legalized?	6	24	True. (Note: This answer assumes that the	0.00023440721270162612	0.2981933355331421	0.00012160886399215087	0.17258106172084808	0.00010816115536727011	0.26729878783226013	2.1754227930159686e-07	3.390173151274212e-05	3.83292899641674e-07	8.293004066217691e-05
24	Legalised euthanasia is safer than forcing people to seek the alternative option themselves.	Should euthanasia be legalized?	2	25	True. (Note: The question is about the	0.0002847774012479931	0.2910922169685364	0.00015124413766898215	0.2064152956008911	0.00012736034113913774	0.24898436665534973	1.8558736769591633e-07	2.587482231319882e-05	5.705338708139607e-07	0.00010394848504802212
25	Badly implemented suicides can cause direct collateral damage.	Should euthanasia be legalized?	6	26	None. (The question is not related to the	0.00011174484097864479	0.12842407822608948	0.00014015943452250212	0.24370606243610382	0.0001757993159117177	0.42108631134033203	7.239784594048615e-08	1.2246995538589545e-05	3.102115897490876e-07	5.842714381287806e-05
26	Many who might look to end their lives through euthanasia might not end their lives where it is not legal.	Should euthanasia be legalized?	3	27	None. I am not sure if the argument is	0.00018890442152041942	0.259835422039032	0.00010514113819226623	0.20878362655639648	0.00011018697841791436	0.33363527059555054	1.6991947404676466e-07	2.988902087963652e-05	2.4723135538806673e-07	6.427148764487356e-05
27	In this study, of 56 attempted suicides, 55 were from falling and 1 gunshot wound, and many had significant injuries and an increased likeihood of further suicide attempts.	Should euthanasia be legalized?	0	28	None. (The question is not related to the	0.0001604286371730268	0.16919153928756714	0.0002028008020715788	0.30161651968955994	0.00020599445269908756	0.3695482909679413	4.106255602209785e-08	5.320669970387826e-06	1.542136374155234e-07	3.134443613816984e-05
28	People may be more inclined to favor euthanasia and make less effort to preserve their lives to the end.	Should euthanasia be legalized?	5	29	None. (I don't have enough information to	0.00012063761096214876	0.1672368049621582	0.0001244670565938577	0.23584169149398804	0.000139942072564736	0.3768739402294159	2.0753748231072677e-07	4.0408533095614985e-05	2.949702491150674e-07	7.203600398497656e-05
29	Legalised euthanasia is less stigmatising than suicide or the non-legal alternatives.	Should euthanasia be legalized?	1	30	True. Legalised euthanasia is less st	0.0003478052094578743	0.4254988729953766	0.0001004294099402614	0.17462438344955444	7.463280053343624e-05	0.16925175487995148	2.0921915222515963e-07	3.553053829818964e-05	3.93169813150962e-07	9.002433944260702e-05
30	"People should have the right to die with dignity when their dignity is violated by degrading living conditions; 
Therefore, euthanasia is not a violation of dignity of life, on the contrary it's the highest form of respect for it."	Should euthanasia be legalized?	1	31	None. (I am not sure or cannot answer	0.00016746678738854825	0.27785301208496094	0.0001377544249407947	0.22326117753982544	8.756203897064552e-05	0.31484872102737427	4.698504696420969e-08	6.805016255384544e-06	9.01249066487253e-08	2.450580541335512e-05
31	Life has no inherent value, so it cannot be devalued.	Should euthanasia be legalized?	1	32	None. (The argument is about the value of	0.0001830962864914909	0.1813981533050537	0.00024256316828541458	0.22575365006923676	0.00016671104822307825	0.2898734211921692	1.384165244644464e-07	1.723135937936604e-05	3.6825775850957143e-07	5.5190641433000565e-05
32	The cost of palliative care is extremely high, thus many people who opt for euthanasia are more likely to be poor.	Should euthanasia be legalized?	3	33	None. (The question is not related to the	9.330652392236516e-05	0.0946333259344101	0.000163758042617701	0.22701354324817657	0.0002516596287023276	0.47313687205314636	1.088247714164936e-07	1.801777398213744e-05	3.198538252036087e-07	6.215554458322003e-05
33	"In 2014, the Lithuanian health minister proposed that ""euthanasia might be needed for poor people who cannot access palliative care""."	Should euthanasia be legalized?	0	34	None. (The question is not relevant to the	6.81560268276371e-05	0.14748579263687134	0.00010556213237578049	0.275539755821228	9.839471749728546e-05	0.3885733187198639	4.1481936108311857e-08	8.203920515370555e-06	1.6535101110548567e-07	5.104651063447818e-05
34	It is immoral to let people die simply because they cannot afford pain-relieving therapies. Palliative care should be made more accessible instead of legalizing euthanasia.	Should euthanasia be legalized?	1	35	False. (The argument is against legalizing euth	3.762405685847625e-05	0.04392081871628761	0.0003569671243894845	0.5477538108825684	0.00011589025962166488	0.243064284324646	3.812490589893969e-08	5.9996805248374585e-06	2.0893843100111553e-07	4.433197682374157e-05
35	"Humans have caused irreparable damage to the environment, and are causing constant harm, pain, and suffering to many other living organisms.
 All of this could be avoided if they didn't exist."	Would the world be a better place without humans?	2	36	False. The argument is a straw man, as	2.0087212760699913e-05	0.02806478552520275	0.00040032269316725433	0.6906551718711853	1.6394706108258106e-05	0.03717980161309242	1.3026925316239613e-08	2.475230303389253e-06	4.359865357628223e-08	1.017970407701796e-05
36	Without humans, animals and plants would be able to live and grow without the risks associated with human generated waste and anthropogenic climate change.	Would the world be a better place without humans?	2	37	False. The statement is incorrect because it assumes that	0.00011558651021914557	0.1307796686887741	0.0004227978643029928	0.5092244744300842	7.944136450532824e-05	0.15052646398544312	3.2255627502308926e-08	3.291770099167479e-06	2.0396139177591976e-07	2.7347166906110942e-05
37	Global warming would continue to exist; it exists regardless of the impact of humans.	Would the world be a better place without humans?	3	38	False. (The argument is about the existence of	0.0001671950303716585	0.1592986285686493	0.0003377432294655591	0.34254589676856995	0.00016850634710863233	0.26263904571533203	7.034971361008502e-08	7.4036524893017486e-06	2.8483674441304174e-07	3.601748903747648e-05
38	The impact of human activity has greatly exacerbated climate change (p. 1).	Would the world be a better place without humans?	4	39	False. (Note: This answer is based on	0.0001566389255458489	0.20720073580741882	0.00026027942658402026	0.3159433901309967	0.0001003466677502729	0.21377798914909363	4.685006871341102e-08	5.194983259571018e-06	2.908001022206008e-07	4.871439523412846e-05
39	"Without humans, a variety of species, habitats, and environments would have been changed by circumstances other than human influence and intervention. 
There is no guarantee that those natural changes would have been necessarily better than the changes caused by humans."	Would the world be a better place without humans?	3	40	False. (I think this is a trick question	8.12910366221331e-05	0.15523932874202728	0.0002815255429595709	0.5950931310653687	3.750964970095083e-05	0.12869791686534882	1.4483042320989625e-08	2.5326992272312054e-06	4.2985767834125e-08	1.1484570677566808e-05
40	The Earth would be able to heal and become a better place because the root cause for ecocide would simply not exist.	Would the world be a better place without humans?	2	41	False. The world would not be a better place	0.0002103240112774074	0.22181229293346405	0.00031821007723920047	0.35445502400398254	0.0001198390091303736	0.198831245303154	5.357132337735493e-08	4.965706011716975e-06	3.762420419661794e-07	4.6929628297220916e-05
41	The universe would be better without humans because humans are naturally selfish.	Would the world be a better place without humans?	1	42	False. The argument is based on a generalization	8.615754632046446e-05	0.09229452908039093	0.00038312649121508	0.45428958535194397	0.00012933781545143574	0.2214030623435974	6.431144328189475e-08	8.699006684764754e-06	3.269195758548449e-07	4.684304803959094e-05
42	Humans are the only ones that set aside stocks of resources for medium term use. This causes continued extraction/exploitation of the Earth in excess of current needs.	Would the world be a better place without humans?	3	43	False. (I think this is a trick question	0.00023142946884036064	0.2222287505865097	0.00034471313119865954	0.3780238628387451	0.00011104106670245528	0.17038871347904205	4.3507302649459234e-08	3.9509759517386556e-06	2.2685158285185025e-07	3.132057099719532e-05
43	"While humans and animals must consume to survive, human beings are immoral because they are intelligent enough to survive without killing yet continue
to harm other species."	Would the world be a better place without humans?	1	44	True	0.00026817104662768543	0.38355952501296997	0.00015764962881803513	0.2762675881385803	6.833605584688485e-05	0.1898757368326187	3.3289424550275726e-08	3.993203790741973e-06	6.07521357665064e-08	1.5011441064416431e-05
44	The universe probably isn't anthropocentric.	Would the world be a better place without humans?	1	45	False. (The argument is about the universe,	0.00025899038882926106	0.23545873165130615	0.00033255023299716413	0.3269020617008209	0.00010628943709889427	0.16182824969291687	9.1229139798088e-08	9.657437658461276e-06	3.1717956971988315e-07	4.413528586155735e-05
45	"""Better"" is a value claim. The post-human universe may not make the same value judgement given that humans are an outcome of the evolving universe."	Would the world be a better place without humans?	1	46	False. (I think this is a trick question	0.0001871301792562008	0.2573949694633484	0.00023841002257540822	0.3986611068248749	7.800745515851304e-05	0.18252034485340118	3.181290963993888e-08	5.807488378195558e-06	1.929838759906488e-07	4.997345604351722e-05
46	Selfishness has been associated with evolutionary advantages for many species, making the universe partially responsible for the selfishness of organisms that develop within it.	Would the world be a better place without humans?	3	47	False. (Note: This is a tricky question	0.0001950912264874205	0.16023628413677216	0.0003477877180557698	0.3667845129966736	0.0001655717787798494	0.2331424206495285	8.224792935607184e-08	9.827514986682218e-06	4.979598315912881e-07	7.233295764308423e-05
47	The link between evolutionary selection and selfishness has been overturned due to recent findings that evolutionary pressures to cooperate and act selflessly are stronger.	Would the world be a better place without humans?	4	48	False. (Note: This is a philosophical question	0.00012111334945075214	0.12379897385835648	0.000331802322762087	0.3996279835700989	0.00014382564404513687	0.25401899218559265	4.777925610710554e-08	7.712332262599375e-06	3.037487488199986e-07	5.1684830395970494e-05
48	"Nature causes irreparable damage to itself as well as constant harm, pain, and suffering to other living organisms without any help from humans.
 None of this can be avoided without humans."	Would the world be a better place without humans?	3	49	False. The argument is that humans are necessary to	8.641563181299716e-05	0.09625860303640366	0.0004527855198830366	0.6681671142578125	1.714970676403027e-05	0.033266082406044006	2.1564003915841568e-08	2.8105700948799495e-06	7.563417625533475e-08	1.5253264791681431e-05
49	Whenever human populations expand they take more land away from wild habitats which heavily restricts the freedom of all living organisms in that habitat often leading to many deaths as well.	Would the world be a better place without humans?	0	50	False. (Note: This is a tricky question	0.00013138655049260706	0.11133860051631927	0.00046945916255936027	0.5925593376159668	6.015314647811465e-05	0.08807608485221863	5.8561575144722156e-08	6.696474883938208e-06	1.5504441819302883e-07	2.6074460038216785e-05
50	Domesticated animals have no natural freedoms, they are almost entirely stripped away for the purpose of production for humans	Would the world be a better place without humans?	0	51	None. I don't think the question is relevant	0.00018563248158898205	0.13041231036186218	0.00040230329614132643	0.2870807647705078	0.0002421104145469144	0.3008580505847931	7.373440524816033e-08	5.245457941782661e-06	3.3337181548631634e-07	3.302306868135929e-05
51	Humans also provide a habitat for billions of living organisms that reside in our bodies. Many of these creatures would go extinct without humans.	Would the world be a better place without humans?	2	52	False. The argument suggests that humans provide a habitat	3.582455246942118e-05	0.03577066957950592	0.0005781789659522474	0.7470937967300415	2.481494448147714e-05	0.03690614923834801	2.4324084080262764e-08	3.7318900467653293e-06	8.556526864822445e-08	1.2873822015535552e-05
52	Not all animals suffer or feel pain, and thus cannot feel the effects of a loss of autonomy.	Would the world be a better place without humans?	3	53	None. I am not sure. I am not	0.0002595862897578627	0.20344515144824982	0.0002657422155607492	0.21997664868831635	0.00024196102458517998	0.32510441541671753	9.055043648231731e-08	1.1450065358076245e-05	7.406064810311364e-07	9.041422890732065e-05
53	"Suffering should be put in the context of the complexity of the nervous system. Animals tend to have less complex nervous systems than human beings,
 which implies that they have a reduced capacity for suffering."	Would the world be a better place without humans?	3	54	False. (The argument is based on a false	0.0003658251080196351	0.2510495185852051	0.0004378353478386998	0.3540365397930145	0.0001388515520375222	0.1620897352695465	1.3269266219140263e-07	1.551797686261125e-05	6.493204409707687e-07	9.322052210336551e-05
54	Scientists studying other creatures are constantly discovering how much more complex other life forms are than previously assumed.	Would the world be a better place without humans?	4	55	False. (I think this is a trick question	0.00021772328182123601	0.15658430755138397	0.0004573332262225449	0.31878983974456787	0.00021267971897032112	0.2406352013349533	9.857176053174044e-08	1.1315727533656172e-05	6.236014087335207e-07	6.904699694132432e-05
55	Many cephalopods, decapods, and other invertebrates feel pain, debunking the previous understanding of their nature.	Would the world be a better place without humans?	0	56	False. (The argument is about the nature of	0.00012109809904359281	0.09490802139043808	0.00043269735760986805	0.37536850571632385	0.00018610079132486135	0.28334301710128784	7.70153505413873e-08	9.596944437362254e-06	3.5646328910843295e-07	4.267580879968591e-05
56	All of humanity need not necessarily contribute to a cataclysmic event. It only takes a handful of individuals to use nuclear weapons for most life to be destroyed on the planet.	Would the world be a better place without humans?	3	57	False. (Note: This is a trick question	0.00032384649966843426	0.30140411853790283	0.0003289463638793677	0.36928802728652954	6.895089609315619e-05	0.10416246950626373	7.932646894914797e-08	7.324370017158799e-06	2.535804810577247e-07	3.5771256079897285e-05
57	Value judgements are only relevant for human beings who assign value, meaning that the Earth cannot be better or worse without human beings to make value judgments about it.	Would the world be a better place without humans?	1	58	False. (The argument is about the relevance of	0.00021339616796467453	0.2198389172554016	0.00032794236904010177	0.37395861744880676	0.00010814391862368211	0.18512293696403503	4.8107821726262046e-08	5.664644959324505e-06	4.008398661881074e-07	6.357453094096854e-05
58	If the world would be better or worse is subjective as those things aren't intrinsic qualities of something.	Would the world be a better place without humans?	1	59	None. (I'm not sure, and I	0.00013801493332721293	0.1868944764137268	7.741935405647382e-05	0.11247506737709045	0.00015396678645629436	0.4146434962749481	4.004875719942902e-08	6.791305168007966e-06	3.3878021099553735e-07	7.216278027044609e-05
59	There are general or pragmatic standards for Earthly wellness, like the stability of weather patterns or the preservation of species, that could be adopted without falling into naive subjectivism.	Would the world be a better place without humans?	1	60	False. (Note: This is a philosophical question	0.0002193911641370505	0.20418745279312134	0.0003167281101923436	0.3212319612503052	0.00016176889766938984	0.258117139339447	4.733288250236001e-08	4.294188329367898e-06	2.640016418808955e-07	3.390860365470871e-05
60	If the species making such a judgement does not exist and therefore cannot ascertain a value, it is impossible for the Earth to be better off.	Would the world be a better place without humans?	3	61	False. (The question is not about whether the	0.0001925941469380632	0.20631256699562073	0.0002936710079666227	0.30971184372901917	0.00016218052769545466	0.2733197510242462	4.268252595807098e-08	4.407208052725764e-06	3.6746263276654645e-07	4.738194911624305e-05
61	The point of judging our existence on Earth is for humans to decide whether or not our presence is better than our absence. The question is an internal reflection, not outwardly asking the Earth itself.	Would the world be a better place without humans?	1	62	False. (I don't think the question is	0.00019691318448167294	0.23716536164283752	0.00021967252541799098	0.2998051047325134	0.00010215720249107108	0.21594153344631195	5.3390216692150716e-08	6.111099537520204e-06	2.4543157906009583e-07	4.0954037103801966e-05
62	Removing humans from the picture would most likely benefit the remaining conscious beings on the planet.	Would the world be a better place without humans?	2	63	False. (I think this is a trick question	0.00016876994050107896	0.19396081566810608	0.0003104154020547867	0.32737085223197937	0.00012156042066635564	0.22151020169258118	5.552095316829764e-08	6.317857696558349e-06	3.368018610672152e-07	4.7977107897168025e-05
63	All human suffering would be eliminated without humans. In this manner, the world would in fact be better, even if only in the eyes of the humans who lived prior to their extinction.	Would the world be a better place without humans?	2	64	False. The question is asking whether the world would	0.00019839910964947194	0.19502942264080048	0.0003454915713518858	0.40017440915107727	0.00012033514212816954	0.1890290081501007	4.701091427250503e-08	4.400363195600221e-06	3.101631875779276e-07	3.999355249106884e-05
64	Humans are the most advanced species that has ever been on Earth, and humanity is still evolving. Removing humanity from existence would eliminate this progress.	Would the world be a better place without humans?	5	65	False. (I believe that humans have made significant	8.61004155012779e-05	0.11389293521642685	0.0003076465509366244	0.479507178068161	9.68052918324247e-05	0.23369313776493073	3.1230477759436326e-08	5.461380624183221e-06	1.8042238991711201e-07	3.70313209714368e-05
65	Humans might be the most advanced species in the entire universe. If humanity did not exist, the universe could lose the species with the most advanced consciousness.	Would the world be a better place without humans?	3	66	False. (I think the universe would still be	0.00017004660912789404	0.1582624614238739	0.00041759415762498975	0.4874826967716217	9.613564179744571e-05	0.1607547253370285	4.3397001547873515e-08	5.360414888855303e-06	2.632554014780908e-07	4.102565435459837e-05
66	In near future, humanity could develop a reliable technological ability to protect the planet and life from extinction events.	Would the world be a better place without humans?	2	67	False. (I think that humans have a unique	0.00019643965060822666	0.18570557236671448	0.0003698759828694165	0.3635938763618469	0.00013606977881863713	0.19768255949020386	6.405808505860477e-08	9.045164006238338e-06	5.004233116778778e-07	7.004271174082533e-05
67	Humans have created a unique set of values, cultures, and traditions in a way that only they could. To say the world would be a better place without humans is to fail to take into account the complex and rich culture of every human society.	Would the world be a better place without humans?	0	68	False. (Note: This is a classic example	4.192648339085281e-05	0.04818450286984444	0.0005522731225937605	0.6970885396003723	4.192648339085281e-05	0.07010804116725922	2.2431581925275168e-08	2.6594125301926397e-06	9.630316100128766e-08	1.5363761121989228e-05
68	These technological advancements have no inherent value to the universe and are only of limited value to humans.	Would the world be a better place without humans?	1	69	True. (Note: This answer is based on	0.00024557230062782764	0.2756890654563904	0.00023801684437785298	0.26306432485580444	0.00011968237959081307	0.2358093559741974	4.253017849009666e-08	4.4280818656261545e-06	2.015178495184955e-07	3.246471897000447e-05
69	Just because humans are the most advanced species, doesn't mean we make the Earth better. We are too smart for our own good- we create factories and cars and such that just destroy our atmosphere.	Would the world be a better place without humans?	0	70	False. (The argument is not about the world	0.00017573978402651846	0.17141056060791016	0.0003960357280448079	0.4659422039985657	7.983339310158044e-05	0.11241378635168076	4.217378091198043e-08	3.3732592328306055e-06	1.1408182132299771e-07	1.3551596566685475e-05
70	Removing humans means giving chance for new intelligent life to develop.	Would the world be a better place without humans?	2	71	False. (I don't think so.) (	0.00010000869224313647	0.11951469630002975	0.00026973625062964857	0.3710184693336487	0.00015130832616705447	0.30758509039878845	5.1306479065260646e-08	7.651828127563931e-06	3.0491824531964085e-07	4.724076279671863e-05
71	"In the cosmic perspective of life, there is no absolute sense of ""good"" and ""bad"".That's a human-created concept that wouldn't matter if humans were eradicated. Therefore, it makes humanity's existence irrelevant."	Would the world be a better place without humans?	1	72	False. The argument is flawed because it assumes that	0.0003287471190560609	0.19448326528072357	0.0004746018967125565	0.3521636724472046	0.0002500976261217147	0.23095457255840302	7.120365097534886e-08	4.3709324017982e-06	3.630172500379558e-07	3.332228152430616e-05
72	Retrocausality is possible in some interpretations of quantum physics.	Free Will or Determinism: Do we have free will?	0	73	None. I am not sure if retrocaus	6.313490303000435e-05	0.11238083988428116	0.00012169570254627615	0.25128328800201416	0.00012361213157419115	0.3831612467765808	3.592197828083954e-08	1.1231374628550839e-05	4.0354763086725143e-07	0.00012753599730785936
73	"Retrocausation provides a viable alternative to the problematic superdeterminism vs. 
action-at-a-distance debate by preserving local causation (link)."	Free Will or Determinism: Do we have free will?	4	74	None. (I am not sure or cannot answer	0.00011999768321402371	0.2309536635875702	0.00011813729361165315	0.21696089208126068	7.993568578967825e-05	0.34132739901542664	4.297666933439359e-08	9.398944712302182e-06	3.1786728982297063e-07	0.00011272739357082173
74	"The laws of physics, as we know them, are either deterministic or fundamentally random. In both cases,
 they are out of our control."	Free Will or Determinism: Do we have free will?	3	75	False. (The laws of physics are not out	4.933016316499561e-05	0.08313517272472382	0.00032930131419561803	0.5861600637435913	5.129525015945546e-05	0.16277076303958893	1.4293523697972432e-08	3.0685093861393398e-06	6.519512396607752e-08	2.3301918190554716e-05
75	"The laws of physics are probabilistic, meaning that events and motivations merely change the distribution of possible 
outcomes and choices, but don't necessarily determine them."	Free Will or Determinism: Do we have free will?	3	76	False. The argument suggests that the laws of physics	8.407096902374178e-05	0.12503498792648315	0.0003827133623417467	0.5872605443000793	3.190974166500382e-05	0.08199994266033173	1.7909208338551252e-08	1.9694514321599854e-06	8.097205750345893e-08	1.9128752683172934e-05
76	"The Earth orbiting around the Sun was not compatible with our understanding of the mechanisms that govern the
 universe less than 500 years ago, yet is now accepted as fact."	Free Will or Determinism: Do we have free will?	0	77	None. (The question is not related to the	0.0002109404158545658	0.21901342272758484	0.00026047666324302554	0.28564733266830444	0.0001592261833138764	0.2993558347225189	4.6316714019667415e-08	5.891147338843439e-06	4.835748086406966e-07	7.699675188632682e-05
77	"If entropy leads to universal randomness and randomness is the lack of all deterministic forces, then at least one part 
of a wholly deterministic universe is false, meaning there most be something else influencing the universe outside 
of determinism."	Free Will or Determinism: Do we have free will?	3	78	False. (The argument is based on a false	0.00016189012967515737	0.2859237492084503	0.00017919603851623833	0.3290961980819702	7.647147867828608e-05	0.23703911900520325	1.5881914450233126e-08	1.9069624386247597e-06	5.895087440421776e-08	1.6538117051823065e-05
78	"The inexistence of free will cannot be scientifically proven as it would be impossible to put two distinct human 
beings in exactly the same conditions twice and observe their decisions."	Free Will or Determinism: Do we have free will?	3	79	False. The argument is based on the idea that	0.00020751592819578946	0.27665337920188904	0.000301933876471594	0.3901437819004059	6.789895269321278e-05	0.13483008742332458	2.7101904720439052e-08	2.791598490148317e-06	1.2654774650400213e-07	2.679815770534333e-05
79	"Determinism based on physical causation inherits the philosophical doubt about causality expressed most famously 
by Hume: we can't in the end tell the difference between ""A causes B"" and ""A happens then B happens""."	Free Will or Determinism: Do we have free will?	4	80	False. The question is about the nature of caus	0.00010987932182615623	0.2823619842529297	0.0001662420982029289	0.3682694435119629	4.138092845096253e-05	0.16860602796077728	1.4526659875002679e-08	2.280472472193651e-06	6.545459285689503e-08	2.2323336452245712e-05
80	"By Occam's Razor, the simplest explanation for the lack of empirical evidence for the existence of free will
 is that free will does not exist."	Free Will or Determinism: Do we have free will?	4	81	False. (The question is not about the existence	0.00016319550923071802	0.2389504313468933	0.00020310009131208062	0.3643558919429779	7.769271178403869e-05	0.2175668329000473	2.5040076678806145e-08	3.6195694974594517e-06	9.971474668191149e-08	2.7486608814797364e-05
81	Free will and determinism are not mutually exclusive because freedom and weak forms of determinism are compatible.	Free Will or Determinism: Do we have free will?	3	82	True. (I think this is a good argument	0.00019845875794999301	0.37604206800460815	0.0001251663634320721	0.24661441147327423	4.6407276386162266e-05	0.1617336869239807	7.333341045523412e-08	1.8102500689565204e-05	3.808772532920557e-07	0.0001139652740675956
82	"Compatiblism is a widely held position within the academic community, which suggests that it is plausible in many
 different forms."	Free Will or Determinism: Do we have free will?	4	83	None	8.515646186424419e-05	0.27233898639678955	6.631991709582508e-05	0.2558387815952301	6.279043736867607e-05	0.38405951857566833	1.0116417925587484e-08	2.0183954347885447e-06	3.339798482215883e-08	1.6125917682074942e-05
83	The consensus among academics lends reasonable credibility to the accuracy of a position relative to the general public.	Free Will or Determinism: Do we have free will?	4	84	None. I am not sure. I am not	0.00015773059567436576	0.24014869332313538	0.00017459185619372874	0.26790523529052734	0.00013703871809411794	0.32824432849884033	2.8184185651980442e-08	5.292852165439399e-06	3.5529225783648144e-07	7.687175093451515e-05
84	"Debating necessarily involves the implicit assumption that it's possible in principle to change the minds of others 
involved. This is only possible if the participants are free in some sense."	Free Will or Determinism: Do we have free will?	0	85	False. The question is about the existence of free	0.00014584336895495653	0.28735417127609253	0.00023305704235099256	0.4180978238582611	4.211254417896271e-05	0.13787402212619781	1.7325900714126874e-08	2.258191898363293e-06	5.821345894219121e-08	1.5492340025957674e-05
85	Computer programs can and have participated in a debate, yet lack free will.	Free Will or Determinism: Do we have free will?	0	86	False. The argument is about computer programs, not	0.00013468255929183215	0.1634860783815384	0.00029188449843786657	0.38610249757766724	0.00011165576870553195	0.2571997046470642	4.8519460449369944e-08	9.642707482271362e-06	3.5676674770002137e-07	7.855964940972626e-05
86	"Free will could be like gravity, which is a set of assumptions that are only supported by our observations of 
how they impact other things."	Free Will or Determinism: Do we have free will?	7	87	False. (I think this is a false analogy	0.00022336658730637282	0.3145235478878021	0.00021313787146937102	0.37350597977638245	4.609429743140936e-05	0.12510883808135986	3.1053456694962733e-08	2.73592763733177e-06	5.997413410341323e-08	1.1563768566702493e-05
87	"Current science falls short of explaining consciousness and personhood. Thus restricting the conversation to purely
 scientific description of the topic would leave the discussion incomplete."	Free Will or Determinism: Do we have free will?	0	88	True	0.0003759639512281865	0.3365049958229065	0.0002142178127542138	0.19782106578350067	0.00018323020776733756	0.2878279685974121	4.881461990180469e-08	4.5159622459323145e-06	3.368610066445399e-07	5.0881186325568706e-05
88	"Unknowns and incompleteness are not problematic for the scientific process.
 Despite not fully understanding what the force of gravity is, scientific studies and models remain useful."	Free Will or Determinism: Do we have free will?	0	89	None. (The question is not related to the	0.00011398630158510059	0.26052477955818176	9.903301543090492e-05	0.22634784877300262	8.21012508822605e-05	0.35057440400123596	2.0130416444885668e-08	5.087076260679169e-06	1.8029867021596147e-07	6.859815766802058e-05
89	Life can't be given back. So the death penalty carries the risk of ruining innocent people lives.	Should the death penalty be abolished?	2	90	True. (I think the argument is correct and	0.00031030920217745006	0.2528860569000244	0.00029842148069292307	0.2528860569000244	0.0001244005688931793	0.17792756855487823	1.6929668333887093e-07	1.4288346392277163e-05	4.2395251398374967e-07	5.371342922444455e-05
90	Research has estimated that many death row inmates were wrongly convicted and could have been exonerated.	Should the death penalty be abolished?	4	91	None. I am not sure. I do not	0.00018621805065777153	0.2123478204011917	0.00012023141607642174	0.1578034907579422	0.00018767858273349702	0.3845122158527374	2.1215770118487853e-07	2.7249721824773587e-05	2.1591999654901883e-07	4.5634697016794235e-05
91	The death penalty negatively affects both the families of the victims as well as the defendant(s).	Should the death penalty be abolished?	2	92	None. I am not sure. I do not	0.0001174181597889401	0.1565379947423935	0.00011926722072530538	0.17192335426807404	0.00015314214397221804	0.3696933090686798	1.4952763649489498e-07	2.3121006961446255e-05	4.902822183794342e-07	0.00012020264694001526
92	The death penalty does not sufficiently punish criminals as they will not experience the long-term struggles of imprisonment.	Should the death penalty be abolished?	2	93	False. The argument is against the death penalty,	0.0001542629615869373	0.17049670219421387	0.00026446825359016657	0.3235458731651306	0.00013936497271060944	0.2724529206752777	6.567348265207329e-08	7.862433449190576e-06	2.522443764974014e-07	4.351186362328008e-05
93	It is more humane to kill people than to restrain their liberty for life.	Should the death penalty be abolished?	6	94	False. (The argument is not about the death	0.0001957428321475163	0.1684870570898056	0.0003832458460237831	0.36230412125587463	0.00010395823483122513	0.15704721212387085	1.4668215442270593e-07	1.7924647181644104e-05	4.918770741824119e-07	7.725520117674023e-05
94	Restraining liberty is done to protect the well-being of others. Once someone is restrained, the decision to live or die should be theirs alone.	Should the death penalty be abolished?	1	95	None. (I'm not sure or cannot answer	0.0001531345333205536	0.1370624303817749	0.0002447082952130586	0.2540736198425293	0.0002193550899391994	0.3696749210357666	6.91946553388334e-08	6.054779987607617e-06	2.3476928845411749e-07	3.390302663319744e-05
95	Killing someone is irreversible, whereas someone in prison can always commit suicide.	Should the death penalty be abolished?	5	96	False. The argument is flawed because it is based	0.00024233404838014394	0.21690009534358978	0.00032865372486412525	0.26993653178215027	9.56436779233627e-05	0.15142066776752472	1.3285833233567246e-07	1.3995762856211513e-05	2.8374398652886157e-07	4.049808194395155e-05
96	"This manner of justice motivates and perpetuates violence and brutality. Death penalty often sends the wrong message ‘we kill people to
 show that killing is wrong’. If we are to advance as a society, then we have to move from the ‘an eye for an eye’ revenge mentality."	Should the death penalty be abolished?	1	97	True. (Note: The question is a direct	0.0005325112142600119	0.4619578719139099	0.00021684146486222744	0.2591348886489868	6.310446042334661e-05	0.09683162719011307	1.0079548928842996e-07	8.3750774138025e-06	1.5369477068816195e-07	2.4328937797690742e-05
97	Death penalty is not applied fairly in all countries.	Should the death penalty be abolished?	2	98	None. I am not sure if the death penalty	0.000125677659525536	0.12746477127075195	0.00011898921366082504	0.13254240155220032	0.0002121212164638564	0.3659612834453583	2.1918434356393846e-07	3.356244633323513e-05	5.176441959520162e-07	0.00011004702537320554
98	The death penalty is often used in a disproportional manner against the poor, minorities and members of racial, ethnic, political and religious groups.	Should the death penalty be abolished?	4	99	None. I am not sure. I do not	0.00017423855024389923	0.16343578696250916	0.0001913636369863525	0.213160440325737	0.00022548144625034183	0.3514421582221985	2.056124657201508e-07	2.630608832987491e-05	4.4386675313035084e-07	8.166397310560569e-05
99	No person has the moral authority to determine that another person deserves to die.	Should the death penalty be abolished?	1	100	True. (The argument is a moral argument,	0.00034251416218467057	0.30418017506599426	0.00017908767040353268	0.1494082808494568	0.00010045908129541203	0.1802207976579666	3.8870405205670977e-07	3.695682971738279e-05	3.789588447489223e-07	6.0221638705115765e-05
100	Some crimes deserve the death penalty.	Should the death penalty be abolished?	1	101	False. (The question is asking whether the death	3.42216226272285e-05	0.04203000292181969	0.0003497003053780645	0.44834867119789124	0.00010833210399141535	0.2554613947868347	7.47134407674821e-08	1.273783254873706e-05	1.8893334186032007e-07	4.3599480704870075e-05
101	"This Capital punishment does not address the root cause of the crime. Our focus should be on preventing crime rather than killing criminals 
and supporting violence."	Should the death penalty be abolished?	6	102	False. (The argument is against the death penalty	0.0007089974242262542	0.2794041037559509	0.0006980054313316941	0.3644116222858429	0.00015453403466381133	0.11288945376873016	3.808137023497693e-07	1.9342201994732022e-05	3.7054186918794585e-07	3.6135992559138685e-05
102	There are many examples of killing that are generally accepted as moral acts. Killing in battle is viewed as heroic.	Should the death penalty be abolished?	0	103	None. I am not sure. I do not	0.00013115232286509126	0.14159616827964783	0.00020472588948905468	0.28603214025497437	0.00020313268760219216	0.3672725260257721	7.95899737227046e-08	1.2151507689850405e-05	2.468359809881804e-07	5.340593634173274e-05
103	The death penalty goes against our most basic human right, the right to life.	Should the death penalty be abolished?	1	104	True. (The death penalty goes against the right	0.00026531345793046057	0.2733236849308014	8.479927782900631e-05	0.08873520791530609	0.00011590687063289806	0.2450057566165924	2.6623263238434447e-07	3.0354454793268815e-05	3.9423554198947386e-07	7.253266085172072e-05
104	Since murder is justified in self defense, the right to life is not particularly sacred.	Should the death penalty be abolished?	7	105	None. (The question is not related to the	0.00014715665020048618	0.10500992834568024	0.00022264088329393417	0.16520379483699799	0.0002814444596879184	0.34701478481292725	7.130230983420915e-08	5.134738330525579e-06	2.5514475510135526e-07	2.5372988602612168e-05
105	It is cheaper for the society to execute people.	Should the death penalty be abolished?	2	106	False. The argument is incorrect because the cost of	5.804163811262697e-05	0.06775548309087753	0.0003288282605353743	0.44528648257255554	0.00010843605559784919	0.2274300754070282	6.529247542630401e-08	1.1977568647125736e-05	2.500473215150123e-07	5.988407428958453e-05
106	It is immoral to value saving resources at the cost of the life of a human being.	Should the death penalty be abolished?	1	107	None. (The question is not directly related to	0.00018130721582565457	0.13665200769901276	0.0002700562763493508	0.18972252309322357	0.00022214224736671895	0.2892923057079315	1.7377352889980102e-07	1.4312458915810566e-05	4.7375132794513775e-07	5.8403766161063686e-05
107	With due process, it is objectively more expensive to seek the death penalty rather than life imprisonment.	Should the death penalty be abolished?	2	108	None. I am not sure. I do not	8.711143891559914e-05	0.08630352467298508	0.0002901253756135702	0.31079092621803284	0.00022244686260819435	0.36335140466690063	1.2918837910547154e-07	1.833101487136446e-05	3.111197486305173e-07	6.575516454176977e-05
108	If the death penalty was in regular use, improvements would be made and the cost would be lowered over time.	Should the death penalty be abolished?	6	109	False. (The argument is that the death penalty	4.5749689888907596e-05	0.06099197268486023	0.0002868967712856829	0.4797390103340149	0.00011411965533625335	0.28646522760391235	4.051382873626608e-08	8.429848094237968e-06	1.3840151780186716e-07	3.8225298339966685e-05
109	The death sentence provides an effective deterrent in terms of stopping other people from committing the same crime.	Should the death penalty be abolished?	2	110	None. (I am not sure or cannot answer	0.00018564057245384902	0.2133495956659317	0.00015510850062128156	0.20678551495075226	0.00013267132453620434	0.2696991562843323	2.135753049969935e-07	2.9602975700981915e-05	4.2724127524707e-07	9.481592860538512e-05
110	Among the 25 states in the US with the highest murder rate, 20 have the death penalty.	Should the death penalty be abolished?	0	111	None. (The question is not related to the	0.0001251120411325246	0.1449141949415207	0.00022130063734948635	0.3020271360874176	0.00017643626779317856	0.3422415852546692	1.0551360674071475e-07	1.7198713976540603e-05	1.669717022423356e-07	3.906188430846669e-05
111	In a study, 88.2% of criminology experts interviewed do not think that the death penalty deters murder.	Should the death penalty be abolished?	4	112	None. (The question is not related to the	0.00011406741396058351	0.09223566204309464	0.00021987069339957088	0.20785626769065857	0.0003076544089708477	0.46841132640838623	1.330385117626065e-07	1.7630001821089536e-05	2.860777499336109e-07	4.905978130409494e-05
112	Giving a killer the death sentence will ensure that they do not do it again and hence saves innocent lives.	Should the death penalty be abolished?	2	113	False. (The argument is in favor of the	0.00015528204676229507	0.1445210725069046	0.00030402748961932957	0.34131312370300293	0.00015287462156265974	0.24583862721920013	1.0626001056834866e-07	1.341031656920677e-05	3.0627481351075403e-07	5.623943070531823e-05
113	Punishing people for crimes they might commit in the future is unethical.	Should the death penalty be abolished?	1	114	None. (The question is not directly related to	0.00021294027101248503	0.1790439784526825	0.00015457806875929236	0.1309913843870163	0.00018939300207421184	0.331895112991333	1.7542376440360385e-07	1.4604421266994905e-05	2.803263896566932e-07	4.446069215191528e-05
114	Long/life sentences already serve as a deterrent to crime.	Should the death penalty be abolished?	6	115	False. (The argument is that long/life	0.00015065225306898355	0.11354722827672958	0.00042916828533634543	0.36085236072540283	0.00014488084707409143	0.1916472315788269	1.649012233428948e-07	1.7035283235600218e-05	4.443255932073953e-07	6.685152766294777e-05
115	Properly restraining a criminal ensures others will be safe, killing them is unnecessary and hypocritical.	Should the death penalty be abolished?	6	116	False. (Note: The question is not about	0.0002076982200378552	0.18301734328269958	0.00032931793248280883	0.30890023708343506	0.00014163788000587374	0.2259962558746338	9.140734391621663e-08	7.361343250522623e-06	3.165601469845569e-07	4.0579932829132304e-05
116	Despite a wide variety of attempted measures, COVID-19 has continued to spread at a dangerous rate - vaccines are the best remaining option to protect and improve our lives.	Should Covid-19 vaccines be mandatory?	2	117	False. (I don't think so, because	0.00020798781770281494	0.16428440809249878	0.0004201469128020108	0.35883015394210815	0.0001429477852070704	0.192067950963974	6.272684061059408e-08	4.722428911918541e-06	2.8638700655392313e-07	3.5582517739385366e-05
117	Vaccines have eradicated diseases in the past, like rinderpest and smallpox (p. 4).	Should Covid-19 vaccines be mandatory?	0	118	None. (I am not sure or cannot answer	8.157025877153501e-05	0.1005743220448494	0.0001852631539804861	0.2266477346420288	0.00021829333854839206	0.41686898469924927	4.190853886143486e-08	5.52928486285964e-06	4.21405303541178e-07	8.093547512544319e-05
118	During the SARS outbreak, strong public health measures were able to sufficiently stop the spread of the virus without requiring vaccination.	Should Covid-19 vaccines be mandatory?	6	119	False. (Note: The question is not about	7.665139128221199e-05	0.07023347169160843	0.00036568334326148033	0.3484126329421997	0.00018971403187606484	0.3172333240509033	6.013743103494562e-08	6.517064321087673e-06	3.036188331861922e-07	5.564294406212866e-05
119	There has not been perfect enforcement of other measures. New Zealand's example proves that incidences of COVID-19 spread can be virtually eliminated without a vaccine.	Should Covid-19 vaccines be mandatory?	0	120	False. (Note: The argument is flawed because	0.00010817544534802437	0.1252969652414322	0.000343780848197639	0.41730260848999023	0.00012746182619594038	0.24918276071548462	2.7392239587697986e-08	2.8603440114238765e-06	1.2542952276817232e-07	2.4806313376757316e-05
120	Vaccines are the least harmful way to mitigate the spread of COVID-19.	Should Covid-19 vaccines be mandatory?	2	121	False. (Note: The question is asking whether	6.527123332489282e-05	0.045144058763980865	0.000659216137137264	0.5126258134841919	0.00013288564514368773	0.1717081367969513	5.940352565403373e-08	6.11878749623429e-06	2.500981963748927e-07	2.9883349270676263e-05
121	Maintaining social distancing measures long-term could have severe impacts on the global economy and exacerbate harms to marginalized communities.	Should Covid-19 vaccines be mandatory?	5	122	None. (I am not sure or cannot answer	0.00010942195513052866	0.10756349563598633	0.00024087402562145144	0.2993216812610626	0.0001734950637910515	0.3554532825946808	3.8808174451787636e-08	4.12830877394299e-06	2.0593822114278737e-07	3.6795216146856546e-05
122	Social distancing measures have an especially devastating impact on lives and livelihoods in developing countries.	Should Covid-19 vaccines be mandatory?	0	123	None. (I am not sure or cannot answer	0.0001688500342424959	0.13547074794769287	0.0003179275372531265	0.2673191428184509	0.00024376351211685687	0.3224484324455261	8.721766420194399e-08	7.928130798973143e-06	4.2762673047036515e-07	5.5898763093864545e-05
123	Technology and social innovations can help mitigate the harms of social distancing.	Should Covid-19 vaccines be mandatory?	3	124	None. (I am not sure or cannot answer	0.00017328628746327013	0.1434432864189148	0.000246289448114112	0.22216930985450745	0.00022778051788918674	0.34410256147384644	9.26214340779552e-08	8.427561624557711e-06	4.337489656336402e-07	6.300576933426782e-05
124	Any COVID-19 vaccine produced is unlikely to undergo the level of clinical testing necessary to confirm it is both safe, and effective.	Should Covid-19 vaccines be mandatory?	3	125	False. (Note: The argument is false because	0.00022727159375790507	0.11772960424423218	0.0006082103936932981	0.3951747417449951	0.0001869485276984051	0.15842249989509583	1.0431109132014171e-07	7.596657724207034e-06	5.93855190800241e-07	6.53692550258711e-05
125	It is an infringement of the right to personal autonomy.	Should Covid-19 vaccines be mandatory?	1	126	False	0.00022180819360073656	0.2232116013765335	0.0002870411262847483	0.30036404728889465	0.00010395941353635862	0.19698356091976166	6.156633247655918e-08	6.267683147598291e-06	3.263870382852474e-07	5.564546154346317e-05
126	This would be unconstitutional based on freedom of privacy, and contrary to the constitutional principles arrived at in Roe vs Wade.	Should Covid-19 vaccines be mandatory?	4	127	False. (Note: The question is about the	7.975346670718864e-05	0.09680972248315811	0.000234408478718251	0.35411524772644043	0.0001444148801965639	0.3326604962348938	3.111140500777765e-08	4.327013812144287e-06	1.934871534103877e-07	4.6884644689271227e-05
127	It is a duty of the state to protect its citizens from life-threatening diseases such as COVID-19.	Should Covid-19 vaccines be mandatory?	1	128	True	0.00040216799243353307	0.2781546115875244	0.0003439925203565508	0.227023184299469	0.00013470940757542849	0.1431817263364792	1.8712439953105786e-07	1.3707781363336835e-05	5.894763148717175e-07	7.126470154616982e-05
128	There is already a precedent for the state passing laws governing bodily choices in the name of public safety, such as banning the use of methamphetamine.	Should Covid-19 vaccines be mandatory?	7	129	False. (The precedent mentioned is not relevant to	0.00010028564429376274	0.09117377549409866	0.00039048813050612807	0.40543267130851746	0.000154116700286977	0.2497798204421997	4.6343934911874385e-08	4.123145572521025e-06	2.064856801098358e-07	3.1310704798670486e-05
129	In some places in the US, healthcare workers are required to get vaccinated against the seasonal flu or to provide a reason for exemption from their physician.	Should Covid-19 vaccines be mandatory?	0	130	False. (Note: The question is about the	9.062940807780251e-05	0.09632939100265503	0.00035565681173466146	0.39927423000335693	0.00015782174887135625	0.27441689372062683	8.208030521927867e-08	1.0168337212235201e-05	2.8453666800487554e-07	5.7607558119343594e-05
130	Forcing citizens to undergo a medical procedure against their will increases mistrust in public institutions and increases the influence of the anti-vaccination movement.	Should Covid-19 vaccines be mandatory?	5	131	False. (Note: The argument is not necessarily	0.00017155474051833153	0.15596741437911987	0.00035200745332986116	0.3654792904853821	0.00013153557665646076	0.21823765337467194	8.766792802816781e-08	1.0142935025214683e-05	4.544391174476914e-07	8.29584532766603e-05
131	The state should not mandate its citizens to undertake tasks that may carry a risk of harm.	Should Covid-19 vaccines be mandatory?	1	132	False. (Note: This is a tricky one	7.840615580789745e-05	0.0602605976164341	0.0005421247915364802	0.4022669494152069	0.00011275120050413534	0.15388081967830658	6.349780790060322e-08	6.237955403776141e-06	3.2674790872988524e-07	4.737033668789081e-05
132	Mandatory vaccinations can be enforced through non-state actors such as workplaces, stores and privately owned public spaces, which could require a proof of vaccination for entry.	Should Covid-19 vaccines be mandatory?	6	133	False. (Note: This is a tricky one	0.00019662796694319695	0.24055124819278717	0.0002604897308629006	0.3445737659931183	9.360894910059869e-05	0.19029171764850616	1.0981909071006157e-07	1.54010922415182e-05	5.17813759870478e-07	0.00011741191701730713
133	"Airlines sometimes require ""fitness to fly"" certificate from passengers flying with them. This could be extended to include proof of immunization from COVID-19."	Should Covid-19 vaccines be mandatory?	7	134	False. (Note: This is a tricky question	0.00021443032892420888	0.19494737684726715	0.00030476695974357426	0.29725924134254456	0.00014062684203963727	0.1995704174041748	1.1675937372501721e-07	1.233593047800241e-05	4.3721612996705517e-07	7.016133895376697e-05
134	The quickest and safest way to develop herd immunity is through a mandatory vaccination policy.	Should Covid-19 vaccines be mandatory?	4	135	False. (Note: The question is not about	0.00025149749126285315	0.21988731622695923	0.0002762159565463662	0.2570743262767792	0.0001501760125393048	0.2340688407421112	1.4691818250867072e-07	1.6981432054308243e-05	5.078114213574736e-07	8.556771354051307e-05
135	The possibility of reinfection has not yet been ruled out and would make attaining herd immunity practically impossible.	Should Covid-19 vaccines be mandatory?	3	136	False. (Note: The argument is about the	0.00018219671619590372	0.13001427054405212	0.00037677548243664205	0.2999397814273834	0.00019546854309737682	0.24100838601589203	6.871928093232782e-08	5.148373475094559e-06	2.996712566982751e-07	3.971184560214169e-05
136	Due to growing anti-vaccination sentiment, it is unlikely that the government will be able to enforce mandatory vaccinations.	Should Covid-19 vaccines be mandatory?	3	137	False. (Note: The question is asking whether	0.00010600618406897411	0.1025901660323143	0.0003368869365658611	0.37525925040245056	0.00014376570470631123	0.26197317242622375	9.143136736611268e-08	1.2367348972475156e-05	4.1338429923598596e-07	8.451550093013793e-05
137	Attaching vaccine requirements to attend schools or daycares have been shown to significantly increase the vaccination rate to herd immunity levels in the US (p. 269).	Should Covid-19 vaccines be mandatory?	0	138	True. (Note: This is a true statement	0.00021752261091023684	0.2854979932308197	0.00013401178875938058	0.1528160721063614	0.00015185524534899741	0.2724240720272064	9.215358431902132e-08	1.0414929420221597e-05	3.2133362992681214e-07	7.400834147119895e-05
138	Providing vaccinations to an entire population requires huge amounts of resources which can otherwise be used towards addressing more urgent public health issues.	Should Covid-19 vaccines be mandatory?	6	139	False. (Note: This is a classic example	0.00015238802006933838	0.10874298959970474	0.0004957726923748851	0.40088504552841187	0.00015845846792217344	0.1923467367887497	7.104311094963123e-08	6.09628750680713e-06	3.1437656389243784e-07	4.248224649927579e-05
139	Governments have given billions of taxpayers dollars to different drug companies to make the COVID-19 vaccine, much of which could be wasted if the vaccine doesn't work.	Should Covid-19 vaccines be mandatory?	5	140	False. (Note: The question is about whether	0.0001797788863768801	0.11772453784942627	0.0006034511607140303	0.451284259557724	0.00015138900198508054	0.16601820290088654	7.02335967162071e-08	6.273026428971207e-06	2.441836102207162e-07	3.526254658936523e-05
140	COVID-19 is the most urgent public health issue at the moment, and should therefore have priority.	Should Covid-19 vaccines be mandatory?	1	141	False. (Note: This answer is based on	8.988678018795326e-05	0.08236067742109299	0.00045648275408893824	0.45224907994270325	0.00012001459253951907	0.1885254681110382	4.497957206694991e-08	5.110837719257688e-06	3.477968846254953e-07	5.202247484703548e-05
141	Mandatory vaccine policies have proved extremely helpful in the fight against other preventable illnesses.	Should Covid-19 vaccines be mandatory?	7	142	False. (The argument is about the effectiveness of	0.00011398691276554018	0.09888458251953125	0.00034297106321901083	0.31920334696769714	0.00018647014803718776	0.2998637855052948	1.008430601245891e-07	1.0356829079682939e-05	3.408146937999845e-07	5.5120464821811765e-05
142	A mandatory vaccine policy would vastly increase already present inequalities in medical treatment.	Should Covid-19 vaccines be mandatory?	5	143	False. (Note: The question is not about	0.00012598470493685454	0.11725402623414993	0.000403518759412691	0.45300593972206116	0.00014614481187891215	0.2207774668931961	7.002123680877048e-08	9.37929144129157e-06	4.771084718413476e-07	8.726704982109368e-05
143	Differences over how to distribute the vaccine in a mandatory system will lead to some people being prioritized over others.	Should Covid-19 vaccines be mandatory?	3	144	False. (Note: The question is about whether	0.00011729933612514287	0.14462746679782867	0.000229660960030742	0.341564416885376	0.00013501070498023182	0.3158954381942749	7.592233686182226e-08	1.1797104889410548e-05	2.79071713293888e-07	6.949755334062502e-05
144	"A mandatory vaccine policy would It will be easier for rich countries to access, produce and distribute COVID-19 vaccines. These countries will therefore recover faster from the pandemic. 
This will increase existing inequality in public health and economy between rich and poor countries.greatly increase competition between countries for supply, increasing the already inequitable distribution of vaccines throughout the world."	Should Covid-19 vaccines be mandatory?	3	145	False. (The argument is that mandatory vaccine policy	0.00038664648309350014	0.19261492788791656	0.0006275891792029142	0.4014439880847931	0.0001226179301738739	0.0991496667265892	9.28775207853505e-08	5.7349170674569905e-06	2.197762114519719e-07	2.714684342208784e-05
145	Mandatory vaccination could result in rich countries hoarding vaccines for their population. This could make vaccines inaccessible or unaffordable for poorer countries.	Should Covid-19 vaccines be mandatory?	3	146	None. (I am not sure or cannot answer	0.00012708426220342517	0.10196148604154587	0.00035089091397821903	0.3317171335220337	0.0002587307244539261	0.35867175459861755	5.692121973766007e-08	5.693821549357381e-06	2.999985326823662e-07	4.290176366339438e-05
146	"A study of European countries discovered, ""Those [countries] where a vaccination is mandatory do not usually reach better coverage than neighbour or similar countries where there is no legal obligation."""	Should Covid-19 vaccines be mandatory?	4	147	None. (I am not sure or cannot answer	0.0001781680475687608	0.18070155382156372	0.00026126616285182536	0.2712651789188385	0.0001956793130375445	0.3073837161064148	6.106670724648211e-08	6.881391982460627e-06	3.9587854416822665e-07	7.198638923000544e-05
147	"While the United States has been relatively prosperous and successful for centuries, countries that presented themselves as 
alternatives to Capitalism dissolved, for example the Soviet Union."	Is capitalism the most moral system?	0	148	False. (I think this is a trick question	0.00011089356848970056	0.1325225979089737	0.00042509849299676716	0.524137020111084	0.00012964771303813905	0.24374635517597198	1.6078114839501723e-08	1.723760760796722e-06	1.0351988777301813e-07	1.897165202535689e-05
148	"Capitalism is the only economic system that allows individuals to be independent and autonomous in acting socially and
economically without the intrusion of government."	Is capitalism the most moral system?	2	149	False. (Note: This is a trick question	2.702393612707965e-05	0.029175890609622	0.00035320036113262177	0.590609610080719	0.00013723887968808413	0.3016538619995117	1.7888639902707837e-08	2.7606688490777742e-06	7.443654226335639e-08	1.1532400094438344e-05
149	Capitalism, by virtue of the free market and a general lack of state intervention, enables more freedom than any comparable systems.	Is capitalism the most moral system?	2	150	False. (Note: This is a separate question	1.5716041161795147e-05	0.024115726351737976	0.0003466903290245682	0.6938384771347046	7.55650908104144e-05	0.1896848827600479	1.0433840458290433e-08	1.8991391925737844e-06	6.575098865369e-08	1.272723875445081e-05
150	"One of the foundations of capitalism is the idea that transactions should be voluntary and not imposed, as is the case for
 government-mandated taxes."	Is capitalism the most moral system?	1	151	False. (Note: This is a very complex	3.779224425670691e-05	0.050383370369672775	0.0003585628583095968	0.6533814668655396	8.254584827227518e-05	0.2088332623243332	9.348086749128015e-09	1.3290277820487972e-06	3.5210472759672484e-08	6.7493597271095496e-06
151	Capitalism puts people under constant stress through the way it structures life.	Is capitalism the most moral system?	5	152	False. I believe that capitalism is a system that	2.0207273337291554e-05	0.02736390382051468	0.0003995814186055213	0.6947831511497498	9.056270937435329e-05	0.18699835240840912	1.2565881668535894e-08	1.7656918771535857e-06	9.598466732541056e-08	1.4783957340114284e-05
152	Even though it causes stress, capitalism may still cause less stress than any alternative system.	Is capitalism the most moral system?	6	153	False. (I think this is a trick question	2.0090285033802502e-05	0.028734717518091202	0.0002688050444703549	0.48222872614860535	0.00014614676183555275	0.3814743161201477	1.3416269872834619e-08	2.362242184972274e-06	7.077841956970587e-08	1.3330839465197641e-05
153	Capitalism is based upon free trade, which has been found to make people nicer.	Is capitalism the most moral system?	4	154	False. Capitalism is based on free trade,	2.7644589863484725e-05	0.039849597960710526	0.0003066417120862752	0.604174017906189	0.00010514786117710173	0.24410836398601532	1.7090341586367686e-08	3.1876174944045488e-06	7.195302487161825e-08	1.4119475054030772e-05
154	Capitalism promotes co-operation.	Is capitalism the most moral system?	1	155	False. (Note: This is a trick question	1.854982110671699e-05	0.03741530701518059	0.00019787740893661976	0.6133617758750916	7.569485751446337e-05	0.2808174788951874	9.666296207910818e-09	3.040027195311268e-06	8.811176854806035e-08	2.457452137605287e-05
155	"Capitalism in its most basic form (the use of a common mean of value to make a trade) is morally neutral, because it's neither
 good nor bad."	Is capitalism the most moral system?	1	156	False. (The argument is that capitalism is morally	2.2248246750677936e-05	0.021531306207180023	0.0005604980397038162	0.8206797242164612	3.725880378624424e-05	0.0632840245962143	7.852247740913754e-09	1.0244319810226443e-06	3.3909334007375946e-08	6.154029051685939e-06
156	Capitalism, by virtue of being the system which most closely adheres to natural selection, is the most moral system.	Is capitalism the most moral system?	1	157	False. Capitalism is a system that prioritizes	5.5409196647815406e-05	0.08176630735397339	0.00031637653592042625	0.4931139647960663	0.00012389483163133264	0.2639448940753937	2.1520053294921127e-08	3.2126281439559534e-06	1.763553285627495e-07	3.0125456760288216e-05
157	This is the naturalistic fallacy. By this reasoning, rape and murder are moral because they are also natural.	Is capitalism the most moral system?	7	158	False. (The argument is not a naturalistic	5.82300745008979e-05	0.08199404925107956	0.0003430373908486217	0.510184109210968	0.00012918905122205615	0.2861873507499695	1.9687218966168984e-08	3.00283909382415e-06	1.0747253753606856e-07	1.7347778339171782e-05
158	Capitalism inevitably leads to various forms of exploitation.	Is capitalism the most moral system?	5	159	False. (Note: This answer assumes that the	1.338201946055051e-05	0.015200264751911163	0.0005324588855728507	0.7675379514694214	5.700453039025888e-05	0.10387496650218964	1.7049822886860966e-08	2.524247975088656e-06	1.000012659346794e-07	1.4812545487075113e-05
159	Capitalism does not take externalities into account, many of which are devastating to both people and the environment.	Is capitalism the most moral system?	5	160	False. (Note: This is a very complex	2.051870797004085e-05	0.024713056161999702	0.000497122760862112	0.745147168636322	5.198860526434146e-05	0.09326609969139099	1.6592903051559915e-08	2.1291268694767496e-06	6.075362080082414e-08	9.46782802202506e-06
160	Pollution and the usage of fossil fuels would be examples of this.	Is capitalism the most moral system?	0	161	False. (Note: This is a subjective question	0.00013728496560361236	0.11188019067049026	0.0005100755370222032	0.4565410315990448	0.00017085392028093338	0.21565470099449158	4.8928548324056464e-08	4.771610292664263e-06	1.973329233351251e-07	2.232378210464958e-05
161	Capitalism treats people as equals.	Is capitalism the most moral system?	1	162	False. (Note: This is a very general	2.0463476175791584e-05	0.04359527677297592	0.0002003151021199301	0.58329838514328	7.54393549868837e-05	0.2933008372783661	1.1284918777221264e-08	3.4197901186416857e-06	7.689282455203283e-08	2.0304229110479355e-05
162	"And neither in risk. If the company fails the employee only loses their job, while the employer might lose their entire life savings
 and go bankrupt."	Is capitalism the most moral system?	1	163	False. (I think this is a false statement	0.00011376917245797813	0.10024993121623993	0.0004903449444100261	0.5859833359718323	0.00013723182200919837	0.20893879234790802	1.883792677404017e-08	1.4546956208505435e-06	9.409178147734565e-08	1.1264673958066851e-05
163	Losing one's job has a higher probability of leading to bankruptcy, homelessness and starvation than losing one's business.	Is capitalism the most moral system?	0	164	False. (Note: This is a tricky question	0.00019319125567562878	0.17427122592926025	0.0003135803563054651	0.3632124364376068	0.00021891437063459307	0.3106720447540283	4.410928511333623e-08	6.161795226944378e-06	4.446187631401699e-07	6.471096276072785e-05
164	Capitalism, more than any other system put into thought or action, helps the poor.	Is capitalism the most moral system?	2	165	False. (Note: This is a trick question	2.0597526599885896e-05	0.030874041840434074	0.0003594395820982754	0.71375572681427	7.417454617097974e-05	0.17766784131526947	1.2487438638686399e-08	2.2486437956104055e-06	7.739652829741317e-08	1.4835843103355728e-05
165	Incentivizing moral behavior is de facto an ok thing to do because it causes more moral behavior to take place.	Is it ok to incentivise moral behavior?	2	166	False. Incentivising moral behavior is not	0.00023946419241838157	0.201345756649971	0.00038266266346909106	0.3118503987789154	0.00015221269859466702	0.18476524949073792	4.306126655251319e-08	2.6087536753038876e-06	3.3037278512892954e-07	3.080332317040302e-05
166	Bought morality is not morality. Incentivising moral behavior reduces ethics to the category of compliance.	Is it ok to incentivise moral behavior?	5	167	False. (I think it's ok to incentiv	8.799835632089525e-05	0.11459885537624359	0.0003913121472578496	0.5216844081878662	9.5148898253683e-05	0.19493921101093292	2.4401476395041755e-08	2.976057430714718e-06	1.646502312269149e-07	3.1254450732376426e-05
167	By reducing ethics to behavioral inducements, the system devalues the ethicality of all actions, regardless of their objective desirability. Source	Is it ok to incentivise moral behavior?	5	168	"False. (Source: ""The Ethics of In"	0.0001689383207121864	0.15479333698749542	0.0004737992421723902	0.5236591100692749	7.856361480662599e-05	0.10976491123437881	2.7863791274285177e-08	3.1429401587956818e-06	2.0933370592501888e-07	3.199152706656605e-05
168	Being paid to behave morally is not the right reason to do so.	Is it ok to incentivise moral behavior?	1	169	False. (I think it's ok to incentiv	8.45953036332503e-05	0.08059999346733093	0.0006399028352461755	0.5508009791374207	8.59274878166616e-05	0.1191190704703331	4.444998324970584e-08	5.080343271401944e-06	2.9861337225156603e-07	4.32070555689279e-05
169	A person may do the right thing without an incentive being necessary, however it may be perceived as just an added perk.	Is it ok to incentivise moral behavior?	3	170	True. (I think it's ok to incentiv	0.00030333411996252835	0.3149431347846985	0.0002986313484143466	0.3005208373069763	0.00010565164848230779	0.14532238245010376	4.665616160082209e-08	3.6152007396594854e-06	3.5447470736471587e-07	4.5796601625625044e-05
170	Paying someone for morality is like paying a bribe.	Is it ok to incentivise moral behavior?	7	171	False. (I think paying someone for morality is	0.00011485497816465795	0.09886225312948227	0.0006209001294337213	0.5778720378875732	8.944914588937536e-05	0.11740183085203171	4.2130878341595235e-08	4.52354197477689e-06	3.0903566994311404e-07	3.9692815335001796e-05
171	Since what is morally correct is subjective, incentivising morally correct behaviour is no different that incentivising morally incorrect behavior.	Is it ok to incentivise moral behavior?	7	172	False. Incentivising morally correct behavior is	0.00015695403271820396	0.16813382506370544	0.00046857818961143494	0.46423235535621643	0.00010293296509189531	0.13509930670261383	3.144007365563084e-08	3.1083063731784932e-06	2.617065604226809e-07	4.12650297221262e-05
172	Using a promotion as an incentive for treating customers well can help a business's reputation, thus making it mutually beneficial.	Is it ok to incentivise moral behavior?	2	173	False. Incentivising moral behavior can lead	0.00029598394758068025	0.31706681847572327	0.00031018853769637644	0.33751586079597473	8.091751078609377e-05	0.13012395799160004	4.224847671707721e-08	4.205524874123512e-06	3.2875942679311265e-07	6.155879236757755e-05
173	Rewarding customer service employees, for example, may improve the quality of service provided to customers. This can then create a favorable reputation for the business.	Is it ok to incentivise moral behavior?	0	174	True. Incentivising moral behavior can lead	0.0002613909018691629	0.39487695693969727	0.000216700675082393	0.2980687618255615	5.522024002857506e-05	0.10545261949300766	3.30877405474439e-08	3.3553235425642924e-06	2.1491801760475937e-07	5.107036849949509e-05
174	Morality is not objectively measurable so incentivising it effectively is not possible.	Is it ok to incentivise moral behavior?	3	175	False. (I think it is possible to incentiv	0.000205160045879893	0.13860943913459778	0.0007330602966248989	0.4837944507598877	9.033074456965551e-05	0.08276747167110443	4.2650118103892964e-08	3.2015470878832275e-06	3.084456636770483e-07	3.323082273709588e-05
175	A group of people (e.g. an ethics committee) could be a good judge.	Is it ok to incentivise moral behavior?	0	176	False. (I think it's a bit of	0.00023907370632514358	0.2747582793235779	0.0002952166541945189	0.3419421911239624	0.00010444357758387923	0.16927365958690643	3.897216060977371e-08	3.894574547302909e-06	2.28469389185193e-07	3.1237388611771166e-05
176	Morality is objective.  (link to other kialo debate)	Is it ok to incentivise moral behavior?	4	177	True. If morality is objective, then it is	0.0002983807644341141	0.28207632899284363	0.00019264912407379597	0.2450721710920334	0.00010556301276665181	0.1582304686307907	1.0907800174209115e-07	1.1983453077846207e-05	2.3547259786482755e-07	3.605657548177987e-05
177	One can measure certain good deeds quantitatively, such as the amount of money donated or the number of people helped over the street.	Is it ok to incentivise moral behavior?	0	178	False. (I think it's a bit more	0.0002034794888459146	0.19538997113704681	0.0005319251213222742	0.506803035736084	9.029347711475566e-05	0.11486384272575378	3.9121800909924787e-08	2.9252435069793137e-06	3.3467645721430017e-07	3.8232665247051045e-05
178	The intrinsic value of morality is lower than the practical value of ensuring consistent moral behaviour throughout society.	Is it ok to incentivise moral behavior?	1	179	False. (I think it's a bit of	0.00012943889305461198	0.11405760049819946	0.0006079446175135672	0.6165895462036133	6.820949784014374e-05	0.0909346416592598	3.585768482139429e-08	3.4225859053549357e-06	1.7649769290528639e-07	2.6194582460448146e-05
179	Societies do not punish people that would love to steal something but aren't capable of executing the heist.	Is it ok to incentivise moral behavior?	7	180	True. The argument suggests that societies do not punish	0.00043353752698749304	0.3616892993450165	0.0003050317463930696	0.2077006995677948	0.00011309501860523596	0.13099518418312073	8.031718579104563e-08	4.96904840474599e-06	4.4189033587827e-07	4.826303120353259e-05
180	Moral behaviour is relative; sociologically driven reinforcement of 'correct' behaviour is helpful.	Is it ok to incentivise moral behavior?	1	181	False. (I think that moral behavior should be	0.00018508131324779242	0.20296628773212433	0.0004545158299151808	0.4945582449436188	5.823841638630256e-05	0.08594133704900742	4.148077792365257e-08	3.7964880448271288e-06	3.2531713145544927e-07	4.607038135873154e-05
181	Moral behaviour is not something which is inherent to human beings and needs to be taught. Helping people improve their moral behaviour should therefore be commended.	Is it ok to incentivise moral behavior?	1	182	False. Incentivising moral behavior can undermine	0.00030870400951243937	0.23633556067943573	0.0005169818759895861	0.40835121273994446	0.0001413349964423105	0.13893449306488037	5.451830986658024e-08	4.088442437932827e-06	5.047799618296267e-07	5.984500239719637e-05
182	Children are taught the difference between right and wrong by their parents. Without this guidance, they would behave in a manner that is more in alignment with instinct than moral correctness.	Is it ok to incentivise moral behavior?	3	183	False. The argument suggests that children are taught the	0.00011984255979768932	0.0984315276145935	0.000599175167735666	0.6319031715393066	8.045849244808778e-05	0.09392402321100235	3.593204667140526e-08	3.1441825285583036e-06	1.7877387392672972e-07	2.1319379811757244e-05
183	Moral behavior's inherency to human nature is irrelevant to whether or not incentivizing moral behavior is good.	Is it ok to incentivise moral behavior?	1	184	None. I don't think it's ok to	0.0003034929686691612	0.2592008411884308	0.0002326961257494986	0.2182689756155014	0.0001869765983428806	0.2632826566696167	6.650868300539514e-08	4.79187156088301e-06	3.4712201113507035e-07	4.764587356476113e-05
184	"The only one that can properly evaluate the morality of an action is the person performing the action.
Therefore, incentivising the behaviour can only be done subjectively.
"	Is it ok to incentivise moral behavior?	3	185	False. (The argument is flawed because it assumes	0.00012692483142018318	0.33651819825172424	0.00018181142513640225	0.4458141624927521	1.9926141249015927e-05	0.09199895709753036	7.648834454698772e-09	1.093833702725533e-06	2.8894607595475463e-08	1.0058708539872896e-05
185	Some people get to be known for their moral attitude and impactful choices not only by themselves and their colleagues, but also get recognised as morally good by wider population. Virtue of those could be easily recognised and rewarded.	Is it ok to incentivise moral behavior?	1	186	False. (I think it's not ok to	0.0003081226022914052	0.3125040531158447	0.0003229097055736929	0.35411348938941956	0.00010401760664535686	0.1453278809785843	3.425254391231647e-08	3.0682972465001512e-06	2.702076074001525e-07	3.856606417684816e-05
186	Not being punished for rule-breaking and enjoying the liberties and benefits of not being incarcerated are equivalent to directly incentivizing good behavior.	Is it ok to incentivise moral behavior?	7	187	False. Incentivising moral behavior is not	0.000156443624291569	0.17426297068595886	0.0002640486054588109	0.3866192698478699	0.000131738735944964	0.278471440076828	3.468781528681575e-08	3.781192390306387e-06	3.3494509921183635e-07	6.320893589872867e-05
187	As incentives are usually scarce, this will lead to competition. People competing for morality is not ok.	Is it ok to incentivise moral behavior?	3	188	False. (I think it is ok to incentiv	0.0001306877238675952	0.1598811149597168	0.00047803582856431603	0.5324853658676147	5.844716361025348e-05	0.09472642093896866	1.7151565501194455e-08	1.7649514347795048e-06	1.8529928524912975e-07	2.8708283934975043e-05
188	Competition means you can either make yourself look good or others look bad. This is not good for overall morality.	Is it ok to incentivise moral behavior?	1	189	False. (Note: This is a tricky one	8.992722723633051e-05	0.08771193772554398	0.0006242187228053808	0.6232797503471375	8.784406236372888e-05	0.11895502358675003	2.4669905229757205e-08	2.7691266950569116e-06	1.6991047857572994e-07	2.5365139663335867e-05
189	Incentivising moral behaviour sends a clear message that morality is valued.	Is it ok to incentivise moral behavior?	3	190	True. (I think this is a good way	0.0005466341972351074	0.37221142649650574	0.0002727259125094861	0.17041079699993134	0.00011821793304989114	0.11712151765823364	8.747042556933593e-08	4.72931242256891e-06	4.5652546987184905e-07	3.975303116021678e-05
190	Behaving ethically should be the “ticket of admission” for even having a job Source	Is it ok to incentivise moral behavior?	4	191	False. Incentivising moral behavior can lead	0.00047624605940654874	0.2730737328529358	0.0005744624068029225	0.3973199427127838	0.00011670911044348031	0.08592646569013596	9.410329226966496e-08	6.356820449582301e-06	7.202146434792667e-07	7.190240285126492e-05
191	Incentivising moral behavior is the easiest way to get people to do the right thing.	Is it ok to incentivise moral behavior?	2	192	True. (I think it is ok to incentiv	0.000355702533852309	0.3442401587963104	0.00028805670444853604	0.2598460912704468	9.135196160059422e-05	0.12663887441158295	4.828229904774162e-08	3.2759071473265067e-06	3.237258283661504e-07	3.549554821802303e-05
192	If doing the right thing is costly, it would be good to compensate.	Is it ok to incentivise moral behavior?	2	193	False. (Note: This is a tricky one	0.00024727624258957803	0.2864140272140503	0.0002846132265403867	0.3145642578601837	7.90342382970266e-05	0.1342395544052124	5.3141011591151255e-08	5.2537579904310405e-06	3.1366940334009996e-07	4.646183515433222e-05
193	Whistle-blowers often pay a high price for doing the right thing. This is very discouraging for other potential whistle-blowers. Compensation would mitigate this effect.	Is it ok to incentivise moral behavior?	0	194	True. (I think it is ok to incentiv	0.0005197692080400884	0.5481599569320679	0.0001635526423342526	0.1570504605770111	3.85448474844452e-05	0.0559980645775795	6.99691327099572e-08	5.277968284644885e-06	2.0187013660688535e-07	3.097165608778596e-05
194	The perspective of compensation might encourage false cases of whistle-blowing.	Is it ok to incentivise moral behavior?	5	195	False. I believe that incentivising moral behavior is	0.0003120040346402675	0.2562614679336548	0.0004298037092667073	0.378729909658432	0.00012508001236710697	0.1483127623796463	4.8769226879130656e-08	4.116038326174021e-06	4.0595412542643317e-07	4.747501589008607e-05
195	It might make whistle-blowing an interesting tool for employees who hold a grudge against their employer.	Is it ok to incentivise moral behavior?	5	196	False. Incentivising moral behavior is not	0.00017052491602953523	0.1743062138557434	0.00040272600017488003	0.48127490282058716	0.0001218686593347229	0.18267135322093964	3.088979383392143e-08	2.9686289053643122e-06	2.036021697904289e-07	2.8721080525428988e-05
196	A one-size-fits-all prescription to good health is both ideologically and practically dangerous.	Do people have a right to not wear a mask in public spaces during the Covid-19 pandemic?	1	197	False. (The argument is about a one-size	2.793720705085434e-05	0.04154975339770317	0.0002451412146911025	0.41963765025138855	0.00011762003123294562	0.3645875155925751	2.7198026941732678e-08	4.234395873936592e-06	1.2662503934279812e-07	2.9163798899389803e-05
197	"The UK government has made exceptions to the rule requiring masks for specific groups of people.
 This is an acknowledgement of the practical dangers of a one-size-fits-all prescription."	Do people have a right to not wear a mask in public spaces during the Covid-19 pandemic?	3	198	False. (The argument is about exceptions to a	8.026066643651575e-05	0.17232796549797058	0.000218171117012389	0.46843597292900085	4.718281343230046e-05	0.21446560323238373	1.6474670516686274e-08	2.833548251146567e-06	5.210136677646915e-08	2.061264603980817e-05
198	It is not reasonable for everyone to wear masks.	Do people have a right to not wear a mask in public spaces during the Covid-19 pandemic?	1	199	False. (Note: This answer assumes that the	9.026173938764259e-05	0.10956532508134842	0.00040137700852937996	0.4506015181541443	0.0001132135876105167	0.24498778581619263	3.861470077026752e-08	5.357486315915594e-06	2.9409605417640705e-07	6.400515121640638e-05
199	For people with certain underlying conditions and medical considerations, mask wearing is not possible.	Do people have a right to not wear a mask in public spaces during the Covid-19 pandemic?	3	200	False. (Note: This is a general answer	6.07384936301969e-05	0.07145978510379791	0.00034952591522596776	0.4176985025405884	0.000151508254930377	0.32026055455207825	4.370735950942617e-08	5.4757410907768644e-06	3.13784966010644e-07	5.444563430501148e-05
200	Many rape survivors, for whom wearing a mask can trigger trauma and flashbacks, are being stigmatized for not wearing masks.	Do people have a right to not wear a mask in public spaces during the Covid-19 pandemic?	0	201	True. (Note: This is a moral and	0.0007067114347591996	0.6325391530990601	7.929082494229078e-05	0.06461793929338455	5.666659853886813e-05	0.0970030277967453	6.805598928849577e-08	4.153302143095061e-06	2.3846845920161286e-07	3.0688981496496126e-05
201	"Mandating mask-wearing during a pandemic is like mandating safety/hand brakes on a car. It may never be required
 but is in everyone’s interest that it is there and working if it is required."	Do people have a right to not wear a mask in public spaces during the Covid-19 pandemic?	7	202	False. (Note: This is a moral and	2.878277882700786e-05	0.03661505505442619	0.0003732607583515346	0.8204348087310791	7.746780283923727e-06	0.01899563893675804	9.636705655680089e-09	1.8617110981722362e-06	2.4512253560260433e-08	7.6266769610811025e-06
202	COVID-19 is universally transmitted through infected secretions and through respiratory droplets. 	Do people have a right to not wear a mask in public spaces during the Covid-19 pandemic?	3	203	False. (The argument is that the virus is	8.870859892340377e-05	0.05586365982890129	0.0006353060598485172	0.48258838057518005	0.0002062536805169657	0.22442443668842316	4.417379173560221e-08	3.837157692032633e-06	3.2752015499681875e-07	3.8004349335096776e-05
203	During a world pandemic, it is important to be guided by those who are more informed than we are.	Do people have a right to not wear a mask in public spaces during the Covid-19 pandemic?	1	204	False. (Note: This is a tricky question	6.25774628133513e-05	0.04097757115960121	0.0006941271130926907	0.5031243562698364	0.0001501155347796157	0.169847309589386	5.5959553435513953e-08	4.462816832528915e-06	2.5524076363581116e-07	2.538253647799138e-05
204	While certain attributes of the virus are still being investigated, the overwhelming consensus is that the wearing of masks will limit the spread of the virus.	Do people have a right to not wear a mask in public spaces during the Covid-19 pandemic?	4	205	False. (The argument suggests that the consensus is	3.318892777315341e-05	0.03500176593661308	0.0005440773093141615	0.660434901714325	5.387094643083401e-05	0.10287591814994812	2.4152447153369394e-08	3.1850447612669086e-06	1.1310663694530376e-07	2.159644827770535e-05
205	Educating people will more effectively guide them to make responsible decisions regarding mask-wearing.	Do people have a right to not wear a mask in public spaces during the Covid-19 pandemic?	6	206	False. (Note: This answer assumes that the	7.819000165909529e-05	0.06625918298959732	0.000559974811039865	0.49730274081230164	0.0001372277329210192	0.21725548803806305	3.857634212067751e-08	3.355847184138838e-06	1.8385780720109324e-07	2.393993599980604e-05
206	Mandatory face mask wearing, and the undercutting of people's rights not to wear one, provoked protests in Spain.	Do people have a right to not wear a mask in public spaces during the Covid-19 pandemic?	0	207	False. (Note: This is a general answer	4.137272480875254e-05	0.0697246566414833	0.00033575165434740484	0.6462048292160034	3.5387965908739716e-05	0.11406192928552628	1.647367753321305e-08	2.7288267574476777e-06	1.56374241555568e-07	4.615461148205213e-05
207	"In many places, such as Florida, mask wearing is not mandatory, and yet there have been protests 
(https://abc7news.com/viral-target-anti-mask-video-protesters-parade-around-store-demand-customers-remove-face-masks-rant-caught-on/6428893/)."	Do people have a right to not wear a mask in public spaces during the Covid-19 pandemic?	0	208	True. (Note: This answer is based on	0.00020084022253286093	0.3631276488304138	0.00021886326430831105	0.3574978709220886	2.7180769393453375e-05	0.09325889497995377	1.7524245166100627e-08	1.82812505045149e-06	5.466811359156054e-08	1.768686342984438e-05
208	"Most anti-maskers are not educated on the benefits of wearing masks; whereas government officials 
and researchers who recommend masks to the point of making it mandatory are much more informed."	Do people have a right to not wear a mask in public spaces during the Covid-19 pandemic?	4	209	False. (Note: This answer is based on	0.000125731632579118	0.13574382662773132	0.0005252304836176336	0.5043494701385498	7.507778354920447e-05	0.16119977831840515	3.693252281777859e-08	4.5976989895279985e-06	1.440874797253855e-07	3.2671185181243345e-05
209	Statistical modeling studies of mortality rate shows that masks significantly reduce the loss of life.	Do people have a right to not wear a mask in public spaces during the Covid-19 pandemic?	4	210	False. (Note: This answer assumes that the	4.9137255700770766e-05	0.058721140027046204	0.00042117779958061874	0.4878399074077606	0.00011514360085129738	0.24530130624771118	2.863469106273442e-08	3.803888603215455e-06	1.340316515552331e-07	2.6507561415201053e-05
210	Wearing facemasks help prevent the spread of COVID-19.	Do people have a right to not wear a mask in public spaces during the Covid-19 pandemic?	2	211	False. (Note: This is a tricky one	0.00011224919580854475	0.08264287561178207	0.0005355109460651875	0.42298686504364014	0.0001779778249328956	0.22997397184371948	4.7484828513688626e-08	4.386510227050167e-06	3.356190347858501e-07	4.361533865449019e-05
211	A systematic review of 172 studies revealed that masks are effective at protecting people form COVID-19.	Do people have a right to not wear a mask in public spaces during the Covid-19 pandemic?	4	212	False. (The argument suggests that masks are effective	5.090552440378815e-05	0.04812389239668846	0.0005346081452444196	0.5771797299385071	9.217800106853247e-05	0.16027702391147614	2.0151004420654317e-08	2.2541748876392376e-06	1.249559318239335e-07	2.0973351638531312e-05
212	Now that research has demonstrated its definite benefits, the CDC website officially recommends that masks be worn.	Do people have a right to not wear a mask in public spaces during the Covid-19 pandemic?	4	213	False. (Note: The question is not asking	3.4681044780882075e-05	0.048454515635967255	0.0004127143765799701	0.5949265956878662	7.284841558430344e-05	0.19314438104629517	1.7202623325829336e-08	2.6535033157415455e-06	8.731948497597841e-08	2.0387935364851728e-05
213	People's choice to not wear a mask must be respected.	Do people have a right to not wear a mask in public spaces during the Covid-19 pandemic?	1	214	False. (Note: This is a tricky one	8.153387170750648e-05	0.10211256891489029	0.0003951018734369427	0.44010499119758606	0.00010068089613923803	0.2355712354183197	3.2385774062504424e-08	3.667301371024223e-06	3.0636877568213094e-07	5.603735917247832e-05
214	People have the right to bodily autonomy and integrity. They should not be forced to wear masks if they don't wish to.	Do people have a right to not wear a mask in public spaces during the Covid-19 pandemic?	1	215	False. (Note: This is a complex issue	3.813641887973063e-05	0.06327415257692337	0.0002565746835898608	0.4675362706184387	8.010651072254404e-05	0.26226407289505005	2.316575198335613e-08	3.6598412407329306e-06	1.7319077016964002e-07	4.493568485486321e-05
215	"The Jacobsen v. Massachusetts case in the US shows that masks do not violate the constitutional right to bodily integrity 
because they are required to protect public health."	Do people have a right to not wear a mask in public spaces during the Covid-19 pandemic?	4	216	False. (The Jacobsen v. Massachusetts case	3.163836299791001e-05	0.06089280545711517	0.00032711372477933764	0.6968812942504883	2.582247725513298e-05	0.10358215868473053	1.025685225641837e-08	1.9912156403734116e-06	4.013319454543307e-08	1.788670851965435e-05
216	This right to bodily autonomy is not without limits. Prostitution is illegal in many countries.	Do people have a right to not wear a mask in public spaces during the Covid-19 pandemic?	0	217	False. (The argument is about the right to	8.819831418804824e-05	0.0707627385854721	0.00046575063606724143	0.4104052484035492	0.00016349383804481477	0.2649775445461273	4.688943633368581e-08	3.726708200701978e-06	3.3794731280067936e-07	4.264991730451584e-05
217	The government has a moral obligation to reasonably restrict personal choices, especially ones that harm the public good.	Do people have a right to not wear a mask in public spaces during the Covid-19 pandemic?	1	218	False. (Note: This answer assumes that the	7.173222547862679e-05	0.058458078652620316	0.0007244698354043067	0.5812522768974304	6.430035864468664e-05	0.0877559706568718	5.086782550733915e-08	4.881439053860959e-06	2.5820202154136496e-07	4.055372846778482e-05
218	Not wearing a mask can constitute self-harm and the state is obligated to prevent such harm by limiting choice.	Do people have a right to not wear a mask in public spaces during the Covid-19 pandemic?	7	219	False. (Note: This is a simplified answer	3.421552901272662e-05	0.03552500531077385	0.0005147169576957822	0.6151089072227478	9.595982555765659e-05	0.179006889462471	2.0302568515262465e-08	2.3375091586785857e-06	1.5477885995096585e-07	2.602980202937033e-05
219	"Individual choice of clothing is already restricted by laws prohibiting ""indecent exposure"", so it is not uncommon that the government regulates 
what people are allowed to wear (or not wear)."	Do people have a right to not wear a mask in public spaces during the Covid-19 pandemic?	7	220	False. (Note: This answer is based on	8.531600906280801e-05	0.10037561506032944	0.0005065444856882095	0.5342128276824951	4.5666369260288775e-05	0.11024104803800583	2.1858417298403765e-08	2.536378133299877e-06	1.1452992509930482e-07	2.7482505174702965e-05
220	If people's choices cause harm to other people, their choices should be restricted.	Do people have a right to not wear a mask in public spaces during the Covid-19 pandemic?	1	221	False. (Note: This answer assumes that the	7.855209696572274e-05	0.06814458966255188	0.0004663852450903505	0.3712754547595978	0.0001346696080872789	0.2359970360994339	9.378909027191185e-08	9.381709787703585e-06	2.9806111001562385e-07	5.232697367318906e-05
221	It is very well accepted that certain liberties should be curtailed where they would affect other people - consider the illegality of murder and theft.	Do people have a right to not wear a mask in public spaces during the Covid-19 pandemic?	7	222	False. (Note: This is a classic example	6.611532444367185e-05	0.06448663026094437	0.0005756288301199675	0.5883931517601013	4.6517943701473996e-05	0.07963035255670547	4.3192194709718024e-08	3.908976850652834e-06	1.8789337730140687e-07	2.723987381614279e-05
222	"For most people, wearing a mask poses no risk. It is therefore justified that people are required to wear a mask 
since it does no harm to people wearing them but reduces harm for others and oneself."	Do people have a right to not wear a mask in public spaces during the Covid-19 pandemic?	2	223	False. (The argument is that wearing a mask	5.176556442165747e-05	0.05721306428313255	0.000714601541403681	0.7191229462623596	1.9192846593796276e-05	0.037229254841804504	9.381669663355297e-09	9.518301453681488e-07	4.822920729452562e-08	1.0233138709736522e-05
223	Public health has long been used as a justification to curtail civil liberties, such as mandatory quarantine for those with yellow fever in 1799.	Do people have a right to not wear a mask in public spaces during the Covid-19 pandemic?	0	224	False. (Note: This answer is based on	7.061956421239302e-05	0.10340098291635513	0.00034221261739730835	0.5089574456214905	6.686126289423555e-05	0.17316403985023499	3.1584299620135425e-08	3.6275489492254565e-06	1.1547417244628377e-07	2.7332825993653387e-05
224	Many people do not wear facemasks properly. This could increase the risk of infection to oneself or others.	Do people have a right to not wear a mask in public spaces during the Covid-19 pandemic?	5	225	False. (Note: This is a tricky question	2.4524466425646096e-05	0.02062060870230198	0.0005538305849768221	0.5979328751564026	0.00011077307863160968	0.1767486184835434	1.9458157751728322e-08	1.898525511023763e-06	1.2844148500334995e-07	1.7255117199965753e-05
225	A study has shown that people wearing a mask are less likely to touch their faces than those who don't wear a mask.	Do people have a right to not wear a mask in public spaces during the Covid-19 pandemic?	4	226	False. (The argument suggests that wearing a mask	7.178443775046617e-05	0.06276200711727142	0.0005429977318271995	0.5133266448974609	0.0001094581966754049	0.20418722927570343	3.1902136043981955e-08	3.1911661153571913e-06	1.7863224854863802e-07	2.7034266167902388e-05
226	Even if some people wear masks incorrectly, the net effect of wearing masks is still positive.	Do people have a right to not wear a mask in public spaces during the Covid-19 pandemic?	2	227	False. (The argument is that even if some	3.495133205433376e-05	0.04242610186338425	0.00041919303475879133	0.5588542819023132	0.0001068198835127987	0.25189536809921265	2.1990665288740274e-08	2.9716363769694e-06	9.991201466164057e-08	1.9682654965436086e-05
227	Even the WHO advice on masks has changed over time.	Do people have a right to not wear a mask in public spaces during the Covid-19 pandemic?	0	228	False. (The WHO has indeed changed its advice	0.0001061434595612809	0.1200953796505928	0.00033996885758824646	0.36418473720550537	0.00014621877926401794	0.292630672454834	3.8387895529012894e-08	4.196801910438808e-06	2.1897402291415347e-07	3.513939009280875e-05
228	Schools should close during the Covid-19 pandemic because that would reduce the rate of infection of Covid-19.	Should schools close during the Covid-19 pandemic?	2	229	True	0.0004434906004462391	0.4901609718799591	8.139909914461896e-05	0.08857028186321259	7.411471597151831e-05	0.1426449716091156	7.93228096540588e-08	7.72062503529014e-06	2.9645192967109324e-07	5.01485301356297e-05
229	Schools can reduce cohort sizes to decrease the chances of widespread Covid-19 transmission.	Should schools close during the Covid-19 pandemic?	4	230	False. (Note: The question is asking whether	7.276587712112814e-05	0.08168981224298477	0.00031118019251152873	0.3866874873638153	0.00012770808825735003	0.29648357629776	6.029802790408212e-08	6.259636393224355e-06	1.7379787209392816e-07	3.574139918782748e-05
230	School closures negatively impact students' academic performance.	Should schools close during the Covid-19 pandemic?	5	231	None. (I am not sure or cannot answer	3.627444675657898e-05	0.06307319551706314	0.0001401447952957824	0.24945931136608124	0.00013905415835324675	0.4961090683937073	2.8251710304516564e-08	6.230115104699507e-06	1.571911525388714e-07	4.307697236072272e-05
231	"A study showed that, when students return to school, they will only have 63 to 68% of the learning gains in reading and 37 to 50% of the learning
 gains in mathematics relative to the average school year."	Should schools close during the Covid-19 pandemic?	4	232	False. The study suggests that students will lose a	0.00029917649226263165	0.21349018812179565	0.00039326006663031876	0.3465287685394287	9.637252514949068e-05	0.1400102823972702	6.93157176101522e-08	4.454890131455613e-06	1.3089741912608588e-07	1.9051147319260053e-05
232	A study found that students learn better when studying from home.	Should schools close during the Covid-19 pandemic?	4	233	None. (The question is unrelated to the argument	9.533356205793098e-05	0.09821181744337082	0.00015965367492754012	0.16706393659114838	0.00016731560754124075	0.44708627462387085	9.54771621763939e-08	8.798395356279798e-06	1.7356347825625562e-07	3.3992226235568523e-05
233	Remote learning is a good substitute for in-person education.	Should schools close during the Covid-19 pandemic?	4	234	None. (The question is not related to the	7.601459947181866e-05	0.08943236619234085	0.00021824383293278515	0.25081929564476013	0.00017399915668647736	0.43337684869766235	8.119744876466939e-08	7.887667379691266e-06	2.1309277542513883e-07	4.181558688287623e-05
234	First of all, school closures reduce the risk of illness. And it hardly affects the quality of education (at school) or, on the contrary, improves, because you can watch webinars.	Should schools close during the Covid-19 pandemic?	2	235	False. (I don't agree with the argument	9.671253064880148e-05	0.0928676426410675	0.0005269235698506236	0.5099436640739441	0.00011218850704608485	0.14724718034267426	3.605217102631286e-08	4.2161846067756414e-06	2.6483519377507037e-07	3.152084900648333e-05
235	Many students have been thriving in remote education due to the ability to self-pace.	Should schools close during the Covid-19 pandemic?	0	236	None. (I don't have enough information to	7.109357102308422e-05	0.06514099985361099	0.00025204860139638186	0.24776771664619446	0.00023310685355681926	0.43484586477279663	5.188843843484392e-08	4.509491645876551e-06	1.7969904320125352e-07	2.5648001610534266e-05
236	Online schooling does not allow for an accurate assessment of the progress of students.	Should schools close during the Covid-19 pandemic?	5	237	None. (The question is unrelated to the argument	0.00010818722512340173	0.13339243829250336	0.00014220942102838308	0.17397655546665192	0.00020212033996358514	0.4729172885417938	6.99561439887475e-08	1.079600042430684e-05	3.759699325200927e-07	8.03979201009497e-05
237	Students in remote learning programs tend to score lower than those engaging in in-person education.	Should schools close during the Covid-19 pandemic?	5	238	None. (I am not sure or cannot answer	9.275619959225878e-05	0.09261667728424072	0.00014479037781711668	0.14344751834869385	0.00031379019492305815	0.5542033910751343	4.485578131152579e-08	5.441403573058778e-06	3.034065230167471e-07	4.556031490210444e-05
238	Schools are critical for the social development of students.	Should schools close during the Covid-19 pandemic?	5	239	None	7.133377221180126e-05	0.06957651674747467	0.0002489793405402452	0.2505546510219574	0.00018215717864222825	0.37029579281806946	4.9413458214075945e-08	5.331432021193905e-06	1.7960324782961834e-07	2.7075246180174872e-05
239	Students can take part in social activities online.	Should schools close during the Covid-19 pandemic?	6	240	None. (The question is not related to the	4.927345071337186e-05	0.08908848464488983	0.00010595455387374386	0.200764000415802	0.00017744049546308815	0.5809298753738403	2.1929999149961077e-08	4.3903837649850175e-06	1.6403215852278663e-07	4.5215856516733766e-05
240	Kids don't play a significant role in the spread of Covid-19. Therefore, closing schools will not significantly reduce the spread of the virus.	Should schools close during the Covid-19 pandemic?	3	241	None. (I am not sure or cannot answer	0.00021715922048315406	0.1869213730096817	0.000341639417456463	0.2677524983882904	0.0001678076368989423	0.276251882314682	6.897185755860846e-08	5.248669367574621e-06	2.6080599013766914e-07	4.017041646875441e-05
241	Students can wear masks and practise social distancing to reduce the rate of infection.	Should schools close during the Covid-19 pandemic?	6	242	False. (The argument suggests that students can take	6.153436697786674e-05	0.05817193537950516	0.00040440153679810464	0.44695839285850525	0.00011954086949117482	0.2178301215171814	4.9567116633397745e-08	5.355850589694455e-06	1.4106575463301851e-07	2.5751736757229082e-05
242	Schools can reduce cohort sizes to decrease the chances of widespread Covid-19 transmission.	Should schools close during the Covid-19 pandemic?	6	243	False. Closing schools would not be an effective measure	7.836766599211842e-05	0.08661461621522903	0.00034041362232528627	0.39738520979881287	0.0001262133737327531	0.2688842713832855	5.4738382715413536e-08	6.3827492340351455e-06	1.2541981675440184e-07	2.4852886781445704e-05
243	A study found that Covid-19 cases in schools were 37% less than the ones in the surrounding community.	Should schools close during the Covid-19 pandemic?	4	244	None	0.0001930016151163727	0.14099062979221344	0.0003157295868732035	0.2270694226026535	0.0002439769305055961	0.35723036527633667	1.0315928022919252e-07	1.1278009878878947e-05	2.277540858131033e-07	3.5423880035523325e-05
244	Scientists showed that 1 in 3 people that have COVID-19 won't show symptoms, and would thus continue to go outside and spread the virus without even knowing.	Should schools close during the Covid-19 pandemic?	4	245	False. (Note: The argument is trying to	0.00013555196346715093	0.17109599709510803	0.0002803160168696195	0.373708039522171	9.840017446549609e-05	0.22315125167369843	3.927648606349976e-08	4.548619926936226e-06	7.585541794696837e-08	1.6573294487898238e-05
245	Schools can reduce cohort sizes to decrease the chances of widespread Covid-19 transmission.	Should schools close during the Covid-19 pandemic?	6	246	False. Closing schools would not be an effective measure	7.836766599211842e-05	0.08661461621522903	0.00034041362232528627	0.39738520979881287	0.0001262133737327531	0.2688842713832855	5.4738382715413536e-08	6.3827492340351455e-06	1.2541981675440184e-07	2.4852886781445704e-05
246	It is much more difficult to ensure that students are present and engaged in classes when they are conducted remotely.	Should schools close during the Covid-19 pandemic?	5	247	False. (The argument is about the difficulty of	5.872129258932546e-05	0.08014176040887833	0.0002758003829512745	0.42320623993873596	0.00013336834672372788	0.3244834840297699	4.049833179919915e-08	8.393771167902742e-06	1.909558164925329e-07	5.141808287589811e-05
247	90% of teachers surveyed in May 2020 in the US said that remote attendance did not approach normal attendance levels.	Should schools close during the Covid-19 pandemic?	0	248	None. (I don't have enough information to	8.207782229874283e-05	0.07881474494934082	0.0003025829209946096	0.3318224549293518	0.00019384190090931952	0.35322317481040955	7.897521214772496e-08	1.0435023796162568e-05	1.7814728892062703e-07	3.685114279505797e-05
248	Data suggested that only 60 percent of low-income students were regularly logging into online instruction early in the Covid-19 pandemic.	Should schools close during the Covid-19 pandemic?	0	249	None. (I don't have enough information to	5.475278157973662e-05	0.06594511866569519	0.00022872391855344176	0.30972903966903687	0.00018522626487538218	0.4649583697319031	3.71033905821605e-08	5.295676146488404e-06	1.0046426979215539e-07	2.3274524210137315e-05
249	Attendance is difficult to monitor when classes are conducted remotely.	Should schools close during the Covid-19 pandemic?	3	250	None. (The question is unrelated to the argument	6.797218520659953e-05	0.09798171371221542	0.00015804007125552744	0.23874732851982117	0.0001749344082782045	0.4748057723045349	4.365282535445658e-08	7.362815267697442e-06	1.854076714380426e-07	4.187644663034007e-05
250	Students can ignore classes and leave them running in the background while they do other activities.	Should schools close during the Covid-19 pandemic?	0	251	None	8.423309191130102e-05	0.1195392906665802	0.00022366522171068937	0.3513455092906952	0.00014668323274236172	0.356878399848938	5.0373650140045356e-08	8.638631697976962e-06	2.0757315155606193e-07	4.4387721573002636e-05
251	This [30] can be avoided by requiring students to turn on their cameras.	Should schools close during the Covid-19 pandemic?	0	252	None	6.156889867270365e-05	0.12614116072654724	0.00012149151007179171	0.25882488489151	0.0001323939359281212	0.4911632835865021	2.1729992027985645e-08	4.4080752559239045e-06	1.0509506154221526e-07	3.29554604832083e-05
252	Students may not have enough personal space to be able to turn on their cameras comfortably.	Should schools close during the Covid-19 pandemic?	0	253	None. (I am not sure or cannot answer	9.907044295687228e-05	0.11839345097541809	0.0001970251032616943	0.24292759597301483	0.00020973212667740881	0.4398850202560425	3.7366476135503035e-08	3.856412604363868e-06	2.031883354902675e-07	3.154136720695533e-05
253	Students may not have stable enough (or any) internet connections for them to switch on their cameras.	Should schools close during the Covid-19 pandemic?	0	254	None. (I am not sure about the impact	0.00013856464647687972	0.16819840669631958	0.00020161036809440702	0.21937207877635956	0.00019388680811971426	0.3850099742412567	4.2447670267620197e-08	4.419490778673207e-06	2.6386047125015466e-07	4.2757976189022884e-05
254	Students can get the materials for their school work via the computer.	Should schools close during the Covid-19 pandemic?	0	255	None. (I am not sure if the question	8.537450776202604e-05	0.10776115953922272	0.0001570277672726661	0.20449475944042206	0.0002470393374096602	0.53877192735672	2.763708195629988e-08	4.168333816778613e-06	2.717283678066451e-07	5.301024066284299e-05
255	Only 54% of the global population has access to the internet (p. 8).	Should schools close during the Covid-19 pandemic?	4	256	None. (I am not sure or cannot answer	0.00017269319505430758	0.20002628862857819	0.00013344695616979152	0.13747592270374298	0.00024353644403163344	0.43012410402297974	4.136180109526322e-08	5.134033472131705e-06	4.4079004624109075e-07	7.4856958235614e-05
256	In the US, 4.4 million students cannot consistently access computers and thus, online learning.	Should schools close during the Covid-19 pandemic?	4	257	None. (I am not sure or cannot answer	0.0001362319162581116	0.14939641952514648	0.00024285964900627732	0.25019192695617676	0.00021600384206976742	0.3814971446990967	6.754127923613851e-08	8.408158464590088e-06	2.5689732296996226e-07	4.933992386213504e-05
257	Many governments are taking measures to improve internet access for students.	Should schools close during the Covid-19 pandemic?	0	258	None	3.9560320146847516e-05	0.04764707759022713	0.0001424621877958998	0.19595475494861603	0.0002500289410818368	0.5942254662513733	2.6148832432681957e-08	3.90173136111116e-06	1.7825909992552624e-07	3.7163481465540826e-05
258	In order to improve access to the internet, the government of Panama made the internet free for four months (p. 4).	Should schools close during the Covid-19 pandemic?	0	259	None. (The question is not related to the	0.00014618657587561756	0.22084055840969086	0.00010047246905742213	0.13819849491119385	0.00019981336663477123	0.44611018896102905	3.782133717322722e-08	5.021807737648487e-06	2.461448787016707e-07	6.23847809038125e-05
259	School isn't just about materials alone but also about personal contact and interaction.	Should schools close during the Covid-19 pandemic?	1	260	None. (The question is not related to the	0.00010036993626272306	0.07744321972131729	0.0003043680917471647	0.2599482238292694	0.00022796117991674691	0.3337801396846771	7.550774938636096e-08	6.4920704971882515e-06	3.1511768838754506e-07	3.678008579299785e-05
260	A decline in the quality of assessment is detrimental may result in a student's abilities to be misrepresented and thus may harm their future educational prospects.	Should schools close during the Covid-19 pandemic?	5	261	None. (I am not sure or cannot answer	0.00012601263006217778	0.1381896287202835	0.00011837791680591181	0.16410425305366516	0.0002752369036898017	0.5380771160125732	3.132237580416586e-08	3.7171032545302296e-06	2.4757548544585006e-07	4.635745790437795e-05
261	Students won't get help for exams. Students that are in low sets and need help from the teachers for every lesson will have no help with exam preparation and would go into the exam without any help.	Should schools close during the Covid-19 pandemic?	0	262	None. (I don't have enough information to	0.0002360816579312086	0.23207195103168488	0.00021833984646946192	0.2548811733722687	0.00020351509738247842	0.28881821036338806	1.1135834654396604e-07	1.2758643606503028e-05	6.002364330015553e-07	9.245090768672526e-05
262	There are multiple online assessment methods that can be combined in order to accurately track the progress of students.	Should schools close during the Covid-19 pandemic?	6	263	None. (I am not sure or cannot answer	8.273400453617796e-05	0.12401164323091507	8.670449460623786e-05	0.14958658814430237	0.00020476864301599562	0.547165036201477	4.8283840925478216e-08	1.0395905519544613e-05	4.1588853605389886e-07	0.0001251725625479594
263	School closures are detrimental to students' well-being.	Should schools close during the Covid-19 pandemic?	5	264	None. (The question is too broad and does	4.952147355652414e-05	0.06653819233179092	0.0002020785177592188	0.2982034981250763	0.00014555170491803437	0.40759584307670593	3.305424201016649e-08	5.039214101998368e-06	1.9236226478369645e-07	4.105474363313988e-05
264	Schools provide important benefits for students, particularly those from low-income families, that would be disrupted by school closures.	Should schools close during the Covid-19 pandemic?	5	265	False. (Note: This is a classic example	2.454988680256065e-05	0.023481978103518486	0.0004507277626544237	0.4753473103046417	0.00017107694293372333	0.28831273317337036	3.279573235204225e-08	4.4708667701343074e-06	2.0070213224698819e-07	3.2650608773110434e-05
265	School closures have been linked to an increase in child marriages across the world.	Should schools close during the Covid-19 pandemic?	5	266	None. (I am not sure or cannot answer	8.02103168098256e-05	0.07123322784900665	0.00018649456615094095	0.1921251267194748	0.00032476105843670666	0.5304744839668274	5.7242136364266116e-08	6.687747827527346e-06	2.9904992970841704e-07	4.2933490476571023e-05
266	School closures disrupt students' routines, increase rates of anxiety and depression among them.	Should schools close during the Covid-19 pandemic?	5	267	False. (Note: This is a general answer	6.29454807494767e-05	0.06561028212308884	0.00035522013786248863	0.3746229112148285	0.0001435219164704904	0.2783960998058319	6.32870396088947e-08	8.485532816848718e-06	2.717035840760218e-07	4.6777106035733595e-05
267	Contracting Covid-19 or spreading it to family members would be worse for a student's well-being.	Should schools close during the Covid-19 pandemic?	6	268	None. (I am not sure or cannot answer	0.00015826738672330976	0.19362159073352814	0.00017656003183219582	0.20291367173194885	0.00013750507787335664	0.33454808592796326	1.3140592614035995e-07	1.3937714356870856e-05	1.957285320486335e-07	4.481608630158007e-05
268	It is unethical to employ people without economic compensation.	Should unpaid internships be banned?	1	269	False. (Note: This answer assumes that the	0.0001740272418828681	0.1429355889558792	0.0004409358080010861	0.3297489285469055	8.614973194198683e-05	0.13323061168193817	1.293944649205514e-07	1.5812081983312964e-05	5.648150818160502e-07	8.993215305963531e-05
269	Unpaid internships are an unfair way to replace paid workers.	Should unpaid internships be banned?	1	270	None. I don't think banning unpaid internships	0.00021338161604944617	0.18366976082324982	0.00022362200252246112	0.18366976082324982	0.00013043757644481957	0.23218034207820892	1.486071568024272e-07	1.557854557177052e-05	4.4106704422119947e-07	6.846778705948964e-05
270	The UN Declaration of Human Rights, Article 23 (3) states: “Everyone who works has the right to just and favourable remuneration.”	Should unpaid internships be banned?	4	271	False. The article does not mention anything about the	0.00010135544289369136	0.09732595831155777	0.0003049646911676973	0.3166361153125763	0.00014071808254811913	0.23347283899784088	6.099924121372169e-08	8.352322765858844e-06	4.265312725237891e-07	7.415322033921257e-05
271	In the long run, the experience gained from an unpaid internship can lead one to have a career where they earn more money.	Should unpaid internships be banned?	2	272	False. (Note: This is a tricky question	7.827613444533199e-05	0.07575371861457825	0.0003676449996419251	0.35579776763916016	0.00015088119835127145	0.27279961109161377	4.7804469716083986e-08	7.112154889910016e-06	2.0938399813985598e-07	3.5837427276419476e-05
272	In the UK, people who have done unpaid internships have a higher average salary than those who have not (Sutton Trust, pp. 44-45).	Should unpaid internships be banned?	0	273	False. (The argument suggests that unpaid internships	0.00011876159260282293	0.1302378922700882	0.0003490597300697118	0.3595983684062958	0.0001443773799110204	0.23217415809631348	3.579970808686994e-08	4.921061645291047e-06	2.0712258219646174e-07	3.297889998066239e-05
273	"Those people who have done paid internships gain an ever higher salary than those who have done unpaid internships (Sutton Trust, pp. 44-45). Therefore in 
terms of best promoting individual's longer-term salary, ideally unpaid internships would be banned and everyone would do paid internships."	Should unpaid internships be banned?	0	274	False. (The argument is based on a false	0.0001998610096052289	0.16415390372276306	0.0005475395009852946	0.3816692531108856	0.00012506982602644712	0.16804669797420502	4.3734239341119974e-08	3.1556191970594227e-06	1.9249399940690637e-07	2.4057209884631447e-05
274	There may never be enough paid internships to go around. Therefore if unpaid internships were banned, some people would never be able to gain the long-term benefits of an internship.	Should unpaid internships be banned?	5	275	False. The argument is trying to justify the existence	0.00023729885288048536	0.16670946776866913	0.0004100156365893781	0.31145426630973816	0.0002752714790403843	0.30187180638313293	8.490464153965149e-08	7.93182243796764e-06	3.3189212444995064e-07	4.059704588144086e-05
275	Banning unpaid internships would not necessarily mean they would be replaced with paid internships meaning there would be less opportunities existing.	Should unpaid internships be banned?	5	276	None. I don't think banning unpaid internships	0.00021072298113722354	0.18713897466659546	0.0002444429264869541	0.24029120802879333	0.00020423969544935971	0.3183341324329376	6.932241802815042e-08	6.907278020662488e-06	4.22995753979194e-07	6.084665437811054e-05
276	People choose to opt into internships. If they feel it is in their interests they should be free to choose to do so.	Should unpaid internships be banned?	1	277	False. (The argument is that people choose to	6.714509072480723e-05	0.054719794541597366	0.0005449018790386617	0.48771220445632935	0.0001335339475190267	0.19705353677272797	4.163199207596335e-08	4.695945790444966e-06	2.765588362763083e-07	4.268001430318691e-05
277	Unpaid internships lower the value placed on work done by other paid interns and entry level workers.	Should unpaid internships be banned?	1	278	None. I don't think unpaid internships should	0.00021809035388287157	0.20297680795192719	0.00022501329658553004	0.21606768667697906	0.000164623255841434	0.2689005732536316	1.4033493300757982e-07	1.8326478311792016e-05	4.369304917872796e-07	7.776251004543155e-05
278	When work is done without payment it makes similar work seem worth less.	Should unpaid internships be banned?	1	279	False. (Note: This is a tricky one	0.00019895080185960978	0.16340631246566772	0.0002940302365459502	0.2433929741382599	0.00015861740394029766	0.23590455949306488	1.1679067313252744e-07	1.3276909157866612e-05	4.3181634623579157e-07	6.139180186437443e-05
279	Where work is seen as less valuable this drives wages for those jobs down.	Should unpaid internships be banned?	3	280	False. The argument is about the value of work	0.0001973781327251345	0.17944452166557312	0.0002740324125625193	0.2631379961967468	0.00016363222675863653	0.25905841588974	9.374073783874337e-08	1.1222648026887327e-05	3.5377385643187154e-07	5.7890822063200176e-05
280	Unpaid internships have replaced many entry-level jobs.	Should unpaid internships be banned?	3	281	False. (Note: This is a tricky question	0.00017397437477484345	0.14401288330554962	0.00030060074641369283	0.2283410280942917	0.00014650110097136348	0.223051518201828	1.8224193354399176e-07	2.5161480152746662e-05	5.151188702257059e-07	9.096460416913033e-05
281	Changing paid jobs for unpaid internships is harmful for the economy since those positions should have paid taxes.	Should unpaid internships be banned?	5	282	False. (The argument is about the economic impact	0.0001043123920680955	0.10830456763505936	0.0003367245080880821	0.32842954993247986	0.00014482341066468507	0.2639005482196808	4.092084537887786e-08	4.917019850836368e-06	3.445553602432483e-07	5.693563070963137e-05
282	Many paid or unpaid internships are never advertised and instead offered through informal networks, which encourages nepotism.	Should unpaid internships be banned?	3	283	None. I don't think that banning unpaid intern	0.0001313267566729337	0.1440172642469406	0.0002737084578257054	0.29550424218177795	0.0001499798527220264	0.3096857964992523	7.129948187412083e-08	1.0949715942842886e-05	3.345503785112669e-07	6.86657804180868e-05
283	72% of privileged young adults in the UK admit they secured their internships through family connections.	Should unpaid internships be banned?	0	284	True. (Note: This is a classic example	0.00031439054873771966	0.24639680981636047	0.00025261990958824754	0.18599006533622742	0.0001520293444627896	0.20911425352096558	1.980014161517829e-07	2.224680793005973e-05	3.865338555897324e-07	5.9303441958036274e-05
284	This [24] is not sufficient reason to ban unpaid internships. It is only sufficient reason to regulate them such that they must be allocated on the basis of merit.	Should unpaid internships be banned?	6	285	False. (Note: The argument is not saying	6.617792678298429e-05	0.07487662136554718	0.0004085684195160866	0.5279315710067749	8.698923920746893e-05	0.18532142043113708	2.4887361504966066e-08	2.710232593017281e-06	1.4279790150339977e-07	2.9366277885856107e-05
285	There are more effective methods to deal with the problems of unpaid internships than a ban.	Should unpaid internships be banned?	6	286	False. (I agree with the argument, but	9.926775237545371e-05	0.08954604715108871	0.00041793283890001476	0.44076108932495117	0.00015136523870751262	0.23963764309883118	6.740062019616744e-08	9.415450222149957e-06	4.798841928277398e-07	7.85272495704703e-05
286	Governments could introduce regulations to ensure that unpaid interns are entitled to the same rights as employees in relation to discrimination, harassment and working conditions.	Should unpaid internships be banned?	2	287	False. The argument is about introducing regulations to protect	5.23090384376701e-05	0.052230361849069595	0.0004554253537207842	0.5930931568145752	8.03873481345363e-05	0.14995743334293365	6.221210213652739e-08	1.1356900358805433e-05	3.5452677593639237e-07	8.760116179473698e-05
287	Governments could cap the length of unpaid internships.	Should unpaid internships be banned?	4	288	False. The argument is about capping the length	3.653149906313047e-05	0.033342260867357254	0.00047190068289637566	0.5256513953208923	8.936294034356251e-05	0.17065401375293732	6.742448732666162e-08	1.2188812434033025e-05	2.7946668978984235e-07	6.745468272129074e-05
288	Effectiveness is not the only measure to consider. Other methods may be more difficult or more expensive to implement, may be easier to bypass, or come with undesirable collateral effects.	Should unpaid internships be banned?	6	289	False. (The argument is not about unpaid intern	0.0001952887250808999	0.1949949860572815	0.0002607446804177016	0.2793174386024475	0.0001439968909835443	0.2464967668056488	5.49516236958425e-08	6.451566605392145e-06	3.6682715176539205e-07	6.389823101926595e-05
289	Unpaid internships are a barrier to greater social equality in society.	Should unpaid internships be banned?	5	290	None. I don't think that banning unpaid intern	0.00022603404067922384	0.1871069222688675	0.00020420472719706595	0.1744028478860855	0.00015779718523845077	0.26801830530166626	1.787275749620676e-07	2.2467995222541504e-05	4.792348704540927e-07	8.579284622101113e-05
290	Unpaid internships are a barrier to social mobility.	Should unpaid internships be banned?	3	291	None. I am not sure if banning unpaid intern	0.00015958015865180641	0.1485213339328766	0.00021473858214449137	0.20300458371639252	0.00013649613538291305	0.2566218376159668	1.3056917680387414e-07	1.9511106074787676e-05	4.010048542113509e-07	8.15055682323873e-05
291	Unpaid internships serve as a mechanism for wealthier individuals to maintain socio-economic class advantage.	Should unpaid internships be banned?	5	292	False. (Note: This is a tricky question	0.0001501173828728497	0.12820906937122345	0.0003253348695579916	0.28444424271583557	0.00017010528245009482	0.27141860127449036	8.616655833293407e-08	9.824262633628678e-06	3.1952293966241996e-07	4.854597500525415e-05
292	Many interns have bought their place on unpaid internships.	Should unpaid internships be banned?	0	293	False. The argument is about the fact that many	0.00022032568813301623	0.17402981221675873	0.00031070903060026467	0.27165669202804565	0.0001550184824736789	0.22521129250526428	1.4316458418761613e-07	1.7460664821555838e-05	6.152340574772097e-07	8.362619701074436e-05
293	Unpaid internships are difficult to regulate and monitor, often resulting in illegal practices.	Should unpaid internships be banned?	5	294	None. I don't think banning unpaid internships	0.00012710571172647178	0.12592686712741852	0.000241204266785644	0.24463416635990143	0.0001569546147948131	0.3141164779663086	1.1070576988458924e-07	1.4542135431838688e-05	2.684375033368269e-07	4.938795973430388e-05
294	Unpaid internships, in countries such as Australia, are often under legislated, allowing employers to bypass fair work requirements.	Should unpaid internships be banned?	0	295	False. (Note: The argument is not necessarily	0.0001827607920859009	0.18681342899799347	0.00026384604279883206	0.28044018149375916	0.00011985746095888317	0.22534002363681793	1.135387819317657e-07	1.5119581803446636e-05	3.633005576375581e-07	7.157016079872847e-05
295	Malpractice is not limited to unpaid internships. Paid interns at top companies can be subject to extreme conditions.	Should unpaid internships be banned?	0	296	None. I don't think the argument is relevant	8.116020762827247e-05	0.09623515605926514	0.0002088753244606778	0.308233380317688	0.00016140633670147508	0.38964352011680603	7.222355691283155e-08	1.330089526163647e-05	2.618710652768641e-07	6.728417065460235e-05
296	Internships are becoming increasingly regulated to ensure standards.	Should unpaid internships be banned?	4	297	None. I am not sure about the relationship between	8.945166337070987e-05	0.0800633430480957	0.000319620972732082	0.3045257329940796	0.0001697494153631851	0.31419241428375244	6.89571209022688e-08	9.689493708719965e-06	3.3350465855619404e-07	6.12394796917215e-05
297	Unpaid internships can pave the way for a good career.	Should unpaid internships be banned?	2	298	False. (The argument is that unpaid internships	0.0001185489963972941	0.0893508791923523	0.0004137766663916409	0.30703020095825195	0.00012423828593455255	0.18190938234329224	8.818777530450461e-08	1.0604346243781038e-05	4.0877290530261234e-07	5.9146288549527526e-05
298	Unpaid internships are a good way for young professionals to gain work experience.	Should unpaid internships be banned?	2	299	False. (Note: This answer assumes that the	7.641041884198785e-05	0.07001268118619919	0.00038202808354981244	0.3446144759654999	0.00011560527491383255	0.2090192437171936	6.316370360082146e-08	8.08511958894087e-06	2.9972301263114787e-07	5.050420804764144e-05
299	If drugs were legalised, the drug trade would be less able to fuel serious crime.	Should all drugs be legalized? 	2	300	None.	8.454977796645835e-05	0.10925097018480301	0.0001340587332379073	0.22416843473911285	0.0001762168831191957	0.4528326988220215	5.7239500250716446e-08	8.911481927498244e-06	3.152288741148368e-07	8.131073991535231e-05
300	Around half of the total income of criminal organisations comes from illicit drug trafficking. Without this, they would lose significant power.	Should all drugs be legalized? 	4	301	None.	0.00015666695253457874	0.148106187582016	0.00025035307044163346	0.2519370913505554	0.00015544774942100048	0.28105613589286804	5.8687632531473355e-08	5.84192139285733e-06	1.4398224834621942e-07	2.87549446511548e-05
301	The legalisation of alcohol after Prohibition in the US greatly decreased the ability of gangs to make money from alcohol sales.	Should all drugs be legalized? 	7	302	None.	4.998965232516639e-05	0.057901784777641296	0.00012180738849565387	0.15136373043060303	0.00026605179300531745	0.5986551642417908	1.8781129540457187e-08	2.0552752175717615e-06	7.060290130311841e-08	1.6102965673781e-05
302	Legalization of drugs would have significant economic benefits for the state and its citizens, rather than criminal gangs.	Should all drugs be legalized? 	2	303	None.	0.0001592534244991839	0.21734623610973358	8.261959010269493e-05	0.11816908419132233	0.00015801412519067526	0.4060561954975128	8.654581762357338e-08	1.1672265827655792e-05	2.2186748083186103e-07	5.813013922306709e-05
303	Legalisation would create jobs, which would likely improve employment rates. This would prevent people from turning to crime in order to generate income.	Should all drugs be legalized? 	3	304	None.  I am not sure.  I	0.0001233264774782583	0.20461750030517578	8.677101868670434e-05	0.16186577081680298	0.00015712202002760023	0.43999677896499634	8.439270970939106e-08	1.3622327060147654e-05	1.8505208743135881e-07	6.398093682946637e-05
304	Drug legalisation is not necessary for governments to funnel more money into harm reduction and other social programmes, which could equally combat socioeconomic deprivation.	Should all drugs be legalized? 	6	305	None.	7.545998232671991e-05	0.0759374350309372	0.00024358784139622003	0.32474324107170105	0.00019881059415638447	0.39788371324539185	3.128916503669643e-08	2.8469801236497005e-06	2.2430315027577308e-07	4.0707611333345994e-05
305	Redistributive policies aim to tax certain wealthier demographics more heavily and use this revenue for positive community investment.	Should all drugs be legalized? 	0	306	None	5.458648593048565e-05	0.05408022552728653	0.00012205525854369625	0.15771366655826569	0.0003141235501971096	0.6140989661216736	2.3489771905360612e-08	2.0675181531260023e-06	7.516239719507212e-08	1.3964314348413609e-05
306	Research shows that there is a positive correlation between a region's unemployment rate and the amount of property crimes reported in the area.	Should all drugs be legalized? 	4	307	None	6.68809370836243e-05	0.04924073442816734	8.791332948021591e-05	0.09056756645441055	0.0005059062968939543	0.7465564012527466	3.543501492231371e-08	3.862642188323662e-06	8.001016027492369e-08	1.539686491014436e-05
307	The legalisation of drugs may create a drugs market that competes with the alcohol industry, jeopardising jobs in the latter.	Should all drugs be legalized? 	3	308	None. (The question is not related to the	0.00011933720816159621	0.11731033772230148	0.0001967537828022614	0.21576672792434692	0.00026270077796652913	0.4639713764190674	5.728890073442017e-08	6.499965365946991e-06	3.0879485279911023e-07	6.000651410431601e-05
308	Studies indicate that cannabis could be a substitute for alcohol if legalised for recreational use.	Should all drugs be legalized? 	4	309	None.	2.4877746909623966e-05	0.02881528250873089	0.00021157905575819314	0.3196273744106293	0.0002050694456556812	0.47981753945350647	2.5086125177153917e-08	3.815126092376886e-06	8.511426585755544e-08	2.2475171135738492e-05
309	A 10-year study found that monthly alcohol sales dipped by 15% in US counties when medical marijuana was legalised.	Should all drugs be legalized? 	0	310	None. (The question is not related to the	6.856909021735191e-05	0.057654112577438354	9.822069114306942e-05	0.10521691292524338	0.0003649341524578631	0.6649913787841797	3.8597026019715486e-08	4.101839749637293e-06	9.571532189056597e-08	2.2001775505486876e-05
310	The sensations felt when consuming marijuana and alcohol are very different. As such, they are not interchangeable, meaning that people may use both.	Should all drugs be legalized? 	3	311	None.	3.283718979218975e-05	0.04883727803826332	0.00018603533681016415	0.33899790048599243	0.00016546326514799148	0.44909924268722534	2.0005286316404636e-08	2.8469528388086474e-06	6.216460235464183e-08	1.8134418496629223e-05
311	Many find marijuana to be more relaxing and calming, and alcohol more energising and stimulating.	Should all drugs be legalized? 	0	312	None.	5.441175744635984e-05	0.07197544723749161	0.00015023568994365633	0.23599840700626373	0.00018991570686921477	0.48423728346824646	1.6538693969891938e-08	1.7627812667342369e-06	6.162899524042587e-08	1.343875646853121e-05
312	Many people see marijuana as being safer than alcohol, so may make the switch even if the sensations felt are different.	Should all drugs be legalized? 	6	313	None.	6.346439477056265e-05	0.0718064084649086	0.00013540787040255964	0.17225462198257446	0.0002451920008752495	0.5474240779876709	2.175228175360644e-08	2.088438350256183e-06	6.75272531225346e-08	1.461033389205113e-05
313	Drugs are already easily accessible, and the alcohol industry is nonetheless highly successful.	Should all drugs be legalized? 	0	314	None.	0.00011356602044543251	0.10085578262805939	0.00020887986465822905	0.18550215661525726	0.0002258529857499525	0.39270809292793274	4.2583536696838564e-08	3.3238850392081076e-06	1.3585986380348913e-07	2.0601277356036007e-05
314	If the legalisation of drugs makes them cheaper than alcohol, people might be financially motivated to begin consuming only drugs.	Should all drugs be legalized? 	3	315	None.	9.949602099368349e-05	0.1285637468099594	0.00014141236897557974	0.21196578443050385	0.00018443648878019303	0.4629758596420288	7.121371936591459e-08	1.0283971278113313e-05	2.2368006113993033e-07	6.679847138002515e-05
315	In a behavioural study conducted on misusers of both alcohol and illicit drugs, results indicated that which drugs users choose to use is not a decision solely influenced by economic considerations.	Should all drugs be legalized? 	4	316	None. (The question is not related to the	4.475488094612956e-05	0.05475234240293503	0.00014447052672039717	0.21995986998081207	0.00024384015705436468	0.5616872310638428	1.7535530361101337e-08	2.7407502329879208e-06	8.423117492384335e-08	2.268066964461468e-05
316	Studies indicate that alcohol consumption is common among drug misusers, suggesting that consumption of one often accompanies the other.	Should all drugs be legalized? 	4	317	None.	2.1693094822694547e-05	0.026956884190440178	5.9896556194871664e-05	0.09783684462308884	0.00029025040566921234	0.7576156854629517	1.2175158659033514e-08	2.277521389260073e-06	6.398044405386827e-08	2.0062832845724188e-05
317	The legal cannabis industry in the US currently supports 321,000 full-time jobs and creates jobs at a faster rate than any other US industry.	Should all drugs be legalized? 	0	318	None.	4.3728046875912696e-05	0.05104637145996094	0.0001008795588859357	0.14541758596897125	0.0002309155825059861	0.6416124701499939	2.2942948874060676e-08	2.1770913463114994e-06	2.7165722116251345e-08	5.9179478739679325e-06
318	Particularly between poorer countries, and in areas like Central America, it is often difficult to monitor and control movements across borders, meaning that drug smuggling will remain rampant.	Should all drugs be legalized? 	3	319	False.	7.985690899658948e-05	0.11157183349132538	0.0002292754070367664	0.3658299446105957	0.00011349955457262695	0.3032836616039276	1.9888467761575157e-08	2.355608103243867e-06	4.52150139551577e-08	1.215115116792731e-05
319	The sale of drugs with potentially fatal or otherwise highly dangerous effects is likely to stay banned even if drugs are legalised, so there will remain a black market demand for these substances (p. 1-2).	Should all drugs be legalized? 	3	320	False.	9.54823917709291e-05	0.11500051617622375	0.00033851448097266257	0.44084200263023376	8.360717038158327e-05	0.162176713347435	2.7544922787114956e-08	2.8497265702753793e-06	1.576609918174654e-07	3.458142964518629e-05
320	There will still be a black market demand for drugs in places where they are legalised. Thus, criminals can continue to generate drug-related income regardless.	Should all drugs be legalized? 	3	321	False.	8.688040543347597e-05	0.0945344865322113	0.0003601092321332544	0.48008573055267334	0.00010479777120053768	0.20973393321037292	2.9865436346199203e-08	3.6141075270279543e-06	1.5786510232373985e-07	3.537816883181222e-05
321	In some US states where marijuana is legal, there are still large marijuana black markets due to regulations that increase the cost of legal marijuana.	Should all drugs be legalized? 	0	322	None.	5.9383233747212216e-05	0.06771577894687653	0.00021552445832639933	0.27203863859176636	0.00020405446412041783	0.4627533257007599	3.034602613638526e-08	2.7343314741301583e-06	5.310313611062156e-08	1.1333488146192394e-05
322	Despite alcohol often being very expensive due to heavy taxation, black markets for it are still much rarer in places where it is legally sold.	Should all drugs be legalized? 	7	323	None.	8.955429802881554e-05	0.07588942348957062	0.00018664718663785607	0.19684217870235443	0.0002936372475232929	0.5026541352272034	2.635718665544573e-08	2.1814753381477203e-06	9.253624000393756e-08	1.394986884406535e-05
323	"Cheaper black market alcohol is highly popular and accounts for a substantial amount of total alcohol trade in many lower-income countries in Central and Latin America and Africa,
 despite alcohol being a legally purchasable substance in such countries."	Should all drugs be legalized? 	0	324	None.  (The question is about alcohol,	4.3731790356105193e-05	0.04435364902019501	0.00022383022587746382	0.3277316391468048	0.00020863271492999047	0.4550102949142456	1.0311826947884128e-08	8.296358373627299e-07	1.96066665125727e-08	4.415436251292704e-06
324	The enforcement of the criminalisation of drugs has harmed communities around the world and should be stopped.	Should all drugs be legalized? 	5	325	None.	0.00011377150804037228	0.10755468159914017	0.00014159093552734703	0.15049606561660767	0.00022102032380644232	0.449298232793808	7.033542459566888e-08	5.17763510288205e-06	2.5627323907428945e-07	4.817388980882242e-05
325	Incarceration often creates, or else fails to treat, substance use disorders or other mental illnesses.	Should all drugs be legalized? 	0	326	None.	7.130464655347168e-05	0.05948764458298683	0.00017925984866451472	0.18180890381336212	0.00031956523889675736	0.5427811145782471	3.035611229051938e-08	2.265380317112431e-06	7.3248465071174e-08	1.1282032573944889e-05
326	Time spent in prison can have a lasting positive impact on an offender's life by deterring them from future crime and rehabilitating them via training and well-being programmes.	Should all drugs be legalized? 	2	327	None.	4.637958045350388e-05	0.05542559549212456	0.00015690010332036763	0.27928397059440613	0.00022300001000985503	0.5217711329460144	1.558903406362333e-08	1.7635486528888578e-06	7.451652095369354e-08	1.830495602916926e-05
327	Those who have been to prison find it very hard to find employment upon their release (p. 3).	Should all drugs be legalized? 	5	328	None. (I am not sure or cannot answer	0.00011562379222596064	0.1200488805770874	8.071841875789687e-05	0.09646198898553848	0.0003820892598014325	0.619259238243103	3.26304352427087e-08	4.0030654417932965e-06	1.5280930654171243e-07	3.0162267648847774e-05
328	Many who go to prison suffer from stigma, affecting their employment opportunities and their daily life.	Should all drugs be legalized? 	3	329	None.	2.6875577532337047e-05	0.03874106705188751	7.025669037830085e-05	0.13105934858322144	0.00022857011936139315	0.7085001468658447	1.276401118133208e-08	1.738350647428888e-06	3.422504590844255e-08	1.0361458407714963e-05
329	Due to this, many who leave prison often continue to commit crime to make money.	Should all drugs be legalized? 	3	330	None.	5.1600669394247234e-05	0.07674335688352585	0.00012475441326387227	0.23638616502285004	0.00018582114716991782	0.5582695007324219	1.7999651547029316e-08	2.4418436623818707e-06	5.321481211240098e-08	1.4554636436514556e-05
330	It is not necessary to end drug prohibition in order to mitigate cruel and dangerous policing practices: adapting the criminal justice system with regards to drug law enforcement would be sufficient.	Should all drugs be legalized? 	6	331	None.	3.3473988878540695e-05	0.0505683496594429	0.0001699949352769181	0.36215630173683167	0.00012534639972727746	0.4168393313884735	1.6069487074332756e-08	1.948419594555162e-06	6.487291415169238e-08	1.998823063331656e-05
331	If drugs were legalised, prison systems would be less overcrowded, which is a significant social issue in the US.	Should all drugs be legalized? 	2	332	None. (I am not sure if legalizing	7.971603190526366e-05	0.10879500955343246	5.652713298331946e-05	0.0930573046207428	0.000227089854888618	0.6163657307624817	4.166183487086528e-08	6.938353635632666e-06	2.1448876452723198e-07	6.256983033381402e-05
332	Many other countries have significantly more overcrowded prisons than the US does. Legalisation could help resolve this serious issue in those countries, too.	Should all drugs be legalized? 	2	333	None.	0.0001253035297850147	0.16575051844120026	0.00012928109208587557	0.20308178663253784	0.00018518661090638489	0.4648588299751282	2.61764849796009e-08	2.6726829673862085e-06	8.608121504494193e-08	2.2117386833997443e-05
333	In the US, the War on Drugs has led to the mass incarceration of African Americans and other minority groups.	Should all drugs be legalized? 	0	334	None. (Note: The question is not directly	0.00012773575144819915	0.13576948642730713	6.422957085305825e-05	0.0651429146528244	0.00023494202469009906	0.5044448375701904	6.234721894315953e-08	5.190545380173717e-06	8.348869329211084e-08	1.728715687931981e-05
334	Other countries, like Japan, have strict drug laws which are not used as instruments of social oppression.	Should all drugs be legalized? 	0	335	None.	8.078262908384204e-05	0.10854140669107437	0.0001778293662937358	0.2408096343278885	0.00017644549370743334	0.4360499083995819	2.52102747566596e-08	2.851975750672864e-06	8.027471665172925e-08	1.8670005374588072e-05
335	Legalisation would increase overall drug use.	Should all drugs be legalized? 	5	336	None.	0.00010118479985976592	0.12282441556453705	9.961608157027513e-05	0.1391783058643341	0.00024655216839164495	0.5419267416000366	7.242245203542552e-08	1.1089637155237142e-05	2.5978650342040055e-07	7.288067718036473e-05
336	If legal, drugs will likely be easier for individuals to access, which may lead to more people trying them.	Should all drugs be legalized? 	3	337	None.	4.665279629989527e-05	0.04881816357374191	0.00021237590408418328	0.24791909754276276	0.00021572032710537314	0.45599302649497986	7.33622869120154e-08	1.0532351552683394e-05	2.1604529365504277e-07	5.36970364919398e-05
337	"Substance abuse increased during the COVID-19 pandemic despite it being harder to access drugs during periods of lockdown. 
This indicates that psychological stress, rather than ease of access, is a primary determinant of frequent drug (mis)use."	Should all drugs be legalized? 	0	338	None. (The question is not relevant to the	7.300468860194087e-05	0.07010231912136078	0.0002338280901312828	0.25048357248306274	0.0002412505855318159	0.4904230535030365	3.33764056392738e-08	3.8091218357294565e-06	9.424852720485433e-08	1.9044411601498723e-05
338	The current American opioid crisis, in which hundreds of thousands of people have become addicted to and overdosed on opioids, has been caused by easy access to certain opioids due to their legality.	Should all drugs be legalized? 	7	339	False.	6.48450295557268e-05	0.05941563844680786	0.0003117846790701151	0.37551841139793396	0.00019664011779241264	0.3583221733570099	2.657446707132749e-08	2.0763138763868483e-06	5.117362888995558e-08	7.866594387451187e-06
339	In many places where drugs have been legalised, their consumption has not increased.	Should all drugs be legalized? 	0	340	None.	0.00011968894250458106	0.11226823925971985	0.00017414637841284275	0.1794041246175766	0.00024177832528948784	0.4303681254386902	6.422406784167833e-08	8.704172614670824e-06	2.257016404882961e-07	4.36884474765975e-05
340	In some cases, drug legalisation has actually lead to decreases in drug use.	Should all drugs be legalized? 	2	341	None. (I don't have enough information to	3.373503204784356e-05	0.03164346143603325	0.00019112197333015501	0.21964916586875916	0.000273769604973495	0.5269109606742859	2.0642795917069634e-08	2.415286871837452e-06	9.11247681756322e-08	1.5566160072921775e-05
341	In the US state of Colorado, there has been a drop in teen drug use following the legalisation of marijuana.	Should all drugs be legalized? 	0	342	None. (I don't have enough information to	5.597252675215714e-05	0.05766242742538452	0.00011044840357499197	0.13199061155319214	0.000297893479000777	0.6199294924736023	1.9610661539104512e-08	2.111750518452027e-06	9.351155938475131e-08	1.889549457700923e-05
342	Using drugs can be an important and positive experience for individuals and communities.	Should all drugs be legalized? 	2	343	None.	1.863090983533766e-05	0.020834242925047874	0.00027058957493864	0.3664219081401825	0.00018597331654746085	0.40877318382263184	2.400543763769747e-08	2.80188032775186e-06	7.194749684913404e-08	1.4453198673436418e-05
343	Creativity can be stimulated through the use of drugs.	Should all drugs be legalized? 	0	344	None.	2.649437010404654e-05	0.020927248522639275	0.0002474744396749884	0.23032456636428833	0.0003600731724873185	0.5439538955688477	3.2037725361533376e-08	3.3421683838241734e-06	8.548658314566637e-08	1.3691511412616819e-05
344	Drugs are not necessary for creativity, which can be boosted by a multitude of legal alternatives such as walking, meditation, and visually stimulating environments.	Should all drugs be legalized? 	6	345	False.	3.5757831938099116e-05	0.03030163235962391	0.00041243634768761694	0.39603957533836365	0.00017463654512539506	0.30843594670295715	3.734753306616767e-08	2.981404350066441e-06	9.94603510662273e-08	1.669402263360098e-05
345	Some drugs can impair one's ability to make moral, rational, and autonomous judgements.	Should all drugs be legalized? 	5	346	None.	3.7853078538319096e-05	0.03232875466346741	0.00031202626996673644	0.28367581963539124	0.00023923884145915508	0.3642469644546509	4.3570391738967373e-08	4.520905804383801e-06	1.2527736714673665e-07	1.903372503875289e-05
346	Individuals routinely take many decisions which partially remove their autonomy. It would be arbitrary to only ban drugs for this reason.	Should all drugs be legalized? 	7	347	True.	0.00034404193866066635	0.35167089104652405	0.0002022518019657582	0.16873353719711304	0.00010090717114508152	0.18531754612922668	7.673175872469074e-08	6.920676696609007e-06	1.9403724138555845e-07	4.045290916110389e-05
347	Drugs can alter and intensify thoughts, feelings, and perceptions, allowing users to experience states of consciousness they would not otherwise have access to. This can bring about noticeable health benefits.	Should all drugs be legalized? 	2	348	None.	4.1873212467180565e-05	0.05804775655269623	0.0001682197762420401	0.2857210338115692	0.000181888957740739	0.48602789640426636	1.9789966998473574e-08	2.5542822186253034e-06	5.37421982471642e-08	1.3541242879000492e-05
348	Drugs should remain banned because they are detrimental to the health of those who use them.	Should all drugs be legalized? 	5	349	False.	3.984647992183454e-05	0.023116810247302055	0.0006257433560676873	0.37601256370544434	4.640363476937637e-05	0.05250311642885208	6.573048949576332e-08	5.3716107686341275e-06	2.7164827542947023e-07	3.670829755719751e-05
349	While enjoyable, these experiences are not important or necessary for a good life. It is, therefore, not particularly harmful for people to be denied them.	Should all drugs be legalized? 	1	350	None.	8.775735477684066e-05	0.13466066122055054	0.00013592126197181642	0.22906549274921417	0.00015045111649669707	0.4484884738922119	3.2175272224321816e-08	4.7612643356842455e-06	5.9237201810447004e-08	1.9428929590503685e-05
350	Health problems associated with illegal drugs are often the result of dangerous, poor-quality drugs. These drugs would become less common with legalisation.	Should all drugs be legalized? 	3	351	None.	0.00012231891741976142	0.1643505096435547	0.00016982298984657973	0.27096816897392273	0.00014986825408414006	0.3762020468711853	5.310119632895294e-08	7.608666237501893e-06	2.284194806634332e-07	5.8232530136592686e-05
351	Many illegal drugs have valuable medicinal properties that could be beneficial to the health of those who use them.	Should all drugs be legalized? 	2	352	None.	3.821832069661468e-05	0.03213464468717575	0.0002823973190970719	0.2669662833213806	0.00029364676447585225	0.46854037046432495	2.5924070001792643e-08	2.224573108833283e-06	7.884442965178096e-08	1.1565222848730627e-05
352	Legalisation could fuel the creation of more hygienic supervised injection sites, reducing the health risks associated with injecting illegal drugs.	Should all drugs be legalized? 	2	353	None.	8.353830344276503e-05	0.08472620695829391	0.00012540584430098534	0.15222541987895966	0.00029616898973472416	0.5655860304832458	3.0718261712081585e-08	2.8032345653628e-06	1.5876665315772698e-07	2.853371734090615e-05
353	Moral anti-realism is correct and there are no such things as moral properties.	Are moral properties natural properties?	4	354	False. (If you are not sure or cannot	4.182538032182492e-05	0.03489384800195694	0.0005684300558641553	0.5544272065162659	0.00010764252510853112	0.17999616265296936	2.908616103525219e-08	3.3276066915277625e-06	1.0592623311822535e-07	1.3955128451925702e-05
354	Moral Error Theory (an anti-realist theory) provides the best explanation for moral phenomena.	Are moral properties natural properties?	4	355	False. (Note: This is a very specific	5.108008554088883e-05	0.04943405091762543	0.0005755175370723009	0.5975434184074402	8.964833978097886e-05	0.15108263492584229	2.124228615230095e-08	2.1752523480245145e-06	7.702112014840168e-08	9.485847840551287e-06
355	Almost all of the investigative methods and tools available to us are designed to explore the natural world.	Are moral properties natural properties?	3	356	False. (Note: This is a classic example	7.258990808622912e-05	0.04790683090686798	0.000694115471560508	0.4616851210594177	0.00015487810014747083	0.2048715353012085	6.428229681887387e-08	6.8582403400796466e-06	1.1326051208015997e-07	1.1666259524645284e-05
356	In Wittgensteinian philosophy, the meaning of a term simply means its common use between two or more agents, and all concepts exist within a 'language-game' rather than in nature.	Are moral properties natural properties?	4	357	False. (Note: This is a very specific	4.5546457840828225e-05	0.03541826456785202	0.0006386508466675878	0.6180705428123474	8.312083082273602e-05	0.11796082556247711	1.4816277982276915e-08	1.3487814385371166e-06	9.323115079951094e-08	1.0945754183921963e-05
357	"There is no such thing as absolute morality. What we perceive (as living organisms) to be moral on a fundamental level arises from our biology. 
We've evolved to consider as ""good"" the things that serve our instincts of survival and reproduction and as ""bad"" things that go against our basic instincts. This means that the basis of morality in humans is natural, and then specificities that come from that basis are mostly social constructs"	Are moral properties natural properties?	3	358	True. (I think this is a correct answer	0.0005796609329991043	0.420155793428421	0.0005236800061538815	0.3171502351760864	3.0362994948518462e-05	0.03475898504257202	3.262380943169774e-08	1.5354901279351907e-06	1.5173745282481832e-07	1.538721699034795e-05
358	No attempt by philosophers to bridge the is/ought divide has yet succeeded.	Are moral properties natural properties?	4	359	False. (I think this is a trick question	7.397649460472167e-05	0.06367580592632294	0.00035292209940962493	0.3607479929924011	0.00018452960648573935	0.3284647762775421	3.63730059405043e-08	3.393005954421824e-06	1.250470660352221e-07	1.3899771147407591e-05
359	"Normative (moral) properties are quite commonly used in the natural sciences. The study of medicine and biology makes natural use of notions about how organs ""ought"" to function."	Are moral properties natural properties?	0	360	False. Moral properties are not natural properties. They	8.641670865472406e-05	0.10654988139867783	0.0004819936875719577	0.5850739479064941	7.508013368351385e-05	0.16246916353702545	1.5076356163490345e-08	2.302927214259398e-06	9.711741455475931e-08	1.7419992218492553e-05
360	"In medicine, these ought claims are attached to an implied ""in order to be healthy"". Doctors are paid to keep people healthy, and for them to 
question whether, in an objective sense, one ""ought"" to be healthy is counterproductive or irrelevant."	Are moral properties natural properties?	1	361	False. (Note: This is a classic debate	0.0004111688758712262	0.21634486317634583	0.000805029587354511	0.36801502108573914	0.00020195938122924417	0.19393029808998108	4.469252345984387e-08	2.5028787149494747e-06	2.9429179448925424e-07	2.0470894014579244e-05
361	"It is possible for people to draw differing conclusions from the same facts because they have unique prior experiences and value judgments
 about the world that they will subconsciously rely on when evaluating the same evidence."	Are moral properties natural properties?	3	362	False. (Note: This is a classic debate	8.689243259141222e-05	0.04466111212968826	0.0009415085078217089	0.6614375710487366	6.662273517576978e-05	0.07081285864114761	2.8446130784232082e-08	2.0756947378686164e-06	7.35677971874793e-08	6.148654847493162e-06
362	The principle of Occam's razor states that, all things being equal, the simplest explanation is the best.	Are moral properties natural properties?	4	363	None. (I am not sure or cannot answer	0.00013413629494607449	0.12780122458934784	0.0003094491839874536	0.34201380610466003	0.0001763188192853704	0.3473997414112091	2.513074903731649e-08	4.754124802275328e-06	2.4902396944526117e-07	3.90358836739324e-05
363	"The Open Question Argument argues that if moral properties were natural properties, then ""yes"" would logically follow from ""is [eg. pleasure] goodness?"" just like ""yes"" follows from ""is H20 water?"". However, intuitively the former question requires a much more open answer to the latter. This indicates that moral properties are not self-evidently natural."	Are moral properties natural properties?	4	364	None. (I'm not sure if moral properties	8.751409040996805e-05	0.1353405863046646	0.0001293374371016398	0.1908608227968216	0.00018097560678143054	0.4578513205051422	2.0310679360591166e-08	2.359662403250695e-06	1.3286329192396806e-07	2.40186600422021e-05
364	"There's no natural property or set of natural properties which are synonymous with ""good"" or ""bad"" - good and bad are judgments we make of natural properties and so can't be identical to these natural properties. Saying pleasure is good is not the same as saying ""pleasure is pleasure"" and so can't be identical."	Are moral properties natural properties?	0	365	False. (I think this is a good answer	0.00011809363059001043	0.1160878837108612	0.0005678119487129152	0.5625457763671875	8.180106669897214e-05	0.1467488408088684	1.8731558526496883e-08	1.582455524840043e-06	1.011629962022198e-07	1.2064024303981569e-05
365	"H2O is water by definition (as otherwise, some substance not made of H2O but with indistinguishable macroscopic properties to H2O could be accurately classified as ""water""). The same would apply to questions like ""Is X goodness?"", the only difference being that X is more difficult to fully define in terms of natural properties."	Are moral properties natural properties?	7	366	False. (I think this is a false statement	0.00011880911915795878	0.13131190836429596	0.0004082554951310158	0.374072790145874	0.00012354194768704474	0.2491861879825592	2.266496501590609e-08	2.6146021809836384e-06	1.7723223777466046e-07	2.4517647034372203e-05
366	Moral properties are capable of explaining human intuitions in relation to moral dilemmas.	Are moral properties natural properties?	0	367	False. (I think this is a good answer	7.98031032900326e-05	0.06815654039382935	0.0006179684423841536	0.5236741304397583	0.00012653258454520255	0.19264894723892212	3.11459693591587e-08	3.070221964662778e-06	1.1951135547860758e-07	1.1362786608515307e-05
367	"There are no truly objective morals. The example of ""murder"" is a semantic deception where intentional death is labeled after the fact to show condemnation, rather than being an intrinsic quality clearly different than ""defense"", ""accident"", ""euthanasia"", ""sacrifice"" or ""execution"". That we employ a legal debate process to make those distinctions underlines the fact that even the most important morals are subjective in nature."	Are moral properties natural properties?	0	368	False. (Note: This is a classic example	9.255669283447787e-05	0.07425952702760696	0.000927514920476824	0.6882337927818298	3.5406093957135454e-05	0.04231180250644684	1.717219433317041e-08	1.501894871580589e-06	1.4755049448922364e-07	1.5528315998381004e-05
368	You should pull the lever because five lives are worth more than one.	What's the right solution to the trolley problem?	1	369	False. The question is about the solution to the	8.175875700544566e-05	0.20523233711719513	0.00013270755880512297	0.28942397236824036	6.993197166593745e-05	0.2849368751049042	3.9402646478947645e-08	1.3451430277200416e-05	2.449321812036942e-07	0.00010831275722011924
369	"There is no moral difference between causing death directly and causing death through negligence;
 therefore the only relevant variable here is the number of people who will die."	What's the right solution to the trolley problem?	7	370	True. (The question is a trolley problem	0.00010052319703390822	0.26238706707954407	8.871141471900046e-05	0.21752651035785675	7.017650204943493e-05	0.23155577480793	3.3986260916663014e-08	1.0846321856661234e-05	2.575842756868951e-07	0.00023555656662210822
370	From a simple utilitaristic point of view, pulling the lever would be not only permissible, but, morally speaking, the better option as it maximizes utility.	What's the right solution to the trolley problem?	4	371	True. (Note: This is a very simplistic	0.00010078453487949446	0.25497540831565857	9.616927127353847e-05	0.21471081674098969	6.018119165673852e-05	0.23952722549438477	1.91304661001368e-08	7.358067705354188e-06	1.8205956564543158e-07	0.00012156934826634824
371	There is more suffering and pain if more people die.	What's the right solution to the trolley problem?	1	372	None. I am not sure what the right solution	3.3942837035283446e-05	0.03375965356826782	2.556758772698231e-06	0.004750875290483236	0.00022047221136745065	0.29623153805732727	4.2630183827441215e-08	1.6672162018949166e-05	2.4250613250842434e-07	0.00027653411962091923
372	If morality is merely about the eventual death toll, it should be considered moral for a doctor to kill one patient and use their organs to save more people. Yet, this is clearly immoral.	What's the right solution to the trolley problem?	7	373	None. (The question is not about the t	4.376230572233908e-05	0.05009826272726059	3.04868490275112e-06	0.005533725023269653	0.0001271260407520458	0.16426587104797363	4.1108780379772725e-08	1.542213976790663e-05	5.01587521739566e-07	0.0007315598777495325
373	"Possible good consequences (such as saving five people) are irrelevant to whether or not pulling the lever is right, as the action must be right in and of itself
 regardless of consequence to be morally correct (under deontology)."	What's the right solution to the trolley problem?	4	374	None. (I don't think the question is	6.848080374766141e-05	0.22420218586921692	1.8004397134063765e-05	0.05081406608223915	8.522573625668883e-05	0.42546096444129944	3.776485968387533e-08	1.6716516256565228e-05	1.84979725759149e-07	0.0002564326277934015
374	In the trolley problem, you are not initially the cause of any person's death unless you pull the lever. You had no prior obligation to either group, and you did not, by your own action cause the situation to exist.	What's the right solution to the trolley problem?	3	375	None. I am not sure. I do not	8.578557753935456e-05	0.16510730981826782	1.929147583723534e-05	0.03800985962152481	0.00014938671665731817	0.3578210771083832	5.645446066182558e-08	2.1187541278777644e-05	5.940419214311987e-07	0.0005954699008725584
375	Negligence is as much of a choice as intervening.	What's the right solution to the trolley problem?	7	376	None. The question is not about the trolley	0.00020649158977903426	0.23181551694869995	4.081974475411698e-05	0.075849749147892	0.00016081580542959273	0.25065234303474426	5.061734142941532e-08	1.0900987945205998e-05	9.846752391240443e-07	0.000693115871399641
376	There is a moral difference between causing death and failing to prevent one.	What's the right solution to the trolley problem?	7	377	None. I don't think there is a right	6.272480095503852e-05	0.07855618745088577	1.1423034266044851e-05	0.015835458412766457	0.0002767547848634422	0.2785058617591858	1.8088825015638577e-07	4.294201062293723e-05	1.7212552165801753e-06	0.00116518116556108
377	"It's unfair to consider the one who pulls or not the lever to be the resposible of one or five's people's deaths.
 The responsible one is really whoever put the trolley on the tracks in the first place."	What's the right solution to the trolley problem?	1	378	None. (I don't know the answer to	3.933509287890047e-05	0.10593219846487045	0.00012021774455206469	0.34733831882476807	7.884071965236217e-05	0.36400744318962097	1.495970991527429e-08	7.079996066750027e-06	6.714305555988176e-08	6.28572961431928e-05
378	When people's lives are at stake, it is selfish to change the focus to whether or not the bystander deserves blame for what happens. The bystander's priority should be saving lives, not avoiding blame.	What's the right solution to the trolley problem?	1	379	None. (The question is not about the t	0.00019851968681905419	0.2093631774187088	3.939743328373879e-05	0.05723670870065689	0.0002096785610774532	0.3398299813270569	2.722842680213944e-07	7.246297900564969e-05	1.2370916238069185e-06	0.0005926702870056033
379	You should pull the lever because a world where people are willing to sacrifice one person to save five is a better world to live in overall.	What's the right solution to the trolley problem?	1	380	False. The question is about the trolley problem	8.315539889736101e-05	0.2256997972726822	0.00014367963012773544	0.3233000338077545	6.276898056967184e-05	0.26802513003349304	3.1272033851337255e-08	1.1656538845272735e-05	1.5773055395129632e-07	8.512736530974507e-05
380	If all seven participants were asked what action they would prefer, knowing that they would be put into this scenario but unaware of where they would be, they would likely opt to kill only one person.	What's the right solution to the trolley problem?	0	381	True. (Note: This is a classic example	0.00015540111053269356	0.4317910671234131	5.370518920244649e-05	0.16909180581569672	4.851859193877317e-05	0.20396365225315094	3.310430329861447e-08	1.0616568943078164e-05	2.873773325973161e-07	0.00012782946578226984
381	It is highly problematic to apply statistical analysis to moral issues simply because moral values cannot be mathematically equated.	What's the right solution to the trolley problem?	1	382	A. (The trolley problem is a classic	5.481772677740082e-05	0.045377135276794434	1.5462050214409828e-05	0.019364582374691963	8.165075269062072e-05	0.07658841460943222	1.7541243835239584e-07	5.6557826610514894e-05	4.2762783891703293e-07	0.00037461117608472705
382	There is no better framework than mathematics and statistics to make any kind of judgement in these situations.	What's the right solution to the trolley problem?	1	383	None. (The question is not about the framework	4.8774021706776693e-05	0.11060940474271774	0.00015379728574771434	0.30066752433776855	9.6998737717513e-05	0.3407009541988373	2.4069356285849608e-08	8.778926712693647e-06	1.916921519296011e-07	7.978898065630347e-05
383	For some, if in the thought experiment their parent was on the tracks, but they didn't know which one, they would pull the lever to maximize the chances of saving their parent.	What's the right solution to the trolley problem?	3	384	None. I don't have enough information to answer	8.619284199085087e-05	0.23949185013771057	8.034057100303471e-05	0.2549377381801605	6.30600334261544e-05	0.30751362442970276	2.7671338997947714e-08	9.746417163114529e-06	1.5939313868784666e-07	7.488564006052911e-05
384	If the five people are murderers, it would be better to let them die than to let them live on to murder others.	What's the right solution to the trolley problem?	0	385	None. The question is not about the trolley	7.206322334241122e-05	0.1302933692932129	6.163895159261301e-05	0.14422161877155304	0.00013151309394743294	0.3799733519554138	6.760078008483106e-08	2.8776963517884724e-05	3.4973447782249423e-07	0.0003805457672569901
385	Even if the five people on the tracks have done heinous things, many believe it is illegitimate to kill them.	What's the right solution to the trolley problem?	1	386	None. The question is not about the trolley	7.037173782009631e-05	0.11054376512765884	7.668677426408976e-05	0.1739097386598587	0.00016749931091908365	0.48018020391464233	5.4567454554899086e-08	1.6011752450140193e-05	1.0560896726019564e-06	0.000371613452443853
386	If self-sacrifice for a greater number of people is not an obligation, then sacrificing someone else to save a greater amount of people without their consent cannot be the right thing to do.	What's the right solution to the trolley problem?	7	387	None. (The question is not about the t	7.579816883662716e-05	0.12000174820423126	9.32333423406817e-05	0.1109834760427475	9.61928817559965e-05	0.20412985980510712	6.072982472460353e-08	1.413122117810417e-05	1.9654680727398954e-06	0.0012621528003364801
387	Judith Jarvis Thompson set up a trolley problem where the bystander can turn the trolley towards themself. If one is wary of doing this, they are not entitled to turn the track on others.	What's the right solution to the trolley problem?	0	388	None. I am not sure. I am not	8.114608499454334e-05	0.14220160245895386	3.5174223739886656e-05	0.060684192925691605	0.00021715817274525762	0.5002251267433167	2.89983450585396e-08	1.1735955013136845e-05	1.1109721071989043e-06	0.00048178646829910576
388	If individuals have no moral right to make others sacrifice themselves, then killing the one person is an immoral act in a way that allowing the five to die is not.	What's the right solution to the trolley problem?	7	389	None. The question is not about the solution to	7.440444460371509e-05	0.1072537824511528	3.0062112273299135e-05	0.05877022445201874	0.00016636814689263701	0.4047715663909912	2.0358012164933825e-08	5.9893591242143884e-06	7.74964973970782e-07	0.000652878254186362
389	Self-sacrifice for a greater number of people is a moral obligation.	What's the right solution to the trolley problem?	1	390	None. (The question is not related to the	0.00010549568105489016	0.10492632538080215	4.09051153837936e-06	0.0067603252828121185	0.0002704470243770629	0.3059956729412079	3.553487459839744e-08	9.4736451501376e-06	1.757327510176765e-07	0.0001505264372099191
390	Self-sacrifice may be a highly moral and virtuous act, but it does not follow that such an obligation exists.	What's the right solution to the trolley problem?	1	391	None. The question is not about the trolley	4.210459883324802e-05	0.03768555074930191	4.437792540556984e-06	0.006151996552944183	0.0001962166716111824	0.24574065208435059	8.369750759129602e-08	3.0208571843104437e-05	6.443388542720641e-07	0.0007944555254653096
391	Pulling the lever can benefit you directly.	What's the right solution to the trolley problem?	2	392	None. I am not sure or cannot answer.	3.8330108509399e-05	0.05050509423017502	3.7803986288054148e-06	0.008708169683814049	0.00017793031292967498	0.379061758518219	3.9936541185170427e-08	2.2183763576322235e-05	9.908550424597706e-08	0.0001396590960212052
392	Five people will be eternally thankful.	What's the right solution to the trolley problem?	2	393	None. I am not sure or cannot answer.	7.290665234904736e-05	0.0864485576748848	8.539040209143423e-06	0.016243204474449158	0.0001790414535207674	0.40286925435066223	5.9275084396404054e-08	2.778055022645276e-05	4.259649131199694e-07	0.000347818189766258
393	Pulling the lever might cause severe mental problems for the person who pulls the lever.	What's the right solution to the trolley problem?	5	394	None. I am not sure or cannot answer.	3.5673270758707076e-05	0.038214266300201416	7.024483693385264e-06	0.01103444118052721	0.00021682470105588436	0.345963716506958	5.919219958627764e-08	2.866427894332446e-05	4.0967333347907697e-07	0.0004554457846097648
394	Making a decision that will result in the death of others out of self-interest is immoral because it prioritizes your self-interest.	What's the right solution to the trolley problem?	1	395	None. The question is not about the trolley	6.25906468485482e-05	0.05472376570105553	6.0537522585946135e-06	0.008524318225681782	0.0001912924344651401	0.22505854070186615	2.1687735340947256e-07	5.3746149205835536e-05	3.4286605909983336e-07	0.00040496609290130436
395	By consciously pulling the lever, rather than passively watching, you choose to kill one person instead of merely allowing five people to die. This active choice is immoral.	What's the right solution to the trolley problem?	1	396	None. (The question is not about the t	7.167353032855317e-05	0.16002079844474792	3.9120743167586625e-05	0.08976352959871292	0.0001381543552270159	0.4086274206638336	2.434503798554033e-08	1.0991492672474124e-05	4.3289790596645616e-07	0.0005173315876163542
396	By pulling the lever, you actively interfere with the plan of fate, nature or a higher being, which is wrong.	What's the right solution to the trolley problem?	1	397	False. (The question is about the trolley	0.00010933573503280059	0.1792912632226944	0.00010311340884072706	0.20798151195049286	7.031724089756608e-05	0.20316362380981445	7.351511044362269e-08	3.059955997741781e-05	1.4227994142856915e-06	0.000963145459536463
397	According to many philosophers, the fate of the universe tends towards Goodness.	What's the right solution to the trolley problem?	4	398	None. (I'm not sure or cannot answer	0.00020821740326937288	0.27976569533348083	3.452583041507751e-05	0.05773291736841202	0.00018232125148642808	0.40074586868286133	9.92756739037759e-08	2.336134457436856e-05	5.141071710568212e-07	0.00019713627989403903
398	All humans should go vegans because a vegan society has envinornmental advantages 	Should all humans be vegans?	2	399	None. (I am not sure if a vegan	0.0003106195363216102	0.216521218419075	0.0002495898224879056	0.17950241267681122	0.0003106195363216102	0.28684401512145996	1.3095316830913362e-07	1.0880870831897482e-05	5.333280341801583e-07	5.482760752784088e-05
399	a vegan society would be the most effective at combating climate change.(link)	Should all humans be vegans?	4	400	None. I don't think it's possible or	0.00013574854528997093	0.10976717621088028	0.00032059522345662117	0.30545392632484436	0.00025163806276395917	0.33027446269989014	8.549368146759662e-08	7.11059237801237e-06	2.1472128253208211e-07	2.4529263100703247e-05
400	A vegan society has environmental advantages, because a vegan society would be the most effective at combating climate change.	Should all humans be vegans?	2	401	None. (The question is about the benefits of	0.00010591961472528055	0.16508948802947998	0.00018735270714387298	0.26796668767929077	0.00012876551772933453	0.36058861017227173	4.5624087618989506e-08	6.931789812369971e-06	9.508876530617272e-08	2.3176742615760304e-05
401	[a vegan society would not be the most effective] because the environmental advantages of a vegan society can be pursued by significantly decreasing meat consumption and sustainably restructuring the meat industry.	Should all humans be vegans?	6	402	False. (I think this is a trick question	5.4996162361931056e-05	0.09713198244571686	0.00022974061721470207	0.5010448694229126	6.582179048564285e-05	0.2293950468301773	1.7527115758753098e-08	3.6415874546946725e-06	6.025662457886938e-08	1.8784738131216727e-05
402	A vegan society would cause the least harm to wildlife.	Should all humans be vegans?	2	403	None. (The question is about the ideal number	0.00010504500096431002	0.1255333125591278	0.00020090384350623935	0.22731146216392517	0.0001731899392325431	0.374773234128952	6.487717030267959e-08	8.357329534192104e-06	1.6486268350490718e-07	2.9169945264584385e-05
403	In a vegan world, species would not be as endangered any more.	Should all humans be vegans?	2	404	False. The argument is about the consequences of a	7.386261131614447e-05	0.11693742126226425	0.000225742332986556	0.3716263771057129	0.00012466675252653658	0.32287460565567017	4.348700244349857e-08	6.897182629472809e-06	1.288178737013368e-07	2.8476573788793758e-05
404	The fishing industry is especially deleterious to the ocean's biota.	Should all humans be vegans?	4	405	None. (The question is not related to the	6.642808875767514e-05	0.06230955570936203	0.00031199745717458427	0.3290393054485321	0.00024488961207680404	0.39074385166168213	7.214514852194043e-08	8.645660273032263e-06	1.478877322824701e-07	2.3685664928052574e-05
405	Humans have a moral responsibility towards domestic species, which we have bred selectively throughout history, since they are not capable of surviving in the wild.	Should all humans be vegans?	1	406	False. The argument is about moral responsibility towards domestic	0.0001026892859954387	0.08978249132633209	0.0005174408433958888	0.4631333351135254	0.00016281999705825	0.21876868605613708	7.993868678113358e-08	7.735114195384085e-06	2.1350960821564513e-07	2.9420971259241924e-05
406	Industrial farming uses massive amounts of resources and contributes to climate change, which could lead to a mass extinction event.	Should all humans be vegans?	4	407	None. (The question is too broad and assumes	0.00011541927233338356	0.1255876123905182	0.00019029421673621982	0.20384880900382996	0.00019029421673621982	0.349478155374527	1.1446979186757744e-07	1.3624267012346536e-05	1.6541791580948484e-07	2.9526556318160146e-05
407	The issue of animal extinction could be largely fixed with lab-grown meat. US consultancy firm Kearney suggests that 35% of all meat consumed globally will be cell-based by 2040.	Should all humans be vegans?	2	408	False. (Note: The question is not asking	4.846413139603101e-05	0.059755198657512665	0.00032861490035429597	0.5284476280212402	0.00010100792860612273	0.22375880181789398	3.226961808877604e-08	4.950922630087007e-06	8.602129497603528e-08	1.748411523294635e-05
408	Over 100,000 species per year go extinct in large part due to the environmental effects of animal agriculture.	Should all humans be vegans?	2	409	None. (I don't think that's a	0.00025047059170901775	0.27467435598373413	0.00016555096954107285	0.16659842431545258	0.00016298431728500873	0.2833934724330902	2.915575691986305e-07	3.259891673224047e-05	1.6211782849495648e-07	3.1472773116547614e-05
409	Sustainable farming practices do not have these problems. This fails as a criticism of farming as a whole.	Should all humans be vegans?	6	410	None. (The argument is about sustainable farming practices	8.628896466689184e-05	0.11149825900793076	0.00023639739083591849	0.31270456314086914	0.00015262961096595973	0.3713458776473999	3.868670717110945e-08	4.73678164780722e-06	1.0818214235541745e-07	2.0099008906981908e-05
410	Creating more animals for the meat and dairy industry adds more animals into a world already struggling to provide for its existing population.	Should all humans be vegans?	3	411	None. (This is a trick question. The	8.507035818183795e-05	0.10821942239999771	0.0002620351442601532	0.3359537124633789	0.00015769554011058062	0.3359537124633789	7.78777433652067e-08	9.694935215520673e-06	1.7931151319316996e-07	3.6162036849418655e-05
411	Computer modelling indicates that the United States could support the largest human population on domestic production if everybody followed a lacto-ovo vegetarian diet, surpassing the carrying capacity of veganism.	Should all humans be vegans?	4	412	False. (Note: The question is not asking	7.733891834504902e-06	0.007058716379106045	0.0005485787987709045	0.7664452195167542	6.825136097177165e-06	0.010679496452212334	8.854329713869902e-09	1.6660508208587999e-06	3.797626391133235e-08	8.729482033231761e-06
412	Many areas that can only be used as grazing land are barren because they have been exploited and overworked by human agriculture. Allowing these areas to be taken over by natural plants and forests again would benefit soil quality and biodiversity, there is no need to put animals on them for grazing.	Should all humans be vegans?	2	413	False. (Note: The question is not about	0.00022910232655704021	0.16999830305576324	0.0003989580145571381	0.31512707471847534	0.00017842507804743946	0.22521117329597473	1.29844565321946e-07	9.058468094735872e-06	3.842521607566596e-07	4.441351120476611e-05
413	While the vegetarian diet can maximize the use of all available land in the US, it is not necessary to use up every inch of land if you don't need it in order to sustain the population. This is like saying a school bus is better suited for transporting a family of six than a minivan.	Should all humans be vegans?	7	414	False. (Note: The argument is not about	8.38581909192726e-05	0.11994063854217529	0.00030674051959067583	0.53753662109375	5.763483568443917e-05	0.15643206238746643	2.8186285305764613e-08	4.8621022870065644e-06	5.828810500929649e-08	1.545172926853411e-05
414	Veganism is not feasible for many.	Should all humans be vegans?	5	415	False. (The argument is about the feasibility of	2.6321151381125674e-05	0.0310884490609169	0.00042980926809832454	0.577501654624939	7.410841499222443e-05	0.15065032243728638	4.167435463386937e-08	7.223965440061875e-06	1.5559690780264646e-07	2.9248889404698275e-05
415	A person's inability to adhere to a moral principle does not affect the validity of the principle.	Should all humans be vegans?	1	416	False. (The principle of veganism is not	6.0257363657001406e-05	0.06925147771835327	0.00025768805062398314	0.3227270841598511	0.00014682623441331089	0.31772366166114807	5.906542455136332e-08	8.956457349995617e-06	1.3546642207984405e-07	2.5119006750173867e-05
416	When it comes to dietary change as radical as switching to veganism, inability to adhere may be due to more than a weakness of morality or willpower, but rather an innate and instinctual drive against the principle.	Should all humans be vegans?	1	417	False. (Note: This is a tricky question	3.557070886017755e-05	0.05048012360930443	0.00033225322840735316	0.6246582269668579	6.146066880319268e-05	0.16295184195041656	2.156506262451785e-08	3.577439883883926e-06	5.3374048292198495e-08	1.1503095265652519e-05
417	It is likely easier to overcome issues of morality or willpower than it is to go against one's biological instincts.	Should all humans be vegans?	1	418	False. (Note: This is a tricky question	0.0001310324005316943	0.12290839105844498	0.00037915477878414094	0.35843658447265625	0.00011384291428839788	0.19185729324817657	1.3499938233962894e-07	1.5406962120323442e-05	2.1551782936057862e-07	3.7249257729854435e-05
418	Just because it is in our nature, does not make it healthy. We developed a craving for sugars, because it was scarce in the past. We should not cater to our nature just because it is innate.	Should all humans be vegans?	0	419	False. (Note: This is a tricky question	0.00020983116701245308	0.1952899694442749	0.00029360660118982196	0.2931649684906006	0.0001608831516932696	0.23191256821155548	9.407549583784203e-08	9.328013220510911e-06	2.740837032888521e-07	3.942610783269629e-05
419	Veganism is necessarily flexible and thus feasible for most people and circumstances.	Should all humans be vegans?	4	420	False. (Note: The question is not about	4.610974428942427e-05	0.056852295994758606	0.00045490419142879546	0.6257144212722778	5.967044489807449e-05	0.12912346422672272	3.049279939659755e-08	4.710407210950507e-06	7.794216827505807e-08	1.434003934264183e-05
420	Due to the mass availability of vegan products and the development of meat substitutes, becoming vegan is easier than ever.	Should all humans be vegans?	3	421	False. (Note: The question is not asking	2.1537638531299308e-05	0.029051728546619415	0.0003892933891620487	0.5481659173965454	0.00010726159962359816	0.2432471513748169	2.948280908299239e-08	5.445567694550846e-06	1.099706494755992e-07	2.0631794541259296e-05
421	Vegan cosmetics exist.	Should all humans be vegans?	0	422	False. (The existence of vegan cosmetics does not	1.3875589502276853e-05	0.022400755435228348	0.0002356063632760197	0.4395085573196411	0.00012710009468719363	0.38786494731903076	2.2468295668431892e-08	5.650215825880878e-06	5.6595720110408365e-08	1.454149514756864e-05
422	A study found that the performance of participants on a test was significantly better when participants were told that the test was easy compared to participants who were told it would be difficult.	Should all humans be vegans?	4	423	None. (This is a moral and ethical question	0.00014660540909972042	0.11400467157363892	0.0002760431671049446	0.24900908768177032	0.00036002814886160195	0.4170117676258087	8.690676622791216e-08	1.1304995496175252e-05	4.861492470809026e-07	7.08937513991259e-05
423	Vegans miss out on enjoyable and culturally important foods and experiences, making veganism a difficult lifestyle to maintain.	Should all humans be vegans?	5	424	False. The argument is about the difficulty of maintaining	5.834880721522495e-05	0.0742264986038208	0.0003775210934691131	0.45825859904289246	0.0001024053490255028	0.23774142563343048	4.454321356206492e-08	5.984035396977561e-06	1.6712222361547902e-07	3.2603111321805045e-05
424	Veganism is incompatible with some religions, cultures and traditions.	Should all humans be vegans?	1	425	False. (The argument is about the compatibility of	7.097569323377684e-05	0.07968008518218994	0.0003748027666006237	0.430746465921402	0.00013156814384274185	0.24929693341255188	6.684117437316672e-08	9.309984307037666e-06	2.4377962404287246e-07	3.813924195128493e-05
425	It is often necessary for a vegan diet to include supplements, as it lacks specific essential nutrients. These may not be affordable to the less privileged.	Should all humans be vegans?	5	426	False. (Note: The argument is not about	6.413371011149138e-05	0.058306578546762466	0.0004927651607431471	0.579745888710022	9.258782665710896e-05	0.14431016147136688	4.5147565685965674e-08	5.51706034457311e-06	1.5589678525884665e-07	2.3318601961364038e-05
426	Worldwide veganism would improve public health.	Should all humans be vegans?	4	427	None. (The question is about a moral obligation	3.460382140474394e-05	0.06064024567604065	0.00016768531349953264	0.31525957584381104	0.00014120517880655825	0.4376945495605469	3.1833156555194364e-08	6.813896106905304e-06	9.112810062106291e-08	2.7696549295797013e-05
427	Global veganism could help eradicate world hunger.	Should all humans be vegans?	2	428	None. (The question is about the moral obligation	4.010044358437881e-05	0.0649915486574173	0.0001811272813938558	0.32493728399276733	0.00015736609930172563	0.43725091218948364	3.458702835246186e-08	6.344811936287442e-06	8.272724727476088e-08	2.129718632204458e-05
428	Universal veganism would worsen existing food distribution and access problems.	Should all humans be vegans?	5	429	False. The argument is about the consequences of universal	5.582719313679263e-05	0.08238314092159271	0.00025814230320975184	0.4488520324230194	9.646073158364743e-05	0.2765297293663025	3.656025171494548e-08	5.792917363578454e-06	1.8261134471231344e-07	4.0526192606193945e-05
429	Fresh food and vegetables can be very difficult to source in food deserts. It is unclear how this problem would be solved in a vegan society.	Should all humans be vegans?	4	430	False. (Note: The argument is not about	8.124166197376326e-05	0.10662952065467834	0.00031143109663389623	0.49304988980293274	9.205885726260021e-05	0.22223500907421112	3.358796263341901e-08	5.3375774768937845e-06	1.0047117626754698e-07	2.1442971046781167e-05
430	Livestock farming can benefit the environment	Should all humans be vegans?	6	431	None. The question is unrelated to the argument.	2.0363038856885396e-05	0.027899879962205887	0.00021301821107044816	0.34795039892196655	0.00018507344066165388	0.43985050916671753	2.481667493725581e-08	3.7815261748619378e-06	9.767376241143211e-08	1.9129305655951612e-05
431	Pasture animals can damage biodiversity.	Should all humans be vegans?	5	432	None. (The question is not related to the	3.205673419870436e-05	0.03771524876356125	0.0002123279991792515	0.2966534197330475	0.00022779469145461917	0.4815160036087036	4.536385489473105e-08	7.5254342846164946e-06	1.185877422926751e-07	2.3637152480660006e-05
432	It is an individual's choice to decide if they wish to live or die.	Should individuals sentenced to life in prison be allowed to choose death instead?	1	433	False. (Note: This is a tricky question	5.988789416733198e-05	0.06097722426056862	0.00048411288298666477	0.46851253509521484	0.00010886740346904844	0.1892961710691452	7.567150106524423e-08	8.394952601520345e-06	1.9704513931628753e-07	2.7525989935384132e-05
433	It is cruel and inhumane to force someone to stay alive against their will.	Should individuals sentenced to life in prison be allowed to choose death instead?	4	434	True. (Note: This is a classic example	0.0003534815623424947	0.2226026952266693	0.0002930464979726821	0.17067541182041168	0.00014060524699743837	0.1720140278339386	1.9303881515497778e-07	1.2334036000538617e-05	4.7452076046283764e-07	5.295242590364069e-05
434	Life imprisonment is similar to the death penalty in terms of the emotional and physical toll it has on the inmate.	Should individuals sentenced to life in prison be allowed to choose death instead?	7	435	False. (Note: This is a trick question	5.049059836892411e-05	0.054938770830631256	0.0003396912361495197	0.4783208966255188	0.00010359998123021796	0.22243987023830414	6.627416837545752e-08	8.437825272267219e-06	1.3558795330936846e-07	2.7237634640187025e-05
435	Individuals that wish to commit suicide can be assisted through prison rehabilitation as opposed to entertaining their desire to die, which could be impulsive.	Should individuals sentenced to life in prison be allowed to choose death instead?	6	436	False. (Note: This is a tricky question	0.00014844244287814945	0.13923902809619904	0.0003941611503250897	0.4124560058116913	0.000117427647637669	0.19483041763305664	7.30936662307613e-08	6.702905466227094e-06	2.2492456253075943e-07	3.53961659129709e-05
436	Allowing the option of death makes it seem as though rehabilitation is not a worthwhile option for future life prisoners.	Should individuals sentenced to life in prison be allowed to choose death instead?	5	437	False. The option of death should not be allowed	0.000246541720116511	0.23306989669799805	0.00028376776026561856	0.3136298358440399	0.00012890731159131974	0.21555443108081818	9.783234133919905e-08	9.374562978337053e-06	3.151904763853963e-07	4.596332291839644e-05
437	This is just suicide by a different name, which is an irrational action.	Should individuals sentenced to life in prison be allowed to choose death instead?	7	438	False. (Note: This is a classic example	0.0001750620867824182	0.16166244447231293	0.00039760267827659845	0.3614768385887146	0.00015692463784944266	0.24079547822475433	7.795246403929923e-08	6.351776391966268e-06	2.6114702222912456e-07	3.054029730265029e-05
438	The state has a responsibility to protect its citizens from threats, including those posed by themselves (p. 515).	Should individuals sentenced to life in prison be allowed to choose death instead?	4	439	False. (Note: This is a tricky question	0.00020213080279063433	0.22340185940265656	0.00028063083300367	0.29595938324928284	8.899698150344193e-05	0.16601815819740295	8.283623031957177e-08	7.992040991666727e-06	3.8042142591621086e-07	7.32069238438271e-05
439	Suicide cannot reasonably be punished or restricted, so people should be allowed the right to die.	Should individuals sentenced to life in prison be allowed to choose death instead?	7	440	False. (Note: This is a tricky question	8.130208880174905e-05	0.06836024671792984	0.0005643483600579202	0.5293588042259216	0.00011112678475910798	0.1589423418045044	7.399325596679773e-08	7.244213520607445e-06	2.2047201753139234e-07	3.4695473004831e-05
440	Since many prisoners suffer from mental health conditions (p. 1), a prisoner who desires euthanasia as a product of poor mental health cannot be considered to be making a voluntary decision.	Should individuals sentenced to life in prison be allowed to choose death instead?	3	441	False. (Note: This is a tricky question	0.0001692920341156423	0.16903740167617798	0.0003017956914845854	0.31334584951400757	0.0001602824922883883	0.24787697196006775	6.652539497054022e-08	5.861139470653143e-06	1.437522740843633e-07	1.9673678252729587e-05
441	Criminals spending long terms in prison develop a wide range of mental health conditions, which can cause violence within prisons themselves.	Should individuals sentenced to life in prison be allowed to choose death instead?	5	442	False. (Note: This is a tricky question	0.00015346419240813702	0.11298719048500061	0.0003888348874170333	0.34262943267822266	0.0001955184416146949	0.2668400704860687	8.912596882737489e-08	6.586550625797827e-06	2.7027112992072944e-07	3.229374124202877e-05
442	PTSD and anxiety are common mental health disorders observed to develop within long-term inmates.	Should individuals sentenced to life in prison be allowed to choose death instead?	0	443	None. (This is a complex issue that requires	0.00019978469936177135	0.14035466313362122	0.000226385731366463	0.20743073523044586	0.0002605683694127947	0.34467777609825134	1.4956482630168466e-07	1.6399326341343112e-05	5.492266268447565e-07	8.199147850973532e-05
443	Chronic psychological suffering means individuals with mental health disorders have a stronger desire to die than neurotypical people. It would be an injustice to deny them that choice.	Should individuals sentenced to life in prison be allowed to choose death instead?	1	444	False. (Note: This is a tricky one	0.00011531526251928881	0.13567019999027252	0.00036361924139782786	0.4809926450252533	6.570465484401211e-05	0.153734490275383	3.929314118522598e-08	3.6209348763804883e-06	7.283798453272539e-08	1.398932818119647e-05
444	A 2006 survey showed 49% of state prisoners, 40% of federal prisoners and 60% of all inmates in the USA have a symptom of a mental disorder (p. 8).	Should individuals sentenced to life in prison be allowed to choose death instead?	4	445	None. (The question is not relevant to the	0.0003198721387889236	0.24108895659446716	0.00025702445418573916	0.19221287965774536	0.00021813383500557393	0.24488556385040283	2.232067402019311e-07	2.4094504624372348e-05	9.00211489351932e-07	0.00015711589367128909
445	This argument suggests that individuals with mental health conditions cannot choose for themselves, which is an ableist assumption and is incorrect.	Should individuals sentenced to life in prison be allowed to choose death instead?	1	446	None. (This question is unrelated to the argument	0.00015926008927635849	0.14366307854652405	0.00022459271713159978	0.22601374983787537	0.00017086112347897142	0.3555695414543152	6.444382449899422e-08	5.079567472421331e-06	1.163513232427249e-07	1.6206013242481276e-05
446	As with assisted dying in medical circumstances, the use of safeguards can ensure that the prisoner makes an informed decision.	Should individuals sentenced to life in prison be allowed to choose death instead?	6	447	None. (Note: This is a moral and	0.0001304374891333282	0.2017216682434082	0.00017145686433650553	0.2757208049297333	0.0001115690974984318	0.3325828015804291	9.538737799630326e-08	1.6326166587532498e-05	2.2659871490304795e-07	6.507767830044031e-05
447	Medical practitioners follow scientific standards to determine whether patients possess autonomy and the capacity to make an informed choice. Such requirements could also be applied to prisoners in these circumstances.	Should individuals sentenced to life in prison be allowed to choose death instead?	0	448	True. (Note: This is a tricky question	0.0002964737650472671	0.30068960785865784	0.0002382233797106892	0.22697241604328156	0.00013155944179743528	0.22345353662967682	1.0525170779374093e-07	1.0425997970742173e-05	2.232534797030894e-07	4.172169792582281e-05
448	A rigorous process to determine whether someone is approved for euthanasia already exists.	Should individuals sentenced to life in prison be allowed to choose death instead?	4	449	None. (Note: The question is not directly	0.00015216207248158753	0.13726019859313965	0.0002588364004623145	0.23531875014305115	0.0001835424918681383	0.3117466866970062	1.3580461200035643e-07	1.173347936855862e-05	2.8975324539715075e-07	4.063516098540276e-05
449	There is no inherent right to die.	Should individuals sentenced to life in prison be allowed to choose death instead?	1	450	False. (Note: This is a tricky question	0.00021709612337872386	0.2184697538614273	0.0003415401733946055	0.3383725583553314	8.703217463335022e-05	0.15983587503433228	1.7954742759229703e-07	2.0511080947471783e-05	2.0665781619300105e-07	3.862029188894667e-05
450	The 'right to die' has not been recognised as a human right by the Universal Declaration of Human Rights.	Should individuals sentenced to life in prison be allowed to choose death instead?	4	451	False. (The question is about prisoners, not	0.00025608603027649224	0.1991400122642517	0.0003017431008629501	0.2658868134021759	0.00015900743892416358	0.23464429378509521	9.69662039551622e-08	7.947498488647398e-06	2.584833396213071e-07	3.3854637877084315e-05
451	In 2014, Belgium set a precedent and widened the scope of the country's euthanasia law by allowing a Belgian serving a life sentence for murder and rape the right to an assisted suicide.	Should individuals sentenced to life in prison be allowed to choose death instead?	0	452	False. The individual in question was convicted of murder	0.00010573823965387419	0.15603594481945038	0.0002785831457003951	0.4308290481567383	6.826974276918918e-05	0.18242448568344116	5.1509633891555495e-08	6.577290605491726e-06	8.247307903275214e-08	1.979016997211147e-05
452	As of March 2018, active human euthanasia is legal in the Netherlands, Belgium, Colombia, Luxembourg, and Canada.	Should individuals sentenced to life in prison be allowed to choose death instead?	0	453	False. The question is about prisoners, but the	0.00011447068391134962	0.15993234515190125	0.00021219511108938605	0.3131323456764221	0.0001018123293761164	0.2763383090496063	1.0939322692138376e-07	1.6620406313450076e-05	1.259108302065215e-07	3.266853673267178e-05
453	The prison system would benefit from allowing inmates to choose death.	Should individuals sentenced to life in prison be allowed to choose death instead?	2	454	False. This is a morally and ethically complex	0.0001386687799822539	0.13211965560913086	0.0003541031328495592	0.4101489782333374	0.00011406582780182362	0.19073699414730072	1.0270242256638085e-07	1.1382626325939782e-05	2.8163861998109496e-07	4.4668820919469e-05
454	Allowing prisoners to make this choice would allow more money to be spent on improving conditions for other prisoners.	Should individuals sentenced to life in prison be allowed to choose death instead?	2	455	False. The argument is based on a false assumption	0.00020628115453291684	0.14720074832439423	0.0003914528351742774	0.302036315202713	0.00019837864965666085	0.2583453357219696	8.578456345276209e-08	6.108668458182365e-06	2.4629414951959916e-07	2.7808278900920413e-05
455	Prisons often do not meet even the basic standards for treatment and living conditions.	Should individuals sentenced to life in prison be allowed to choose death instead?	2	456	False. (The argument is about the treatment and	0.00011647286737570539	0.08642509579658508	0.00040971869020722806	0.33389967679977417	0.00013831495016347617	0.17872363328933716	1.081985914197503e-07	1.0098085112986155e-05	2.8590167744368955e-07	3.693726102937944e-05
456	The cost of carrying out an inmate execution often exceeds the cost of life imprisonment.	Should individuals sentenced to life in prison be allowed to choose death instead?	3	457	None. (The question is not relevant to the	0.00013140335795469582	0.1166967824101448	0.00032269550138153136	0.2888273000717163	0.0002019376988755539	0.3172147274017334	1.2717922004412685e-07	1.4178251149132848e-05	2.453838874316716e-07	4.1026127291843295e-05
457	Allowing prisoners to choose death reduces public pressure to improve the prison system.	Should individuals sentenced to life in prison be allowed to choose death instead?	2	458	None. (I don't have enough information to	0.0002475437941029668	0.26725608110427856	0.00015612391871400177	0.16594307124614716	0.0001525073021184653	0.3076098561286926	1.072542517022157e-07	1.407499803462997e-05	2.9613849505949474e-07	5.92579526710324e-05
458	Rehabilitation and, where appropriate, reintegration should be a central goal of prisons, and allowing people to choose death is contrary to that.	Should individuals sentenced to life in prison be allowed to choose death instead?	6	459	False. (Note: This is a tricky question	0.00012154436990385875	0.14412039518356323	0.00032782068592496216	0.46522635221481323	6.505801138700917e-05	0.14638996124267578	5.6774613454990686e-08	6.492137799796183e-06	1.680144805504824e-07	3.765269138966687e-05
459	There may be possible ways for inmates serving life sentences to be released.	Should individuals sentenced to life in prison be allowed to choose death instead?	6	460	False. (Note: This is a tricky question	9.142497583525255e-05	0.08377008140087128	0.0004065497196279466	0.4493326246738434	0.00012892988161183894	0.19939014315605164	1.0757161561514295e-07	1.291626540478319e-05	2.1164591146316525e-07	3.298283991171047e-05
460	Release in this situation is rare since almost all life sentences are life without parole.	Should individuals sentenced to life in prison be allowed to choose death instead?	4	461	False. (Note: This is a classic example	0.00013305818720255047	0.14365379512310028	0.00037026687641628087	0.43562474846839905	0.00010775379632832482	0.19635146856307983	5.249149737096559e-08	6.126731932454277e-06	1.0000121619668789e-07	1.7115855371230282e-05
461	Inmates may still have ways of making the most of life imprisonment.	Should individuals sentenced to life in prison be allowed to choose death instead?	6	462	False. (Note: This is a tricky question	9.6183292043861e-05	0.08541851490736008	0.0004697465046774596	0.4954048991203308	0.0001254466624232009	0.18803448975086212	8.191249634137421e-08	1.045944827637868e-05	2.8312427957644104e-07	4.318418723414652e-05
462	Criminals should be forced to live with the consequences of their crimes.	Should individuals sentenced to life in prison be allowed to choose death instead?	1	463	False. (Note: This is a classic example	6.198004848556593e-05	0.048386141657829285	0.0005502683925442398	0.44844046235084534	0.00011092382192146033	0.16497203707695007	9.967855163495187e-08	9.57949578150874e-06	2.455051060223923e-07	3.3435724617447704e-05
463	There is little benefit to making criminals live with the consequences of their crimes.	Should individuals sentenced to life in prison be allowed to choose death instead?	5	464	False. (Note: This is a tricky one	0.0001914139575092122	0.1823737472295761	0.00025358228594996035	0.25320085883140564	0.0001235861418535933	0.22696778178215027	1.57382331167355e-07	1.6725563909858465e-05	2.4759714278843603e-07	4.423846257850528e-05
464	Since denying prisoners the right to choose death does not stop them from opting for suicide, they may not necessarily live with the consequences of their crimes.	Should individuals sentenced to life in prison be allowed to choose death instead?	3	465	True. (Note: This is a tricky question	0.0003051714738830924	0.29765379428863525	0.0002180962183047086	0.24676364660263062	0.00011583002924453467	0.21776817739009857	9.257722410893621e-08	8.228408660215791e-06	1.9088592750904354e-07	3.0691899155499414e-05
465	Access to legal abortion improves the health and safety of women.	Pro-Life vs Pro-Choice: Should abortion be legal?	2	466	True	0.00022472828277386725	0.29495543241500854	9.368069004267454e-05	0.15064848959445953	9.817651880439371e-05	0.20591206848621368	1.0653778872438124e-06	0.0002689645334612578	1.0949112265734584e-06	0.0002908199967350811
466	When abortion is banned, many women who do not want a child seek out illegal abortions.	Pro-Life vs Pro-Choice: Should abortion be legal?	5	467	False. The argument is actually a pro-choice argument	0.0002115979150403291	0.3074100613594055	0.0002149300999008119	0.37080731987953186	4.795738641405478e-05	0.11851714551448822	2.7477670982989366e-07	5.065309596830048e-05	2.971044636979059e-07	8.549328049411997e-05
467	If abortions will happen anyway, it is preferable to make them as safe as possible so at least the women survive the procedure.	Pro-Life vs Pro-Choice: Should abortion be legal?	2	468	False. The argument is actually in favor of legal	0.00018610914412420243	0.24811455607414246	0.0002563761663623154	0.3842873275279999	6.0894675698364154e-05	0.14137141406536102	2.7546582259674324e-07	4.596571670845151e-05	6.016726956659113e-07	0.00014494195056613535
468	When abortion is banned, in practice this means that only women who can afford it can access safe abortion, since it is more expensive when illegal.	Pro-Life vs Pro-Choice: Should abortion be legal?	5	469	False. (Note: This is a tricky one	0.00020976358791813254	0.3000204861164093	0.00023400818463414907	0.35075950622558594	5.7346169342054054e-05	0.12312817573547363	2.193031889419217e-07	4.034806988784112e-05	4.033602749586862e-07	0.00011140460264869034
469	Any act will still happen regardless of whether it is legal or illegal. This is not a sufficient reason to legalize an activity which is wrong.	Pro-Life vs Pro-Choice: Should abortion be legal?	1	470	False. The argument is about the morality of an	0.00016194116324186325	0.2227478325366974	0.00019997064373455942	0.33964988589286804	9.445945033803582e-05	0.2262555956840515	9.23201000091467e-08	1.6478836187161505e-05	3.2570889629823796e-07	8.079544932115823e-05
470	It wouldn't be reasonable to argue that we shouldn't regulate guns because people would buy guns illegally and from dangerous people anyway.	Pro-Life vs Pro-Choice: Should abortion be legal?	7	471	None	0.0002075730444630608	0.21383997797966003	0.00015915176481939852	0.25000426173210144	0.000157913236762397	0.3160350024700165	1.7133643837041745e-07	2.4216780730057508e-05	5.796237019239925e-07	0.00012688685092143714
471	The argument isn't just that illegal abortions will still happen, but that illegal abortions are dangerous for women, as opposed to guns which are still dangerous when legal.	Pro-Life vs Pro-Choice: Should abortion be legal?	5	472	False. The argument is not about the danger of	0.00017125275917351246	0.28860899806022644	0.00018662067304830998	0.40700390934944153	4.755517511512153e-05	0.1300862729549408	7.011344393959007e-08	1.099067048926372e-05	1.7799496276893478e-07	4.3981344788335264e-05
472	The government knows people will seek out illegal and potentially harmful drugs, but that is not a reason to lift the ban on them, making them easier to access.	Pro-Life vs Pro-Choice: Should abortion be legal?	7	473	True	0.00026032465393655	0.29918113350868225	0.0001616392401047051	0.24802985787391663	0.00011918530071852729	0.23667174577713013	1.952678587713308e-07	2.8980319257243536e-05	5.114566761221795e-07	0.00011825779802165926
473	"The war on drugs is an good example of why prohibition does not work. Criminalizing behavior may not deter that behavior as long as incentives exist
 and may only compound the problem without addressing the underlying cause."	Pro-Life vs Pro-Choice: Should abortion be legal?	0	474	None	7.568573346361518e-05	0.12655910849571228	0.000141399577842094	0.33343881368637085	0.00011361774522811174	0.39596840739250183	2.977069968324031e-08	4.026896476716502e-06	9.125354694106136e-08	2.719823896768503e-05
474	Putting the child up for adoption is an alternative to abortion.	Pro-Life vs Pro-Choice: Should abortion be legal?	6	475	None	0.00025904166977852583	0.26686251163482666	0.00011316691234242171	0.1777687668800354	0.000134389047161676	0.2753336429595947	6.969930268496682e-07	0.00015228273696266115	9.197659096571442e-07	0.0001970684970729053
475	The question here is whether women should or should not have the right to choose abortion. The fact that adoption is a viable option does not automatically negate a right to abortion.	Pro-Life vs Pro-Choice: Should abortion be legal?	1	476	True. (I think this is a good argument	0.00040999217890203	0.6145454049110413	7.01413955539465e-05	0.11728804558515549	3.211306830053218e-05	0.07455281913280487	9.288064717338784e-08	1.1054712558689062e-05	1.1672618427382986e-07	2.3678692741668783e-05
476	If it is true that adoption is a viable option, then abortion is not the only option. If there is another ethical option besides abortion, with the benefit of saving lives, it should be valued over abortion.	Pro-Life vs Pro-Choice: Should abortion be legal?	6	477	False. The argument is about the value of adoption	0.00014892169565428048	0.23030750453472137	0.00017823594680521637	0.34573251008987427	9.103400225285441e-05	0.24902179837226868	1.0290766994103251e-07	1.9919554688385688e-05	2.0706876568965527e-07	6.30574140814133e-05
477	"Believing one option to be ""better"" is not an argument against people having multiple options."	Pro-Life vs Pro-Choice: Should abortion be legal?	1	478	True. (I believe that people should have the	0.0002120076969731599	0.3104211091995239	0.00011085079313488677	0.15128716826438904	0.00011708177044056356	0.2870925962924957	7.682470481995551e-08	1.0310730431228876e-05	2.313809233100983e-07	4.823832568945363e-05
478	Adoption is not a reasonable alternative given it requires women to go through pregnancy and childbirth, and bring a genetically related child into the world.	Pro-Life vs Pro-Choice: Should abortion be legal?	1	479	False. (Note: This is a tricky one	0.00014686131908092648	0.21336054801940918	0.0002659314777702093	0.4660222828388214	5.751171920564957e-05	0.13351762294769287	7.720488781615131e-08	1.055580833053682e-05	1.7915648697908182e-07	4.273907688912004e-05
479	Statistics regarding the number of abortions due to endangerment of mother's life back this up. Florida, 2015: 0.065%. UK,1968-2011: 0.006%. U.S. estimate: 1%. (links)	Pro-Life vs Pro-Choice: Should abortion be legal?	4	480	False. The statistics provided do not support the argument	0.00013963224773760885	0.2604749798774719	0.00014863774413242936	0.30932170152664185	6.196142931003124e-05	0.2092975229024887	8.085568481419614e-08	1.66766931215534e-05	1.4886165899952175e-07	5.5541870096931234e-05
480	The number of times something happens doesn't always make it less important. If you, or someone else you care about, were in that 1%, you would likely want them to be able to access to abortion.	Pro-Life vs Pro-Choice: Should abortion be legal?	0	481	False. The argument is not about the legality of	0.00018520731828175485	0.34820207953453064	0.00016472679271828383	0.35925519466400146	4.132533285883255e-05	0.1363578885793686	6.360350113254754e-08	8.937230632000137e-06	7.52365565404034e-08	1.9983626771136187e-05
481	Even if in these cases abortion has a chance of saving the woman's life, abortion is always guaranteed to kill the fetus. We should not kill one person just to try to save another.	Pro-Life vs Pro-Choice: Should abortion be legal?	1	482	False. The argument is actually Pro-Life. The	0.00014343051589094102	0.206754669547081	0.00021197657042648643	0.4242330491542816	8.108826295938343e-05	0.19422803819179535	9.757655305975277e-08	1.7605203538550995e-05	2.2379163056029938e-07	6.414609379135072e-05
482	In situations where pregnancy endangers a mother, the fetus is also likely in jeopardy. There for it is not as simple as exchanging one life for another, but rather opting to save one person versus allowing two to die.	Pro-Life vs Pro-Choice: Should abortion be legal?	3	483	True. (Note: This is a moral and	0.00022247385641094297	0.3778715431690216	0.00015775758947711438	0.35497745871543884	4.0515496948501095e-05	0.10826200991868973	6.970036281472858e-08	9.290833986597136e-06	1.1313485970276815e-07	2.7200818294659257e-05
483	In most of the cases where pregnancy endangers a mother, there is a reasonable non-abortion option that could preserve the life of both mother and child.	Pro-Life vs Pro-Choice: Should abortion be legal?	6	484	False. (Note: This is a tricky question	0.0002167698257835582	0.2610810399055481	0.0002475589280948043	0.3681832551956177	8.037061343202367e-05	0.14645318686962128	1.9536558681920724e-07	3.2599757105344906e-05	4.7049195472936844e-07	0.00011245869973208755
484	If childbirth poses a threat to the woman, the baby can be delivered via C-section.	Pro-Life vs Pro-Choice: Should abortion be legal?	6	485	None. I am not sure about the question.	0.00023890832380857319	0.2519579231739044	7.286292384378612e-05	0.10503169894218445	0.00016941138892434537	0.3039192855358124	7.530032917202334e-07	0.0001667848991928622	1.1823290151369292e-06	0.0002771385188680142
485	There are a large number of financial requirements of being pregnant and having a child, even if you plan to give it up for adoption. These costs may mean adoption is not a viable alternative for many women.	Pro-Life vs Pro-Choice: Should abortion be legal?	3	486	None. (This question is not related to the	0.00021144554193597287	0.2627524137496948	0.00017666937492322177	0.2627524137496948	0.00013335703988559544	0.26689016819000244	3.0215542778933013e-07	4.572830584947951e-05	4.1219166746486735e-07	9.910253720590845e-05
486	Government services should be available to intended adoptees to support them in this. The lack of this service is not grounds for termination.	Pro-Life vs Pro-Choice: Should abortion be legal?	6	487	None	0.00013885286170989275	0.2321849912405014	0.0001064621756086126	0.23584137856960297	0.00012253721070010215	0.3652782738208771	2.1287416984705487e-07	4.403466664371081e-05	3.23961018011687e-07	9.035327093442902e-05
487	It is possible for women to research contraception and the likelihood of pregnancy before they have sex, such that they are aware of the risks.	Pro-Life vs Pro-Choice: Should abortion be legal?	3	488	True	0.0002287985844304785	0.2933413088321686	0.00019878365856129676	0.25090810656547546	0.00013138797658029944	0.25090810656547546	1.971484095975029e-07	2.6382102078059688e-05	5.422219828687957e-07	0.00010640121763572097
488	No form of contraception is 100% effective.	Pro-Life vs Pro-Choice: Should abortion be legal?	3	489	None. I am not sure or cannot answer.	0.00021103181643411517	0.25219210982322693	9.586551459506154e-05	0.1459575891494751	0.0001656407694099471	0.318800687789917	2.945784558505693e-07	6.851199577795342e-05	8.457576541331946e-07	0.00020776005112566054
489	Planned Parenthood states that the pill is only about 91% effective because it is difficult to maintain perfect use.	Pro-Life vs Pro-Choice: Should abortion be legal?	4	490	None	0.00022653548512607813	0.2389092594385147	0.0001070077923941426	0.15914787352085114	0.00016703677829355001	0.27498286962509155	1.1254850278419326e-06	0.0002301029016962275	1.3209753433329752e-06	0.000342737213941291
490	Contraceptives advertise that they are not 100% effective. Even though these devices or drugs decrease the likelihood of pregnancy they don't negate the responsibility for the risk of the action chosen.	Pro-Life vs Pro-Choice: Should abortion be legal?	4	491	False. The argument is about the responsibility of the	0.0002116153627866879	0.2734387218952179	0.0002252634149044752	0.3298300802707672	0.00010153416224056855	0.18793152272701263	2.1738419775374496e-07	3.7645291740773246e-05	4.5573005991172977e-07	0.00011778170301113278
491	Abstinence is always effective.	Pro-Life vs Pro-Choice: Should abortion be legal?	6	492	None	0.00015825442096684128	0.1966545730829239	4.641586929210462e-05	0.08794935792684555	0.00016714997764211148	0.35609540343284607	6.672796644124901e-07	0.00019541812071111053	1.1756958429032238e-06	0.0003272637550253421
492	An abstinent woman can still be raped and become pregnant.	Pro-Life vs Pro-Choice: Should abortion be legal?	3	493	True	0.00032638938864693046	0.3208458721637726	0.00012291937309782952	0.1539435237646103	0.00012101368338335305	0.19766740500926971	7.111904096746002e-07	0.00014483442646451294	1.209775632560195e-06	0.0002663912600837648
493	The primary role of sexual relations is reproduction. This is true in all species that reproduce by mating. The pleasure and bonding effect of a sexual relation is subservient to its purpose as a reproduction mechanism.	Pro-Life vs Pro-Choice: Should abortion be legal?	1	494	False. The primary role of sexual relations is not	0.00013374305854085833	0.25144585967063904	0.00014920116518624127	0.3279472291469574	8.702826744411141e-05	0.25144585967063904	8.447776167486154e-08	1.995693673961796e-05	2.5919533186424815e-07	9.633151057641953e-05
494	It is unreasonable to expect people to remain abstinent forever. There are people who may want to have sex lives but do not ever want to have children. For them there is no fail proof form of contraception.	Pro-Life vs Pro-Choice: Should abortion be legal?	0	495	True	0.0002998735290020704	0.29709234833717346	0.00023721948673482984	0.2541165351867676	0.00016051072452683002	0.2501768469810486	2.064103199472811e-07	2.8001750251860358e-05	8.292246320706909e-07	0.00016431712720077485
495	Male vasectomies are both reversible and do not stop your body from producing sperm. It is one of the most highly-effective birth control measures while still maintaining the possibility of having children in the future.	Pro-Life vs Pro-Choice: Should abortion be legal?	6	496	None. This is not a question about vasect	0.00015443560550920665	0.26026737689971924	9.008149208966643e-05	0.19646011292934418	0.00010951125295832753	0.2949215769767761	2.545072561588313e-07	7.070577703416348e-05	4.963583819517225e-07	0.0002061985869659111
496	According to WHO, only 43% of women of reproductive age in less developed countries use modern contraceptive methods, and a wide gap in use is seen between the highest and lowest wealth quintiles (52% versus 35%, respectively).	Pro-Life vs Pro-Choice: Should abortion be legal?	4	497	None. This is not a question about the argument	0.0001406607188982889	0.23891203105449677	0.00011127178004244342	0.21415935456752777	0.0001251062349183485	0.33691996335983276	1.3079578309316275e-07	3.314984860480763e-05	4.821835091206594e-07	0.00015814909420441836
497	Contraception is not cheap or widely available in many developing countries around the world, even in some parts of the US and Europe.	Pro-Life vs Pro-Choice: Should abortion be legal?	4	498	False. The argument is about the availability of contraception	0.0002020455722231418	0.26107311248779297	0.00021174194989725947	0.27791088819503784	0.00010730559006333351	0.20652583241462708	1.8604976048663957e-07	2.8656155336648226e-05	5.300065026858647e-07	0.00012254684406798333
498	"A small pack of condoms will cost you around 5€. Less developed countries may find contraception somewhat more expensive, however abortion procedures in those parts of the world are far more dangerous and costly, so prevention
 and abstinence are still the better options. To increase effectiveness and safety, one should compliment usage of contraception with proper sexual responsibility."	Pro-Life vs Pro-Choice: Should abortion be legal?	6	499	False	5.924834840698168e-05	0.19397564232349396	0.0001610537146916613	0.503134548664093	2.3383961888612248e-05	0.13754932582378387	1.6851743112056283e-08	3.0913654427422443e-06	2.972049806260202e-08	1.4072716112423223e-05
499	A lack of sex education in many conservative regions means that couples are often ill equipped to properly use contraceptives such as condoms.	Pro-Life vs Pro-Choice: Should abortion be legal?	3	500	None	0.000195026645087637	0.2620422840118408	0.00011025807179976255	0.18009886145591736	0.00017211040540132672	0.3872734010219574	2.0954821877694485e-07	3.4424247132847086e-05	5.288660531732603e-07	0.00012890473590232432
500	The solution for ignorance is to improve sex education, not implement a policy of allowing abortion.	Pro-Life vs Pro-Choice: Should abortion be legal?	6	501	None. (I'm not sure or cannot answer	6.343289715005085e-05	0.11379685252904892	0.00016325201431754977	0.35051897168159485	0.0001021604984998703	0.3560388386249542	4.7395115387871556e-08	9.210048119712155e-06	1.1845519054531906e-07	3.9079874113667756e-05
501	People tend to not seek information when they are unaware that the information exists or is important.	Pro-Life vs Pro-Choice: Should abortion be legal?	3	502	True. People tend to not seek information when they	0.00012819291441701353	0.3425459861755371	5.343875091057271e-05	0.1341429352760315	5.5567514209542423e-05	0.26677507162094116	1.59467219873477e-07	5.5567514209542423e-05	2.639460205955402e-07	0.00012042609159834683
502	Religious women are often taught that use of contraception is deeply immoral.	Pro-Life vs Pro-Choice: Should abortion be legal?	0	503	None	0.00023102092382032424	0.25533223152160645	0.00014344416558742523	0.18974679708480835	0.00016901853086892515	0.29851362109184265	2.879433225189132e-07	5.318403782439418e-05	7.425047101605742e-07	0.0001575425994815305
503	By this logic people are consenting to the risk of dying every time they cross the street. People aren't consenting to consequences.	Pro-Life vs Pro-Choice: Should abortion be legal?	7	504	False. (The argument is trying to equate	0.0002164192992495373	0.2668401896953583	0.0001909893617266789	0.2840498983860016	0.0001233119983226061	0.2586303651332855	8.028307973972915e-08	9.7342954177293e-06	3.1168846703621966e-07	6.347557791741565e-05
504	Abortion has harmful mental and physical consequences for the woman involved.	Pro-Life vs Pro-Choice: Should abortion be legal?	5	505	False. I believe that abortion should be legal.	0.00016449324903078377	0.22449743747711182	0.00019534057355485857	0.3116838037967682	7.709642522968352e-05	0.1694595366716385	3.5494144867698196e-07	7.186177390394732e-05	6.935856617928948e-07	0.0001984167320188135
505	Abortion increases the risk of placenta previa in later pregnancies (a life threatening condition for both the mother and her wanted pregnancy) by seven to fifteen fold.	Pro-Life vs Pro-Choice: Should abortion be legal?	0	506	True. The argument is a pro-life argument,	0.000230486155487597	0.3121154010295868	0.00011321098281769082	0.19228872656822205	0.00011058845848310739	0.23559705913066864	3.1183597570816346e-07	7.424558134516701e-05	5.668720177709474e-07	0.000185200828127563
506	Studies have shown that abortion has adverse psychological impacts on women.	Pro-Life vs Pro-Choice: Should abortion be legal?	4	507	None	0.00017120395204983652	0.24872559309005737	0.00013973259774502367	0.24486945569515228	9.986238001147285e-05	0.24872559309005737	3.8338828289852245e-07	9.528934606350958e-05	5.63300886824436e-07	0.0001780239399522543
507	Humans can collaborate, meet, and communicate with unparalleled efficiency.	Has social media been good for humanity?	2	508	False. (Note: This answer is based on	0.00013820896856486797	0.2347477525472641	0.00020109287288505584	0.3523981273174286	6.841840513516217e-05	0.19461274147033691	4.85415725393068e-08	8.171413355739787e-06	1.9330252598592779e-07	4.0536560845794156e-05
508	It is easy to maintain non day-to-day relationships.	Has social media been good for humanity?	2	509	None. I am not sure if social media has	0.00020832623704336584	0.2431917041540146	0.00015725288540124893	0.2548627257347107	0.00015005175373516977	0.3171817660331726	5.844871253657402e-08	1.0211149856331758e-05	4.803883939530351e-07	8.549691119696945e-05
509	"Social media algorithms designed to enhance the user's experience have inadvertently created deeply personalized Filter Bubbles. 
Information dissemination is calculated by user desire rather than objective necessity."	Has social media been good for humanity?	3	510	False. (Note: This is a subjective answer	2.6279629310010932e-05	0.030202170833945274	0.00046219254727475345	0.6307920813560486	5.8303907280787826e-05	0.12421032786369324	1.9397099038087617e-08	3.006646466019447e-06	6.577994327017223e-08	1.3422321899270173e-05
510	Confirmation bias is a major issue in today's society as it is pushed by the business models of Social media platforms.	Has social media been good for humanity?	5	511	False. (Note: This is a tricky question	5.0851976993726566e-05	0.0488303080201149	0.00036135344998911023	0.4318329095840454	0.00021242872753646225	0.33631181716918945	3.294624661975831e-08	4.6384848246816546e-06	2.511693537599058e-07	3.6059449485037476e-05
511	The same systems that create echo chambers can be (ab)used to intentionally enter other peoples echo chambers. TED talk	Has social media been good for humanity?	4	512	None. I am not sure if social media has	0.00013329698413144797	0.1508180797100067	0.00019854525453411043	0.2565501928329468	0.0001894532033475116	0.37327831983566284	3.885007160420173e-08	5.523357231140835e-06	3.614698584897269e-07	6.80814337101765e-05
512	Social media has negative health effects.	Has social media been good for humanity?	5	513	False. (The question is asking whether social media	2.396370837232098e-05	0.027974272146821022	0.0004451518470887095	0.5662851333618164	4.407600499689579e-05	0.09840559959411621	2.9354968233974432e-08	4.313271801947849e-06	1.5958505628077546e-07	3.55546799255535e-05
513	Exposure to online harassment - stressor to contend with for some resulting in some youths committing suicide (remember Ask.fm?)	Has social media been good for humanity?	0	514	False. (Note: The argument is not about	5.287311432766728e-05	0.06726077198982239	0.00033943072776310146	0.5249298810958862	9.352300548925996e-05	0.17582948505878448	3.002461212986418e-08	4.045408331876388e-06	1.7464574852965598e-07	2.9199307391536422e-05
514	Creates a reward system and withdrawals if you don't post on it or keep checking the platform for likes or new friends. People experience addictive effects when they are disconnected even for a few hours. Study: Social media addiction: Its impact, mediation, and intervention	Has social media been good for humanity?	4	515	False. The argument suggests that social media has a	6.018431668053381e-05	0.07899180054664612	0.0002553727535996586	0.4138874411582947	0.00013457199383992702	0.2981119453907013	4.011260301695074e-08	7.503582764911698e-06	2.6029297828245035e-07	5.787869667983614e-05
515	Social media use during driving or walking across the road or operating dangerous equipment shows increase in injuries and deaths.	Has social media been good for humanity?	0	516	False. (Note: The question is not about	3.679239307530224e-05	0.028388196602463722	0.000451738596893847	0.5440811514854431	0.0001755267003318295	0.2376914620399475	4.167257827702997e-08	5.077517471363535e-06	2.3152482242494443e-07	2.6708414225140586e-05
516	People have been shown to experience depression as a repercussion of social media.	Has social media been good for humanity?	3	517	False. (Note: The question is asking about	2.9277314752107486e-05	0.028113368898630142	0.00043022699537687004	0.578062891960144	0.00012040673027513549	0.20611466467380524	3.161126471695752e-08	4.668675501307007e-06	1.9157346287101973e-07	2.6971525585395284e-05
517	Instagram has been linked to teenagers' issues with mental health, exacerbating problems such as body image and FOMO.	Has social media been good for humanity?	0	518	False. (Note: The question is a general	1.69048726093024e-05	0.0235265102237463	0.0003462403838057071	0.6358755826950073	6.016755287419073e-05	0.14638687670230865	1.6385428125431645e-08	2.8695762921415735e-06	9.610442930352292e-08	1.9763798263738863e-05
518	Not necessarily. By joining groups related to sports you can actually be more active when sharing results.	Has social media been good for humanity?	0	519	None. I am not sure. I am not	8.605430775787681e-05	0.17768916487693787	0.00013019600010011345	0.32682040333747864	0.0001054359381669201	0.3589420020580292	3.0164905240326334e-08	5.437176241684938e-06	1.454629483532699e-07	3.4769083868013695e-05
519	"FOMO (Fear Of Missing Out) - stressor to contend with for some when they use social media. ""Everyone else is doing it and I'm not"" fear."	Has social media been good for humanity?	5	520	False. (Note: This is a very short	5.035903086536564e-05	0.045783452689647675	0.00045236549340188503	0.6271026134490967	0.00011085692676715553	0.15367810428142548	1.846358621548916e-08	1.7918354160428862e-06	1.2098701063223416e-07	1.454126504540909e-05
520	Social media can be beneficial when being a leisure-time activity.	Has social media been good for humanity?	0	521	False. (The question is about the overall impact	3.7831876397831365e-05	0.05244535207748413	0.00025057970196940005	0.4093044400215149	0.00014962797285988927	0.3668981194496155	3.026669403993765e-08	5.2209702516847756e-06	1.675003460377411e-07	3.0877479730406776e-05
521	Social media, as a leisure-time activity displaces more healthy, social and productive activities like reading, spending time with friend and sport.	Has social media been good for humanity?	5	522	False. (Note: The question is not about	4.915552199236117e-05	0.032440945506095886	0.0006082671461626887	0.6465230584144592	0.00014112931967247277	0.16346663236618042	4.790168617319068e-08	6.7046526055491995e-06	4.203239427624794e-07	5.4410204029409215e-05
522	Many platforms e.g. facebook use a security opt-in model with new users being oblivious to the fact that a lot of personal information is publically exposed.	Has social media been good for humanity?	0	523	False. (Note: This is a very short	4.65132252429612e-05	0.0697195902466774	0.000267665134742856	0.5570229291915894	8.895887731341645e-05	0.21142205595970154	1.4852608920534749e-08	2.513730578357354e-06	9.823236268857727e-08	1.9618155420175754e-05
523	Users make the decision to put information out in such an insecure environment and should bear responsibility for the consequences of that decision.	Has social media been good for humanity?	3	524	False. (Note: This is a classic example	6.32462979410775e-05	0.07155964523553848	0.0002834502374753356	0.4383559823036194	0.00016150508599821478	0.33609920740127563	3.347659571772965e-08	5.679597506969003e-06	1.9058614952882635e-07	3.2051662856247276e-05
524	Risk is inherent in innovation. Driving a car puts you at risk of crashing. Using a credit card puts you at risk of having your identity stolen. As companies become better at reducing disaster, the efficiency, productivity, and quality of life gains are worth the risk of accidents.	Has social media been good for humanity?	7	525	True. (Note: This answer is based on	0.00031835335539653897	0.2718924880027771	0.00028986402321606874	0.2514594495296478	0.00019460551266092807	0.259441614151001	7.148946679080836e-08	8.032328878471162e-06	4.804982154382742e-07	7.32891057850793e-05
525	Social media can be educational and informative.	Has social media been good for humanity?	2	526	None. I am not sure if social media has	1.8191385606769472e-05	0.027588848024606705	0.0001948133431142196	0.36913469433784485	0.00017327058594673872	0.47397834062576294	2.2148416434220053e-08	4.599502517521614e-06	1.0463732280641125e-07	2.1857451429241337e-05
526	Social media is a great way for families separated by distance to keep informed of the well being or otherwise of members of the family	Has social media been good for humanity?	2	527	False. The question is asking about the impact of	0.00017331016715615988	0.0955670028924942	0.0005380198126658797	0.4559246599674225	0.00025814471882767975	0.25575053691864014	1.2624553846762865e-07	9.329745807917789e-06	7.451752139786549e-07	6.734107591910288e-05
527	Social media makes it easier for people to access information and news.	Has social media been good for humanity?	2	528	None. I am not sure if social media has	0.00017083054990507662	0.2089911550283432	0.0001427342795068398	0.19028861820697784	0.00015676293696742505	0.3445681631565094	1.446343418365359e-07	2.3667664208915085e-05	4.498770920235984e-07	8.657271973788738e-05
528	"Social media has potential as a collective learning experience. It is, in a sense, a giant classroom where people can learn from one another at their own pace and without the pressure of being graded.
"	Has social media been good for humanity?	3	529	True	0.00024931010557338595	0.5068067312240601	9.171606507152319e-05	0.20476843416690826	2.5869703677017242e-05	0.10296403616666794	1.7928895701402325e-08	2.314074890819029e-06	3.6608515330271985e-08	1.1936906957998872e-05
529	Humans spend too long on social media, at the expense of other more valuable activities.	Has social media been good for humanity?	5	530	False. (Note: This is a tricky question	2.8382341042743064e-05	0.025904538109898567	0.0006434606621041894	0.6526105999946594	4.4826450903201476e-05	0.07096811383962631	3.199042097890015e-08	4.855646238866029e-06	1.7276978780955687e-07	2.504732765373774e-05
530	It’s a valuable aid for crime-solving.	Has social media been good for humanity?	2	531	False. (The question is about the impact of	0.00011579251440707594	0.17492496967315674	0.0001821672049118206	0.32173627614974976	0.00011670068488456309	0.31183749437332153	4.191849356516286e-08	7.008421562204603e-06	2.1122303905940498e-07	4.064699533046223e-05
531	In states like Oregon, authorities have arrested people for drinking and driving after they bragged about it publicly on Facebook.	Has social media been good for humanity?	0	532	False. (Note: The argument is not about	4.56443740404211e-05	0.040535882115364075	0.0005063005373813212	0.664518415927887	7.466920942533761e-05	0.11368569731712341	3.1788491838824484e-08	4.848614025831921e-06	1.8800115242356696e-07	2.5011053367052227e-05
532	Social media allows for better discourse to take place.	Has social media been good for humanity?	2	533	False. Social media has been bad for humanity.	7.681350689381361e-05	0.11072644591331482	0.00019310912466607988	0.3574293553829193	0.00012763735139742494	0.3464324176311493	4.6842554723980356e-08	9.8808568509412e-06	2.444805602408451e-07	5.532669456442818e-05
533	You can discover new perspectives from people you ordinarily wouldn't talk with.	Has social media been good for humanity?	0	534	True. Social media has enabled people to connect with	0.000181747178430669	0.32860660552978516	9.13882176973857e-05	0.19930998980998993	9.355543443234637e-05	0.303911417722702	6.962922327602428e-08	1.251384037459502e-05	2.148924238554173e-07	5.126414544065483e-05
534	"Social media commentary systems have been designed for popularity, resulting in everybody writing in a more pointed, provocative way.
 This has harmed online discourse and increased polarization."	Has social media been good for humanity?	3	535	False. (Note: This is a very specific	7.164936960180057e-06	0.011980963870882988	0.0002999375283252448	0.7470495104789734	1.917436566145625e-05	0.06326811760663986	3.997797204391418e-09	9.216571470460622e-07	2.060208004195374e-08	6.971674793021521e-06
535	Social media distorts reality.	Has social media been good for humanity?	5	536	False. (The question is asking whether social media	2.132510780938901e-05	0.0292180348187685	0.0003001902368851006	0.5059048533439636	0.00011129995982628316	0.2927952706813812	2.453405834046407e-08	5.476740625454113e-06	1.4595019592889003e-07	3.066636418225244e-05
536	Social Media acts as a filter of what you let others see of your life. It perpetuates the illusion that everyone leads happy and succesful lives.	Has social media been good for humanity?	3	537	False. (I think social media has been bad	4.596759026753716e-05	0.031056446954607964	0.0007361060124821961	0.6797627806663513	6.234129978111014e-05	0.061282478272914886	2.7597444329785503e-08	3.189830749761313e-06	1.8314922556328384e-07	2.0557979951263405e-05
537	If people do not take responsibility to do their own research independently of social media, social media can become an issue, but it is not a problem on its own.	Has social media been good for humanity?	6	538	False. (Note: The question is not asking	8.179152064258233e-05	0.07494322210550308	0.00039945897879078984	0.5242891311645508	0.00012569534010253847	0.22199797630310059	3.428078798606293e-08	3.946872766391607e-06	2.0754876572937064e-07	3.409577766433358e-05
538	Social media can be manipulated and unreasonable positions can be made seem more popular, more broadly supported and legitimate than they really are.	Has social media been good for humanity?	5	539	False. (Note: This is a very specific	1.8745718989521265e-05	0.018499458208680153	0.0005046848673373461	0.7106491923332214	6.62002494209446e-05	0.11601029336452484	3.196678122208141e-08	5.991491889290046e-06	2.1443733544401766e-07	3.434423342696391e-05
539	Social media is a vital tool for grassroots political organizing. (protest, advocacy groups, etc). This is beneficial to democracy.	Has social media been good for humanity?	2	540	False. (The question is too broad and the	9.75132716121152e-05	0.09736659377813339	0.0003324704593978822	0.41638413071632385	0.0001658756664255634	0.2999102473258972	6.305414501639461e-08	7.578391887363978e-06	2.4647857799209305e-07	3.909231963916682e-05
540	Social media is a tool for radicalization.	Has social media been good for humanity?	5	541	False. (Note: The question is not asking	2.4857054086169228e-05	0.03472895920276642	0.000263095396803692	0.510338306427002	0.0001096744672395289	0.30953583121299744	2.65518664832598e-08	6.18741023572511e-06	2.2275068545241083e-07	4.9049456720240414e-05
541	Individuals should have the autonomy to make their own decisions, as genetic engineering can bring them significant benefits.	Is cloning humans ethical?	2	542	False. (Note: This is a trick question	5.7557721447665244e-05	0.052738480269908905	0.0004353828262537718	0.41159215569496155	0.0002072733041131869	0.3255961835384369	5.167212790979647e-08	5.374655302148312e-06	2.445955544772005e-07	3.436928091105074e-05
542	The right to reproductive freedom already includes assisted reproductive technologies such as in-vitro fertilization. Cloning humans could be seen as another assisted reproductive technology.	Is cloning humans ethical?	7	543	None. I am not sure. I do not	0.00012851887731812894	0.19263947010040283	0.0001742974272929132	0.20829293131828308	0.00013896203017793596	0.37132230401039124	1.0281915052701152e-07	1.640328991925344e-05	2.9693654823859106e-07	6.772467895643786e-05
543	Vitro gametogenesis (IVG) is a new technology that could revolutionize reproductive medicine. If IVG is ethical, reproductive cloning should also be ethical.	Is cloning humans ethical?	7	544	False. Cloning humans is not ethical. IV	5.069282997283153e-05	0.055591437965631485	0.00043112991261295974	0.4107682704925537	0.00020049404702149332	0.3352592885494232	4.891971272513729e-08	7.106008979462786e-06	1.8390129241652176e-07	3.3900872949743643e-05
544	Not all means of reproduction are legal. Surrogacy as a means of reproduction is illegal in many countries.	Is cloning humans ethical?	0	545	None. (I am not sure or cannot answer	8.474656351609156e-05	0.07015169411897659	0.0004106700944248587	0.3243781328201294	0.0002452223270665854	0.34529873728752136	6.56498002626904e-08	6.284603387030074e-06	2.9393481781880837e-07	3.491604729788378e-05
545	"Any use of cloning beyond family-planning purposes would most likely be cruel towards the clones. As nobody would have an emotional stake in the clone's life, nobody would defend their interests. 
The clones would, therefore, be taken advantage of or discriminated against."	Is cloning humans ethical?	5	546	False. (Note: This is a very specific	9.745770512381569e-05	0.16169725358486176	0.00036780154914595187	0.5643788576126099	4.5322045480133966e-05	0.13405172526836395	2.7827953275050277e-08	4.758285285788588e-06	9.277178492084204e-08	2.4641167328809388e-05
546	It is presumable that the person who has been cloned would have an emotional stake in the life of the clone, as they share the same DNA. Humans are predisposed to care for people who share their genes.	Is cloning humans ethical?	4	547	False. (Note: This is a classic argument	0.0001565730053698644	0.20074130594730377	0.00031628613942302763	0.47408756613731384	7.395984721370041e-05	0.15633748471736908	4.5190503783487657e-08	7.153378646762576e-06	1.2624579426301352e-07	2.4773446057224646e-05
547	Human cloning is not safe. It may have unintended harmful consequences.	Is cloning humans ethical?	5	548	None. (I am not sure or cannot answer	5.088348189019598e-05	0.054935406893491745	0.00022450843243859708	0.2704015374183655	0.00021590766846202314	0.45283737778663635	5.1661640299016653e-08	8.40441498439759e-06	2.955553384254017e-07	5.1684783102246e-05
548	Genetic defects have been observed in otherwise healthy cloned animals.	Is cloning humans ethical?	0	549	False. (The argument is irrelevant to the question	0.00015271564188878983	0.13456836342811584	0.0004086882690899074	0.3601236343383789	0.0001813543203752488	0.2718355655670166	9.340256923451307e-08	1.482843163103098e-05	4.416995409428637e-07	6.619733176194131e-05
549	Genetic defects have also been observed often enough in naturally reproduced animals.	Is cloning humans ethical?	0	550	False. (The argument is not relevant to the	0.00023213749227579683	0.19066385924816132	0.0004509661812335253	0.3506845235824585	0.00016079693159554154	0.20615679025650024	9.375002463229976e-08	1.2743050319841132e-05	6.571403332600312e-07	9.829318878473714e-05
550	Human cloning can be used to prevent harm by protecting newborns from genetic diseases.	Is cloning humans ethical?	6	551	False. (Note: This is a very controversial	8.904172864276916e-05	0.08352114260196686	0.00047760907909832895	0.41757944226264954	0.00016123373643495142	0.27816787362098694	5.9461971346763676e-08	6.399965513992356e-06	2.363277928907337e-07	3.0059163691475987e-05
551	Cloning techniques, together with genetic engineering, could be used to cure hereditary diseases.	Is cloning humans ethical?	2	552	None. (I am not sure or cannot answer	4.1198753024218604e-05	0.05711277201771736	0.00028597601340152323	0.38125377893447876	0.00017210340593010187	0.39955052733421326	3.3218814365909566e-08	6.1716768868791405e-06	1.874636836873833e-07	3.4692828194238245e-05
552	A potentially fatal blood disorder can be cured by fixing diseased genes in human embryos.	Is cloning humans ethical?	0	553	None. (I am not sure or cannot answer	5.449353193398565e-05	0.07379303127527237	0.0002745873644016683	0.38065341114997864	0.00015402956341858953	0.39273664355278015	4.441301726387792e-08	8.068162969721016e-06	1.5516812368332467e-07	3.490986637189053e-05
553	People born with genetic disorders can still live rich and fulfilling lives, with their disorder becoming a part of their unique identity as a human being.	Is cloning humans ethical?	1	554	False. (Note: This is a tricky question	0.00023246182536240667	0.16849535703659058	0.0005037920200265944	0.4105645716190338	0.00016743596643209457	0.21299809217453003	1.0869138833413672e-07	1.1528471077326685e-05	5.246499767963542e-07	6.159624899737537e-05
554	Safety is important, but it's not relevant to the fundamental question of whether or not cloning is ethical.	Is cloning humans ethical?	1	555	None. (The question is not relevant to the	0.00017926124564837664	0.23528003692626953	0.00013217894593253732	0.19812564551830292	0.00011848443682538345	0.32665395736694336	4.678781806433108e-08	8.718146091268864e-06	2.0185244409276493e-07	5.095952292322181e-05
555	Human cloning cannot be looked at in abstraction from the process of developing it because the former is contingent on the latter.	Is cloning humans ethical?	3	556	None. (I am not sure or cannot answer	4.636263838619925e-05	0.0844830721616745	5.860786768607795e-05	0.14597365260124207	0.00016958749620243907	0.6340806484222412	2.1216859380501774e-08	6.7579035203380045e-06	1.6017716575333907e-07	5.378160494728945e-05
556	"In it's history and development, medicine used a lot of unorthodox practices to develop and gain higher understanding, practices such as using organs from animals to experiment and a lot of failed
 experiments on humans. The result was modern medicine which saves millions of lives annually. We now look at medicine in abstraction of all that."	Is cloning humans ethical?	0	557	False. (The question is about the ethics of	0.000321010360494256	0.24575698375701904	0.000481893599499017	0.3465728759765625	0.00012473117385525256	0.15867261588573456	4.5198532916401746e-08	3.781297436944442e-06	1.6165729732620093e-07	2.1675030438927934e-05
557	By cloning humans, we can improve the genetic quality of humankind.	Is cloning humans ethical?	2	558	False. (Note: This is a classic example	3.928407022613101e-05	0.04843638837337494	0.0004861144407186657	0.5207402110099792	0.00011636788258329034	0.2421666830778122	3.642210444354532e-08	5.816291377414018e-06	2.1144499839920172e-07	3.426417606533505e-05
558	Cloning humans opens up the possibility of producing replacement body parts from adult cells. This could increase the success rate of many treatments. (p.743)	Is cloning humans ethical?	2	559	None. I am not sure. I do not	5.774276360170916e-05	0.1085602417588234	0.00014516529336106032	0.22803355753421783	0.00013851768744643778	0.43273162841796875	3.234465140167231e-08	7.032408575469162e-06	2.3552101424684224e-07	7.130279846023768e-05
559	"It is dangerous for society to embrace the idea of a ""perfect human being"". This idea led to the advocacy of eugenics in Nazi Germany, as the perfect human was thought to be of Aryan race."	Is cloning humans ethical?	0	560	False. (The question is about the ethics of	0.00017583202861715108	0.15134868025779724	0.00043518844177015126	0.374591588973999	0.0001588509912835434	0.2236788421869278	7.618341157922259e-08	7.665398698009085e-06	3.096639034083637e-07	4.2256062442902476e-05
560	Given the variety of modifications individuals could choose, cloning may lead to wider acceptance of individuals with greater differences.	Is cloning humans ethical?	2	561	False. (Note: This is a trick question	0.00013330855290405452	0.1967209279537201	0.0002321430656593293	0.361825168132782	0.00012137882004026324	0.2953130900859833	4.8495763849132345e-08	9.847302862908691e-06	2.479711156411213e-07	5.600712393061258e-05
561	As with all things, it is likely that certain modifications will be more popular than others, which will create imbalances between individuals.	Is cloning humans ethical?	3	562	False. (Note: This is a very short	0.0001950978912645951	0.2683544158935547	0.00020446082635316998	0.29016032814979553	9.508311632089317e-05	0.23315037786960602	4.586892643487772e-08	9.01854127732804e-06	3.23407448377111e-07	7.700065179960802e-05
562	Racism has been and continues to be justified through racist pseudo-science that claims that non-White people have lower IQs, limited capacities for reason, or smaller skulls than White people.	Is cloning humans ethical?	7	563	False. (Note: This is a moral and	8.654188422951847e-05	0.06175566837191582	0.0005019201198592782	0.42202338576316833	0.0002583663444966078	0.29925939440727234	7.435221505147638e-08	5.489383966050809e-06	2.6644843842404953e-07	2.5581732188584283e-05
563	It is not the place for human beings to meddle with nature and evolution.	Is cloning humans ethical?	1	564	False. (Note: This is a very controversial	0.00012386793969199061	0.08048117160797119	0.0006490216474048793	0.41192272305488586	0.0001258185802726075	0.14459848403930664	9.539498790900325e-08	7.409847057715524e-06	5.013004624743189e-07	4.9079175369115546e-05
564	By using therapeutic cloning, the life expectancy of the population could be drastically extended. This could have terrible consequences on climate change.	Is cloning humans ethical?	5	565	None. (I am not sure or cannot answer	5.370588041841984e-05	0.09121936559677124	0.00018454575911164284	0.34425827860832214	0.0001308625505771488	0.4088168144226074	2.3360426482099683e-08	5.507873993337853e-06	1.5901716210464656e-07	4.1500683437334374e-05
565	There are many multi-faith ethical limitations to research on human cloning.	Is cloning humans ethical?	1	566	False. (The argument is that there are many	5.155379039933905e-05	0.046504907310009	0.00041837396565824747	0.4412263035774231	0.0001551183231640607	0.24750551581382751	4.845591305979724e-08	5.628156486636726e-06	2.606742555144592e-07	3.861200457322411e-05
566	The Catholic Church is strongly against any form of human cloning, as they see cloning contrary to human dignity.	Is cloning humans ethical?	4	567	None. I am not sure. I do not	4.586073191603646e-05	0.06820660084486008	0.00017039329395629466	0.26766303181648254	0.00017718096205499023	0.4923076927661896	3.086594801970932e-08	5.246915861789603e-06	2.3462156661935296e-07	4.694828749052249e-05
567	The Catholic Church has always had a turbulent history with scientific progress. This does not mean that advancements in science should stop for the church's sake.	Is cloning humans ethical?	0	568	None. (I am not sure or cannot answer	0.00023561320267617702	0.17620070278644562	0.000290943484287709	0.21588560938835144	0.00025277608074247837	0.32408270239830017	1.1488943840731736e-07	9.24340474739438e-06	5.133924787514843e-07	5.5527532822452486e-05
568	Sometimes human intervention in nature and evolution is necessary and has very positive outcomes.	Is cloning humans ethical?	2	569	False. (Note: This is a general answer	4.710534994956106e-05	0.03794120252132416	0.00065281440038234	0.5361827611923218	0.00012556898582261056	0.17681430280208588	4.556882871042944e-08	4.068066573381657e-06	1.9439798393250385e-07	1.9945660824305378e-05
569	Science is being used to regenerate coral reefs that are dying because of climate change. These corals are extremely valuable for life on Earth.	Is cloning humans ethical?	2	570	False. (The argument is about coral reefs,	8.661701576784253e-05	0.060851018875837326	0.0005827430286444724	0.4158412218093872	0.00025260038091801107	0.2948755919933319	6.079653047663669e-08	5.871381745237159e-06	3.6096565736443154e-07	4.123588223592378e-05
570	The regeneration of coral reefs is only necessary because humans interfered with nature in the first place.	Is cloning humans ethical?	3	571	False. (The argument is about the necessity of	0.00018475379329174757	0.15902817249298096	0.000388080021366477	0.36401909589767456	0.00020133327052462846	0.28796279430389404	5.6101921330764526e-08	5.471171789395157e-06	3.2728843279983266e-07	3.9955808460945264e-05
571	An artificial general intelligence (AGI) should be created, because it could help to remedy problems of humanity.	Should an artificial general intelligence be created?	2	572	True. (I agree with the question.) I	0.0003907966602127999	0.4491276144981384	0.00012012103979941458	0.11994035542011261	9.576883894624189e-05	0.1786506175994873	5.260739399659542e-08	5.195925950829405e-06	2.669016225809173e-07	3.4549950214568526e-05
572	AGI should be created and studied for the sake of developing science.	Should an artificial general intelligence be created?	2	573	True. (I agree with the argument.)	0.00035967602161690593	0.47207406163215637	0.00012333338963799179	0.15088394284248352	4.9443402531323954e-05	0.11843015998601913	7.15572667786546e-08	8.134717973007355e-06	2.559320648742869e-07	4.2456707888050005e-05
573	The process of creating an AI would teach us many things about consciousness, computer science, and many other fields.	Should an artificial general intelligence be created?	2	574	False. The process of creating an AI would teach	8.044939022511244e-05	0.13038581609725952	0.00020224972104188055	0.3329518735408783	9.553600830258802e-05	0.32778993248939514	4.4321829761884146e-08	1.034855540638091e-05	1.719056825777443e-07	4.729374995804392e-05
574	The development of AGI could create an economic boom that could lead into a golden age for humanity.	Should an artificial general intelligence be created?	2	575	False. The development of AGI could create an	0.0001112423196900636	0.13293936848640442	0.00034533790312707424	0.43589138984680176	0.0001112423196900636	0.25227460265159607	3.051731667369495e-08	5.516836608876474e-06	2.005586594577835e-07	3.814514275291003e-05
575	AGI will be the best tool we could possibly make.	Should an artificial general intelligence be created?	2	576	"False. The argument is a form of the """	8.437706128461286e-05	0.11248870939016342	0.00033112074015662074	0.48862868547439575	5.9366684581618756e-05	0.1537538319826126	4.18734735774251e-08	8.32189016364282e-06	2.5179059548463556e-07	5.321594653651118e-05
576	It would be exciting and in being so would enrich our lives.	Should an artificial general intelligence be created?	2	577	None. I am not sure if creating an artificial	0.0002297708997502923	0.23856456577777863	0.00016166403656825423	0.18291379511356354	0.00015547077055089176	0.30632296204566956	7.852308669953345e-08	8.635078302177135e-06	3.0905212611287425e-07	4.911252108286135e-05
577	Creation of AGI has the potential of enabling an astronomical number of non-biological beings which would otherwise not exist.	Should an artificial general intelligence be created?	2	578	None. I am not sure if the creation of	0.00013423539348877966	0.1734522134065628	0.00023930046882014722	0.28154072165489197	0.00011754043225664645	0.2859743535518646	7.607838625744989e-08	1.29832160382648e-05	2.571186428212968e-07	5.215824785409495e-05
578	Bigger amount of rational thinking beings is not necessarily good.	Should an artificial general intelligence be created?	2	579	False. (The question is about the creation of	0.00011688096856232733	0.14985238015651703	0.00021836238738615066	0.32730770111083984	0.00011779765918618068	0.2843698561191559	6.09065651246965e-08	1.1482722584332805e-05	2.95433125074851e-07	6.159194163046777e-05
579	Future Humans and other sentient beings may suffer so much that it would be better if they did not come into existence.	Should an artificial general intelligence be created?	5	580	False. (Note: This is a classic example	0.0001511233567725867	0.10616863518953323	0.0005357788759283721	0.3481135368347168	0.00020335872250143439	0.262769877910614	8.880105895059387e-08	1.0569158803264145e-05	3.8498154708577204e-07	5.022605910198763e-05
580	Transhumanism is the next step in evolution of wealthy humans. Poor humans will unlikely benefit from it.	Should an artificial general intelligence be created?	4	581	False. I am a large language model, I	0.00013586501881945878	0.19432491064071655	0.00020879425574094057	0.29171624779701233	0.0001091706144507043	0.2614927589893341	7.121519729480497e-08	1.3879484868084546e-05	4.684808629917825e-07	9.709834557725117e-05
581	"The capacity for AGIs to colonize both in and out the solar system far exceeds that of humans. 
Any other impact which humans may have could be astronomically dwarfed by the prospect of populous future lives descending from AGIs."	Should an artificial general intelligence be created?	2	582	False. (Note: This is a very short	9.040880831889808e-05	0.15000203251838684	0.0002741613134276122	0.5486846566200256	2.4143837435985915e-05	0.09992289543151855	1.4853413610182997e-08	2.7622909328783862e-06	2.991694358911445e-08	9.30827809497714e-06
582	The consequences of developing AGI are unpredictable.	Should an artificial general intelligence be created?	5	583	False. The argument is that the consequences are unpredictable	8.031020115595311e-05	0.07474473863840103	0.00033811855246312916	0.35105884075164795	0.00015480196452699602	0.29103797674179077	7.11190324409472e-08	1.0954048775602132e-05	2.7530253987606557e-07	4.199116301606409e-05
583	"The AGI Safety problem is mathematically identical to that of the Halting Problem  in computer science. 
It is fundamentally impossible to discern the outcome, intentions and wisdom of creating an AGI ahead of doing so. "	Should an artificial general intelligence be created?	7	584	False. (I think this is a flawed argument	0.00012433438678272069	0.13528813421726227	0.00030295964097604156	0.3454703688621521	9.458862041356042e-05	0.21283812820911407	4.170954426285789e-08	4.896886821370572e-06	1.3756400107922673e-07	2.4009352273424156e-05
584	"We routinely make decisions despite uncertainty, and even granting the claim of unpredictability doesn't imply we should not pursue a risky alternative 
- especially if the alternative is human self-destruction."	Should an artificial general intelligence be created?	7	585	False. (Note: This is a very tricky	0.00019722399883903563	0.16713006794452667	0.0004768264479935169	0.4335024058818817	9.029572538565844e-05	0.16453894972801208	3.9583941457976834e-08	4.029793217341648e-06	1.4061163255973952e-07	2.111460707965307e-05
585	AGI's creation raises serious ethical and philosophical concerns we are not currently prepared to deal with.	Should an artificial general intelligence be created?	5	586	False. (I think we should be prepared to	7.160295353969559e-05	0.06929557770490646	0.00040565835661254823	0.4483474791049957	9.122453047893941e-05	0.1662314534187317	6.516604145190286e-08	8.7204216470127e-06	2.8141462848907395e-07	4.3941316107520834e-05
586	Αn agent that is behaviorally indistinguishable from humans should also be morally indistinguishable from humans.	Should an artificial general intelligence be created?	7	587	None. I am not sure if an artificial general	8.472446643281728e-05	0.12600690126419067	0.00014986230235081166	0.28396090865135193	0.00010878837201744318	0.38211119174957275	4.7135156222566366e-08	9.141659575107042e-06	2.498817650575802e-07	7.078993803588673e-05
587	"We cannot and should not suppress progress due to the fear of ""power to influence politics or economy""."	Should an artificial general intelligence be created?	1	588	False. (I don't think it's a	0.0001982224202947691	0.15175379812717438	0.0004502046213019639	0.3500923216342926	0.00013730463979300112	0.18162550032138824	7.661144962867183e-08	7.220250608952483e-06	4.606745562796277e-07	5.2523708291118965e-05
588	"Open Source AGI avoids this problem. For example, OpenAI is a non-profit research company that receives funding for this exact purpose.
 Instead of holding back AGI we should fund initiatives like this."	Should an artificial general intelligence be created?	6	589	False	5.4970496421447024e-05	0.099388986825943	0.00026020873337984085	0.6380497813224792	1.5626748790964484e-05	0.06938469409942627	7.884844777095168e-09	1.3923811366112204e-06	1.2999910481426014e-08	4.222343704896048e-06
589	There are better ways to achieve the same goal we would need AGI for.	Should an artificial general intelligence be created?	6	590	False. If there are better ways to achieve the	7.073106826283038e-05	0.052483804523944855	0.0005651040701195598	0.48641741275787354	0.0001045337412506342	0.1789429634809494	5.988471940554518e-08	6.351739102683496e-06	2.4152009814315534e-07	3.0302453524200246e-05
590	"History tells us that to improve our tools, we need to refine and specialize them, not make them more general. 
Why waste power and processing making a stock market optimizing machine able to appreciate Bach or cynically resent its makers?"	Should an artificial general intelligence be created?	5	591	False. (Note: This is a classic example	5.488039460033178e-05	0.056537315249443054	0.00056741654407233	0.5845476984977722	4.307611379772425e-05	0.09248887747526169	2.10869348649112e-08	3.0008816338522593e-06	1.3236558515927754e-07	2.3603764930157922e-05
591	"The most significant development in tools of the last 50 years is the computer. This is an incredibly generalised tool which is now a vital component of just about every aspect of global civilisation,
 including our culture, the economy and the sciences."	Should an artificial general intelligence be created?	7	592	False. (The question is about the significance of	0.00020036360365338624	0.2197253555059433	0.00027817729278467596	0.3566494584083557	8.352396980626509e-05	0.20966339111328125	4.615070992031178e-08	6.365640729200095e-06	1.6155442494891759e-07	3.6775105400010943e-05
592	Being surrounded by AGI could negatively impact mental health and well-being.	Should an artificial general intelligence be created?	5	593	False. I disagree with the argument. The creation	7.795045530656353e-05	0.08030389994382858	0.000291892618406564	0.3861132264137268	0.0001400515902787447	0.3102506995201111	6.038512623263159e-08	9.456462976231705e-06	2.5899208822011133e-07	4.4069194700568914e-05
593	If the group [21] had a quantum computer and no AI they could also crack all modern encryption, the AI has little to do with it.	Should an artificial general intelligence be created?	6	594	False	0.00013493371079675853	0.17848923802375793	0.00023133019567467272	0.38985633850097656	7.748590724077076e-05	0.2086750715970993	3.85287997062278e-08	7.762580935377628e-06	2.197777888568453e-07	4.9253038014285266e-05
594	There are existing areas where we place limits on technological progress for ethical reasons - eugenics and nuclear weapons research, for example.	Should an artificial general intelligence be created?	0	595	False. (Note: This is a classic example	0.00012765014253091067	0.10649526119232178	0.0004931709263473749	0.4179191589355469	9.787276212591678e-05	0.14330504834651947	8.449869426385703e-08	9.577815035299864e-06	4.444743240128446e-07	6.00625789957121e-05
595	Creating something in a controlled environment limits the potential for misuse.	Should an artificial general intelligence be created?	3	596	False. The argument is that creating something in a	0.00015476465341635048	0.14861184358596802	0.0003327963058836758	0.34824293851852417	0.00011682249169098213	0.22838330268859863	6.777968053484074e-08	8.765397979004774e-06	3.4120154168704175e-07	5.390472142607905e-05
596	"AI is a natural part of the development of informatics and computing science. It cannot be avoided. One thing we must avoid is the controlling of AI by politicians and large corporations. 
Politics and capitalism are the problem not AI itself."	Should an artificial general intelligence be created?	4	597	False. (Note: The question is not asking	0.00010268284677295014	0.12660567462444305	0.0004256085667293519	0.4929719567298889	7.057281618472189e-05	0.16512492299079895	3.764753486734662e-08	5.549325123865856e-06	1.819010577719382e-07	3.989825563621707e-05
597	Creating AGI would make creation of sentience more probable.	Should an artificial general intelligence be created?	2	598	False. If creating AGI would make creation of	0.00011519758845679462	0.13553175330162048	0.0002896066871471703	0.29602858424186707	0.00013155977649148554	0.269537091255188	7.087015774231986e-08	1.0673270480765495e-05	2.5746621190592123e-07	4.820944741368294e-05
598	"Humankind is earth's apex species by virtue of its superior thinking powers. Creating an entity able to accomplish intellectual feats humankind can't, and able to improve itself,
 is essentially to replace ourselves as the apex species on earth."	Should an artificial general intelligence be created?	5	599	False. (Note: This is a very simplified	0.00014077078958507627	0.2061162143945694	0.0002777774934656918	0.4501992166042328	5.777221667813137e-05	0.18189692497253418	1.880249911323517e-08	2.92160461867752e-06	4.958638655239156e-08	1.0983034371747635e-05
599	Being exciting doesn't necessarily mean it's good. It is also subjective - for some killing is exciting.	Should an artificial general intelligence be created?	7	600	None. I am not sure if I should agree	0.00012940296437591314	0.16851942241191864	0.00015128738596104085	0.21302852034568787	0.00015366982552222908	0.3680802583694458	4.90938312225353e-08	9.978484740713611e-06	5.424398636932892e-07	0.0001264053425984457
600	AGI could be a good therapeutic tool.	Should an artificial general intelligence be created?	2	601	False. The question is about whether an AGI	4.9544851208338514e-05	0.08349699527025223	0.00021521303278859705	0.40146610140800476	9.624921949580312e-05	0.317585825920105	3.3738562166263364e-08	8.476125003653578e-06	2.2324948645291443e-07	5.929742837906815e-05
601	AGI can be a good listener and someone to have a conversation with for depressed or traumatized people.	Should an artificial general intelligence be created?	2	602	False. I don't think that's a good	0.0001383735507261008	0.17194963991641998	0.00031674024648964405	0.40609076619148254	9.004139428725466e-05	0.22078771889209747	4.3056662235585463e-08	6.3466413848800585e-06	1.8467022755430662e-07	3.0042507205507718e-05
602	"You don't need AGI to effectively pass the Turing test and appear to have consciousness when listening or conversing with those in need. Social AI can be narrowly focused,
 and as such won't bring any of the potential baggage of true AGI."	Should an artificial general intelligence be created?	6	603	False. (Note: This is a very short	4.609645111486316e-05	0.05215555801987648	0.0004841033951379359	0.7088229060173035	2.565653994679451e-05	0.060030680149793625	1.3226749473460586e-08	1.8155001271225046e-06	3.623602395919079e-08	6.905363989062607e-06
603	Acting out of empathy to help others is in human nature.	Do we have a moral duty to intervene in nature to limit animal suffering?	1	604	False. The argument is about human nature, not	0.00012829808110836893	0.109574094414711	0.0005573014495894313	0.5106393098831177	0.00017952128837350756	0.2230817973613739	5.0514870508777676e-08	5.549630259338301e-06	3.499585261579341e-07	3.974488936364651e-05
604	With the duty to rescue there is a legal precedent that could be applied to the human responsibility to act to rescue animals.	Do we have a moral duty to intervene in nature to limit animal suffering?	7	605	False. The legal precedent of the duty to rescue	0.00015878790873102844	0.1741320788860321	0.0003691929450724274	0.36292243003845215	0.00017576219397597015	0.3008732497692108	3.935371140073585e-08	4.022035682282876e-06	2.521469752991834e-07	3.543037018971518e-05
605	There is no such thing as unnecessary suffering in nature.	Do we have a moral duty to intervene in nature to limit animal suffering?	1	606	False. (The argument is that there is no	0.00012985640205442905	0.12085741758346558	0.0004939166246913373	0.39627620577812195	0.00015420830459333956	0.2222907990217209	8.331445400244775e-08	8.236839676101226e-06	3.521398070915893e-07	4.40091680502519e-05
606	Saving a prey from being eaten induces suffering from hunger for its predator.	Do we have a moral duty to intervene in nature to limit animal suffering?	5	607	None. (I am not sure or cannot answer	0.00016762806626502424	0.16222630441188812	0.0002896352962125093	0.24930568039417267	0.00024199936888180673	0.3684499263763428	8.102333737269873e-08	8.953639735409524e-06	5.211643383518094e-07	6.906367343617603e-05
607	Basic animal rights stand against and outweigh the moral benefit of limiting suffering of sentient beings.	Do we have a moral duty to intervene in nature to limit animal suffering?	6	608	False. (I think this is a trick question	7.402353367069736e-05	0.06371629238128662	0.0006914273253642023	0.6092646718025208	0.00012109442468499765	0.14699193835258484	3.2513959524749225e-08	2.825705678333179e-06	2.7276828973299416e-07	2.8206128263263963e-05
608	The technology to implement such changes beyond the small scale can only be obtained by carrying out immoral research.	Do we have a moral duty to intervene in nature to limit animal suffering?	5	609	False. (The argument is not about the moral	0.00013140279043000191	0.096744604408741	0.0007215432706288993	0.5654939413070679	0.00016099806816782802	0.18358899652957916	5.605072317393933e-08	5.466179118229775e-06	3.5425145483714005e-07	3.648924030130729e-05
609	Sustainably reducing suffering in ecosystems will require dangerous and immoral experiments to study the effects of different interventions. This will in itself cause suffering and other moral harm. The end does not justify all means.	Do we have a moral duty to intervene in nature to limit animal suffering?	3	610	False. (Note: This is a classic example	8.448425069218501e-05	0.10175417363643646	0.0004567175346892327	0.585554838180542	7.114287291187793e-05	0.15515658259391785	3.230363532225056e-08	4.6923805712140165e-06	1.3285287536746182e-07	2.5968327463488095e-05
610	"There are ""low-hanging fruits"" that don't require research and can be enacted immediately. For example in Sika deer, overpopulation can lead to mal-development and eventual mass die-off caused by social stress (cf. this paper).
 A lot of animal suffering could be avoided by euthanising an adequate number of Sika deer whenever overpopulation becomes apparent."	Do we have a moral duty to intervene in nature to limit animal suffering?	0	611	False. (Note: This is a tricky question	0.00010530849976930767	0.2582237124443054	0.00023001492081675678	0.5055775046348572	2.5806957637541927e-05	0.11458608508110046	1.0126317562253462e-08	1.367718709843757e-06	3.7240010186678774e-08	1.067422181222355e-05
611	Genetic editing is happening usually with the intention of being beneficial for humankind.	Do we have a moral duty to intervene in nature to limit animal suffering?	2	612	False. (I don't think we have a	0.0002500463160686195	0.2053731083869934	0.00038727931678295135	0.2941834032535553	0.000222395799937658	0.2896225154399872	7.526408296598674e-08	7.233169981191168e-06	5.291110483085504e-07	6.472086533904076e-05
612	Selective breeding and hybridization has long been done for the benefit of humans.	Do we have a moral duty to intervene in nature to limit animal suffering?	2	613	False. (Note: This is a tricky question	0.00011967118916800246	0.10879795998334885	0.0004845329385716468	0.43030428886413574	0.00018826920131687075	0.26927754282951355	5.3287738666085716e-08	6.028309599059867e-06	2.0708475290120987e-07	2.6911680834018625e-05
613	The victims of selective breeding and hybridization suffer, as a result of these practices, from genetic disorders and shortened lifespans.	Do we have a moral duty to intervene in nature to limit animal suffering?	5	614	False. (The question is about the moral duty	0.00016785833577159792	0.20059792697429657	0.00036663628998212516	0.41808199882507324	0.00012474172399379313	0.22378318011760712	5.037764694293401e-08	5.92612377658952e-06	2.553395859195007e-07	4.081533552380279e-05
614	This may destabilize the ecosystem.	Do we have a moral duty to intervene in nature to limit animal suffering?	5	615	False. The argument is about the potential consequences of	0.00012995064025744796	0.154088094830513	0.0003423743473831564	0.38737741112709045	0.00013096985640004277	0.25804898142814636	5.28929113841059e-08	6.701362963212887e-06	3.0497275815832836e-07	4.743413956020959e-05
615	"In Estonia, rabid foxes started ending up in people's backyards and so a general vaccination program was launched. Rabies killed most of the fox population and by removing it, we only managed to disrupt a working
 ecosystem and even made the initial problem worse. (p. 597)"	Do we have a moral duty to intervene in nature to limit animal suffering?	0	616	False. (Note: This is a moral question	0.00018945365445688367	0.35897907614707947	0.00024137018772307783	0.3762068450450897	2.7507450795383193e-05	0.09511998295783997	2.1856903842376596e-08	1.7722844631862245e-06	5.820719906068916e-08	1.4326530617836397e-05
616	Humans are not capable of fairly and consistently applying such morals, which would make the attempt at it corrupt and immoral.	Do we have a moral duty to intervene in nature to limit animal suffering?	3	617	False. (Note: This is a classic argument	0.00023775263980496675	0.1806005984544754	0.0006118843448348343	0.42320236563682556	0.00013027768000029027	0.1451166570186615	5.733480890057763e-08	3.7101578982401406e-06	3.338282397180592e-07	3.094366184086539e-05
617	We coexist regardless of our actions, so all we can do is control the impact we have and how we focus them.	Do we have a moral duty to intervene in nature to limit animal suffering?	3	618	False. (I think this is a good example	3.792160714510828e-05	0.039372920989990234	0.0005317354807630181	0.6924706101417542	7.084689423209056e-05	0.12222832441329956	2.587396608078052e-08	2.7150283585797297e-06	9.381486165693786e-08	1.4225730410544202e-05
618	Nature is more efficient when dealing with problems on its own.	Do we have a moral duty to intervene in nature to limit animal suffering?	6	619	False. (Note: This is a classic example	4.230736522004008e-05	0.036274392157793045	0.0006489981315098703	0.5630112290382385	0.00011455497588030994	0.16130542755126953	4.696927646818949e-08	4.916600573778851e-06	2.471853122187895e-07	2.9420150895020925e-05
619	Humans don't have the capacity to manage nature to the macro- and micro-levels regions (like forests) need as well as nature can.	Do we have a moral duty to intervene in nature to limit animal suffering?	6	620	False. (Note: This is a tricky question	0.00012182092905277386	0.0862540453672409	0.0006689284928143024	0.5242582559585571	0.00013484348892234266	0.15988974273204803	5.4351041001154954e-08	4.334536697570002e-06	3.0255424121605756e-07	3.1903269700706005e-05
620	Wild animals lose fear and become imprinted with humans, so humans carry responsibility for the animals they made used to humans.	Do we have a moral duty to intervene in nature to limit animal suffering?	0	621	False. (I think this is a trick question	0.0001984222326427698	0.18180859088897705	0.00045419298112392426	0.4227176308631897	0.00015453138621523976	0.2334468513727188	4.729268354708438e-08	4.054276359966025e-06	2.668867580268852e-07	3.2139465474756435e-05
621	Nature cannot effectively be left alone because humans have destabilised it so much already.	Do we have a moral duty to intervene in nature to limit animal suffering?	3	622	False. (Note: This is a tricky question	0.00018834018555935472	0.17944514751434326	0.0005040245014242828	0.4139755964279175	9.770959877641872e-05	0.13975201547145844	6.83150531699539e-08	5.23946073371917e-06	4.969577389601909e-07	5.76653255848214e-05
622	Certain interventions can be helpful and not impact negatively on ecosystems (e.g. fixing a lion's wound in a safari).	Do we have a moral duty to intervene in nature to limit animal suffering?	0	623	False. (I think this is a trick question	0.00021245992684271187	0.26608359813690186	0.0003368679026607424	0.35805463790893555	7.877265306888148e-05	0.15399739146232605	4.003878117941895e-08	4.549436653178418e-06	4.513358931035327e-07	7.755139813525602e-05
623	Nature is the survival of the fittest.	Do we have a moral duty to intervene in nature to limit animal suffering?	1	624	False. The argument suggests that nature is the survival	8.071210322668776e-05	0.07453422248363495	0.0006153176072984934	0.572676420211792	8.93401593202725e-05	0.12580031156539917	5.4748252154013244e-08	6.151339675852796e-06	2.3253355152519362e-07	2.9346399969654158e-05
624	Animal suffering shouldn't be analysed from the point of view of human morality.	Do we have a moral duty to intervene in nature to limit animal suffering?	1	625	False. (The argument is that we should not	0.00012505915947258472	0.10433366894721985	0.0004794007691089064	0.3846299350261688	0.00019218807574361563	0.2602536380290985	5.983093132044814e-08	5.061970114184078e-06	3.753836210762529e-07	4.044247907586396e-05
625	Fairness is not and has never been a natural state. It is an entirely human construct, and forcing our ideas onto the rest of the planet is deeply unethical.	Do we have a moral duty to intervene in nature to limit animal suffering?	1	626	False. (Note: This is a tricky question	0.00011193125828867778	0.09634564816951752	0.0006542633636854589	0.5901886224746704	6.181430944707245e-05	0.0978628620505333	3.600464637543155e-08	2.64267373495386e-06	1.1886447737197159e-07	1.4009840015205555e-05
626	Natural doesn't mean good. Morality historically goes against nature and intuition.	Do we have a moral duty to intervene in nature to limit animal suffering?	0	627	False. (I think this is a trick question	0.0001823453203542158	0.17924828827381134	0.0004014025325886905	0.33227384090423584	0.00014766774256713688	0.23932787775993347	6.877532143789722e-08	6.437576757889474e-06	4.0358062847190013e-07	5.285862789605744e-05
627	Humanity is already forcing its view onto/against nature and/or other living creatures (eg. artificial selection, breeding, curing disease and more broadly all our activities have an impact on the planet).	Do we have a moral duty to intervene in nature to limit animal suffering?	0	628	True. (I think this is a tricky question	0.000271884782705456	0.3431776165962219	0.00021507858764380217	0.2215721309185028	0.00010564304102445021	0.1895206868648529	6.705522537231445e-08	6.469489107985282e-06	4.23388399894975e-07	6.610972923226655e-05
628	"""Forcing"" our ideas onto the rest of the planet isn't more unethical than doing nothing while we are aware of the suffering of sentient beings and we could find solutions to fix that."	Do we have a moral duty to intervene in nature to limit animal suffering?	6	629	False. (Note: This is a tricky one	4.495858229347505e-05	0.04667920991778374	0.0005876045324839652	0.7652280330657959	2.1071662558824755e-05	0.039307836443185806	1.4016773519642811e-08	1.3576315041063935e-06	5.013246351381895e-08	7.425800049531972e-06
629	Plenty of porn is made in an ethical and safe way. It is perfectly possible to make choices about what porn you watch so that it is ethical.	Is it ethically wrong to watch pornography?	1	630	False. (Note: This answer assumes that the	5.426524148788303e-05	0.04319894686341286	0.0008757966570556164	0.7249687910079956	3.291353277745657e-05	0.04186985641717911	2.2967059365441855e-08	1.744353426147427e-06	1.1194921967216942e-07	1.4155933058646042e-05
630	So long as the participants are well informed of the repercussions and happy with the arrangements/compensation, it is good.	Is it ethically wrong to watch pornography?	1	631	None. (I am not sure or cannot answer	0.0002529261982999742	0.1202298104763031	0.00039173976983875036	0.1966828554868698	0.0003172405413351953	0.2773672640323639	1.0304739106459238e-07	5.587867690337589e-06	6.634766691604455e-07	5.556051110033877e-05
631	We should base our morality on informed consent.	Is it ethically wrong to watch pornography?	1	632	False. (Note: This is a classic example	0.0001404458307661116	0.1066848486661911	0.000555474020075053	0.37236669659614563	0.00011734688450815156	0.18006476759910583	1.8489066633264883e-07	1.915635402838234e-05	3.975774234277196e-07	6.765039142919704e-05
632	"This heavily depends on the way of defining good and wrong, if the actions of the participants have bad consequences then it could be seen as wrong, 
even if they're well informed of the repercussions and happy with the arrangements."	Is it ethically wrong to watch pornography?	1	633	False. (I think it is ethically wrong	0.00026131156482733786	0.317196249961853	0.0002360753423999995	0.332418829202652	6.606991519220173e-05	0.15702353417873383	3.128677050767692e-08	2.3972140752448468e-06	1.666751785478482e-07	2.9548291422543116e-05
633	Given the cost-benefit analysis of sexual gratification versus the hardship experienced by victims of non-consensual uploads, it is clearly not worth the risk.	Is it ethically wrong to watch pornography?	5	634	False. (Note: This is a tricky question	0.00018940352310892195	0.18330009281635284	0.00031967900577001274	0.29291269183158875	0.00014750762784387916	0.2708999514579773	8.575032239832581e-08	8.192792847694363e-06	3.7650525541721436e-07	6.245866097742692e-05
634	Pornhub requires users who upload content to undergo verification, reducing the prospect of non-consensual uploads.	Is it ethically wrong to watch pornography?	3	635	None. (I am not sure or cannot answer	0.0002215294516645372	0.22467957437038422	0.00020810766727663577	0.22467957437038422	0.0001850947883212939	0.3704339861869812	7.16775758746735e-08	8.522783900843933e-06	2.904966436290124e-07	4.753627217723988e-05
635	The same is true of eating halal meat; we cannot know it is halal, but there comes a point when one has to trust that something is what it purports to be.	Is it ethically wrong to watch pornography?	7	636	False. (Note: This answer assumes that the	0.0003021793090738356	0.25607049465179443	0.00027947017224505544	0.2856673002243042	0.00014612438098993152	0.2089986652135849	9.193848171662466e-08	9.525661880616099e-06	5.512207508218125e-07	8.069754403550178e-05
636	If there was ethical certifications one could easily choose what type of porn industry they would want to contribute to.	Is it ethically wrong to watch pornography?	3	637	False. (I do not agree with the question	0.00017771273269318044	0.20423844456672668	0.0002839841472450644	0.3315117061138153	0.0001669456687523052	0.31142643094062805	3.2698778795747785e-08	3.2549223760725e-06	2.2150024392431078e-07	3.287355139036663e-05
637	Ethical porn focuses on treating performers fairly, showing a diverse range of bodies and representing more realistic human interactions.	Is it ethically wrong to watch pornography?	0	638	False	3.4075357689289376e-05	0.035936616361141205	0.0007342774770222604	0.7050856351852417	3.543276761774905e-05	0.06065452843904495	3.0205061563037816e-08	2.775308985292213e-06	9.240430642876163e-08	1.4372164514497854e-05
638	Having pornography that is more representing of real human sexual interactions could constitute a great source of sex education.	Is it ethically wrong to watch pornography?	2	639	False. (Note: This answer is based on	0.00017743694479577243	0.12465469539165497	0.0006439865101128817	0.4217014014720917	0.00015536897990386933	0.18712885677814484	4.949146514832137e-08	3.583254510886036e-06	3.547902451828122e-07	3.426361581659876e-05
639	Treating performers fairly is the only requirement for ethical porn. Porn is a fantasy, it doesn't have to accurately reflect reality.	Is it ethically wrong to watch pornography?	1	640	False. (Note: This is a tricky question	0.0002294106816407293	0.22201800346374512	0.00040578609332442284	0.42131611704826355	9.713858889881521e-05	0.17022709548473358	4.350850701939635e-08	3.664877567643998e-06	2.275234578519303e-07	3.601556454668753e-05
640	It may be something more elemental in the structure of the media which engenders and cultivates a subliminally misogynistic or reductive or otherwise violent way of seeing, particularly of men seeing women.	Is it ethically wrong to watch pornography?	5	641	False. (Note: This is a tricky question	0.0002388676512055099	0.2578890323638916	0.00020915949426125735	0.2968284487724304	0.00012392290227580816	0.2578890323638916	5.432546501538127e-08	5.573912403633585e-06	1.4883012511290872e-07	2.8528673283290118e-05
641	To say pornography is misogynistic is exaggerated since not all porn involves opportunities where women can get mistreated, as is the example with gay male porn.	Is it ethically wrong to watch pornography?	0	642	False. (Note: This is a tricky question	0.00024095980916172266	0.27692586183547974	0.00028614685288630426	0.299428254365921	0.0001310075749643147	0.244386225938797	3.301221340734628e-08	2.8383526569086825e-06	2.1089697099796467e-07	3.111702244495973e-05
642	"From a consequentialist point of view, supporting this kind of media will cause that more of this will be produced and shared in culture. Helping to spread media that cause 
people to be violent or mysogynistic is morally wrong."	Is it ethically wrong to watch pornography?	3	643	False. (Note: This is a tricky one	0.0003195500175934285	0.2750549912452698	0.00037068448727950454	0.3370044231414795	0.00012223876547068357	0.1890423446893692	1.3953857092019462e-07	1.0033970283984672e-05	2.0105436249195918e-07	3.239005309296772e-05
643	Depicting unethical acts is not necessarily unethical, otherwise movie murders would make such movies unethical and documentaries of real executions would also be unethical.	Is it ethically wrong to watch pornography?	7	644	None. (I am not sure or cannot answer	0.00022350337530951947	0.14074979722499847	0.0003599586198106408	0.22143049538135529	0.00029841618379577994	0.3708263039588928	8.886370039817848e-08	7.045543497952167e-06	4.021677568744053e-07	4.795984204974957e-05
644	Any porn watched furthers the demand, giving more power to those who traffic people and force them into this kind of work.	Is it ethically wrong to watch pornography?	5	645	True. (Note: This is a moral and	0.00065615150379017	0.40680092573165894	0.0004689303459599614	0.2391459196805954	5.9851136029465124e-05	0.056802134960889816	2.2184067915986816e-07	1.1028184417227749e-05	5.426642246675328e-07	5.428262738860212e-05
645	By the same reasoning we should ban entire industries because of the misdeeds of a few.	Is it ethically wrong to watch pornography?	7	646	None. (I don't have enough information to	0.0003265601408202201	0.2385571300983429	0.00031160583603195846	0.2385571300983429	0.0001949979632627219	0.28329360485076904	1.4973535655826709e-07	1.374459134240169e-05	5.445093052003358e-07	8.256733417510986e-05
646	Watching pornography contributes to human rights abuses, including gender inequality.	Is it ethically wrong to watch pornography?	1	647	None. (I am not sure or cannot answer	0.00023892718309070915	0.21218658983707428	0.00029503568657673895	0.23671124875545502	0.00015426297613885254	0.2559458911418915	1.1661921917038853e-07	9.70881046669092e-06	5.498774271472939e-07	7.230160554172471e-05
647	Feminist pornography seeks to use pornography to empower women, so porn isn't inherently misogynistic.	Is it ethically wrong to watch pornography?	0	648	False. (Note: This answer assumes that the	0.00015359361714217812	0.1658245027065277	0.000386134342988953	0.42344772815704346	0.00012055702973157167	0.24127325415611267	3.455843256006119e-08	3.0536623398802476e-06	1.5747285431189084e-07	2.1869469492230564e-05
648	Porn is made to promote arousal, entertainment and even escapism. As long as the one watching is mature enough to know what happens on screen may differ from reality, there is nothing morally wrong with it.	Is it ethically wrong to watch pornography?	2	649	False. (Note: This is a tricky question	2.8577045668498613e-05	0.028091682121157646	0.0007427921518683434	0.7772685885429382	1.6997606508084573e-05	0.0245978981256485	1.621196688006421e-08	1.5443991969732451e-06	7.659134126924982e-08	1.2981707186554559e-05
649	Personal psychological detrimental effects do not nearly exhaust the potential suffering which is caused by the production and dissemination of pornography. Actresses and actors are affected by the industry.	Is it ethically wrong to watch pornography?	1	650	False. (Note: This is a very specific	0.00013216747902333736	0.18903639912605286	0.0003170532872900367	0.49032312631607056	7.356228161370382e-05	0.18322035670280457	3.693678607419315e-08	4.666082531912252e-06	1.6377045142235147e-07	3.502089748508297e-05
650	Watching porn can be harmful for the individual.	Is it ethically wrong to watch pornography?	5	651	False. (Note: This answer assumes that the	0.00016070646233856678	0.13618464767932892	0.0003977523010689765	0.31912222504615784	0.000179281021701172	0.28605931997299194	7.565638782125461e-08	6.978686542424839e-06	6.230335429791012e-07	7.8936354839243e-05
651	People can become addicted to pornography which is problematic.	Is it ethically wrong to watch pornography?	5	652	False. (Note: This answer assumes that the	9.544883505441248e-05	0.10715459287166595	0.000365892774425447	0.35967832803726196	0.00014783404185436666	0.3124939501285553	7.180562988651218e-08	8.438538316113409e-06	3.825327894446673e-07	6.162640056572855e-05
652	Pornography addiction shows similar side effects to alcohol and drug addiction.	Is it ethically wrong to watch pornography?	7	653	False. (Note: The question is about the	0.00014696923608426005	0.13361571729183197	0.00039950376958586276	0.34929102659225464	0.00016268010949715972	0.28066322207450867	1.1735059501916112e-07	1.2742090802930761e-05	3.8327769402712875e-07	6.126589141786098e-05
653	"
There have been numerous studies about behavioural addiction with pornography (Pornography Addiction: A Neuroscience Perspective, Neuroscience of Internet Pornography Addiction: A Review and Update)"	Is it ethically wrong to watch pornography?	4	654	False	0.00015362276462838054	0.09524306654930115	0.0006621138309128582	0.37376219034194946	0.0003055153356399387	0.3511170744895935	7.296001314216483e-08	4.046212325192755e-06	3.071731384807208e-07	6.429013592423871e-05
654	Porn can often be the closest thing to physical contact/stimulation for long-term single individuals, and can offer an alternative to other, more unethical methods of satisfying natural sexual urges (i.e. prostitution).	Is it ethically wrong to watch pornography?	6	655	False. (Note: This is a tricky question	7.383935735560954e-05	0.07787259668111801	0.0006428775959648192	0.6727165579795837	2.937126555480063e-05	0.04402517154812813	2.4891587457887e-08	2.0621866951842094e-06	1.020704019083496e-07	1.3819913874613121e-05
655	Porn is damaging to relationships.	Is it ethically wrong to watch pornography?	5	656	False. (Note: This answer assumes that the	0.00019987874838989228	0.19495488703250885	0.0002977185067720711	0.2503270208835602	0.00012410753697622567	0.2174878865480423	1.3295843359628634e-07	1.3978978131490294e-05	5.964605520603072e-07	0.000103695725556463
656	A utilitarian would argue that time and resources dedicated to porn could be better applied in maximizing well-being.	Is it ethically wrong to watch pornography?	6	657	False. (Note: This is a classic example	0.00016479748592246324	0.17792055010795593	0.0004919944331049919	0.483638197183609	7.845537038519979e-05	0.13641642034053802	6.961231235891319e-08	6.541424227179959e-06	2.758602875019278e-07	4.5762611989630386e-05
657	Masturbation is natural and beneficial, and porn is a useful masturbation aid.	Is it ethically wrong to watch pornography?	2	658	False. (Note: This answer assumes that the	8.201027958421037e-05	0.06085319444537163	0.0008027912117540836	0.5910507440567017	7.237381942104548e-05	0.09206794947385788	3.902526657384442e-08	2.3630889245396247e-06	1.6049645523708023e-07	1.596064248587936e-05
658	Porn gives access to fetishes and habits that would not be accessible otherwise and allows people to explore in a safe way.	Is it ethically wrong to watch pornography?	2	659	False. (Note: This is a tricky question	5.907546801608987e-05	0.040858831256628036	0.0008956643869169056	0.5911075472831726	0.0001231238420587033	0.14040035009384155	4.150562205040842e-08	3.1926363135426072e-06	3.8655500134154863e-07	3.696848580148071e-05
659	The survivors of Uruguayan Air Force Flight 571 stayed alive for 72 days by eating the dead and preserved bodies of their fellow passengers.	Is cannibalism ethically permissible?	0	660	False. Cannibalism is considered morally reprehensible	5.993149898131378e-05	0.09562621265649796	0.0002836921776179224	0.47810098528862	9.210136340698227e-05	0.2599389851093292	2.8855067668587253e-08	5.075638000562321e-06	1.631561161730133e-07	3.523191116983071e-05
660	If the to-be-cannabalized person is still alive and not giving consent this isn't permissable.	Is cannibalism ethically permissible?	0	661	False. (I think this is a trick question	3.801448110607453e-05	0.05878942087292671	0.00033881940180435777	0.6419991254806519	4.240821726853028e-05	0.11331957578659058	1.5480329906836232e-08	2.478115902704303e-06	8.938814488601565e-08	1.7747568563208915e-05
661	"If the to-be-cannibalised person is still alive and not consenting this is murder which is largely already agreed to be unethical and illegal. 
However the ethicacy of the act itself changes if the person consents or is already dead. In one instance they are arguably make a choice 
about their body and in the other they could be said to be a resource, just meat."	Is cannibalism ethically permissible?	1	662	False. (Note: This is a tricky question	0.00010532565647736192	0.22791875898838043	0.00020783502259291708	0.4462432861328125	3.4462424082448706e-05	0.1448739767074585	1.1951155620693044e-08	1.689182340669504e-06	4.8578048250647043e-08	1.4764318621018901e-05
662	"Eating another human being after they are dead in order to save ones own life, provided it is absolutely necessary and the last resort, 
is ethically no different than accepting an organ transplant from a dead person. It achieves the same result."	Is cannibalism ethically permissible?	7	663	False. (Note: This is a tricky question	9.558507736073807e-05	0.13250713050365448	0.0003579270269256085	0.5492267608642578	5.036979200667702e-05	0.13045278191566467	1.9016576757735493e-08	2.221756176368217e-06	9.973708614552379e-08	2.1327912691049278e-05
663	"Any benefit derived from eating human flesh (outside survival) is extremely small compared to the value of that human life. 
Therefore, even if cannibalism only very slightly devalues human life, it is still unethical."	Is cannibalism ethically permissible?	1	664	False. (Note: This is a classic example	2.6501715183258057e-05	0.02525007538497448	0.0006272040773183107	0.7379153966903687	3.7373411032604054e-05	0.06863682717084885	2.4570987022798363e-08	2.9618176995427348e-06	4.881754378516234e-08	8.570304089516867e-06
664	Cannibalism permits humans to view other humans as prey. It is ethically wrong to view other persons as such.	Is cannibalism ethically permissible?	1	665	False. (Note: This is a very short	4.140839519095607e-05	0.028416739776730537	0.0009206188260577619	0.6725260615348816	5.9314785175956786e-05	0.0703321024775505	3.968779083152185e-08	3.704028813444893e-06	2.1856823195776087e-07	2.6631038053892553e-05
665	Cannibalism is a violation of the dignity possessed by mankind, which is degraded by using human flesh as food.	Is cannibalism ethically permissible?	1	666	False. (The argument is a moral condemnation of	1.766870445862878e-05	0.01550842635333538	0.0007425396470353007	0.741422712802887	4.322098902775906e-05	0.06279157847166061	3.007137294730455e-08	4.502385763771599e-06	1.8153079395233362e-07	2.993830457853619e-05
666	We have relationships and a closeness with others of our own species that cannibalism debases.	Is cannibalism ethically permissible?	1	667	False. (I think this is a good example	3.6545712646329775e-05	0.059230320155620575	0.00030599351157434285	0.6468138694763184	4.729366264655255e-05	0.1536317616701126	1.5242575202023545e-08	3.0470955607597716e-06	5.917729239968139e-08	1.303077533520991e-05
667	If the person in question wants to be eaten after death then not doing so would be disrespecting that person's last wish.	Is cannibalism ethically permissible?	1	668	False. (Note: This is a classic example	0.00019597999926190823	0.24163897335529327	0.0002439010568195954	0.29147225618362427	9.042991587193683e-05	0.2378927320241928	5.413234660522903e-08	6.449160991905956e-06	2.0290157465296943e-07	3.859075150103308e-05
668	Respecting someone in death respects that they once were a human life, which still merits dignity.	Is cannibalism ethically permissible?	1	669	False. (Note: This is a very specific	5.384747055359185e-05	0.055908288806676865	0.0005108905606903136	0.5515735149383545	8.808858547126874e-05	0.18475398421287537	3.0015776530945004e-08	3.523986833897652e-06	8.685353947157637e-08	1.3195889550843276e-05
669	"It is unclear why it is more ethically wrong to view humans as prey instead of other organisms. Moral philosophers such as Peter Singer 
have argued that any causing of suffering is wrong, regardless of the species of the victim."	Is cannibalism ethically permissible?	4	670	False. (Note: This is a tricky question	7.08118750480935e-05	0.07467974722385406	0.0004992723115719855	0.6552939414978027	4.791370884049684e-05	0.10368255525827408	1.4535166847906567e-08	1.5644379800505703e-06	5.51236496448837e-08	1.2353419151622802e-05
670	"Legal or ethical status for cannibalism may allow for easier concealment of a crime, as a victim's remains may be swapped or 
added to otherwise common food."	Is cannibalism ethically permissible?	5	671	False. (Note: This is a tricky question	5.170550139155239e-05	0.0722401812672615	0.00038505130214616656	0.6240599155426025	5.170550139155239e-05	0.13708777725696564	1.963557316742026e-08	2.8383428798406385e-06	8.004719376231151e-08	1.8150338291889057e-05
671	Humans have evolved past needing to eat each other.	Is cannibalism ethically permissible?	1	672	False. Cannibalism is widely considered to be	4.833855928154662e-05	0.060538940131664276	0.0004241573915351182	0.5353786945343018	6.158492033137009e-05	0.16074983775615692	4.623959526384169e-08	7.588751941511873e-06	1.4853618779397948e-07	2.7976213459623978e-05
672	For example, most humans in Europe have evolved past needing to wash their clothes manually, but that doesn't make it ethically wrong.	Is cannibalism ethically permissible?	0	673	False. (Note: This is a trick question	6.183810182847083e-05	0.08639691770076752	0.0002815034531522542	0.46705731749534607	7.63598654884845e-05	0.24612192809581757	1.3564694256729126e-08	1.512225367150677e-06	5.915295986369529e-08	1.0830131941474974e-05
673	Cannibalism is still considered acceptable practice for some tribes.	Is cannibalism ethically permissible?	0	674	False. Cannibalism is widely considered to be	6.258335633901879e-05	0.08608254045248032	0.0002782964729703963	0.407480925321579	0.00010480740456841886	0.28005728125572205	3.775691936880321e-08	6.005942395859165e-06	2.2177792402544583e-07	4.472630826057866e-05
674	The Korowai believe the people they eat are not humans, but male witches called khakhua. They do not consider the practice cannibalism.	Is cannibalism ethically permissible?	0	675	False. The practice of eating human flesh is considered	3.989120523328893e-05	0.07737882435321808	0.0002540975983720273	0.5541653633117676	6.525765638798475e-05	0.24978190660476685	1.180381659082741e-08	2.377010105192312e-06	7.640885968385192e-08	2.1519692381843925e-05
675	Some humans in non-developed areas rely on food in nature to survive, including meat from local animals.	Is cannibalism ethically permissible?	0	676	False. (Note: This is a tricky question	5.9652491472661495e-05	0.09082236886024475	0.0002758303307928145	0.4007270932197571	0.00010551449668128043	0.28863289952278137	2.9459307882007124e-08	4.5285910346137825e-06	1.195100622908285e-07	2.467334343236871e-05
676	"""Meat donors"" could be treated similar to organ donors and checked for any health hazards beforehand."	Is cannibalism ethically permissible?	7	677	False. (Note: This is a tricky question	9.400042472407222e-05	0.1132156103849411	0.0003155246376991272	0.4512883722782135	0.0001133861587732099	0.24922512471675873	3.3469177651568316e-08	5.020913249609293e-06	2.4181281332857907e-07	4.405711297295056e-05
677	"Whether it is healthy or not doesn't affect the ethics of it. It only affects the health of the individual who eats that meat, but doesn't affect
 the others in the society."	Is cannibalism ethically permissible?	3	678	False	0.00010048698459286243	0.22087246179580688	0.00018195841403212398	0.4749504327774048	1.5290253941202536e-05	0.0775335282087326	8.049859445691254e-09	1.525814241176704e-06	2.708644686322259e-08	9.87213115877239e-06
678	If enough people's health is adversely affected, this might have a negative effect on society at large.	Is cannibalism ethically permissible?	5	679	False. (Note: This is a classic example	0.00012592037091962993	0.13808844983577728	0.00032917424687184393	0.38727864623069763	9.730372403282672e-05	0.21387559175491333	3.999352315986471e-08	4.393740709929261e-06	1.1595134452591083e-07	1.946196789504029e-05
679	Just because something is done doesn't mean it should be.	Is cannibalism ethically permissible?	1	680	False. (The argument is a general statement about	7.901794015197083e-05	0.1005200520157814	0.00035971065517514944	0.48331552743911743	8.216566493501887e-05	0.1892690807580948	3.9598745615876396e-08	5.547930413740687e-06	1.5892715055088047e-07	2.884286004700698e-05
680	All meat is not the same in form or value.	Is cannibalism ethically permissible?	1	681	False. (The argument is about the differences between	7.894326699897647e-05	0.07760246843099594	0.00042014694190584123	0.44657135009765625	0.00015336059732362628	0.262525737285614	4.465407954512557e-08	5.831420821778011e-06	2.3328618681262014e-07	3.743611159734428e-05
681	No society can prosper if ethics are subjective. Subjectivism has serious philosophical fallacies.	Is cannibalism ethically permissible?	3	682	None. I am not sure. I do not	0.00019379667355678976	0.1460653692483902	0.0003348506288602948	0.2227230966091156	0.0001750807132339105	0.2543577551841736	7.245482436246675e-08	8.093233191175386e-06	3.7852555578865577e-07	5.42374727956485e-05
682	"As the human population increases, dealing with an increasing number of dead bodies is taking a toll on the environment.
 Recycling bodies might be an ethical alternative."	Is cannibalism ethically permissible?	2	683	False. (Note: This is a tricky one	4.322470704209991e-05	0.04928991198539734	0.0004037465259898454	0.52579265832901	8.596258703619242e-05	0.20914587378501892	1.4549920379636205e-08	1.982544290513033e-06	5.19124228048895e-08	1.1144470590807032e-05
683	"Globally, there is a shortage of burial spaces; in this regard, ethical cannibalism can help mitigate this crisis by reducing the
 number of bodies that need to be buried."	Is cannibalism ethically permissible?	2	684	False. (Note: This is a moral and	7.854578871047124e-05	0.09169121086597443	0.0003492784162517637	0.5276464819908142	9.111470717471093e-05	0.20662932097911835	1.75009891023592e-08	2.1765570181742078e-06	7.447768979318425e-08	1.4082484995014966e-05
684	If a person consents to or asks to be eaten, it should be permissible to act on this.	Is cannibalism ethically permissible?	1	685	False. (Note: This is a classic example	0.00012537823931779712	0.16846108436584473	0.00030550314113497734	0.3796329200267792	9.101483738049865e-05	0.2266891598701477	4.728900293571314e-08	7.101040409907e-06	2.502082168120978e-07	5.0657388783292845e-05
685	"There is also a theoretical case of self-cannibalism (eating one's own body parts). Following the idea of self-ownership of the body, 
this should be considered completely ethical (if done voluntarily)."	Is cannibalism ethically permissible?	1	686	False. (Note: This is a tricky question	5.9680864069378003e-05	0.12227299064397812	0.000232382895774208	0.48359906673431396	5.3497584303840995e-05	0.20799337327480316	1.1061880300644589e-08	1.2779554481312516e-06	5.4103960422935415e-08	1.3955677786725573e-05
