	Argument	Debate	Scheme	id	evidence_stance	prediction_w_evidence	p_True	p__True	p_False	p__False	p_None	p__None	p_Support	p__Support	p_Refute	p__Refute
0	Euthanasia can end unnecessary suffering.	Should euthanasia be legalized?	2	1	supports	"True

Argument: ""Euthanasia"	0.9535331726074219	0.9535331726074219	0.002636755583807826	0.002636755583807826	0.02368546836078167	0.02368546836078167	4.37021185462072e-07	4.37021185462072e-07	3.8117664757919556e-07	3.8117664757919556e-07
1	In situations of great chronic pain, euthanasia should be an option for patients.	Should euthanasia be legalized?	0	2	supports	"True

Argument: ""The government should not"	0.9228702187538147	0.9228702187538147	0.0011867739958688617	0.0011867739958688617	0.05165960267186165	0.05165960267186165	7.614211767759116e-07	7.614211767759116e-07	9.700758027975098e-07	9.700758027975098e-07
2	Chronic pain changes a person's psychological state to the point where their decision process is so impaired that they cannot make a rational decision on euthanasia.	Should euthanasia be legalized?	3	3	refutes	"None

The argument provided does not directly address"	0.127838134765625	0.127838134765625	0.014343040995299816	0.014343040995299816	0.8467367887496948	0.8467367887496948	2.6412743636683444e-07	2.6412743636683444e-07	7.494955980291707e-07	7.494955980291707e-07
3	Less than 33% of patients requesting euthanaisa experience inadequate pain control.	Should euthanasia be legalized?	4	4	insufficient-neutral	"None

Argument: ""Less than"	0.31111010909080505	0.31111010909080505	0.041451409459114075	0.041451409459114075	0.6187163591384888	0.6187163591384888	5.045294528827071e-07	5.045294528827071e-07	1.3396835356616066e-06	1.3396835356616066e-06
4	"Some doctors have argued that patients suffering from ""treatement-resistant"" depression should be allowed to elect for euthanasia."	Should euthanasia be legalized?	4	5	supports	"True

Argument: ""The government should not"	0.6769492030143738	0.6769492030143738	0.004561247769743204	0.004561247769743204	0.2911522388458252	0.2911522388458252	9.244514558304218e-07	9.244514558304218e-07	1.548164959785936e-06	1.548164959785936e-06
5	Much of the suffering of those who request euthanasia, can be relieved simply with better palliative care.	Should euthanasia be legalized?	6	6	refutes	"True

Argument: ""Much of the"	0.5337991714477539	0.5337991714477539	0.07167967408895493	0.07167967408895493	0.3446466624736786	0.3446466624736786	1.1158873576277983e-06	1.1158873576277983e-06	1.5953160072967876e-06	1.5953160072967876e-06
6	To let someone suffer until death is just as bad as murder.	Should euthanasia be legalized?	7	7	supports	"True

Argument: ""The government should not"	0.912347674369812	0.912347674369812	0.010456995107233524	0.010456995107233524	0.04723256826400757	0.04723256826400757	5.306537786964327e-07	5.306537786964327e-07	8.4138332567818e-07	8.4138332567818e-07
7	It could be considered to be worse than murder since it is torturing for a long time when murder stops life and automatically with it all pain and any more suffering.	Should euthanasia be legalized?	1	8	refutes	"True

In this context, the argument suggests"	0.6986506581306458	0.6986506581306458	0.1794283390045166	0.1794283390045166	0.09022223204374313	0.09022223204374313	4.911220798931026e-07	4.911220798931026e-07	4.09547141089206e-07	4.09547141089206e-07
8	The people most likely to be considered as candidates for euthanasia are those least likely to be able to speak for themselves (e.g. dementia, brain damage, neurodegenerative disorders).	Should euthanasia be legalized?	0	9	refutes	"True

In this scenario, the argument suggests"	0.47437894344329834	0.47437894344329834	0.07989845424890518	0.07989845424890518	0.4186379313468933	0.4186379313468933	5.256451345303503e-07	5.256451345303503e-07	9.839543508860515e-07	9.839543508860515e-07
9	Safeguards would likely be put in place.	Should euthanasia be legalized?	3	10	supports	"True

Argument: ""It would be a"	0.6166481971740723	0.6166481971740723	0.12333739548921585	0.12333739548921585	0.23773905634880066	0.23773905634880066	6.160961447676527e-07	6.160961447676527e-07	7.548567850790278e-07	7.548567850790278e-07
10	"Countries, like Canada, use checks like requiring people to be ""mentally competent"" and ""suffering intolerably""."	Should euthanasia be legalized?	0	11	supports	"True

Argument: ""Countries, like"	0.7633434534072876	0.7633434534072876	0.052353594452142715	0.052353594452142715	0.15752482414245605	0.15752482414245605	9.49145771755866e-07	9.49145771755866e-07	7.671418984500633e-07	7.671418984500633e-07
11	The current medical standards in countries with legal euthanasia are too easily attainable.	Should euthanasia be legalized?	0	12	refutes	"None

Argument: ""The current medical standards"	0.29485440254211426	0.29485440254211426	0.08447720855474472	0.08447720855474472	0.5772969126701355	0.5772969126701355	2.4569592369516613e-06	2.4569592369516613e-06	2.850122427844326e-06	2.850122427844326e-06
12	"States such as Oregon have ""Death with Dignity"" regulations that set the standards for a person to become eligible for euthanasia."	Should euthanasia be legalized?	0	13	insufficient-neutral	"True

Argument: ""The United States has"	0.7749966382980347	0.7749966382980347	0.00975576788187027	0.00975576788187027	0.18992109596729279	0.18992109596729279	1.6264427813439397e-06	1.6264427813439397e-06	1.2373322988423752e-06	1.2373322988423752e-06
13	Quality of life is something too difficult to compute and can not be valued or 'measured' neither by experts since it involves feelings.	Should euthanasia be legalized?	1	14	refutes	"True

In this context, the argument suggests"	0.5432906150817871	0.5432906150817871	0.05550063028931618	0.05550063028931618	0.3733978271484375	0.3733978271484375	4.456273359210172e-07	4.456273359210172e-07	7.247386974995607e-07	7.247386974995607e-07
14	This is our life, therefore we should be able to decide when to end it.	Should euthanasia be legalized?	1	15	supports	"True

Argument: ""The government should not"	0.955122709274292	0.955122709274292	0.0012871942017227411	0.0012871942017227411	0.022638509050011635	0.022638509050011635	3.1407003575623094e-07	3.1407003575623094e-07	4.632597381259984e-07	4.632597381259984e-07
15	The ability to choose when we die is an integral part of our human freedom.	Should euthanasia be legalized?	1	16	supports	"True

Argument: ""The ability to choose"	0.9680145382881165	0.9680145382881165	0.001160306972451508	0.001160306972451508	0.01858067698776722	0.01858067698776722	3.2269099392578937e-07	3.2269099392578937e-07	3.907630627963954e-07	3.907630627963954e-07
16	God gave life so only he can take it.	Should euthanasia be legalized?	4	17	refutes	"False

In this case, the argument is"	0.12038229405879974	0.12038229405879974	0.7849911451339722	0.7849911451339722	0.07533331215381622	0.07533331215381622	1.9791221461673558e-07	1.9791221461673558e-07	4.985240025234816e-07	4.985240025234816e-07
17	"Deuteronomy 32:29 states, ""It is I who bring both death and life."""	Should euthanasia be legalized?	4	18	refutes	"True

This question is based on the interpretation"	0.6657066941261292	0.6657066941261292	0.03697434067726135	0.03697434067726135	0.2647998332977295	0.2647998332977295	7.760759217489976e-07	7.760759217489976e-07	1.209073616337264e-06	1.209073616337264e-06
18	Certain deities (e. g. Moloch, Kukulkan) even fancy human sacrifice.	Should euthanasia be legalized?	0	19	not_applicable	"None

Argument: ""Certain deities"	0.035595208406448364	0.035595208406448364	0.013405279256403446	0.013405279256403446	0.9471533894538879	0.9471533894538879	2.959843925509631e-08	2.959843925509631e-08	1.1435231073164687e-07	1.1435231073164687e-07
19	Euthanasia is a selfish act.	Should euthanasia be legalized?	1	20	refutes	"True

In this scenario, the argument suggests"	0.381710946559906	0.381710946559906	0.28366348147392273	0.28366348147392273	0.30195820331573486	0.30195820331573486	1.1701201856340049e-06	1.1701201856340049e-06	1.6119084875754197e-06	1.6119084875754197e-06
20	Euthanasia is assisted suicide and suicide is a rejection of the value of the life of the patient and those of everyone who cares about them.	Should euthanasia be legalized?	7	21	refutes	"False

In this argument, the speaker is"	0.22877493500709534	0.22877493500709534	0.6517190933227539	0.6517190933227539	0.09686939418315887	0.09686939418315887	4.6443761902992264e-07	4.6443761902992264e-07	1.2308209988987073e-06	1.2308209988987073e-06
21	Ethically, doctors should not do anything to a patient that will not benefit them.	Should euthanasia be legalized?	1	22	insufficient-neutral	"True

In this case, the argument suggests"	0.5819953680038452	0.5819953680038452	0.26232588291168213	0.26232588291168213	0.13190573453903198	0.13190573453903198	3.4451213082320464e-07	3.4451213082320464e-07	8.136288442983641e-07	8.136288442983641e-07
22	Euthanasia does not necessarily have to be performed by doctors or nurses, and as such the guiding morality doesn't necessarily spring from the hippocratic oath.	Should euthanasia be legalized?	6	23	insufficient-neutral	"True

Argument: ""The hippocratic"	0.5832987427711487	0.5832987427711487	0.0074002365581691265	0.0074002365581691265	0.3946796655654907	0.3946796655654907	3.7188516444075503e-07	3.7188516444075503e-07	4.5564320316771045e-07	4.5564320316771045e-07
23	Legal euthanasia is better than alternatives for those seeking to end their lives.	Should euthanasia be legalized?	6	24	supports	"True

Argument: ""Legal euth"	0.9721193909645081	0.9721193909645081	0.000595139863435179	0.000595139863435179	0.012527372688055038	0.012527372688055038	5.260002353679738e-07	5.260002353679738e-07	2.347828598203705e-07	2.347828598203705e-07
24	Legalised euthanasia is safer than forcing people to seek the alternative option themselves.	Should euthanasia be legalized?	2	25	supports	"True

Argument: ""Legalised e"	0.9511730074882507	0.9511730074882507	0.005271861329674721	0.005271861329674721	0.022544890642166138	0.022544890642166138	9.355880479233747e-07	9.355880479233747e-07	4.7044323991940473e-07	4.7044323991940473e-07
25	Badly implemented suicides can cause direct collateral damage.	Should euthanasia be legalized?	6	26	refutes	"True

In this scenario, the argument suggests"	0.6547795534133911	0.6547795534133911	0.06901325285434723	0.06901325285434723	0.25641533732414246	0.25641533732414246	4.487427531785215e-07	4.487427531785215e-07	4.6298737288452685e-07	4.6298737288452685e-07
26	Many who might look to end their lives through euthanasia might not end their lives where it is not legal.	Should euthanasia be legalized?	3	27		"True

Argument: ""Euthanasia"	0.6111376881599426	0.6111376881599426	0.046759139746427536	0.046759139746427536	0.3220469355583191	0.3220469355583191	5.592161187450984e-07	5.592161187450984e-07	9.531183309263724e-07	9.531183309263724e-07
27	In this study, of 56 attempted suicides, 55 were from falling and 1 gunshot wound, and many had significant injuries and an increased likeihood of further suicide attempts.	Should euthanasia be legalized?	0	28	insufficient-neutral	"True

In this case, the question is"	0.5032778382301331	0.5032778382301331	0.08410616219043732	0.08410616219043732	0.38587650656700134	0.38587650656700134	4.193081508674368e-07	4.193081508674368e-07	8.129872526296822e-07	8.129872526296822e-07
28	People may be more inclined to favor euthanasia and make less effort to preserve their lives to the end.	Should euthanasia be legalized?	5	29	refutes	"True

Argument: ""People may be more"	0.62629634141922	0.62629634141922	0.015925930812954903	0.015925930812954903	0.324918270111084	0.324918270111084	2.916065341196372e-06	2.916065341196372e-06	2.3986899577721488e-06	2.3986899577721488e-06
29	Legalised euthanasia is less stigmatising than suicide or the non-legal alternatives.	Should euthanasia be legalized?	1	30	supports	"True

Argument: ""Legalised e"	0.9129174947738647	0.9129174947738647	0.006755760405212641	0.006755760405212641	0.05272464454174042	0.05272464454174042	1.7308619817413273e-06	1.7308619817413273e-06	8.321002269440214e-07	8.321002269440214e-07
30	"People should have the right to die with dignity when their dignity is violated by degrading living conditions; 
Therefore, euthanasia is not a violation of dignity of life, on the contrary it's the highest form of respect for it."	Should euthanasia be legalized?	1	31	supports	"True

Argument: ""People should have the"	0.9662348031997681	0.9662348031997681	0.0020646678749471903	0.0020646678749471903	0.019589023664593697	0.019589023664593697	5.608998776551744e-07	5.608998776551744e-07	1.8861327077956958e-07	1.8861327077956958e-07
31	Life has no inherent value, so it cannot be devalued.	Should euthanasia be legalized?	1	32	supports	"True

Argument: ""Life has no inher"	0.5734187960624695	0.5734187960624695	0.09434222429990768	0.09434222429990768	0.31176239252090454	0.31176239252090454	3.302795335002884e-07	3.302795335002884e-07	7.270548394444631e-07	7.270548394444631e-07
32	The cost of palliative care is extremely high, thus many people who opt for euthanasia are more likely to be poor.	Should euthanasia be legalized?	3	33	refutes	"None

Argument: ""The cost of p"	0.21407605707645416	0.21407605707645416	0.05898415297269821	0.05898415297269821	0.7019283175468445	0.7019283175468445	1.0777416719065513e-06	1.0777416719065513e-06	1.6757721823523752e-06	1.6757721823523752e-06
33	"In 2014, the Lithuanian health minister proposed that ""euthanasia might be needed for poor people who cannot access palliative care""."	Should euthanasia be legalized?	0	34	supports	"None

Argument: ""In"	0.40865832567214966	0.40865832567214966	0.026124652475118637	0.026124652475118637	0.5329909324645996	0.5329909324645996	3.843625108856941e-06	3.843625108856941e-06	3.696378144013579e-06	3.696378144013579e-06
34	It is immoral to let people die simply because they cannot afford pain-relieving therapies. Palliative care should be made more accessible instead of legalizing euthanasia.	Should euthanasia be legalized?	1	35	refutes	"False

In this case, the argument suggests"	0.09536315500736237	0.09536315500736237	0.5751134753227234	0.5751134753227234	0.31268376111984253	0.31268376111984253	2.1980355313644395e-07	2.1980355313644395e-07	5.397854465627461e-07	5.397854465627461e-07
35	"Humans have caused irreparable damage to the environment, and are causing constant harm, pain, and suffering to many other living organisms.
 All of this could be avoided if they didn't exist."	Would the world be a better place without humans?	2	36	supports	"True

Argument: ""Humans have"	0.989633321762085	0.989633321762085	0.00045023843995295465	0.00045023843995295465	0.0031993878073990345	0.0031993878073990345	2.6093159632978313e-08	2.6093159632978313e-08	4.8748439951395994e-08	4.8748439951395994e-08
36	Without humans, animals and plants would be able to live and grow without the risks associated with human generated waste and anthropogenic climate change.	Would the world be a better place without humans?	2	37	supports	"False

Explanation:
The argument"	0.2859519422054291	0.2859519422054291	0.43602463603019714	0.43602463603019714	0.2603622078895569	0.2603622078895569	1.1633693475232576e-07	1.1633693475232576e-07	6.240172751859063e-07	6.240172751859063e-07
37	Global warming would continue to exist; it exists regardless of the impact of humans.	Would the world be a better place without humans?	3	38	refutes	"None

Argument: ""Global warming would"	0.4165637791156769	0.4165637791156769	0.02207707054913044	0.02207707054913044	0.5518573522567749	0.5518573522567749	4.922384988503836e-08	4.922384988503836e-08	3.4774046753227594e-07	3.4774046753227594e-07
38	The impact of human activity has greatly exacerbated climate change (p. 1).	Would the world be a better place without humans?	4	39	supports	"None

The question is not directly related to"	0.24011190235614777	0.24011190235614777	0.18124596774578094	0.18124596774578094	0.558276891708374	0.558276891708374	1.3145267985237297e-07	1.3145267985237297e-07	7.743967671558494e-07	7.743967671558494e-07
39	"Without humans, a variety of species, habitats, and environments would have been changed by circumstances other than human influence and intervention. 
There is no guarantee that those natural changes would have been necessarily better than the changes caused by humans."	Would the world be a better place without humans?	3	40	refutes	None	0.07604960352182388	0.07604960352182388	0.1713804304599762	0.1713804304599762	0.7444426417350769	0.7444426417350769	3.3782509234470126e-08	3.3782509234470126e-08	2.4336262072210957e-07	2.4336262072210957e-07
40	The Earth would be able to heal and become a better place because the root cause for ecocide would simply not exist.	Would the world be a better place without humans?	2	41	supports	"True

Argument: ""The Earth would be"	0.7900128364562988	0.7900128364562988	0.04319821298122406	0.04319821298122406	0.14843901991844177	0.14843901991844177	1.2660542836329114e-07	1.2660542836329114e-07	7.740389378341206e-07	7.740389378341206e-07
41	The universe would be better without humans because humans are naturally selfish.	Would the world be a better place without humans?	1	42	supports	"True

In this scenario, the argument suggests"	0.9766494035720825	0.9766494035720825	0.0013369324151426554	0.0013369324151426554	0.009207931347191334	0.009207931347191334	5.191658303260738e-08	5.191658303260738e-08	1.4223076050257077e-07	1.4223076050257077e-07
42	Humans are the only ones that set aside stocks of resources for medium term use. This causes continued extraction/exploitation of the Earth in excess of current needs.	Would the world be a better place without humans?	3	43	supports	"False

Explanation:
The argument"	0.29413577914237976	0.29413577914237976	0.3575781583786011	0.3575781583786011	0.303472638130188	0.303472638130188	3.614692900555383e-07	3.614692900555383e-07	1.824967853281123e-06	1.824967853281123e-06
43	"While humans and animals must consume to survive, human beings are immoral because they are intelligent enough to survive without killing yet continue
to harm other species."	Would the world be a better place without humans?	1	44	supports	"None

The question is not directly related to"	0.4269110858440399	0.4269110858440399	0.06102375686168671	0.06102375686168671	0.49137163162231445	0.49137163162231445	1.5478052262096753e-07	1.5478052262096753e-07	9.243747172149597e-07	9.243747172149597e-07
44	The universe probably isn't anthropocentric.	Would the world be a better place without humans?	1	45	insufficient-neutral	"None

Argument: ""The universe probably isn"	0.29638004302978516	0.29638004302978516	0.010545561090111732	0.010545561090111732	0.6891041994094849	0.6891041994094849	2.1745757194935322e-08	2.1745757194935322e-08	1.1064997806897736e-07	1.1064997806897736e-07
45	"""Better"" is a value claim. The post-human universe may not make the same value judgement given that humans are an outcome of the evolving universe."	Would the world be a better place without humans?	1	46	insufficient-neutral	"None

Argument: ""Better"" is"	0.38980433344841003	0.38980433344841003	0.0037917678710073233	0.0037917678710073233	0.5943806171417236	0.5943806171417236	1.2668482440858497e-07	1.2668482440858497e-07	5.535276272894407e-07	5.535276272894407e-07
46	Selfishness has been associated with evolutionary advantages for many species, making the universe partially responsible for the selfishness of organisms that develop within it.	Would the world be a better place without humans?	3	47	insufficient-neutral	"None

The question is not directly related to"	0.32506677508354187	0.32506677508354187	0.01998472400009632	0.01998472400009632	0.6364498734474182	0.6364498734474182	1.825388551424112e-07	1.825388551424112e-07	1.0042950862043654e-06	1.0042950862043654e-06
47	The link between evolutionary selection and selfishness has been overturned due to recent findings that evolutionary pressures to cooperate and act selflessly are stronger.	Would the world be a better place without humans?	4	48	refutes	"None

The question is not directly related to"	0.15397025644779205	0.15397025644779205	0.013989709317684174	0.013989709317684174	0.8067464828491211	0.8067464828491211	3.8222904663598456e-07	3.8222904663598456e-07	1.609244463907089e-06	1.609244463907089e-06
48	"Nature causes irreparable damage to itself as well as constant harm, pain, and suffering to other living organisms without any help from humans.
 None of this can be avoided without humans."	Would the world be a better place without humans?	3	49	refutes	"True

Reference(s):
[1"	0.6882481575012207	0.6882481575012207	0.2737661898136139	0.2737661898136139	0.027319125831127167	0.027319125831127167	5.2304471864772495e-08	5.2304471864772495e-08	1.4583451957150828e-07	1.4583451957150828e-07
49	Whenever human populations expand they take more land away from wild habitats which heavily restricts the freedom of all living organisms in that habitat often leading to many deaths as well.	Would the world be a better place without humans?	0	50	supports	"True

The question is asking if the world"	0.9202856421470642	0.9202856421470642	0.016465159133076668	0.016465159133076668	0.042375024408102036	0.042375024408102036	1.4491280353468028e-07	1.4491280353468028e-07	5.533418629966036e-07	5.533418629966036e-07
50	Domesticated animals have no natural freedoms, they are almost entirely stripped away for the purpose of production for humans	Would the world be a better place without humans?	0	51	supports	"None

Argument: ""Domesticated animals"	0.38358068466186523	0.38358068466186523	0.13464948534965515	0.13464948534965515	0.4555133283138275	0.4555133283138275	1.7477474045790586e-07	1.7477474045790586e-07	7.329604727601691e-07	7.329604727601691e-07
51	Humans also provide a habitat for billions of living organisms that reside in our bodies. Many of these creatures would go extinct without humans.	Would the world be a better place without humans?	2	52	refutes	"False

Explanation:
The argument"	0.061420079320669174	0.061420079320669174	0.7309165596961975	0.7309165596961975	0.19367359578609467	0.19367359578609467	1.4101586032211344e-07	1.4101586032211344e-07	5.138036272001045e-07	5.138036272001045e-07
52	Not all animals suffer or feel pain, and thus cannot feel the effects of a loss of autonomy.	Would the world be a better place without humans?	3	53	insufficient-neutral	"None

Argument: ""Not all animals suffer"	0.2254946231842041	0.2254946231842041	0.034044597297906876	0.034044597297906876	0.7279055714607239	0.7279055714607239	9.614313256633977e-08	9.614313256633977e-08	3.6284041016187984e-07	3.6284041016187984e-07
53	"Suffering should be put in the context of the complexity of the nervous system. Animals tend to have less complex nervous systems than human beings,
 which implies that they have a reduced capacity for suffering."	Would the world be a better place without humans?	3	54	insufficient-neutral	"None

Argument: ""Suffering should"	0.12476230412721634	0.12476230412721634	0.022021854296326637	0.022021854296326637	0.8393773436546326	0.8393773436546326	1.2760661149968655e-07	1.2760661149968655e-07	4.4020185896442854e-07	4.4020185896442854e-07
54	Scientists studying other creatures are constantly discovering how much more complex other life forms are than previously assumed.	Would the world be a better place without humans?	4	55	insufficient-neutral	"None

The question is not related to the"	0.1265527606010437	0.1265527606010437	0.07154645025730133	0.07154645025730133	0.7874377369880676	0.7874377369880676	9.089322361433005e-08	9.089322361433005e-08	3.318248786854383e-07	3.318248786854383e-07
55	Many cephalopods, decapods, and other invertebrates feel pain, debunking the previous understanding of their nature.	Would the world be a better place without humans?	0	56	insufficient-neutral	"None

Argument: ""Many cephal"	0.018272267654538155	0.018272267654538155	0.007498923689126968	0.007498923689126968	0.9669381380081177	0.9669381380081177	2.6666153729593134e-08	2.6666153729593134e-08	1.4931397629425192e-07	1.4931397629425192e-07
56	All of humanity need not necessarily contribute to a cataclysmic event. It only takes a handful of individuals to use nuclear weapons for most life to be destroyed on the planet.	Would the world be a better place without humans?	3	57	supports	"True

The question is not directly answered by"	0.7457734942436218	0.7457734942436218	0.023972850292921066	0.023972850292921066	0.21366769075393677	0.21366769075393677	1.0485607759846971e-07	1.0485607759846971e-07	4.773327191287535e-07	4.773327191287535e-07
57	Value judgements are only relevant for human beings who assign value, meaning that the Earth cannot be better or worse without human beings to make value judgments about it.	Would the world be a better place without humans?	1	58	refutes	"None

Argument: ""Value judgements are"	0.2891264855861664	0.2891264855861664	0.024106686934828758	0.024106686934828758	0.6722391843795776	0.6722391843795776	9.544466195166024e-08	9.544466195166024e-08	8.133201276905311e-07	8.133201276905311e-07
58	If the world would be better or worse is subjective as those things aren't intrinsic qualities of something.	Would the world be a better place without humans?	1	59	insufficient-neutral	"True

Argument: ""If the world would"	0.7540692090988159	0.7540692090988159	0.0023813596926629543	0.0023813596926629543	0.23727838695049286	0.23727838695049286	3.329634878923571e-08	3.329634878923571e-08	7.187863815261153e-08	7.187863815261153e-08
59	There are general or pragmatic standards for Earthly wellness, like the stability of weather patterns or the preservation of species, that could be adopted without falling into naive subjectivism.	Would the world be a better place without humans?	1	60	insufficient-neutral	"None

The question is not directly related to"	0.2727184593677521	0.2727184593677521	0.2444632649421692	0.2444632649421692	0.46390974521636963	0.46390974521636963	1.6206752206926467e-07	1.6206752206926467e-07	5.905071702727582e-07	5.905071702727582e-07
60	If the species making such a judgement does not exist and therefore cannot ascertain a value, it is impossible for the Earth to be better off.	Would the world be a better place without humans?	3	61	refutes	"True

The question is asking whether the world"	0.6419419646263123	0.6419419646263123	0.013532889075577259	0.013532889075577259	0.3278718590736389	0.3278718590736389	6.58404957221137e-08	6.58404957221137e-08	3.0833297159915674e-07	3.0833297159915674e-07
61	The point of judging our existence on Earth is for humans to decide whether or not our presence is better than our absence. The question is an internal reflection, not outwardly asking the Earth itself.	Would the world be a better place without humans?	1	62	insufficient-neutral	"True

In this scenario, the argument suggests"	0.5998193621635437	0.5998193621635437	0.013355669565498829	0.013355669565498829	0.36953797936439514	0.36953797936439514	1.2222811562878633e-07	1.2222811562878633e-07	8.856818567437585e-07	8.856818567437585e-07
62	Removing humans from the picture would most likely benefit the remaining conscious beings on the planet.	Would the world be a better place without humans?	2	63	supports	"True

Argument: ""The Earth's"	0.9794543385505676	0.9794543385505676	0.0002899622777476907	0.0002899622777476907	0.010796080343425274	0.010796080343425274	6.304901489784243e-08	6.304901489784243e-08	1.3584174496372725e-07	1.3584174496372725e-07
63	All human suffering would be eliminated without humans. In this manner, the world would in fact be better, even if only in the eyes of the humans who lived prior to their extinction.	Would the world be a better place without humans?	2	64	supports	"True

In this scenario, the argument suggests"	0.9800708889961243	0.9800708889961243	0.0011297540040686727	0.0011297540040686727	0.009459314867854118	0.009459314867854118	5.291889593195265e-08	5.291889593195265e-08	1.372611819761005e-07	1.372611819761005e-07
64	Humans are the most advanced species that has ever been on Earth, and humanity is still evolving. Removing humanity from existence would eliminate this progress.	Would the world be a better place without humans?	5	65	refutes	"False

In this scenario, the argument suggests"	0.006746851839125156	0.006746851839125156	0.926071047782898	0.926071047782898	0.05738029256463051	0.05738029256463051	4.9517240086061065e-08	4.9517240086061065e-08	2.650862427344691e-07	2.650862427344691e-07
65	Humans might be the most advanced species in the entire universe. If humanity did not exist, the universe could lose the species with the most advanced consciousness.	Would the world be a better place without humans?	3	66	refutes	"False

In this case, the question is"	0.05055876448750496	0.05055876448750496	0.5877262353897095	0.5877262353897095	0.3455063998699188	0.3455063998699188	1.3179200664126256e-07	1.3179200664126256e-07	5.071877353657328e-07	5.071877353657328e-07
66	In near future, humanity could develop a reliable technological ability to protect the planet and life from extinction events.	Would the world be a better place without humans?	2	67	refutes	"None

The question is not directly related to"	0.0778902918100357	0.0778902918100357	0.2418006956577301	0.2418006956577301	0.6676331162452698	0.6676331162452698	8.365249470898561e-08	8.365249470898561e-08	3.231878622500517e-07	3.231878622500517e-07
67	Humans have created a unique set of values, cultures, and traditions in a way that only they could. To say the world would be a better place without humans is to fail to take into account the complex and rich culture of every human society.	Would the world be a better place without humans?	0	68	refutes	False	0.005467407871037722	0.005467407871037722	0.8637683987617493	0.8637683987617493	0.12250841408967972	0.12250841408967972	2.6264585173407795e-08	2.6264585173407795e-08	1.4198501219198079e-07	1.4198501219198079e-07
68	These technological advancements have no inherent value to the universe and are only of limited value to humans.	Would the world be a better place without humans?	1	69	insufficient-supports	"True

In this scenario, the argument suggests"	0.497650682926178	0.497650682926178	0.026374520733952522	0.026374520733952522	0.4602516293525696	0.4602516293525696	1.194886607436274e-07	1.194886607436274e-07	5.767680590906821e-07	5.767680590906821e-07
69	Just because humans are the most advanced species, doesn't mean we make the Earth better. We are too smart for our own good- we create factories and cars and such that just destroy our atmosphere.	Would the world be a better place without humans?	0	70	supports	"True

In this context, the question is"	0.8707026839256287	0.8707026839256287	0.028208209201693535	0.028208209201693535	0.08894787728786469	0.08894787728786469	4.99480279358977e-08	4.99480279358977e-08	2.2604827165650931e-07	2.2604827165650931e-07
70	Removing humans means giving chance for new intelligent life to develop.	Would the world be a better place without humans?	2	71	supports	"True

In this scenario, the argument suggests"	0.7549266815185547	0.7549266815185547	0.057311177253723145	0.057311177253723145	0.1737939864397049	0.1737939864397049	1.0368422209694472e-07	1.0368422209694472e-07	4.7015797122185177e-07	4.7015797122185177e-07
71	"In the cosmic perspective of life, there is no absolute sense of ""good"" and ""bad"".That's a human-created concept that wouldn't matter if humans were eradicated. Therefore, it makes humanity's existence irrelevant."	Would the world be a better place without humans?	1	72	insufficient-neutral	"None

The argument suggests that the concepts of"	0.2565991282463074	0.2565991282463074	0.0244334377348423	0.0244334377348423	0.7084929347038269	0.7084929347038269	5.5227616257980117e-08	5.5227616257980117e-08	3.0563776931558095e-07	3.0563776931558095e-07
72	Retrocausality is possible in some interpretations of quantum physics.	Free Will or Determinism: Do we have free will?	0	73	insufficient-neutral	"None

Argument: ""Retrocausality"	0.3804742395877838	0.3804742395877838	0.028215063735842705	0.028215063735842705	0.5801539421081543	0.5801539421081543	1.7921203721016354e-07	1.7921203721016354e-07	6.645543066952087e-07	6.645543066952087e-07
73	"Retrocausation provides a viable alternative to the problematic superdeterminism vs. 
action-at-a-distance debate by preserving local causation (link)."	Free Will or Determinism: Do we have free will?	4	74	insufficient-neutral	"True

Argument: ""Retrocausation"	0.6359210014343262	0.6359210014343262	0.05099036917090416	0.05099036917090416	0.29573073983192444	0.29573073983192444	1.673678866609407e-07	1.673678866609407e-07	6.950768351998704e-07	6.950768351998704e-07
74	"The laws of physics, as we know them, are either deterministic or fundamentally random. In both cases,
 they are out of our control."	Free Will or Determinism: Do we have free will?	3	75	refutes	"True

Argument: ""The laws of physics"	0.8717105388641357	0.8717105388641357	0.029365848749876022	0.029365848749876022	0.09045318514108658	0.09045318514108658	3.9403655449632424e-08	3.9403655449632424e-08	2.1679164774468518e-07	2.1679164774468518e-07
75	"The laws of physics are probabilistic, meaning that events and motivations merely change the distribution of possible 
outcomes and choices, but don't necessarily determine them."	Free Will or Determinism: Do we have free will?	3	76	supports	"True

In this context, the argument suggests"	0.9723027348518372	0.9723027348518372	0.005388972349464893	0.005388972349464893	0.01753225363790989	0.01753225363790989	1.7414221176181854e-08	1.7414221176181854e-08	5.4590795883768806e-08	5.4590795883768806e-08
76	"The Earth orbiting around the Sun was not compatible with our understanding of the mechanisms that govern the
 universe less than 500 years ago, yet is now accepted as fact."	Free Will or Determinism: Do we have free will?	0	77	insufficient-neutral	"None

The question you provided is about the"	0.321076363325119	0.321076363325119	0.03437412157654762	0.03437412157654762	0.6385365724563599	0.6385365724563599	4.1669423467283195e-08	4.1669423467283195e-08	1.1709326486197824e-07	1.1709326486197824e-07
77	"If entropy leads to universal randomness and randomness is the lack of all deterministic forces, then at least one part 
of a wholly deterministic universe is false, meaning there most be something else influencing the universe outside 
of determinism."	Free Will or Determinism: Do we have free will?	3	78	supports	"True

In this argument, the premise"	0.7881991267204285	0.7881991267204285	0.03744509443640709	0.03744509443640709	0.15279936790466309	0.15279936790466309	1.434132173017133e-07	1.434132173017133e-07	4.928008365823189e-07	4.928008365823189e-07
78	"The inexistence of free will cannot be scientifically proven as it would be impossible to put two distinct human 
beings in exactly the same conditions twice and observe their decisions."	Free Will or Determinism: Do we have free will?	3	79	insufficient-supports	"True

The argument suggests that the inex"	0.959441065788269	0.959441065788269	0.00037923979107290506	0.00037923979107290506	0.029659675434231758	0.029659675434231758	3.7606387337518754e-08	3.7606387337518754e-08	7.22056014978989e-08	7.22056014978989e-08
79	"Determinism based on physical causation inherits the philosophical doubt about causality expressed most famously 
by Hume: we can't in the end tell the difference between ""A causes B"" and ""A happens then B happens""."	Free Will or Determinism: Do we have free will?	4	80	supports	"True

In this context, the argument suggests"	0.933901846408844	0.933901846408844	0.001329341670498252	0.001329341670498252	0.05351683869957924	0.05351683869957924	6.602531499311226e-08	6.602531499311226e-08	2.2423496659484954e-07	2.2423496659484954e-07
80	"By Occam's Razor, the simplest explanation for the lack of empirical evidence for the existence of free will
 is that free will does not exist."	Free Will or Determinism: Do we have free will?	4	81	refutes	"True

Argument: ""The existence of free"	0.8377686142921448	0.8377686142921448	0.11337964981794357	0.11337964981794357	0.03887803480029106	0.03887803480029106	7.256870304672702e-08	7.256870304672702e-08	1.9649314708658494e-07	1.9649314708658494e-07
81	Free will and determinism are not mutually exclusive because freedom and weak forms of determinism are compatible.	Free Will or Determinism: Do we have free will?	3	82	supports	"True

Argument: ""Free will and determin"	0.832964301109314	0.832964301109314	0.006359761115163565	0.006359761115163565	0.15169407427310944	0.15169407427310944	1.3907768448007118e-07	1.3907768448007118e-07	2.149874092083337e-07	2.149874092083337e-07
82	"Compatiblism is a widely held position within the academic community, which suggests that it is plausible in many
 different forms."	Free Will or Determinism: Do we have free will?	4	83	insufficient-supports	"True

Argument: ""Compatibilism is"	0.8336882591247559	0.8336882591247559	0.04418385773897171	0.04418385773897171	0.1076606884598732	0.1076606884598732	2.714750166887825e-07	2.714750166887825e-07	4.287617230147589e-07	4.287617230147589e-07
83	The consensus among academics lends reasonable credibility to the accuracy of a position relative to the general public.	Free Will or Determinism: Do we have free will?	4	84	insufficient-neutral	"True

Argument: ""The consensus among academ"	0.6744247078895569	0.6744247078895569	0.06371914595365524	0.06371914595365524	0.23674534261226654	0.23674534261226654	2.120271602734647e-07	2.120271602734647e-07	7.635391625626653e-07	7.635391625626653e-07
84	"Debating necessarily involves the implicit assumption that it's possible in principle to change the minds of others 
involved. This is only possible if the participants are free in some sense."	Free Will or Determinism: Do we have free will?	0	85	supports	"True

Argument: ""Debating necessarily"	0.8643326759338379	0.8643326759338379	0.006970209069550037	0.006970209069550037	0.1188167929649353	0.1188167929649353	1.0233477354404386e-07	1.0233477354404386e-07	2.633705662447028e-07	2.633705662447028e-07
85	Computer programs can and have participated in a debate, yet lack free will.	Free Will or Determinism: Do we have free will?	0	86	refutes	"True

Argument: ""Computer programs can"	0.7359600067138672	0.7359600067138672	0.14046043157577515	0.14046043157577515	0.11464045941829681	0.11464045941829681	5.23369152460873e-08	5.23369152460873e-08	1.780939697937356e-07	1.780939697937356e-07
86	"Free will could be like gravity, which is a set of assumptions that are only supported by our observations of 
how they impact other things."	Free Will or Determinism: Do we have free will?	7	87	insufficient-neutral	"True

Argument: ""The universe is a"	0.8735113143920898	0.8735113143920898	0.03467290848493576	0.03467290848493576	0.07998955994844437	0.07998955994844437	1.9246351712354226e-07	1.9246351712354226e-07	3.444461924573261e-07	3.444461924573261e-07
87	"Current science falls short of explaining consciousness and personhood. Thus restricting the conversation to purely
 scientific description of the topic would leave the discussion incomplete."	Free Will or Determinism: Do we have free will?	0	88	insufficient-neutral	"None

Argument: ""Current science falls short"	0.3953600823879242	0.3953600823879242	0.0026226150803267956	0.0026226150803267956	0.5843043327331543	0.5843043327331543	9.928970712280716e-08	9.928970712280716e-08	2.77921515134949e-07	2.77921515134949e-07
88	"Unknowns and incompleteness are not problematic for the scientific process.
 Despite not fully understanding what the force of gravity is, scientific studies and models remain useful."	Free Will or Determinism: Do we have free will?	0	89	insufficient-neutral	"None

Argument: ""Unknowns and in"	0.06315694749355316	0.06315694749355316	0.005307178944349289	0.005307178944349289	0.9280846118927002	0.9280846118927002	2.2631359897218317e-08	2.2631359897218317e-08	7.066910256980918e-08	7.066910256980918e-08
89	Life can't be given back. So the death penalty carries the risk of ruining innocent people lives.	Should the death penalty be abolished?	2	90	supports	"True

In this context, the argument suggests"	0.9339355230331421	0.9339355230331421	0.008017245680093765	0.008017245680093765	0.04577702656388283	0.04577702656388283	1.053060785238813e-07	1.053060785238813e-07	1.5411984577440307e-07	1.5411984577440307e-07
90	Research has estimated that many death row inmates were wrongly convicted and could have been exonerated.	Should the death penalty be abolished?	4	91	supports	"True

In this scenario, the argument suggests"	0.913479745388031	0.913479745388031	0.0033203617203980684	0.0033203617203980684	0.059781644493341446	0.059781644493341446	3.9253100680980424e-07	3.9253100680980424e-07	6.199549034135998e-07	6.199549034135998e-07
91	The death penalty negatively affects both the families of the victims as well as the defendant(s).	Should the death penalty be abolished?	2	92	supports	"True

In this scenario, the argument suggests"	0.9252706170082092	0.9252706170082092	0.005948929116129875	0.005948929116129875	0.04065355286002159	0.04065355286002159	5.055641736362304e-07	5.055641736362304e-07	5.684210577783233e-07	5.684210577783233e-07
92	The death penalty does not sufficiently punish criminals as they will not experience the long-term struggles of imprisonment.	Should the death penalty be abolished?	2	93		"True

In this scenario, if you agree"	0.468138724565506	0.468138724565506	0.4329575300216675	0.4329575300216675	0.08659695833921432	0.08659695833921432	1.1044411252214559e-07	1.1044411252214559e-07	2.3153799588726542e-07	2.3153799588726542e-07
93	It is more humane to kill people than to restrain their liberty for life.	Should the death penalty be abolished?	6	94	refutes	"True

Argument: ""The death penalty is"	0.8234367370605469	0.8234367370605469	0.0998942106962204	0.0998942106962204	0.06202572584152222	0.06202572584152222	1.6616505149613658e-07	1.6616505149613658e-07	3.41615134402673e-07	3.41615134402673e-07
94	Restraining liberty is done to protect the well-being of others. Once someone is restrained, the decision to live or die should be theirs alone.	Should the death penalty be abolished?	1	95	supports	"True

In this scenario, the argument suggests"	0.6824399828910828	0.6824399828910828	0.09454841911792755	0.09454841911792755	0.1986013501882553	0.1986013501882553	4.3086490109089937e-07	4.3086490109089937e-07	7.636122631993203e-07	7.636122631993203e-07
95	Killing someone is irreversible, whereas someone in prison can always commit suicide.	Should the death penalty be abolished?	5	96	supports	"True

In this case, the argument is"	0.6796988248825073	0.6796988248825073	0.10754396766424179	0.10754396766424179	0.18293845653533936	0.18293845653533936	3.3355794926137605e-07	3.3355794926137605e-07	8.159457252077118e-07	8.159457252077118e-07
96	"This manner of justice motivates and perpetuates violence and brutality. Death penalty often sends the wrong message ‘we kill people to
 show that killing is wrong’. If we are to advance as a society, then we have to move from the ‘an eye for an eye’ revenge mentality."	Should the death penalty be abolished?	1	97	supports	"True

In this context, the argument suggests"	0.9605115056037903	0.9605115056037903	0.0028944017831236124	0.0028944017831236124	0.016397902742028236	0.016397902742028236	1.4125329528269503e-07	1.4125329528269503e-07	1.8822989034106286e-07	1.8822989034106286e-07
97	Death penalty is not applied fairly in all countries.	Should the death penalty be abolished?	2	98	supports	"True

In this scenario, the argument suggests"	0.6562510132789612	0.6562510132789612	0.02729916013777256	0.02729916013777256	0.28669485449790955	0.28669485449790955	3.7212933534647163e-07	3.7212933534647163e-07	7.314454819606908e-07	7.314454819606908e-07
98	The death penalty is often used in a disproportional manner against the poor, minorities and members of racial, ethnic, political and religious groups.	Should the death penalty be abolished?	4	99	supports	"True

The question you've asked is"	0.7556447386741638	0.7556447386741638	0.0140580665320158	0.0140580665320158	0.1940656155347824	0.1940656155347824	1.1602179483816144e-06	1.1602179483816144e-06	1.0899238986894488e-06	1.0899238986894488e-06
99	No person has the moral authority to determine that another person deserves to die.	Should the death penalty be abolished?	1	100	supports	"True

In this case, the argument suggests"	0.8530480265617371	0.8530480265617371	0.023638537153601646	0.023638537153601646	0.10511614382266998	0.10511614382266998	3.587715298181138e-07	3.587715298181138e-07	6.929022333679313e-07	6.929022333679313e-07
100	Some crimes deserve the death penalty.	Should the death penalty be abolished?	1	101	refutes	"False

Argument: ""The government should not"	0.3006152808666229	0.3006152808666229	0.5113638639450073	0.5113638639450073	0.17128543555736542	0.17128543555736542	1.9735691125788435e-07	1.9735691125788435e-07	4.7621679755138757e-07	4.7621679755138757e-07
101	"This Capital punishment does not address the root cause of the crime. Our focus should be on preventing crime rather than killing criminals 
and supporting violence."	Should the death penalty be abolished?	6	102	supports	"True

Argument: ""The death penalty is"	0.9868447780609131	0.9868447780609131	0.0002680920879356563	0.0002680920879356563	0.004064640495926142	0.004064640495926142	2.3602306953307561e-07	2.3602306953307561e-07	5.7614446546949694e-08	5.7614446546949694e-08
102	There are many examples of killing that are generally accepted as moral acts. Killing in battle is viewed as heroic.	Should the death penalty be abolished?	0	103	refutes	"True

In this case, the argument is"	0.4656854569911957	0.4656854569911957	0.16604526340961456	0.16604526340961456	0.34070277214050293	0.34070277214050293	3.338138583330874e-07	3.338138583330874e-07	7.434969688802084e-07	7.434969688802084e-07
103	The death penalty goes against our most basic human right, the right to life.	Should the death penalty be abolished?	1	104	supports	"True

Argument: ""The death penalty is"	0.9888550639152527	0.9888550639152527	0.0004826554504688829	0.0004826554504688829	0.002096559852361679	0.002096559852361679	7.485657249617361e-08	7.485657249617361e-08	1.2197978094263817e-07	1.2197978094263817e-07
104	Since murder is justified in self defense, the right to life is not particularly sacred.	Should the death penalty be abolished?	7	105	refutes	"True

The argument does not necessarily imply that"	0.48434188961982727	0.48434188961982727	0.1500421166419983	0.1500421166419983	0.3226412534713745	0.3226412534713745	5.859893690285389e-07	5.859893690285389e-07	9.291211426898371e-07	9.291211426898371e-07
105	It is cheaper for the society to execute people.	Should the death penalty be abolished?	2	106	refutes	"True

In this response, the argument is"	0.48183923959732056	0.48183923959732056	0.3752567768096924	0.3752567768096924	0.12374655157327652	0.12374655157327652	2.1868937949420797e-07	2.1868937949420797e-07	4.332201797296875e-07	4.332201797296875e-07
106	It is immoral to value saving resources at the cost of the life of a human being.	Should the death penalty be abolished?	1	107	supports	"True

Argument: ""It is immoral"	0.8162052035331726	0.8162052035331726	0.08945433795452118	0.08945433795452118	0.07532810419797897	0.07532810419797897	2.541067658512475e-07	2.541067658512475e-07	5.715210704693163e-07	5.715210704693163e-07
107	With due process, it is objectively more expensive to seek the death penalty rather than life imprisonment.	Should the death penalty be abolished?	2	108	supports	"True

In this case, the argument suggests"	0.8608136177062988	0.8608136177062988	0.017181195318698883	0.017181195318698883	0.09434332698583603	0.09434332698583603	7.443051686095714e-07	7.443051686095714e-07	7.70937504057656e-07	7.70937504057656e-07
108	If the death penalty was in regular use, improvements would be made and the cost would be lowered over time.	Should the death penalty be abolished?	6	109	refutes	"False

In this scenario, the argument suggests"	0.17710725963115692	0.17710725963115692	0.5045316219329834	0.5045316219329834	0.2965988218784332	0.2965988218784332	2.783793888738728e-07	2.783793888738728e-07	6.730349468853092e-07	6.730349468853092e-07
109	The death sentence provides an effective deterrent in terms of stopping other people from committing the same crime.	Should the death penalty be abolished?	2	110	refutes	"False

In this case, the question is"	0.20722661912441254	0.20722661912441254	0.6901699900627136	0.6901699900627136	0.08372712135314941	0.08372712135314941	2.0866491468041204e-07	2.0866491468041204e-07	5.370237090573937e-07	5.370237090573937e-07
110	Among the 25 states in the US with the highest murder rate, 20 have the death penalty.	Should the death penalty be abolished?	0	111		"None

In this case, the question is"	0.23479612171649933	0.23479612171649933	0.1564079374074936	0.1564079374074936	0.5811259746551514	0.5811259746551514	4.870129259870737e-07	4.870129259870737e-07	2.3971615519258194e-06	2.3971615519258194e-06
111	In a study, 88.2% of criminology experts interviewed do not think that the death penalty deters murder.	Should the death penalty be abolished?	4	112	supports	"True

In this case, the argument suggests"	0.8311336040496826	0.8311336040496826	0.012136628851294518	0.012136628851294518	0.13357532024383545	0.13357532024383545	3.5575368428908405e-07	3.5575368428908405e-07	6.517801693917136e-07	6.517801693917136e-07
112	Giving a killer the death sentence will ensure that they do not do it again and hence saves innocent lives.	Should the death penalty be abolished?	2	113	refutes	"False

In this case, the argument suggests"	0.1833256483078003	0.1833256483078003	0.7138258814811707	0.7138258814811707	0.08459088951349258	0.08459088951349258	1.3270155818645435e-07	1.3270155818645435e-07	4.3766866042460606e-07	4.3766866042460606e-07
113	Punishing people for crimes they might commit in the future is unethical.	Should the death penalty be abolished?	1	114	supports	"True

Argument: ""The government should not"	0.9406188130378723	0.9406188130378723	0.013628496788442135	0.013628496788442135	0.0342620387673378	0.0342620387673378	1.2969343288204982e-07	1.2969343288204982e-07	2.0563669522744021e-07	2.0563669522744021e-07
114	Long/life sentences already serve as a deterrent to crime.	Should the death penalty be abolished?	6	115	supports	"True

In this case, the argument suggests"	0.5602606534957886	0.5602606534957886	0.1580287665128708	0.1580287665128708	0.24861416220664978	0.24861416220664978	3.2270068572870514e-07	3.2270068572870514e-07	7.532381687269663e-07	7.532381687269663e-07
115	Properly restraining a criminal ensures others will be safe, killing them is unnecessary and hypocritical.	Should the death penalty be abolished?	6	116	supports	"True

In this scenario, the argument suggests"	0.986033022403717	0.986033022403717	0.00042472637142054737	0.00042472637142054737	0.0027054068632423878	0.0027054068632423878	3.842289331146276e-08	3.842289331146276e-08	5.525366830738676e-08	5.525366830738676e-08
116	Despite a wide variety of attempted measures, COVID-19 has continued to spread at a dangerous rate - vaccines are the best remaining option to protect and improve our lives.	Should Covid-19 vaccines be mandatory?	2	117	supports	"True

Question: Is it safe to travel"	0.9703495502471924	0.9703495502471924	0.0003603133955039084	0.0003603133955039084	0.021105453372001648	0.021105453372001648	1.691298905370786e-07	1.691298905370786e-07	1.2967636564553686e-07	1.2967636564553686e-07
117	Vaccines have eradicated diseases in the past, like rinderpest and smallpox (p. 4).	Should Covid-19 vaccines be mandatory?	0	118	insufficient-supports	"True

Explanation:
The argument"	0.8674649596214294	0.8674649596214294	0.006173479370772839	0.006173479370772839	0.1068926528096199	0.1068926528096199	3.627035027875536e-07	3.627035027875536e-07	4.88070895698911e-07	4.88070895698911e-07
118	During the SARS outbreak, strong public health measures were able to sufficiently stop the spread of the virus without requiring vaccination.	Should Covid-19 vaccines be mandatory?	6	119	refutes	"None

Explanation:
The question"	0.2617916464805603	0.2617916464805603	0.21703289449214935	0.21703289449214935	0.512563169002533	0.512563169002533	1.2897544365841895e-07	1.2897544365841895e-07	3.76129889900767e-07	3.76129889900767e-07
119	There has not been perfect enforcement of other measures. New Zealand's example proves that incidences of COVID-19 spread can be virtually eliminated without a vaccine.	Should Covid-19 vaccines be mandatory?	0	120	refutes	"None

Explanation: The argument does"	0.2037178874015808	0.2037178874015808	0.05928528681397438	0.05928528681397438	0.7222426533699036	0.7222426533699036	1.7511621308585745e-07	1.7511621308585745e-07	4.788125806953758e-07	4.788125806953758e-07
120	Vaccines are the least harmful way to mitigate the spread of COVID-19.	Should Covid-19 vaccines be mandatory?	2	121	supports	"True

Argument: ""Vaccines are"	0.9005786180496216	0.9005786180496216	0.005272014532238245	0.005272014532238245	0.07869168370962143	0.07869168370962143	3.55119482264854e-07	3.55119482264854e-07	3.523558973483887e-07	3.523558973483887e-07
121	Maintaining social distancing measures long-term could have severe impacts on the global economy and exacerbate harms to marginalized communities.	Should Covid-19 vaccines be mandatory?	5	122	insufficient-neutral	"None

The question asked is about the long"	0.2431696355342865	0.2431696355342865	0.04569021984934807	0.04569021984934807	0.7036346197128296	0.7036346197128296	9.970726466690394e-08	9.970726466690394e-08	1.990676565810645e-07	1.990676565810645e-07
122	Social distancing measures have an especially devastating impact on lives and livelihoods in developing countries.	Should Covid-19 vaccines be mandatory?	0	123	insufficient-neutral	"None

The question asked is about the impact"	0.1654219925403595	0.1654219925403595	0.04966868460178375	0.04966868460178375	0.7769489884376526	0.7769489884376526	1.3228354589500668e-07	1.3228354589500668e-07	2.811403305713611e-07	2.811403305713611e-07
123	Technology and social innovations can help mitigate the harms of social distancing.	Should Covid-19 vaccines be mandatory?	3	124	insufficient-neutral	"None

Argument: ""Technology and"	0.0371987521648407	0.0371987521648407	0.029426636174321175	0.029426636174321175	0.9298518300056458	0.9298518300056458	4.716541113225503e-08	4.716541113225503e-08	1.1857382986590892e-07	1.1857382986590892e-07
124	Any COVID-19 vaccine produced is unlikely to undergo the level of clinical testing necessary to confirm it is both safe, and effective.	Should Covid-19 vaccines be mandatory?	3	125	refutes	"None

Argument: ""Any COVID-1"	0.14329254627227783	0.14329254627227783	0.08967018127441406	0.08967018127441406	0.7507992386817932	0.7507992386817932	3.018971312940266e-07	3.018971312940266e-07	5.684417487827886e-07	5.684417487827886e-07
125	It is an infringement of the right to personal autonomy.	Should Covid-19 vaccines be mandatory?	1	126	refutes	"False

Argument: ""It is an inf"	0.3543558716773987	0.3543558716773987	0.4919743835926056	0.4919743835926056	0.14771750569343567	0.14771750569343567	9.326281968924377e-08	9.326281968924377e-08	1.9098949621820793e-07	1.9098949621820793e-07
126	This would be unconstitutional based on freedom of privacy, and contrary to the constitutional principles arrived at in Roe vs Wade.	Should Covid-19 vaccines be mandatory?	4	127	refutes	"False

Explanation:
The question"	0.0427885465323925	0.0427885465323925	0.5212712287902832	0.5212712287902832	0.4321490228176117	0.4321490228176117	2.842223167931479e-08	2.842223167931479e-08	1.5576424061691796e-07	1.5576424061691796e-07
127	It is a duty of the state to protect its citizens from life-threatening diseases such as COVID-19.	Should Covid-19 vaccines be mandatory?	1	128	supports	"True

Argument: ""It is a duty"	0.9759387969970703	0.9759387969970703	0.001151669304817915	0.001151669304817915	0.010426361113786697	0.010426361113786697	9.412404722297651e-08	9.412404722297651e-08	1.472128019486263e-07	1.472128019486263e-07
128	There is already a precedent for the state passing laws governing bodily choices in the name of public safety, such as banning the use of methamphetamine.	Should Covid-19 vaccines be mandatory?	7	129	supports	"True

Explanation: The argument suggests"	0.9650659561157227	0.9650659561157227	0.00419837050139904	0.00419837050139904	0.02531941421329975	0.02531941421329975	6.236595595510153e-08	6.236595595510153e-08	1.461424687931867e-07	1.461424687931867e-07
129	In some places in the US, healthcare workers are required to get vaccinated against the seasonal flu or to provide a reason for exemption from their physician.	Should Covid-19 vaccines be mandatory?	0	130	supports	"True

Explanation: The question is"	0.8432260751724243	0.8432260751724243	0.009079190902411938	0.009079190902411938	0.13134929537773132	0.13134929537773132	2.514778714157728e-07	2.514778714157728e-07	7.791584266669815e-07	7.791584266669815e-07
130	Forcing citizens to undergo a medical procedure against their will increases mistrust in public institutions and increases the influence of the anti-vaccination movement.	Should Covid-19 vaccines be mandatory?	5	131	refutes	"True or False or None

Answer:"	0.47007015347480774	0.47007015347480774	0.1265176683664322	0.1265176683664322	0.38366007804870605	0.38366007804870605	5.844880206495873e-07	5.844880206495873e-07	1.4867234767734772e-06	1.4867234767734772e-06
131	The state should not mandate its citizens to undertake tasks that may carry a risk of harm.	Should Covid-19 vaccines be mandatory?	1	132	refutes	"True

Argument: ""The state should not"	0.9597297310829163	0.9597297310829163	0.01286038476973772	0.01286038476973772	0.021537095308303833	0.021537095308303833	6.165876698105421e-08	6.165876698105421e-08	1.333663419700315e-07	1.333663419700315e-07
132	Mandatory vaccinations can be enforced through non-state actors such as workplaces, stores and privately owned public spaces, which could require a proof of vaccination for entry.	Should Covid-19 vaccines be mandatory?	6	133	supports	"True

Question: Can Covid-19"	0.8302096724510193	0.8302096724510193	0.023186106234788895	0.023186106234788895	0.13135823607444763	0.13135823607444763	6.638965146521514e-07	6.638965146521514e-07	1.2897309034087812e-06	1.2897309034087812e-06
133	"Airlines sometimes require ""fitness to fly"" certificate from passengers flying with them. This could be extended to include proof of immunization from COVID-19."	Should Covid-19 vaccines be mandatory?	7	134	supports	"True

In this context, the question is"	0.7529398202896118	0.7529398202896118	0.006071907002478838	0.006071907002478838	0.21911796927452087	0.21911796927452087	4.5449337449099403e-07	4.5449337449099403e-07	1.0608647471599397e-06	1.0608647471599397e-06
134	The quickest and safest way to develop herd immunity is through a mandatory vaccination policy.	Should Covid-19 vaccines be mandatory?	4	135	supports	"True

Argument: ""The quickest and"	0.9788329005241394	0.9788329005241394	0.0017751074628904462	0.0017751074628904462	0.013116368092596531	0.013116368092596531	1.0929591098829405e-07	1.0929591098829405e-07	1.0108219328230916e-07	1.0108219328230916e-07
135	The possibility of reinfection has not yet been ruled out and would make attaining herd immunity practically impossible.	Should Covid-19 vaccines be mandatory?	3	136	insufficient-neutral	"True

Explanation:
The question"	0.6717371344566345	0.6717371344566345	0.051798805594444275	0.051798805594444275	0.2671985626220703	0.2671985626220703	1.2009321892492153e-07	1.2009321892492153e-07	2.628205209020962e-07	2.628205209020962e-07
136	Due to growing anti-vaccination sentiment, it is unlikely that the government will be able to enforce mandatory vaccinations.	Should Covid-19 vaccines be mandatory?	3	137	insufficient-neutral	"None

Argument: ""Due to growing"	0.3699696958065033	0.3699696958065033	0.040865905582904816	0.040865905582904816	0.5730202794075012	0.5730202794075012	3.5547782317735255e-07	3.5547782317735255e-07	7.351138719968731e-07	7.351138719968731e-07
137	Attaching vaccine requirements to attend schools or daycares have been shown to significantly increase the vaccination rate to herd immunity levels in the US (p. 269).	Should Covid-19 vaccines be mandatory?	0	138	supports	"True

Question: Should Covid-19"	0.9645568132400513	0.9645568132400513	0.002281410153955221	0.002281410153955221	0.021815184503793716	0.021815184503793716	2.1335566202651535e-07	2.1335566202651535e-07	4.226541818752594e-07	4.226541818752594e-07
138	Providing vaccinations to an entire population requires huge amounts of resources which can otherwise be used towards addressing more urgent public health issues.	Should Covid-19 vaccines be mandatory?	6	139	refutes	"True

Question: Should Covid-19"	0.45474696159362793	0.45474696159362793	0.19255197048187256	0.19255197048187256	0.3432610034942627	0.3432610034942627	2.2579480685180897e-07	2.2579480685180897e-07	3.6364900779517484e-07	3.6364900779517484e-07
139	Governments have given billions of taxpayers dollars to different drug companies to make the COVID-19 vaccine, much of which could be wasted if the vaccine doesn't work.	Should Covid-19 vaccines be mandatory?	5	140	refutes	"True

Answer: None

The"	0.6825147271156311	0.6825147271156311	0.024095717817544937	0.024095717817544937	0.2757608890533447	0.2757608890533447	2.6136137876164867e-07	2.6136137876164867e-07	3.183558021646604e-07	3.183558021646604e-07
140	COVID-19 is the most urgent public health issue at the moment, and should therefore have priority.	Should Covid-19 vaccines be mandatory?	1	141	insufficient-neutral	"True

Argument: ""COVID-1"	0.9595847129821777	0.9595847129821777	0.003487946232780814	0.003487946232780814	0.026799295097589493	0.026799295097589493	5.9403600261020983e-08	5.9403600261020983e-08	1.0144442796899966e-07	1.0144442796899966e-07
141	Mandatory vaccine policies have proved extremely helpful in the fight against other preventable illnesses.	Should Covid-19 vaccines be mandatory?	7	142	supports	"True

Argument: ""The government should not"	0.9873642325401306	0.9873642325401306	0.0007464243681170046	0.0007464243681170046	0.005780059844255447	0.005780059844255447	8.552688512963869e-08	8.552688512963869e-08	9.504016418304673e-08	9.504016418304673e-08
142	A mandatory vaccine policy would vastly increase already present inequalities in medical treatment.	Should Covid-19 vaccines be mandatory?	5	143	refutes	"True or False or None

Answer:"	0.41285595297813416	0.41285595297813416	0.3369632065296173	0.3369632065296173	0.2389426976442337	0.2389426976442337	2.7693022275343537e-07	2.7693022275343537e-07	5.173737918084953e-07	5.173737918084953e-07
143	Differences over how to distribute the vaccine in a mandatory system will lead to some people being prioritized over others.	Should Covid-19 vaccines be mandatory?	3	144	refutes	"True

Argument: ""The vaccine is not"	0.9058027267456055	0.9058027267456055	0.027352873235940933	0.027352873235940933	0.057906027883291245	0.057906027883291245	1.1732608840020475e-07	1.1732608840020475e-07	2.3979896468517836e-07	2.3979896468517836e-07
144	"A mandatory vaccine policy would It will be easier for rich countries to access, produce and distribute COVID-19 vaccines. These countries will therefore recover faster from the pandemic. 
This will increase existing inequality in public health and economy between rich and poor countries.greatly increase competition between countries for supply, increasing the already inequitable distribution of vaccines throughout the world."	Should Covid-19 vaccines be mandatory?	3	145	refutes	"True

Question: Will mandatory vaccine policies increase"	0.7155073285102844	0.7155073285102844	0.22514435648918152	0.22514435648918152	0.04296955466270447	0.04296955466270447	1.369686941643522e-07	1.369686941643522e-07	8.912722648801719e-08	8.912722648801719e-08
145	Mandatory vaccination could result in rich countries hoarding vaccines for their population. This could make vaccines inaccessible or unaffordable for poorer countries.	Should Covid-19 vaccines be mandatory?	3	146	refutes	"True

In this scenario, the argument suggests"	0.7037972807884216	0.7037972807884216	0.09088685363531113	0.09088685363531113	0.1954374462366104	0.1954374462366104	1.9450121158115508e-07	1.9450121158115508e-07	2.852171689937677e-07	2.852171689937677e-07
146	"A study of European countries discovered, ""Those [countries] where a vaccination is mandatory do not usually reach better coverage than neighbour or similar countries where there is no legal obligation."""	Should Covid-19 vaccines be mandatory?	4	147	refutes	"True

Question: Should Covid-19"	0.5830510258674622	0.5830510258674622	0.08666279911994934	0.08666279911994934	0.3169993460178375	0.3169993460178375	3.92622183653657e-07	3.92622183653657e-07	7.567990678580827e-07	7.567990678580827e-07
147	"While the United States has been relatively prosperous and successful for centuries, countries that presented themselves as 
alternatives to Capitalism dissolved, for example the Soviet Union."	Is capitalism the most moral system?	0	148	insufficient-supports	"None

Argument: ""While the United States"	0.11274740844964981	0.11274740844964981	0.005836974363774061	0.005836974363774061	0.8730781078338623	0.8730781078338623	9.710732484791151e-08	9.710732484791151e-08	2.3477539912164502e-07	2.3477539912164502e-07
148	"Capitalism is the only economic system that allows individuals to be independent and autonomous in acting socially and
economically without the intrusion of government."	Is capitalism the most moral system?	2	149	supports	"None

Argument: ""Capitalism is"	0.09295567870140076	0.09295567870140076	0.006947437301278114	0.006947437301278114	0.8958274722099304	0.8958274722099304	6.483542591695368e-08	6.483542591695368e-08	1.1072043548665533e-07	1.1072043548665533e-07
149	Capitalism, by virtue of the free market and a general lack of state intervention, enables more freedom than any comparable systems.	Is capitalism the most moral system?	2	150	supports	"None

Argument: ""Capitalism,"	0.312610387802124	0.312610387802124	0.007949290797114372	0.007949290797114372	0.6722179651260376	0.6722179651260376	9.214457463713188e-08	9.214457463713188e-08	1.2743132060677453e-07	1.2743132060677453e-07
150	"One of the foundations of capitalism is the idea that transactions should be voluntary and not imposed, as is the case for
 government-mandated taxes."	Is capitalism the most moral system?	1	151	supports	"None

Argument: ""One of the found"	0.23126499354839325	0.23126499354839325	0.01294554490596056	0.01294554490596056	0.7465325593948364	0.7465325593948364	1.409673018315516e-07	1.409673018315516e-07	2.38858604006964e-07	2.38858604006964e-07
151	Capitalism puts people under constant stress through the way it structures life.	Is capitalism the most moral system?	5	152	refutes	"None

Argument: ""Capitalism puts"	0.07470601797103882	0.07470601797103882	0.18781091272830963	0.18781091272830963	0.7312904000282288	0.7312904000282288	5.3238100150565515e-08	5.3238100150565515e-08	1.1605580851892228e-07	1.1605580851892228e-07
152	Even though it causes stress, capitalism may still cause less stress than any alternative system.	Is capitalism the most moral system?	6	153		"None

Argument: ""Even though it causes"	0.02039366215467453	0.02039366215467453	0.008702946826815605	0.008702946826815605	0.9673874974250793	0.9673874974250793	2.386783037877649e-08	2.386783037877649e-08	4.012753507254274e-08	4.012753507254274e-08
153	Capitalism is based upon free trade, which has been found to make people nicer.	Is capitalism the most moral system?	4	154	supports	"None

Argument: ""Capitalism is"	0.279837042093277	0.279837042093277	0.013716265559196472	0.013716265559196472	0.692603349685669	0.692603349685669	1.936639222321901e-07	1.936639222321901e-07	2.6009479370259214e-07	2.6009479370259214e-07
154	Capitalism promotes co-operation.	Is capitalism the most moral system?	1	155	supports	"None

Argument: ""Capitalism prom"	0.1235375627875328	0.1235375627875328	0.024325987324118614	0.024325987324118614	0.8442260026931763	0.8442260026931763	1.1986338677161257e-07	1.1986338677161257e-07	1.5390764929179568e-07	1.5390764929179568e-07
155	"Capitalism in its most basic form (the use of a common mean of value to make a trade) is morally neutral, because it's neither
 good nor bad."	Is capitalism the most moral system?	1	156	refutes	"None

Argument: ""Capitalism in"	0.02603636495769024	0.02603636495769024	0.008789489977061749	0.008789489977061749	0.9618602991104126	0.9618602991104126	2.2120154596905195e-08	2.2120154596905195e-08	4.9460613382734664e-08	4.9460613382734664e-08
156	Capitalism, by virtue of being the system which most closely adheres to natural selection, is the most moral system.	Is capitalism the most moral system?	1	157	supports	"True or False

Answer: True or"	0.8804119229316711	0.8804119229316711	0.002453651512041688	0.002453651512041688	0.10352000594139099	0.10352000594139099	1.3074439664251258e-07	1.3074439664251258e-07	1.54355717540966e-07	1.54355717540966e-07
157	This is the naturalistic fallacy. By this reasoning, rape and murder are moral because they are also natural.	Is capitalism the most moral system?	7	158	refutes	"None

The argument provided is an example of"	0.17290306091308594	0.17290306091308594	0.1624273955821991	0.1624273955821991	0.6525293588638306	0.6525293588638306	1.3559166234244913e-07	1.3559166234244913e-07	2.904311884321942e-07	2.904311884321942e-07
158	Capitalism inevitably leads to various forms of exploitation.	Is capitalism the most moral system?	5	159	refutes	"False

Argument: ""Capitalism inev"	0.02493399754166603	0.02493399754166603	0.7401532530784607	0.7401532530784607	0.22928877174854279	0.22928877174854279	2.6726326041170978e-08	2.6726326041170978e-08	7.43725223628644e-08	7.43725223628644e-08
159	Capitalism does not take externalities into account, many of which are devastating to both people and the environment.	Is capitalism the most moral system?	5	160	refutes	"False

Argument: ""Capitalism is"	0.007499568164348602	0.007499568164348602	0.9446201920509338	0.9446201920509338	0.0402267761528492	0.0402267761528492	3.123952296846255e-08	3.123952296846255e-08	8.29507200705848e-08	8.29507200705848e-08
160	Pollution and the usage of fossil fuels would be examples of this.	Is capitalism the most moral system?	0	161	refutes	"None

Argument: ""Pollution and"	0.11272374540567398	0.11272374540567398	0.11097612977027893	0.11097612977027893	0.7703269720077515	0.7703269720077515	4.6220311133993164e-08	4.6220311133993164e-08	2.0553305546400225e-07	2.0553305546400225e-07
161	Capitalism treats people as equals.	Is capitalism the most moral system?	1	162	supports	"None

Argument: ""Capitalism treats"	0.3188694715499878	0.3188694715499878	0.025369098410010338	0.025369098410010338	0.6441340446472168	0.6441340446472168	1.9210204982300638e-07	1.9210204982300638e-07	2.9637351417477475e-07	2.9637351417477475e-07
162	"And neither in risk. If the company fails the employee only loses their job, while the employer might lose their entire life savings
 and go bankrupt."	Is capitalism the most moral system?	1	163	supports	"None

Argument: ""And neither in risk"	0.06012215465307236	0.06012215465307236	0.024291545152664185	0.024291545152664185	0.911533534526825	0.911533534526825	3.572859696987507e-08	3.572859696987507e-08	1.160110940645609e-07	1.160110940645609e-07
163	Losing one's job has a higher probability of leading to bankruptcy, homelessness and starvation than losing one's business.	Is capitalism the most moral system?	0	164	insufficient-neutral	"None

Argument: ""Losing one'"	0.3516080379486084	0.3516080379486084	0.1072343960404396	0.1072343960404396	0.527826189994812	0.527826189994812	1.315253399525318e-07	1.315253399525318e-07	2.349276542190637e-07	2.349276542190637e-07
164	Capitalism, more than any other system put into thought or action, helps the poor.	Is capitalism the most moral system?	2	165	supports	"None

Argument: ""Capitalism,"	0.26157841086387634	0.26157841086387634	0.015107202343642712	0.015107202343642712	0.7110438346862793	0.7110438346862793	2.754958927653206e-07	2.754958927653206e-07	3.930911134375492e-07	3.930911134375492e-07
165	Incentivizing moral behavior is de facto an ok thing to do because it causes more moral behavior to take place.	Is it ok to incentivise moral behavior?	2	166	supports	"True

Argument: ""Incentivizing"	0.97789067029953	0.97789067029953	0.0005041332915425301	0.0005041332915425301	0.0017595980316400528	0.0017595980316400528	6.331828217298607e-08	6.331828217298607e-08	9.76869358737531e-08	9.76869358737531e-08
166	Bought morality is not morality. Incentivising moral behavior reduces ethics to the category of compliance.	Is it ok to incentivise moral behavior?	5	167	refutes	"False

Incentivizing moral behavior does"	0.09627927094697952	0.09627927094697952	0.8188312649726868	0.8188312649726868	0.07154867798089981	0.07154867798089981	2.096950169061529e-07	2.096950169061529e-07	4.1136559048027266e-07	4.1136559048027266e-07
167	By reducing ethics to behavioral inducements, the system devalues the ethicality of all actions, regardless of their objective desirability. Source	Is it ok to incentivise moral behavior?	5	168	refutes	None	0.15227355062961578	0.15227355062961578	0.3173653483390808	0.3173653483390808	0.5151348114013672	0.5151348114013672	2.4839428647283057e-07	2.4839428647283057e-07	5.854841447217041e-07	5.854841447217041e-07
168	Being paid to behave morally is not the right reason to do so.	Is it ok to incentivise moral behavior?	1	169	refutes	"False

In this scenario, the argument suggests"	0.41959309577941895	0.41959309577941895	0.4536883234977722	0.4536883234977722	0.11651679873466492	0.11651679873466492	1.0893305812942344e-07	1.0893305812942344e-07	2.649140355970303e-07	2.649140355970303e-07
169	A person may do the right thing without an incentive being necessary, however it may be perceived as just an added perk.	Is it ok to incentivise moral behavior?	3	170	insufficient-supports	"True

Argument: ""A person may do"	0.8808462619781494	0.8808462619781494	0.02538118325173855	0.02538118325173855	0.081931471824646	0.081931471824646	1.0718095921902204e-07	1.0718095921902204e-07	2.621848693706852e-07	2.621848693706852e-07
170	Paying someone for morality is like paying a bribe.	Is it ok to incentivise moral behavior?	7	171	refutes	"False

Incentivizing moral behavior is"	0.3793163001537323	0.3793163001537323	0.487051784992218	0.487051784992218	0.11389140784740448	0.11389140784740448	2.2629733109624794e-07	2.2629733109624794e-07	5.417998636403354e-07	5.417998636403354e-07
171	Since what is morally correct is subjective, incentivising morally correct behaviour is no different that incentivising morally incorrect behavior.	Is it ok to incentivise moral behavior?	7	172	refutes	"True

Incentivising moral behavior is"	0.8474900126457214	0.8474900126457214	0.06690117716789246	0.06690117716789246	0.0658639669418335	0.0658639669418335	2.0508296927346237e-07	2.0508296927346237e-07	3.794219765040907e-07	3.794219765040907e-07
172	Using a promotion as an incentive for treating customers well can help a business's reputation, thus making it mutually beneficial.	Is it ok to incentivise moral behavior?	2	173	supports	"True

Argument: ""A business should not"	0.9870755076408386	0.9870755076408386	0.0002480026159901172	0.0002480026159901172	0.0050993929617106915	0.0050993929617106915	1.4233091150117616e-08	1.4233091150117616e-08	3.264356251975187e-08	3.264356251975187e-08
173	Rewarding customer service employees, for example, may improve the quality of service provided to customers. This can then create a favorable reputation for the business.	Is it ok to incentivise moral behavior?	0	174	supports	"True

Argument: ""Rewarding customer"	0.9868384003639221	0.9868384003639221	0.00010335803381167352	0.00010335803381167352	0.0020922841504216194	0.0020922841504216194	1.673393512646726e-08	1.673393512646726e-08	3.662173142515712e-08	3.662173142515712e-08
174	Morality is not objectively measurable so incentivising it effectively is not possible.	Is it ok to incentivise moral behavior?	3	175	refutes	"True

Argument: ""Morality is"	0.5907570123672485	0.5907570123672485	0.20099493861198425	0.20099493861198425	0.18588992953300476	0.18588992953300476	2.6038196665467694e-07	2.6038196665467694e-07	4.941181828144181e-07	4.941181828144181e-07
175	A group of people (e.g. an ethics committee) could be a good judge.	Is it ok to incentivise moral behavior?	0	176	insufficient-neutral	"True

Argument: ""A group of people"	0.9043956398963928	0.9043956398963928	0.015082225203514099	0.015082225203514099	0.06654590368270874	0.06654590368270874	1.4808368575813802e-07	1.4808368575813802e-07	2.171503581394063e-07	2.171503581394063e-07
176	Morality is objective.  (link to other kialo debate)	Is it ok to incentivise moral behavior?	4	177	insufficient-neutral	"True

Argument: ""Morality is"	0.872148871421814	0.872148871421814	0.02474096044898033	0.02474096044898033	0.055754609405994415	0.055754609405994415	4.907062702841358e-07	4.907062702841358e-07	6.564596901625919e-07	6.564596901625919e-07
177	One can measure certain good deeds quantitatively, such as the amount of money donated or the number of people helped over the street.	Is it ok to incentivise moral behavior?	0	178	insufficient-neutral	"True

In this case, the argument suggests"	0.877831220626831	0.877831220626831	0.02249722182750702	0.02249722182750702	0.0829368382692337	0.0829368382692337	2.323938730341979e-07	2.323938730341979e-07	3.7063972513351473e-07	3.7063972513351473e-07
178	The intrinsic value of morality is lower than the practical value of ensuring consistent moral behaviour throughout society.	Is it ok to incentivise moral behavior?	1	179	supports	"True

Argument: ""The intrinsic value"	0.9668385982513428	0.9668385982513428	0.003199818544089794	0.003199818544089794	0.01827038824558258	0.01827038824558258	6.61215864283804e-08	6.61215864283804e-08	8.085578429017914e-08	8.085578429017914e-08
179	Societies do not punish people that would love to steal something but aren't capable of executing the heist.	Is it ok to incentivise moral behavior?	7	180	insufficient-neutral	"True

Argument: ""The government should not"	0.8376869559288025	0.8376869559288025	0.055684786289930344	0.055684786289930344	0.0910942330956459	0.0910942330956459	1.093542394414726e-07	1.093542394414726e-07	2.6854812062993005e-07	2.6854812062993005e-07
180	Moral behaviour is relative; sociologically driven reinforcement of 'correct' behaviour is helpful.	Is it ok to incentivise moral behavior?	1	181	supports	"True

Argument: ""Moral behaviour is"	0.9763264060020447	0.9763264060020447	0.0017295468132942915	0.0017295468132942915	0.0072249979712069035	0.0072249979712069035	7.610545793568235e-08	7.610545793568235e-08	1.1559454549114889e-07	1.1559454549114889e-07
181	Moral behaviour is not something which is inherent to human beings and needs to be taught. Helping people improve their moral behaviour should therefore be commended.	Is it ok to incentivise moral behavior?	1	182	supports	"True

Argument: ""Moral behaviour is"	0.950208842754364	0.950208842754364	0.004264955408871174	0.004264955408871174	0.02269867993891239	0.02269867993891239	1.8548492164427444e-07	1.8548492164427444e-07	2.0813938306218915e-07	2.0813938306218915e-07
182	Children are taught the difference between right and wrong by their parents. Without this guidance, they would behave in a manner that is more in alignment with instinct than moral correctness.	Is it ok to incentivise moral behavior?	3	183	insufficient-neutral	"True

Argument: ""Children are taught the"	0.9275559186935425	0.9275559186935425	0.003941713832318783	0.003941713832318783	0.05484044924378395	0.05484044924378395	1.268970493129018e-07	1.268970493129018e-07	1.6518201562121249e-07	1.6518201562121249e-07
183	Moral behavior's inherency to human nature is irrelevant to whether or not incentivizing moral behavior is good.	Is it ok to incentivise moral behavior?	1	184	insufficient-neutral	"True

Argument: ""Moral behavior'"	0.9551807045936584	0.9551807045936584	0.0013596306089311838	0.0013596306089311838	0.0231767725199461	0.0231767725199461	1.2665584847582068e-07	1.2665584847582068e-07	1.278987866726311e-07	1.278987866726311e-07
184	"The only one that can properly evaluate the morality of an action is the person performing the action.
Therefore, incentivising the behaviour can only be done subjectively.
"	Is it ok to incentivise moral behavior?	3	185	insufficient-neutral	"True

Incentivizing moral behavior can"	0.8091525435447693	0.8091525435447693	0.03755005821585655	0.03755005821585655	0.1384296864271164	0.1384296864271164	1.626460175430111e-07	1.626460175430111e-07	1.5702732980571454e-07	1.5702732980571454e-07
185	Some people get to be known for their moral attitude and impactful choices not only by themselves and their colleagues, but also get recognised as morally good by wider population. Virtue of those could be easily recognised and rewarded.	Is it ok to incentivise moral behavior?	1	186	supports	"True

Argument: ""Some people get to"	0.9414447546005249	0.9414447546005249	0.006858856417238712	0.006858856417238712	0.02933160774409771	0.02933160774409771	1.9870721246206813e-07	1.9870721246206813e-07	2.5714624030115374e-07	2.5714624030115374e-07
186	Not being punished for rule-breaking and enjoying the liberties and benefits of not being incarcerated are equivalent to directly incentivizing good behavior.	Is it ok to incentivise moral behavior?	7	187	insufficient-neutral	"True

Argument: ""Not being punished"	0.8106793761253357	0.8106793761253357	0.006287085358053446	0.006287085358053446	0.16214607656002045	0.16214607656002045	3.629418188211275e-07	3.629418188211275e-07	4.883916062681237e-07	4.883916062681237e-07
187	As incentives are usually scarce, this will lead to competition. People competing for morality is not ok.	Is it ok to incentivise moral behavior?	3	188	refutes	"False

Incentivizing moral behavior is"	0.05311855301260948	0.05311855301260948	0.8640137910842896	0.8640137910842896	0.0682055652141571	0.0682055652141571	9.368985587343559e-08	9.368985587343559e-08	3.6409389281288895e-07	3.6409389281288895e-07
188	Competition means you can either make yourself look good or others look bad. This is not good for overall morality.	Is it ok to incentivise moral behavior?	1	189	refutes	"True

The argument suggests that competition can lead"	0.857027530670166	0.857027530670166	0.027121996507048607	0.027121996507048607	0.0976700633764267	0.0976700633764267	1.4309544837942667e-07	1.4309544837942667e-07	2.9533822498706286e-07	2.9533822498706286e-07
189	Incentivising moral behaviour sends a clear message that morality is valued.	Is it ok to incentivise moral behavior?	3	190	supports	"True

Argument: ""Incentivising"	0.9882405996322632	0.9882405996322632	0.00012006778706563637	0.00012006778706563637	0.0005339189083315432	0.0005339189083315432	2.2994726123215514e-08	2.2994726123215514e-08	3.638837142716511e-08	3.638837142716511e-08
190	Behaving ethically should be the “ticket of admission” for even having a job Source	Is it ok to incentivise moral behavior?	4	191	supports	"True

Argument: ""Behaving eth"	0.9771406650543213	0.9771406650543213	0.0005404411931522191	0.0005404411931522191	0.004969805013388395	0.004969805013388395	4.2064478122938453e-08	4.2064478122938453e-08	6.894742909935303e-08	6.894742909935303e-08
191	Incentivising moral behavior is the easiest way to get people to do the right thing.	Is it ok to incentivise moral behavior?	2	192	supports	"True

Argument: ""The government should not"	0.9843301177024841	0.9843301177024841	0.00020663761824835092	0.00020663761824835092	0.003207201836630702	0.003207201836630702	3.398200831838949e-08	3.398200831838949e-08	4.699541378272443e-08	4.699541378272443e-08
192	If doing the right thing is costly, it would be good to compensate.	Is it ok to incentivise moral behavior?	2	193	supports	"True

Argument: ""If doing the right"	0.9803295135498047	0.9803295135498047	0.001165923778899014	0.001165923778899014	0.006605408154428005	0.006605408154428005	4.885936988330286e-08	4.885936988330286e-08	1.1998703541848954e-07	1.1998703541848954e-07
193	Whistle-blowers often pay a high price for doing the right thing. This is very discouraging for other potential whistle-blowers. Compensation would mitigate this effect.	Is it ok to incentivise moral behavior?	0	194	supports	"True

In this context, incentivizing"	0.9769385457038879	0.9769385457038879	0.0004731282533612102	0.0004731282533612102	0.010195269249379635	0.010195269249379635	4.3645762559663126e-08	4.3645762559663126e-08	6.988208411939922e-08	6.988208411939922e-08
194	The perspective of compensation might encourage false cases of whistle-blowing.	Is it ok to incentivise moral behavior?	5	195	refutes	"None

Argument: ""The perspective of compensation"	0.36172837018966675	0.36172837018966675	0.2126491516828537	0.2126491516828537	0.4098919630050659	0.4098919630050659	2.0794290378489677e-07	2.0794290378489677e-07	6.493263526863302e-07	6.493263526863302e-07
195	It might make whistle-blowing an interesting tool for employees who hold a grudge against their employer.	Is it ok to incentivise moral behavior?	5	196	refutes	"True

The question is not directly related to"	0.7492870688438416	0.7492870688438416	0.041616518050432205	0.041616518050432205	0.19243283569812775	0.19243283569812775	1.4427801886540692e-07	1.4427801886540692e-07	3.7569338928733487e-07	3.7569338928733487e-07
196	A one-size-fits-all prescription to good health is both ideologically and practically dangerous.	Do people have a right to not wear a mask in public spaces during the Covid-19 pandemic?	1	197	supports	"True

Argument: ""A one-size"	0.8613023161888123	0.8613023161888123	0.015052898786962032	0.015052898786962032	0.12026475369930267	0.12026475369930267	3.246641355758584e-08	3.246641355758584e-08	8.688462571626587e-08	8.688462571626587e-08
197	"The UK government has made exceptions to the rule requiring masks for specific groups of people.
 This is an acknowledgement of the practical dangers of a one-size-fits-all prescription."	Do people have a right to not wear a mask in public spaces during the Covid-19 pandemic?	3	198	supports	True	0.9764147996902466	0.9764147996902466	0.0011888067238032818	0.0011888067238032818	0.019336847588419914	0.019336847588419914	2.2586824854897714e-08	2.2586824854897714e-08	3.1604653116801273e-08	3.1604653116801273e-08
198	It is not reasonable for everyone to wear masks.	Do people have a right to not wear a mask in public spaces during the Covid-19 pandemic?	1	199	supports	"True

Argument: ""The government should mand"	0.9943976402282715	0.9943976402282715	0.00018712323799263686	0.00018712323799263686	0.002315526595339179	0.002315526595339179	2.9130780010433455e-09	2.9130780010433455e-09	7.195868789722226e-09	7.195868789722226e-09
199	For people with certain underlying conditions and medical considerations, mask wearing is not possible.	Do people have a right to not wear a mask in public spaces during the Covid-19 pandemic?	3	200	supports	"True

Explanation:
The argument"	0.9501575827598572	0.9501575827598572	0.005562250968068838	0.005562250968068838	0.04109978303313255	0.04109978303313255	1.9587131916409817e-08	1.9587131916409817e-08	2.9925196542990307e-08	2.9925196542990307e-08
200	Many rape survivors, for whom wearing a mask can trigger trauma and flashbacks, are being stigmatized for not wearing masks.	Do people have a right to not wear a mask in public spaces during the Covid-19 pandemic?	0	201	supports	"True

The question is not directly related to"	0.9778600931167603	0.9778600931167603	0.0006176576716825366	0.0006176576716825366	0.017910132184624672	0.017910132184624672	2.623995776218635e-08	2.623995776218635e-08	3.8628957810260545e-08	3.8628957810260545e-08
201	"Mandating mask-wearing during a pandemic is like mandating safety/hand brakes on a car. It may never be required
 but is in everyone’s interest that it is there and working if it is required."	Do people have a right to not wear a mask in public spaces during the Covid-19 pandemic?	7	202	refutes	False	0.0329415500164032	0.0329415500164032	0.8106690049171448	0.8106690049171448	0.15232019126415253	0.15232019126415253	1.6388394641353443e-08	1.6388394641353443e-08	7.44587609347036e-08	7.44587609347036e-08
202	COVID-19 is universally transmitted through infected secretions and through respiratory droplets. 	Do people have a right to not wear a mask in public spaces during the Covid-19 pandemic?	3	203	insufficient-neutral	"False

Explanation:
The argument"	0.10470227152109146	0.10470227152109146	0.621645987033844	0.621645987033844	0.2673666179180145	0.2673666179180145	4.1448174670222215e-08	4.1448174670222215e-08	1.2229976675826038e-07	1.2229976675826038e-07
203	During a world pandemic, it is important to be guided by those who are more informed than we are.	Do people have a right to not wear a mask in public spaces during the Covid-19 pandemic?	1	204	insufficient-refutes	"False

Explanation:
The argument"	0.07781453430652618	0.07781453430652618	0.7858989238739014	0.7858989238739014	0.13236697018146515	0.13236697018146515	2.2891741835451285e-08	2.2891741835451285e-08	4.932121910883325e-08	4.932121910883325e-08
204	While certain attributes of the virus are still being investigated, the overwhelming consensus is that the wearing of masks will limit the spread of the virus.	Do people have a right to not wear a mask in public spaces during the Covid-19 pandemic?	4	205	refutes	False	0.2750580906867981	0.2750580906867981	0.6198529601097107	0.6198529601097107	0.10118821263313293	0.10118821263313293	2.2208201500006908e-08	2.2208201500006908e-08	6.072290403835723e-08	6.072290403835723e-08
205	Educating people will more effectively guide them to make responsible decisions regarding mask-wearing.	Do people have a right to not wear a mask in public spaces during the Covid-19 pandemic?	6	206	insufficient-neutral	"True

Argument: ""Educating people"	0.8868020176887512	0.8868020176887512	0.004581363871693611	0.004581363871693611	0.10591340065002441	0.10591340065002441	1.1942284494637079e-08	1.1942284494637079e-08	2.2267590438218576e-08	2.2267590438218576e-08
206	Mandatory face mask wearing, and the undercutting of people's rights not to wear one, provoked protests in Spain.	Do people have a right to not wear a mask in public spaces during the Covid-19 pandemic?	0	207	insufficient-supports	"True

Argument: ""The government's"	0.9897337555885315	0.9897337555885315	8.936161611927673e-05	8.936161611927673e-05	0.0033532700035721064	0.0033532700035721064	1.2159402373868033e-08	1.2159402373868033e-08	1.839658914093434e-08	1.839658914093434e-08
207	"In many places, such as Florida, mask wearing is not mandatory, and yet there have been protests 
(https://abc7news.com/viral-target-anti-mask-video-protesters-parade-around-store-demand-customers-remove-face-masks-rant-caught-on/6428893/)."	Do people have a right to not wear a mask in public spaces during the Covid-19 pandemic?	0	208	insufficient-supports	True	0.9961100220680237	0.9961100220680237	9.207012772094458e-05	9.207012772094458e-05	0.0016192818293347955	0.0016192818293347955	2.8504965055020648e-09	2.8504965055020648e-09	4.801736341875085e-09	4.801736341875085e-09
208	"Most anti-maskers are not educated on the benefits of wearing masks; whereas government officials 
and researchers who recommend masks to the point of making it mandatory are much more informed."	Do people have a right to not wear a mask in public spaces during the Covid-19 pandemic?	4	209	refutes	"True

Question: Is it true that most"	0.9084805846214294	0.9084805846214294	0.0008092365460470319	0.0008092365460470319	0.08583256602287292	0.08583256602287292	4.0905657527900985e-08	4.0905657527900985e-08	5.580231388080392e-08	5.580231388080392e-08
209	Statistical modeling studies of mortality rate shows that masks significantly reduce the loss of life.	Do people have a right to not wear a mask in public spaces during the Covid-19 pandemic?	4	210	refutes	"True

The argument provided does not necessarily imply"	0.8212018609046936	0.8212018609046936	0.02121097967028618	0.02121097967028618	0.15429925918579102	0.15429925918579102	1.5717821710836688e-08	1.5717821710836688e-08	3.21879447540141e-08	3.21879447540141e-08
210	Wearing facemasks help prevent the spread of COVID-19.	Do people have a right to not wear a mask in public spaces during the Covid-19 pandemic?	2	211	refutes	"True

Argument: ""Wearing facem"	0.9666990041732788	0.9666990041732788	0.008363584987819195	0.008363584987819195	0.01826774887740612	0.01826774887740612	1.741560140544607e-08	1.741560140544607e-08	4.429891831136956e-08	4.429891831136956e-08
211	A systematic review of 172 studies revealed that masks are effective at protecting people form COVID-19.	Do people have a right to not wear a mask in public spaces during the Covid-19 pandemic?	4	212	insufficient-neutral	"None

The question is asking about a right"	0.16352538764476776	0.16352538764476776	0.2781660258769989	0.2781660258769989	0.5446226596832275	0.5446226596832275	8.753590918786358e-08	8.753590918786358e-08	3.028567903129442e-07	3.028567903129442e-07
212	Now that research has demonstrated its definite benefits, the CDC website officially recommends that masks be worn.	Do people have a right to not wear a mask in public spaces during the Covid-19 pandemic?	4	213	refutes	"True

The argument does not state or imply"	0.7842665314674377	0.7842665314674377	0.1280279904603958	0.1280279904603958	0.0839628055691719	0.0839628055691719	1.927434922777138e-08	1.927434922777138e-08	3.9394208783960494e-08	3.9394208783960494e-08
213	People's choice to not wear a mask must be respected.	Do people have a right to not wear a mask in public spaces during the Covid-19 pandemic?	1	214	supports	"True

Argument: ""The government should mand"	0.9973300695419312	0.9973300695419312	3.553966962499544e-05	3.553966962499544e-05	0.00036175313289277256	0.00036175313289277256	2.881995531112125e-09	2.881995531112125e-09	6.571234667518411e-09	6.571234667518411e-09
214	People have the right to bodily autonomy and integrity. They should not be forced to wear masks if they don't wish to.	Do people have a right to not wear a mask in public spaces during the Covid-19 pandemic?	1	215	supports	"True

Argument: ""The government has the"	0.9886751174926758	0.9886751174926758	0.00028368685161694884	0.00028368685161694884	0.005566009320318699	0.005566009320318699	2.4440739210263018e-08	2.4440739210263018e-08	3.535330606041498e-08	3.535330606041498e-08
215	"The Jacobsen v. Massachusetts case in the US shows that masks do not violate the constitutional right to bodily integrity 
because they are required to protect public health."	Do people have a right to not wear a mask in public spaces during the Covid-19 pandemic?	4	216	refutes	"False

Question: Is the Jacobsen v"	0.39165663719177246	0.39165663719177246	0.535331130027771	0.535331130027771	0.06805972009897232	0.06805972009897232	2.8235598747983204e-08	2.8235598747983204e-08	8.920831362502213e-08	8.920831362502213e-08
216	This right to bodily autonomy is not without limits. Prostitution is illegal in many countries.	Do people have a right to not wear a mask in public spaces during the Covid-19 pandemic?	0	217	refutes	"True

Explanation:
The argument"	0.7712036371231079	0.7712036371231079	0.09804754704236984	0.09804754704236984	0.12589552998542786	0.12589552998542786	3.761961053783125e-08	3.761961053783125e-08	1.8372921317677537e-07	1.8372921317677537e-07
217	The government has a moral obligation to reasonably restrict personal choices, especially ones that harm the public good.	Do people have a right to not wear a mask in public spaces during the Covid-19 pandemic?	1	218	refutes	"False

Argument: ""The government has a"	0.15715298056602478	0.15715298056602478	0.810656726360321	0.810656726360321	0.028619684278964996	0.028619684278964996	2.149978151066989e-08	2.149978151066989e-08	6.519727691056687e-08	6.519727691056687e-08
218	Not wearing a mask can constitute self-harm and the state is obligated to prevent such harm by limiting choice.	Do people have a right to not wear a mask in public spaces during the Covid-19 pandemic?	7	219	refutes	"False

Argument: ""The state has no"	0.020229898393154144	0.020229898393154144	0.9447417855262756	0.9447417855262756	0.031332679092884064	0.031332679092884064	1.742365007828539e-08	1.742365007828539e-08	7.8087374788538e-08	7.8087374788538e-08
219	"Individual choice of clothing is already restricted by laws prohibiting ""indecent exposure"", so it is not uncommon that the government regulates 
what people are allowed to wear (or not wear)."	Do people have a right to not wear a mask in public spaces during the Covid-19 pandemic?	7	220	refutes	False	0.1474524289369583	0.1474524289369583	0.6505905985832214	0.6505905985832214	0.19534273445606232	0.19534273445606232	3.695856065633052e-08	3.695856065633052e-08	1.3866528547623602e-07	1.3866528547623602e-07
220	If people's choices cause harm to other people, their choices should be restricted.	Do people have a right to not wear a mask in public spaces during the Covid-19 pandemic?	1	221	refutes	"False

Explanation:
The argument"	0.44126877188682556	0.44126877188682556	0.45527616143226624	0.45527616143226624	0.0984603762626648	0.0984603762626648	4.124862940102503e-08	4.124862940102503e-08	1.5658551433261891e-07	1.5658551433261891e-07
221	It is very well accepted that certain liberties should be curtailed where they would affect other people - consider the illegality of murder and theft.	Do people have a right to not wear a mask in public spaces during the Covid-19 pandemic?	7	222	refutes	"False

Explanation:
The argument"	0.3754150867462158	0.3754150867462158	0.3873320519924164	0.3873320519924164	0.23128652572631836	0.23128652572631836	4.2329997285150966e-08	4.2329997285150966e-08	1.6644030154111533e-07	1.6644030154111533e-07
222	"For most people, wearing a mask poses no risk. It is therefore justified that people are required to wear a mask 
since it does no harm to people wearing them but reduces harm for others and oneself."	Do people have a right to not wear a mask in public spaces during the Covid-19 pandemic?	2	223	refutes	False	0.21604160964488983	0.21604160964488983	0.742368757724762	0.742368757724762	0.03261740878224373	0.03261740878224373	3.29723413017291e-08	3.29723413017291e-08	1.0727081445338627e-07	1.0727081445338627e-07
223	Public health has long been used as a justification to curtail civil liberties, such as mandatory quarantine for those with yellow fever in 1799.	Do people have a right to not wear a mask in public spaces during the Covid-19 pandemic?	0	224	refutes	"True

The argument provided is about a historical"	0.5651727318763733	0.5651727318763733	0.13215908408164978	0.13215908408164978	0.2978251278400421	0.2978251278400421	3.48509168190958e-08	3.48509168190958e-08	1.4277010507157684e-07	1.4277010507157684e-07
224	Many people do not wear facemasks properly. This could increase the risk of infection to oneself or others.	Do people have a right to not wear a mask in public spaces during the Covid-19 pandemic?	5	225	refutes	"False

Explanation:
The question"	0.37878334522247314	0.37878334522247314	0.42921775579452515	0.42921775579452515	0.1875113546848297	0.1875113546848297	3.3068086935372776e-08	3.3068086935372776e-08	8.216463243115868e-08	8.216463243115868e-08
225	A study has shown that people wearing a mask are less likely to touch their faces than those who don't wear a mask.	Do people have a right to not wear a mask in public spaces during the Covid-19 pandemic?	4	226		"None

The question is about the right to"	0.39904868602752686	0.39904868602752686	0.02165033482015133	0.02165033482015133	0.5716108679771423	0.5716108679771423	3.8112091260700254e-08	3.8112091260700254e-08	1.4383351754077012e-07	1.4383351754077012e-07
226	Even if some people wear masks incorrectly, the net effect of wearing masks is still positive.	Do people have a right to not wear a mask in public spaces during the Covid-19 pandemic?	2	227	refutes	"True

Argument: ""The Covid-1"	0.8348113894462585	0.8348113894462585	0.04288215935230255	0.04288215935230255	0.1184014305472374	0.1184014305472374	1.1897284046824552e-08	1.1897284046824552e-08	3.085920496914696e-08	3.085920496914696e-08
227	Even the WHO advice on masks has changed over time.	Do people have a right to not wear a mask in public spaces during the Covid-19 pandemic?	0	228	insufficient-neutral	"True

Explanation:
The question"	0.6502920985221863	0.6502920985221863	0.011454230174422264	0.011454230174422264	0.33213669061660767	0.33213669061660767	8.116204952557382e-08	8.116204952557382e-08	2.0127073696585285e-07	2.0127073696585285e-07
228	Schools should close during the Covid-19 pandemic because that would reduce the rate of infection of Covid-19.	Should schools close during the Covid-19 pandemic?	2	229	supports	"True

Argument: ""Schools should not"	0.9957854151725769	0.9957854151725769	7.168091542553157e-05	7.168091542553157e-05	0.00012778505333699286	0.00012778505333699286	7.791448375371601e-09	7.791448375371601e-09	1.5955819776536373e-08	1.5955819776536373e-08
229	Schools can reduce cohort sizes to decrease the chances of widespread Covid-19 transmission.	Should schools close during the Covid-19 pandemic?	4	230	refutes	"None

Argument: ""Schools can"	0.38338154554367065	0.38338154554367065	0.05270211771130562	0.05270211771130562	0.5491687059402466	0.5491687059402466	2.497350806152099e-07	2.497350806152099e-07	5.465379331326403e-07	5.465379331326403e-07
230	School closures negatively impact students' academic performance.	Should schools close during the Covid-19 pandemic?	5	231	refutes	"True

Argument: ""School closures"	0.5113798975944519	0.5113798975944519	0.13340142369270325	0.13340142369270325	0.3406524360179901	0.3406524360179901	1.5551837861949025e-07	1.5551837861949025e-07	4.186345563539362e-07	4.186345563539362e-07
231	"A study showed that, when students return to school, they will only have 63 to 68% of the learning gains in reading and 37 to 50% of the learning
 gains in mathematics relative to the average school year."	Should schools close during the Covid-19 pandemic?	4	232	refutes	"True

Question: Should schools reopen during"	0.7277078032493591	0.7277078032493591	0.013751523569226265	0.013751523569226265	0.2514891028404236	0.2514891028404236	5.5955165834120635e-08	5.5955165834120635e-08	1.740454393939217e-07	1.740454393939217e-07
232	A study found that students learn better when studying from home.	Should schools close during the Covid-19 pandemic?	4	233	supports	"True

Argument: ""A study"	0.6089974045753479	0.6089974045753479	0.019122708588838577	0.019122708588838577	0.3636489510536194	0.3636489510536194	1.3313811564330535e-07	1.3313811564330535e-07	1.7776270055946952e-07	1.7776270055946952e-07
233	Remote learning is a good substitute for in-person education.	Should schools close during the Covid-19 pandemic?	4	234	supports	"None

Argument: ""Remote learning is"	0.44540008902549744	0.44540008902549744	0.059343818575143814	0.059343818575143814	0.4815923273563385	0.4815923273563385	3.718125185514509e-07	3.718125185514509e-07	4.3554274498092127e-07	4.3554274498092127e-07
234	First of all, school closures reduce the risk of illness. And it hardly affects the quality of education (at school) or, on the contrary, improves, because you can watch webinars.	Should schools close during the Covid-19 pandemic?	2	235	supports	"True

Argument: ""First of all,"	0.9645383954048157	0.9645383954048157	0.011229279451072216	0.011229279451072216	0.012527166865766048	0.012527166865766048	8.755931446557952e-08	8.755931446557952e-08	1.4778431989270757e-07	1.4778431989270757e-07
235	Many students have been thriving in remote education due to the ability to self-pace.	Should schools close during the Covid-19 pandemic?	0	236	supports	"None

Argument: ""Many students have been"	0.06503312289714813	0.06503312289714813	0.02078583464026451	0.02078583464026451	0.9118921160697937	0.9118921160697937	4.154326305183531e-08	4.154326305183531e-08	6.822623532798389e-08	6.822623532798389e-08
236	Online schooling does not allow for an accurate assessment of the progress of students.	Should schools close during the Covid-19 pandemic?	5	237	refutes	"None

Argument: ""Online schooling"	0.2879067659378052	0.2879067659378052	0.12190739810466766	0.12190739810466766	0.5815876722335815	0.5815876722335815	1.3964239542474388e-07	1.3964239542474388e-07	2.854104934613133e-07	2.854104934613133e-07
237	Students in remote learning programs tend to score lower than those engaging in in-person education.	Should schools close during the Covid-19 pandemic?	5	238	refutes	"None

Argument: ""Students in remote"	0.3067099452018738	0.3067099452018738	0.15422342717647552	0.15422342717647552	0.5299472212791443	0.5299472212791443	1.4702928297083417e-07	1.4702928297083417e-07	2.7468686880638415e-07	2.7468686880638415e-07
238	Schools are critical for the social development of students.	Should schools close during the Covid-19 pandemic?	5	239	refutes	"False

Argument: ""The Earth's"	0.15728648006916046	0.15728648006916046	0.6029406785964966	0.6029406785964966	0.2324543446302414	0.2324543446302414	4.355262461785969e-08	4.355262461785969e-08	1.3336779147721245e-07	1.3336779147721245e-07
239	Students can take part in social activities online.	Should schools close during the Covid-19 pandemic?	6	240	supports	"None

Argument: ""Students can take"	0.2704823911190033	0.2704823911190033	0.023086994886398315	0.023086994886398315	0.70157790184021	0.70157790184021	7.788010947251678e-08	7.788010947251678e-08	1.0479914180905325e-07	1.0479914180905325e-07
240	Kids don't play a significant role in the spread of Covid-19. Therefore, closing schools will not significantly reduce the spread of the virus.	Should schools close during the Covid-19 pandemic?	3	241	refutes	"None

Argument: ""Kids don"	0.15745460987091064	0.15745460987091064	0.3958408534526825	0.3958408534526825	0.434746116399765	0.434746116399765	2.162858550036617e-07	2.162858550036617e-07	5.239344318397343e-07	5.239344318397343e-07
241	Students can wear masks and practise social distancing to reduce the rate of infection.	Should schools close during the Covid-19 pandemic?	6	242	refutes	"None

Explanation: The question asks"	0.03978915512561798	0.03978915512561798	0.11694683134555817	0.11694683134555817	0.837540328502655	0.837540328502655	5.297436445061976e-08	5.297436445061976e-08	1.403890479423353e-07	1.403890479423353e-07
242	Schools can reduce cohort sizes to decrease the chances of widespread Covid-19 transmission.	Should schools close during the Covid-19 pandemic?	6	243	refutes	"None

Argument: ""Schools can reduce"	0.42357000708580017	0.42357000708580017	0.043609775602817535	0.043609775602817535	0.5189688205718994	0.5189688205718994	2.3370814972167864e-07	2.3370814972167864e-07	4.721034372323629e-07	4.721034372323629e-07
243	A study found that Covid-19 cases in schools were 37% less than the ones in the surrounding community.	Should schools close during the Covid-19 pandemic?	4	244	refutes	"False

In this case, the question is"	0.050759315490722656	0.050759315490722656	0.6480515003204346	0.6480515003204346	0.2920997142791748	0.2920997142791748	4.4147114408588095e-08	4.4147114408588095e-08	2.1268095906634699e-07	2.1268095906634699e-07
244	Scientists showed that 1 in 3 people that have COVID-19 won't show symptoms, and would thus continue to go outside and spread the virus without even knowing.	Should schools close during the Covid-19 pandemic?	4	245	supports	"True

The argument does not necessarily imply that"	0.7299326658248901	0.7299326658248901	0.027006492018699646	0.027006492018699646	0.21576768159866333	0.21576768159866333	2.0290941904477222e-07	2.0290941904477222e-07	4.792079835169716e-07	4.792079835169716e-07
245	Schools can reduce cohort sizes to decrease the chances of widespread Covid-19 transmission.	Should schools close during the Covid-19 pandemic?	6	246	refutes	"None

Argument: ""Schools can reduce"	0.42357000708580017	0.42357000708580017	0.043609775602817535	0.043609775602817535	0.5189688205718994	0.5189688205718994	2.3370814972167864e-07	2.3370814972167864e-07	4.721034372323629e-07	4.721034372323629e-07
246	It is much more difficult to ensure that students are present and engaged in classes when they are conducted remotely.	Should schools close during the Covid-19 pandemic?	5	247	refutes	"None

Argument: ""It is much more"	0.41680631041526794	0.41680631041526794	0.04824883118271828	0.04824883118271828	0.5268925428390503	0.5268925428390503	9.165707126612688e-08	9.165707126612688e-08	1.5560969757189014e-07	1.5560969757189014e-07
247	90% of teachers surveyed in May 2020 in the US said that remote attendance did not approach normal attendance levels.	Should schools close during the Covid-19 pandemic?	0	248	refutes	"None

Explanation: The argument does"	0.2525348961353302	0.2525348961353302	0.05376777797937393	0.05376777797937393	0.6864609718322754	0.6864609718322754	8.719558053371657e-08	8.719558053371657e-08	2.2006764766047127e-07	2.2006764766047127e-07
248	Data suggested that only 60 percent of low-income students were regularly logging into online instruction early in the Covid-19 pandemic.	Should schools close during the Covid-19 pandemic?	0	249	refutes	"None

Question: Is it true that only"	0.037623923271894455	0.037623923271894455	0.016055919229984283	0.016055919229984283	0.9404798150062561	0.9404798150062561	6.545952402348121e-08	6.545952402348121e-08	2.3298248663650156e-07	2.3298248663650156e-07
249	Attendance is difficult to monitor when classes are conducted remotely.	Should schools close during the Covid-19 pandemic?	3	250	refutes	"None

Argument: ""Attendance is difficult"	0.41151463985443115	0.41151463985443115	0.03709917142987251	0.03709917142987251	0.5451683402061462	0.5451683402061462	5.842694150715033e-08	5.842694150715033e-08	9.446655013789496e-08	9.446655013789496e-08
250	Students can ignore classes and leave them running in the background while they do other activities.	Should schools close during the Covid-19 pandemic?	0	251	refutes	"None

Argument: ""Students can ignore"	0.10247461497783661	0.10247461497783661	0.009531623683869839	0.009531623683869839	0.8852455615997314	0.8852455615997314	1.9388048499990873e-08	1.9388048499990873e-08	4.751955273718522e-08	4.751955273718522e-08
251	This [30] can be avoided by requiring students to turn on their cameras.	Should schools close during the Covid-19 pandemic?	0	252		"None

Argument: ""This [30"	0.027003612369298935	0.027003612369298935	0.03467332571744919	0.03467332571744919	0.9371521472930908	0.9371521472930908	1.3355789363345139e-08	1.3355789363345139e-08	3.8949366398810525e-08	3.8949366398810525e-08
252	Students may not have enough personal space to be able to turn on their cameras comfortably.	Should schools close during the Covid-19 pandemic?	0	253	refutes	"None

Argument: ""Students may not"	0.04850129038095474	0.04850129038095474	0.005702846683561802	0.005702846683561802	0.9442022442817688	0.9442022442817688	1.3856321423588724e-08	1.3856321423588724e-08	3.038344331685039e-08	3.038344331685039e-08
253	Students may not have stable enough (or any) internet connections for them to switch on their cameras.	Should schools close during the Covid-19 pandemic?	0	254	refutes	"None

Argument: ""Students may not"	0.21500137448310852	0.21500137448310852	0.017926309257745743	0.017926309257745743	0.7622460722923279	0.7622460722923279	5.505983935449876e-08	5.505983935449876e-08	1.2191723897103657e-07	1.2191723897103657e-07
254	Students can get the materials for their school work via the computer.	Should schools close during the Covid-19 pandemic?	0	255	supports	"None

Argument: ""Students can get"	0.2513015568256378	0.2513015568256378	0.027327774092555046	0.027327774092555046	0.7158914804458618	0.7158914804458618	7.306744720381175e-08	7.306744720381175e-08	9.793966881943561e-08	9.793966881943561e-08
255	Only 54% of the global population has access to the internet (p. 8).	Should schools close during the Covid-19 pandemic?	4	256	insufficient-refutes	"None

Argument: ""Only"	0.04901908338069916	0.04901908338069916	0.03758423402905464	0.03758423402905464	0.9105826616287231	0.9105826616287231	1.801696924985663e-08	1.801696924985663e-08	5.7146085197246066e-08	5.7146085197246066e-08
256	In the US, 4.4 million students cannot consistently access computers and thus, online learning.	Should schools close during the Covid-19 pandemic?	4	257	refutes	"True

Argument: ""In the US,"	0.6060245633125305	0.6060245633125305	0.03339756652712822	0.03339756652712822	0.35074013471603394	0.35074013471603394	1.242182889882315e-07	1.242182889882315e-07	1.8038389271168853e-07	1.8038389271168853e-07
257	Many governments are taking measures to improve internet access for students.	Should schools close during the Covid-19 pandemic?	0	258	insufficient-neutral	"None

Argument: ""Many governments are taking"	0.02386103942990303	0.02386103942990303	0.021725725382566452	0.021725725382566452	0.9531258940696716	0.9531258940696716	1.409698136001225e-08	1.409698136001225e-08	3.809569548707259e-08	3.809569548707259e-08
258	In order to improve access to the internet, the government of Panama made the internet free for four months (p. 4).	Should schools close during the Covid-19 pandemic?	0	259	insufficient-neutral	"None

Argument: ""In order to improve"	0.006001651752740145	0.006001651752740145	0.01395425759255886	0.01395425759255886	0.9782690405845642	0.9782690405845642	5.868826313815134e-09	5.868826313815134e-09	1.78666503813929e-08	1.78666503813929e-08
259	School isn't just about materials alone but also about personal contact and interaction.	Should schools close during the Covid-19 pandemic?	1	260	refutes	"False

Explanation:
The argument"	0.03556669503450394	0.03556669503450394	0.8890555500984192	0.8890555500984192	0.07073281705379486	0.07073281705379486	1.7284513376125688e-08	1.7284513376125688e-08	6.068340496767632e-08	6.068340496767632e-08
260	A decline in the quality of assessment is detrimental may result in a student's abilities to be misrepresented and thus may harm their future educational prospects.	Should schools close during the Covid-19 pandemic?	5	261	refutes	"None

Argument: ""A decline in the"	0.2113180160522461	0.2113180160522461	0.03559175878763199	0.03559175878763199	0.7491874098777771	0.7491874098777771	2.851742664233825e-08	2.851742664233825e-08	8.430993858610236e-08	8.430993858610236e-08
261	Students won't get help for exams. Students that are in low sets and need help from the teachers for every lesson will have no help with exam preparation and would go into the exam without any help.	Should schools close during the Covid-19 pandemic?	0	262	refutes	"True

Explanation: The argument suggests"	0.6059697866439819	0.6059697866439819	0.20617082715034485	0.20617082715034485	0.1763472557067871	0.1763472557067871	1.440827190890559e-07	1.440827190890559e-07	1.846448753894947e-07	1.846448753894947e-07
262	There are multiple online assessment methods that can be combined in order to accurately track the progress of students.	Should schools close during the Covid-19 pandemic?	6	263	supports	"None

Argument: ""There are multiple online"	0.005044624675065279	0.005044624675065279	0.0023095975629985332	0.0023095975629985332	0.9918513894081116	0.9918513894081116	3.7748670855819455e-09	3.7748670855819455e-09	9.677187939871601e-09	9.677187939871601e-09
263	School closures are detrimental to students' well-being.	Should schools close during the Covid-19 pandemic?	5	264	refutes	"True

Argument: ""Online learning is"	0.5680481791496277	0.5680481791496277	0.23312650620937347	0.23312650620937347	0.19027230143547058	0.19027230143547058	1.1329356652822753e-07	1.1329356652822753e-07	2.079721781456101e-07	2.079721781456101e-07
264	Schools provide important benefits for students, particularly those from low-income families, that would be disrupted by school closures.	Should schools close during the Covid-19 pandemic?	5	265	refutes	"False

Explanation: The argument suggests"	0.014163163490593433	0.014163163490593433	0.9623656272888184	0.9623656272888184	0.01905861869454384	0.01905861869454384	2.7010701231233725e-08	2.7010701231233725e-08	5.155851923177579e-08	5.155851923177579e-08
265	School closures have been linked to an increase in child marriages across the world.	Should schools close during the Covid-19 pandemic?	5	266	refutes	"None

Explanation:
The question"	0.06443656235933304	0.06443656235933304	0.15457527339458466	0.15457527339458466	0.7728277444839478	0.7728277444839478	9.096625319671148e-08	9.096625319671148e-08	4.451357256129995e-07	4.451357256129995e-07
266	School closures disrupt students' routines, increase rates of anxiety and depression among them.	Should schools close during the Covid-19 pandemic?	5	267	refutes	"True

Explanation: The argument states"	0.42271098494529724	0.42271098494529724	0.18757686018943787	0.18757686018943787	0.3789156675338745	0.3789156675338745	1.0678238737682477e-07	1.0678238737682477e-07	3.3935373267013347e-07	3.3935373267013347e-07
267	Contracting Covid-19 or spreading it to family members would be worse for a student's well-being.	Should schools close during the Covid-19 pandemic?	6	268	supports	"True

Argument: ""Students who are"	0.8699548840522766	0.8699548840522766	0.07483729720115662	0.07483729720115662	0.04539111629128456	0.04539111629128456	5.823116211445267e-08	5.823116211445267e-08	1.2065513033121533e-07	1.2065513033121533e-07
268	It is unethical to employ people without economic compensation.	Should unpaid internships be banned?	1	269	supports	"True

In this scenario, the argument suggests"	0.9608027338981628	0.9608027338981628	0.006129306275397539	0.006129306275397539	0.010264656506478786	0.010264656506478786	1.3668167753166927e-07	1.3668167753166927e-07	3.2091307389237045e-07	3.2091307389237045e-07
269	Unpaid internships are an unfair way to replace paid workers.	Should unpaid internships be banned?	1	270	supports	"True

In this scenario, the argument suggests"	0.9333116412162781	0.9333116412162781	0.004746887367218733	0.004746887367218733	0.02930627577006817	0.02930627577006817	4.2608562011992035e-07	4.2608562011992035e-07	5.210323479332146e-07	5.210323479332146e-07
270	The UN Declaration of Human Rights, Article 23 (3) states: “Everyone who works has the right to just and favourable remuneration.”	Should unpaid internships be banned?	4	271	supports	"True

The UN Declaration of Human Rights"	0.9333896636962891	0.9333896636962891	0.018775874748826027	0.018775874748826027	0.022123387083411217	0.022123387083411217	2.9172679205657914e-07	2.9172679205657914e-07	3.6805764125347196e-07	3.6805764125347196e-07
271	In the long run, the experience gained from an unpaid internship can lead one to have a career where they earn more money.	Should unpaid internships be banned?	2	272	refutes	"False

In this scenario, the argument suggests"	0.33519431948661804	0.33519431948661804	0.38580629229545593	0.38580629229545593	0.24143141508102417	0.24143141508102417	3.152190686250833e-07	3.152190686250833e-07	6.712403433084546e-07	6.712403433084546e-07
272	In the UK, people who have done unpaid internships have a higher average salary than those who have not (Sutton Trust, pp. 44-45).	Should unpaid internships be banned?	0	273	refutes	"True

In this case, the argument suggests"	0.4014546573162079	0.4014546573162079	0.23971952497959137	0.23971952497959137	0.32257789373397827	0.32257789373397827	5.334445631888229e-07	5.334445631888229e-07	1.1470860954432283e-06	1.1470860954432283e-06
273	"Those people who have done paid internships gain an ever higher salary than those who have done unpaid internships (Sutton Trust, pp. 44-45). Therefore in 
terms of best promoting individual's longer-term salary, ideally unpaid internships would be banned and everyone would do paid internships."	Should unpaid internships be banned?	0	274	supports	"True

In this scenario, the argument suggests"	0.7946521043777466	0.7946521043777466	0.10342451184988022	0.10342451184988022	0.058015890419483185	0.058015890419483185	7.650180009477481e-07	7.650180009477481e-07	8.095997259260912e-07	8.095997259260912e-07
274	There may never be enough paid internships to go around. Therefore if unpaid internships were banned, some people would never be able to gain the long-term benefits of an internship.	Should unpaid internships be banned?	5	275	refutes	"None

In this case, the argument does"	0.3581761121749878	0.3581761121749878	0.25398486852645874	0.25398486852645874	0.3638165593147278	0.3638165593147278	3.239274803945591e-07	3.239274803945591e-07	6.830810548308364e-07	6.830810548308364e-07
275	Banning unpaid internships would not necessarily mean they would be replaced with paid internships meaning there would be less opportunities existing.	Should unpaid internships be banned?	5	276	refutes	"True

In this scenario, the argument suggests"	0.48129451274871826	0.48129451274871826	0.2102620005607605	0.2102620005607605	0.2785519063472748	0.2785519063472748	4.412652572227671e-07	4.412652572227671e-07	8.639554494038748e-07	8.639554494038748e-07
276	People choose to opt into internships. If they feel it is in their interests they should be free to choose to do so.	Should unpaid internships be banned?	1	277	refutes	"False

In this scenario, the argument suggests"	0.12156328558921814	0.12156328558921814	0.6369460821151733	0.6369460821151733	0.2067861109972	0.2067861109972	2.8404954832694784e-07	2.8404954832694784e-07	6.630198186030611e-07	6.630198186030611e-07
277	Unpaid internships lower the value placed on work done by other paid interns and entry level workers.	Should unpaid internships be banned?	1	278	supports	"True

In this scenario, the argument suggests"	0.849504828453064	0.849504828453064	0.021266937255859375	0.021266937255859375	0.06973160058259964	0.06973160058259964	1.1806685051851673e-06	1.1806685051851673e-06	1.4522470337396953e-06	1.4522470337396953e-06
278	When work is done without payment it makes similar work seem worth less.	Should unpaid internships be banned?	1	279	supports	"True

In this scenario, the argument suggests"	0.8735790848731995	0.8735790848731995	0.019603805616497993	0.019603805616497993	0.05852614715695381	0.05852614715695381	6.614002927562979e-07	6.614002927562979e-07	1.216501232192968e-06	1.216501232192968e-06
279	Where work is seen as less valuable this drives wages for those jobs down.	Should unpaid internships be banned?	3	280	supports	"True

Argument: ""Where work is seen"	0.8559250235557556	0.8559250235557556	0.04130290076136589	0.04130290076136589	0.06152049079537392	0.06152049079537392	3.4282652450201567e-07	3.4282652450201567e-07	5.663304136760416e-07	5.663304136760416e-07
280	Unpaid internships have replaced many entry-level jobs.	Should unpaid internships be banned?	3	281	supports	"True

In this scenario, the argument suggests"	0.9230195879936218	0.9230195879936218	0.00462175952270627	0.00462175952270627	0.03663807362318039	0.03663807362318039	5.29571025253972e-07	5.29571025253972e-07	6.839786124146485e-07	6.839786124146485e-07
281	Changing paid jobs for unpaid internships is harmful for the economy since those positions should have paid taxes.	Should unpaid internships be banned?	5	282	supports	"True

In this scenario, the argument suggests"	0.9019601941108704	0.9019601941108704	0.01180629525333643	0.01180629525333643	0.056324683129787445	0.056324683129787445	3.9522529959867825e-07	3.9522529959867825e-07	5.728074938815553e-07	5.728074938815553e-07
282	Many paid or unpaid internships are never advertised and instead offered through informal networks, which encourages nepotism.	Should unpaid internships be banned?	3	283	supports	"True

In this scenario, the argument suggests"	0.8060094118118286	0.8060094118118286	0.016213519498705864	0.016213519498705864	0.142269104719162	0.142269104719162	5.470175779009878e-07	5.470175779009878e-07	7.476843961740087e-07	7.476843961740087e-07
283	72% of privileged young adults in the UK admit they secured their internships through family connections.	Should unpaid internships be banned?	0	284	supports	"True

In this case, the argument suggests"	0.8420979976654053	0.8420979976654053	0.008857007138431072	0.008857007138431072	0.10136307775974274	0.10136307775974274	8.869024554769567e-07	8.869024554769567e-07	1.1795535783676314e-06	1.1795535783676314e-06
284	This [24] is not sufficient reason to ban unpaid internships. It is only sufficient reason to regulate them such that they must be allocated on the basis of merit.	Should unpaid internships be banned?	6	285	refutes	"None

Argument: ""This [24"	0.042398639023303986	0.042398639023303986	0.3662683367729187	0.3662683367729187	0.5762209892272949	0.5762209892272949	1.9434949649621558e-07	1.9434949649621558e-07	4.1710163145580736e-07	4.1710163145580736e-07
285	There are more effective methods to deal with the problems of unpaid internships than a ban.	Should unpaid internships be banned?	6	286	refutes	"False

In this scenario, the argument suggests"	0.02715897746384144	0.02715897746384144	0.8649269938468933	0.8649269938468933	0.09553761780261993	0.09553761780261993	1.0022849750157548e-07	1.0022849750157548e-07	2.5744648723957653e-07	2.5744648723957653e-07
286	Governments could introduce regulations to ensure that unpaid interns are entitled to the same rights as employees in relation to discrimination, harassment and working conditions.	Should unpaid internships be banned?	2	287	refutes	"None

Argument: ""Governments could"	0.12931540608406067	0.12931540608406067	0.07721775770187378	0.07721775770187378	0.7677809000015259	0.7677809000015259	4.562666902074852e-07	4.562666902074852e-07	1.2647234370888327e-06	1.2647234370888327e-06
287	Governments could cap the length of unpaid internships.	Should unpaid internships be banned?	4	288	insufficient-refutes	"None

Argument: ""Governments could"	0.34466132521629333	0.34466132521629333	0.12098750472068787	0.12098750472068787	0.5014792680740356	0.5014792680740356	9.88663600764994e-07	9.88663600764994e-07	1.966192257896182e-06	1.966192257896182e-06
288	Effectiveness is not the only measure to consider. Other methods may be more difficult or more expensive to implement, may be easier to bypass, or come with undesirable collateral effects.	Should unpaid internships be banned?	6	289	insufficient-neutral	"None

Argument: ""Effectiveness is not"	0.2907947301864624	0.2907947301864624	0.12122128158807755	0.12122128158807755	0.5693484544754028	0.5693484544754028	2.5291413408012886e-07	2.5291413408012886e-07	4.369964585748676e-07	4.369964585748676e-07
289	Unpaid internships are a barrier to greater social equality in society.	Should unpaid internships be banned?	5	290	supports	"True

Argument: ""The use of foss"	0.9254322052001953	0.9254322052001953	0.005903664976358414	0.005903664976358414	0.038197148591279984	0.038197148591279984	7.200820846264833e-07	7.200820846264833e-07	6.256181563912833e-07	6.256181563912833e-07
290	Unpaid internships are a barrier to social mobility.	Should unpaid internships be banned?	3	291	supports	"True

In this scenario, the argument suggests"	0.9130927920341492	0.9130927920341492	0.007899800315499306	0.007899800315499306	0.044755417853593826	0.044755417853593826	7.592628890051856e-07	7.592628890051856e-07	7.445773917424958e-07	7.445773917424958e-07
291	Unpaid internships serve as a mechanism for wealthier individuals to maintain socio-economic class advantage.	Should unpaid internships be banned?	5	292	supports	"True

In this scenario, the argument suggests"	0.951961100101471	0.951961100101471	0.002434579888358712	0.002434579888358712	0.016125455498695374	0.016125455498695374	5.110844085720601e-07	5.110844085720601e-07	6.360547786243842e-07	6.360547786243842e-07
292	Many interns have bought their place on unpaid internships.	Should unpaid internships be banned?	0	293	supports	"True

In this scenario, the argument suggests"	0.8538163900375366	0.8538163900375366	0.012664194218814373	0.012664194218814373	0.08722283691167831	0.08722283691167831	1.2436098586476874e-06	1.2436098586476874e-06	1.9374597286514472e-06	1.9374597286514472e-06
293	Unpaid internships are difficult to regulate and monitor, often resulting in illegal practices.	Should unpaid internships be banned?	5	294	supports	"True

In this scenario, the argument suggests"	0.9086750149726868	0.9086750149726868	0.008567063137888908	0.008567063137888908	0.06379900127649307	0.06379900127649307	2.216136607557928e-07	2.216136607557928e-07	3.2244594194708043e-07	3.2244594194708043e-07
294	Unpaid internships, in countries such as Australia, are often under legislated, allowing employers to bypass fair work requirements.	Should unpaid internships be banned?	0	295	supports	"True

In this scenario, the argument suggests"	0.9582307934761047	0.9582307934761047	0.0030261045321822166	0.0030261045321822166	0.01648727059364319	0.01648727059364319	2.668933802851825e-07	2.668933802851825e-07	3.263665462327481e-07	3.263665462327481e-07
295	Malpractice is not limited to unpaid internships. Paid interns at top companies can be subject to extreme conditions.	Should unpaid internships be banned?	0	296	refutes	"True

In this scenario, the argument suggests"	0.6671546697616577	0.6671546697616577	0.0736921951174736	0.0736921951174736	0.216593399643898	0.216593399643898	6.904078304614814e-07	6.904078304614814e-07	1.1206425369891804e-06	1.1206425369891804e-06
296	Internships are becoming increasingly regulated to ensure standards.	Should unpaid internships be banned?	4	297	insufficient-neutral	"True

In this scenario, the argument suggests"	0.9313973784446716	0.9313973784446716	0.00617841025814414	0.00617841025814414	0.03392614796757698	0.03392614796757698	4.5886639554737485e-07	4.5886639554737485e-07	6.861545216452214e-07	6.861545216452214e-07
297	Unpaid internships can pave the way for a good career.	Should unpaid internships be banned?	2	298	refutes	"True

In this scenario, the argument suggests"	0.611457347869873	0.611457347869873	0.2671259343624115	0.2671259343624115	0.09827014058828354	0.09827014058828354	1.774380251617913e-07	1.774380251617913e-07	3.771064882585051e-07	3.771064882585051e-07
298	Unpaid internships are a good way for young professionals to gain work experience.	Should unpaid internships be banned?	2	299	refutes	"True

In this scenario, the argument suggests"	0.7682598233222961	0.7682598233222961	0.07035142183303833	0.07035142183303833	0.12939606606960297	0.12939606606960297	3.8671402080581174e-07	3.8671402080581174e-07	6.565391004187404e-07	6.565391004187404e-07
299	If drugs were legalised, the drug trade would be less able to fuel serious crime.	Should all drugs be legalized? 	2	300	supports	"True

Argument: ""If drugs were legal"	0.8901122808456421	0.8901122808456421	0.015435346402227879	0.015435346402227879	0.061047978699207306	0.061047978699207306	1.254135668204981e-06	1.254135668204981e-06	9.37471384077071e-07	9.37471384077071e-07
300	Around half of the total income of criminal organisations comes from illicit drug trafficking. Without this, they would lose significant power.	Should all drugs be legalized? 	4	301	supports	"True

Argument: ""Around half of"	0.910223126411438	0.910223126411438	0.006427365820854902	0.006427365820854902	0.05818861722946167	0.05818861722946167	2.26812176151725e-07	2.26812176151725e-07	3.880877841311303e-07	3.880877841311303e-07
301	The legalisation of alcohol after Prohibition in the US greatly decreased the ability of gangs to make money from alcohol sales.	Should all drugs be legalized? 	7	302	supports	"None

The question is not directly related to"	0.3164736032485962	0.3164736032485962	0.08926547318696976	0.08926547318696976	0.5641751885414124	0.5641751885414124	5.441978601083974e-07	5.441978601083974e-07	1.4677713124910952e-06	1.4677713124910952e-06
302	Legalization of drugs would have significant economic benefits for the state and its citizens, rather than criminal gangs.	Should all drugs be legalized? 	2	303	supports	"True or False or None

True or False"	0.9582105278968811	0.9582105278968811	0.0009747663279995322	0.0009747663279995322	0.024557197466492653	0.024557197466492653	2.8354617143122596e-07	2.8354617143122596e-07	2.942660444205103e-07	2.942660444205103e-07
303	Legalisation would create jobs, which would likely improve employment rates. This would prevent people from turning to crime in order to generate income.	Should all drugs be legalized? 	3	304	supports	"True

Argument: ""Legalisation would"	0.9406667947769165	0.9406667947769165	0.0039048290345817804	0.0039048290345817804	0.028852999210357666	0.028852999210357666	8.358973673239234e-07	8.358973673239234e-07	3.4038191643048776e-07	3.4038191643048776e-07
304	Drug legalisation is not necessary for governments to funnel more money into harm reduction and other social programmes, which could equally combat socioeconomic deprivation.	Should all drugs be legalized? 	6	305	refutes	"None

Argument: ""Drug legalisation"	0.12404504418373108	0.12404504418373108	0.1862136572599411	0.1862136572599411	0.6705811619758606	0.6705811619758606	2.518247583793709e-07	2.518247583793709e-07	4.873047600995051e-07	4.873047600995051e-07
305	Redistributive policies aim to tax certain wealthier demographics more heavily and use this revenue for positive community investment.	Should all drugs be legalized? 	0	306	not_applicable	"None

Argument: ""Redistributive policies"	0.03895345330238342	0.03895345330238342	0.05241760239005089	0.05241760239005089	0.9005380868911743	0.9005380868911743	3.794285419189691e-08	3.794285419189691e-08	1.4235824608022085e-07	1.4235824608022085e-07
306	Research shows that there is a positive correlation between a region's unemployment rate and the amount of property crimes reported in the area.	Should all drugs be legalized? 	4	307	not_applicable	"None

Argument: ""Research shows that"	0.05334552749991417	0.05334552749991417	0.024807976558804512	0.024807976558804512	0.9164799451828003	0.9164799451828003	2.1076530742902833e-08	2.1076530742902833e-08	6.883785630407147e-08	6.883785630407147e-08
307	The legalisation of drugs may create a drugs market that competes with the alcohol industry, jeopardising jobs in the latter.	Should all drugs be legalized? 	3	308	refutes	"True

Argument: ""The legalisation of"	0.6089280247688293	0.6089280247688293	0.16134986281394958	0.16134986281394958	0.21043990552425385	0.21043990552425385	2.531168377117865e-07	2.531168377117865e-07	4.5476861032511806e-07	4.5476861032511806e-07
308	Studies indicate that cannabis could be a substitute for alcohol if legalised for recreational use.	Should all drugs be legalized? 	4	309	insufficient-neutral	"None

Argument: ""Studies indicate that"	0.20027562975883484	0.20027562975883484	0.04365234449505806	0.04365234449505806	0.7441142201423645	0.7441142201423645	1.3020516576034424e-07	1.3020516576034424e-07	4.913891302749107e-07	4.913891302749107e-07
309	A 10-year study found that monthly alcohol sales dipped by 15% in US counties when medical marijuana was legalised.	Should all drugs be legalized? 	0	310	insufficient-neutral	"None

Explanation:
The question"	0.44352927803993225	0.44352927803993225	0.027267657220363617	0.027267657220363617	0.5104990601539612	0.5104990601539612	2.056735013411526e-07	2.056735013411526e-07	6.021513172527193e-07	6.021513172527193e-07
310	The sensations felt when consuming marijuana and alcohol are very different. As such, they are not interchangeable, meaning that people may use both.	Should all drugs be legalized? 	3	311	insufficient-neutral	"None

The argument provided does not discuss the"	0.32952654361724854	0.32952654361724854	0.05053453519940376	0.05053453519940376	0.5966954827308655	0.5966954827308655	2.0683420132172614e-07	2.0683420132172614e-07	6.346103305077122e-07	6.346103305077122e-07
311	Many find marijuana to be more relaxing and calming, and alcohol more energising and stimulating.	Should all drugs be legalized? 	0	312	insufficient-neutral	"None

Argument: ""Many find marijuana to"	0.21069827675819397	0.21069827675819397	0.02363969199359417	0.02363969199359417	0.7469902634620667	0.7469902634620667	1.8289395598003466e-07	1.8289395598003466e-07	5.744641953242535e-07	5.744641953242535e-07
312	Many people see marijuana as being safer than alcohol, so may make the switch even if the sensations felt are different.	Should all drugs be legalized? 	6	313	insufficient-supports	"None

Argument: ""Many people see marijuana"	0.4006837010383606	0.4006837010383606	0.02026301622390747	0.02026301622390747	0.5562942028045654	0.5562942028045654	3.1606518291482644e-07	3.1606518291482644e-07	8.608338930571335e-07	8.608338930571335e-07
313	Drugs are already easily accessible, and the alcohol industry is nonetheless highly successful.	Should all drugs be legalized? 	0	314	supports	"True

Argument: ""The government should not"	0.9077774286270142	0.9077774286270142	0.010243304073810577	0.010243304073810577	0.061775028705596924	0.061775028705596924	2.0435714986888343e-07	2.0435714986888343e-07	3.8104445820863475e-07	3.8104445820863475e-07
314	If the legalisation of drugs makes them cheaper than alcohol, people might be financially motivated to begin consuming only drugs.	Should all drugs be legalized? 	3	315	refutes	"True

In this case, the argument does"	0.6720431447029114	0.6720431447029114	0.04329923912882805	0.04329923912882805	0.25112417340278625	0.25112417340278625	4.578833170398866e-07	4.578833170398866e-07	8.982445933725103e-07	8.982445933725103e-07
315	In a behavioural study conducted on misusers of both alcohol and illicit drugs, results indicated that which drugs users choose to use is not a decision solely influenced by economic considerations.	Should all drugs be legalized? 	4	316	insufficient-neutral	"None

Explanation:
The question"	0.4213850796222687	0.4213850796222687	0.012429959140717983	0.012429959140717983	0.5495897531509399	0.5495897531509399	1.5397527874938532e-07	1.5397527874938532e-07	3.4428833828314964e-07	3.4428833828314964e-07
316	Studies indicate that alcohol consumption is common among drug misusers, suggesting that consumption of one often accompanies the other.	Should all drugs be legalized? 	4	317	insufficient-neutral	"None

The argument does not provide enough information"	0.43455618619918823	0.43455618619918823	0.0640883594751358	0.0640883594751358	0.4772666096687317	0.4772666096687317	1.9228457404096844e-07	1.9228457404096844e-07	5.61853994440753e-07	5.61853994440753e-07
317	The legal cannabis industry in the US currently supports 321,000 full-time jobs and creates jobs at a faster rate than any other US industry.	Should all drugs be legalized? 	0	318	insufficient-supports	"None

Explanation:
The question"	0.1183614432811737	0.1183614432811737	0.010024107992649078	0.010024107992649078	0.8610202670097351	0.8610202670097351	1.5184303947535227e-07	1.5184303947535227e-07	3.2019849527387123e-07	3.2019849527387123e-07
318	Particularly between poorer countries, and in areas like Central America, it is often difficult to monitor and control movements across borders, meaning that drug smuggling will remain rampant.	Should all drugs be legalized? 	3	319	insufficient-refutes	"None

Explanation:
The argument"	0.3743937611579895	0.3743937611579895	0.028201371431350708	0.028201371431350708	0.5708823204040527	0.5708823204040527	2.840135095993901e-07	2.840135095993901e-07	6.866565627206e-07	6.866565627206e-07
319	The sale of drugs with potentially fatal or otherwise highly dangerous effects is likely to stay banned even if drugs are legalised, so there will remain a black market demand for these substances (p. 1-2).	Should all drugs be legalized? 	3	320	refutes	"True

The argument does not necessarily imply that"	0.774324893951416	0.774324893951416	0.06557808816432953	0.06557808816432953	0.13455748558044434	0.13455748558044434	1.9985263577382284e-07	1.9985263577382284e-07	2.994289332036715e-07	2.994289332036715e-07
320	There will still be a black market demand for drugs in places where they are legalised. Thus, criminals can continue to generate drug-related income regardless.	Should all drugs be legalized? 	3	321	refutes	"True

In this case, the argument suggests"	0.9032607674598694	0.9032607674598694	0.028141949325799942	0.028141949325799942	0.055966947227716446	0.055966947227716446	6.486467185595757e-08	6.486467185595757e-08	1.4905783984886511e-07	1.4905783984886511e-07
321	In some US states where marijuana is legal, there are still large marijuana black markets due to regulations that increase the cost of legal marijuana.	Should all drugs be legalized? 	0	322	refutes	"True

The argument does not necessarily imply that"	0.6094055771827698	0.6094055771827698	0.010988607071340084	0.010988607071340084	0.35825103521347046	0.35825103521347046	1.9960769748195162e-07	1.9960769748195162e-07	3.8852971329106367e-07	3.8852971329106367e-07
322	Despite alcohol often being very expensive due to heavy taxation, black markets for it are still much rarer in places where it is legally sold.	Should all drugs be legalized? 	7	323	supports	"True

The argument provided does not directly support"	0.5657391548156738	0.5657391548156738	0.07248977571725845	0.07248977571725845	0.3378182649612427	0.3378182649612427	3.121511156223278e-07	3.121511156223278e-07	6.355081723086187e-07	6.355081723086187e-07
323	"Cheaper black market alcohol is highly popular and accounts for a substantial amount of total alcohol trade in many lower-income countries in Central and Latin America and Africa,
 despite alcohol being a legally purchasable substance in such countries."	Should all drugs be legalized? 	0	324	insufficient-neutral	"None

Explanation:
The argument"	0.36131995916366577	0.36131995916366577	0.026586107909679413	0.026586107909679413	0.5957158803939819	0.5957158803939819	7.822359293641057e-08	7.822359293641057e-08	3.0998515399005555e-07	3.0998515399005555e-07
324	The enforcement of the criminalisation of drugs has harmed communities around the world and should be stopped.	Should all drugs be legalized? 	5	325	supports	"True or False or None

True or False"	0.8003751635551453	0.8003751635551453	0.009031383320689201	0.009031383320689201	0.16008509695529938	0.16008509695529938	8.186219702110975e-07	8.186219702110975e-07	1.3870939028493012e-06	1.3870939028493012e-06
325	Incarceration often creates, or else fails to treat, substance use disorders or other mental illnesses.	Should all drugs be legalized? 	0	326	supports	"True

In this case, the argument suggests"	0.5741762518882751	0.5741762518882751	0.03019341640174389	0.03019341640174389	0.3649686276912689	0.3649686276912689	3.040752005745162e-07	3.040752005745162e-07	5.965143259345496e-07	5.965143259345496e-07
326	Time spent in prison can have a lasting positive impact on an offender's life by deterring them from future crime and rehabilitating them via training and well-being programmes.	Should all drugs be legalized? 	2	327	refutes	"None

Argument: ""Time spent in prison"	0.03909019008278847	0.03909019008278847	0.09231867641210556	0.09231867641210556	0.8623157739639282	0.8623157739639282	3.16278594425512e-08	3.16278594425512e-08	9.895481412058871e-08	9.895481412058871e-08
327	Those who have been to prison find it very hard to find employment upon their release (p. 3).	Should all drugs be legalized? 	5	328	insufficient-neutral	"None

Argument: ""Those who have"	0.44327449798583984	0.44327449798583984	0.05335681512951851	0.05335681512951851	0.4792940318584442	0.4792940318584442	1.572972507801751e-07	1.572972507801751e-07	3.530928438522096e-07	3.530928438522096e-07
328	Many who go to prison suffer from stigma, affecting their employment opportunities and their daily life.	Should all drugs be legalized? 	3	329	insufficient-supports	"True

The argument does not necessarily imply that"	0.7939257025718689	0.7939257025718689	0.018965372815728188	0.018965372815728188	0.16903653740882874	0.16903653740882874	1.4166114681302133e-07	1.4166114681302133e-07	2.3631288570413744e-07	2.3631288570413744e-07
329	Due to this, many who leave prison often continue to commit crime to make money.	Should all drugs be legalized? 	3	330	insufficient-neutral	"True

In this case, the argument does"	0.5087620615959167	0.5087620615959167	0.07272374629974365	0.07272374629974365	0.3962242901325226	0.3962242901325226	2.1819334961037384e-07	2.1819334961037384e-07	5.033667775933282e-07	5.033667775933282e-07
330	It is not necessary to end drug prohibition in order to mitigate cruel and dangerous policing practices: adapting the criminal justice system with regards to drug law enforcement would be sufficient.	Should all drugs be legalized? 	6	331	refutes	"None

Argument: ""It is not necessary"	0.15672440826892853	0.15672440826892853	0.10440096259117126	0.10440096259117126	0.713451087474823	0.713451087474823	2.086592587602354e-07	2.086592587602354e-07	5.054596385889454e-07	5.054596385889454e-07
331	If drugs were legalised, prison systems would be less overcrowded, which is a significant social issue in the US.	Should all drugs be legalized? 	2	332	supports	"True

Argument: ""If drugs were legal"	0.9497045278549194	0.9497045278549194	0.0010947498958557844	0.0010947498958557844	0.027796244248747826	0.027796244248747826	5.281169137560937e-07	5.281169137560937e-07	4.4039722979505314e-07	4.4039722979505314e-07
332	Many other countries have significantly more overcrowded prisons than the US does. Legalisation could help resolve this serious issue in those countries, too.	Should all drugs be legalized? 	2	333	supports	"True

In this case, the argument does"	0.5269507765769958	0.5269507765769958	0.04750605672597885	0.04750605672597885	0.40402719378471375	0.40402719378471375	3.1314934290094243e-07	3.1314934290094243e-07	4.840688347940159e-07	4.840688347940159e-07
333	In the US, the War on Drugs has led to the mass incarceration of African Americans and other minority groups.	Should all drugs be legalized? 	0	334	supports	"True

The question is not directly related to"	0.7552276253700256	0.7552276253700256	0.008005622774362564	0.008005622774362564	0.20971913635730743	0.20971913635730743	1.1550567933227285e-06	1.1550567933227285e-06	1.258709517060197e-06	1.258709517060197e-06
334	Other countries, like Japan, have strict drug laws which are not used as instruments of social oppression.	Should all drugs be legalized? 	0	335	refutes	"True

Argument: ""The United States has"	0.5194220542907715	0.5194220542907715	0.04907460883259773	0.04907460883259773	0.4045262932777405	0.4045262932777405	4.0892828678806836e-07	4.0892828678806836e-07	6.585907499356836e-07	6.585907499356836e-07
335	Legalisation would increase overall drug use.	Should all drugs be legalized? 	5	336	refutes	"True

Argument: ""Legalisation would"	0.5007640719413757	0.5007640719413757	0.36636683344841003	0.36636683344841003	0.10094467550516129	0.10094467550516129	5.111809855407046e-07	5.111809855407046e-07	9.274388617086515e-07	9.274388617086515e-07
336	If legal, drugs will likely be easier for individuals to access, which may lead to more people trying them.	Should all drugs be legalized? 	3	337	refutes	"True

Argument: ""If legal, drugs"	0.9505472779273987	0.9505472779273987	0.004135209135711193	0.004135209135711193	0.025134097784757614	0.025134097784757614	2.2120966036709433e-07	2.2120966036709433e-07	3.9744179503031773e-07	3.9744179503031773e-07
337	"Substance abuse increased during the COVID-19 pandemic despite it being harder to access drugs during periods of lockdown. 
This indicates that psychological stress, rather than ease of access, is a primary determinant of frequent drug (mis)use."	Should all drugs be legalized? 	0	338	insufficient-refutes	"True

Question: Is psychological stress a primary"	0.5367607474327087	0.5367607474327087	0.019248390570282936	0.019248390570282936	0.41802969574928284	0.41802969574928284	1.7174055244595365e-07	1.7174055244595365e-07	4.35992689062914e-07	4.35992689062914e-07
338	The current American opioid crisis, in which hundreds of thousands of people have become addicted to and overdosed on opioids, has been caused by easy access to certain opioids due to their legality.	Should all drugs be legalized? 	7	339	refutes	"True

The question is not directly related to"	0.5734145641326904	0.5734145641326904	0.09582718461751938	0.09582718461751938	0.29748356342315674	0.29748356342315674	3.6701430872199126e-07	3.6701430872199126e-07	1.017325075736153e-06	1.017325075736153e-06
339	In many places where drugs have been legalised, their consumption has not increased.	Should all drugs be legalized? 	0	340	supports	"True

Argument: ""The legalization of"	0.43129417300224304	0.43129417300224304	0.1315373033285141	0.1315373033285141	0.41154375672340393	0.41154375672340393	2.3336724552791566e-07	2.3336724552791566e-07	6.306519253485021e-07	6.306519253485021e-07
340	In some cases, drug legalisation has actually lead to decreases in drug use.	Should all drugs be legalized? 	2	341	supports	"None

Argument: ""In some cases,"	0.45610201358795166	0.45610201358795166	0.045514412224292755	0.045514412224292755	0.47058025002479553	0.47058025002479553	2.9885120511607965e-07	2.9885120511607965e-07	5.485989618136955e-07	5.485989618136955e-07
341	In the US state of Colorado, there has been a drop in teen drug use following the legalisation of marijuana.	Should all drugs be legalized? 	0	342	insufficient-supports	"None

Explanation:
The question"	0.23155274987220764	0.23155274987220764	0.011618751101195812	0.011618751101195812	0.7358731627464294	0.7358731627464294	3.3398617915736395e-07	3.3398617915736395e-07	1.073917360372434e-06	1.073917360372434e-06
342	Using drugs can be an important and positive experience for individuals and communities.	Should all drugs be legalized? 	2	343	supports	"True

Argument: ""The use of drugs"	0.7096379995346069	0.7096379995346069	0.019664548337459564	0.019664548337459564	0.24144215881824493	0.24144215881824493	4.949636149831349e-07	4.949636149831349e-07	7.258162213474861e-07	7.258162213474861e-07
343	Creativity can be stimulated through the use of drugs.	Should all drugs be legalized? 	0	344	supports	"None

Argument: ""Creativity can be"	0.4016120135784149	0.4016120135784149	0.041349031031131744	0.041349031031131744	0.5320494771003723	0.5320494771003723	3.0645151127828285e-07	3.0645151127828285e-07	7.674154289816215e-07	7.674154289816215e-07
344	Drugs are not necessary for creativity, which can be boosted by a multitude of legal alternatives such as walking, meditation, and visually stimulating environments.	Should all drugs be legalized? 	6	345	refutes	"None

Argument: ""Drugs are"	0.19715702533721924	0.19715702533721924	0.10719241946935654	0.10719241946935654	0.6774769425392151	0.6774769425392151	1.3224646977505472e-07	1.3224646977505472e-07	3.879355574554211e-07	3.879355574554211e-07
345	Some drugs can impair one's ability to make moral, rational, and autonomous judgements.	Should all drugs be legalized? 	5	346	refutes	"True

In this case, the argument suggests"	0.6880632638931274	0.6880632638931274	0.06866181641817093	0.06866181641817093	0.21991823613643646	0.21991823613643646	1.3223062467204727e-07	1.3223062467204727e-07	4.3867831323041173e-07	4.3867831323041173e-07
346	Individuals routinely take many decisions which partially remove their autonomy. It would be arbitrary to only ban drugs for this reason.	Should all drugs be legalized? 	7	347	supports	"True

Argument: ""The government has the"	0.5906168818473816	0.5906168818473816	0.023627648130059242	0.023627648130059242	0.36386850476264954	0.36386850476264954	2.803759286962304e-07	2.803759286962304e-07	7.386921652141609e-07	7.386921652141609e-07
347	Drugs can alter and intensify thoughts, feelings, and perceptions, allowing users to experience states of consciousness they would not otherwise have access to. This can bring about noticeable health benefits.	Should all drugs be legalized? 	2	348	supports	"True

The argument presented does not necessarily imply"	0.6948767900466919	0.6948767900466919	0.011956015601754189	0.011956015601754189	0.2637454867362976	0.2637454867362976	3.7233425587146485e-07	3.7233425587146485e-07	6.794981004532019e-07	6.794981004532019e-07
348	Drugs should remain banned because they are detrimental to the health of those who use them.	Should all drugs be legalized? 	5	349	refutes	"False

Argument: ""The government should not"	0.2726239562034607	0.2726239562034607	0.6747507452964783	0.6747507452964783	0.033593859523534775	0.033593859523534775	7.036401683535587e-08	7.036401683535587e-08	2.2981527081356035e-07	2.2981527081356035e-07
349	While enjoyable, these experiences are not important or necessary for a good life. It is, therefore, not particularly harmful for people to be denied them.	Should all drugs be legalized? 	1	350	refutes	"None

Argument: ""While enjoyable, these"	0.2247525155544281	0.2247525155544281	0.10953562706708908	0.10953562706708908	0.6503429412841797	0.6503429412841797	1.5283188758985489e-07	1.5283188758985489e-07	3.964157144764613e-07	3.964157144764613e-07
350	Health problems associated with illegal drugs are often the result of dangerous, poor-quality drugs. These drugs would become less common with legalisation.	Should all drugs be legalized? 	3	351	supports	"True

Argument: ""Health problems associated with"	0.5690205097198486	0.5690205097198486	0.10281990468502045	0.10281990468502045	0.29062721133232117	0.29062721133232117	7.089066684784484e-07	7.089066684784484e-07	1.385263658448821e-06	1.385263658448821e-06
351	Many illegal drugs have valuable medicinal properties that could be beneficial to the health of those who use them.	Should all drugs be legalized? 	2	352	supports	"True

The question is not directly related to"	0.48496565222740173	0.48496565222740173	0.018083782866597176	0.018083782866597176	0.4700448215007782	0.4700448215007782	2.9216624852779205e-07	2.9216624852779205e-07	8.964269113675982e-07	8.964269113675982e-07
352	Legalisation could fuel the creation of more hygienic supervised injection sites, reducing the health risks associated with injecting illegal drugs.	Should all drugs be legalized? 	2	353	supports	"None

Argument: ""Legalisation could"	0.22017115354537964	0.22017115354537964	0.03978411480784416	0.03978411480784416	0.7219133973121643	0.7219133973121643	2.965861085613142e-07	2.965861085613142e-07	7.412613172164129e-07	7.412613172164129e-07
353	Moral anti-realism is correct and there are no such things as moral properties.	Are moral properties natural properties?	4	354	refutes	"True

Argument: ""Moral anti-"	0.7927604913711548	0.7927604913711548	0.08756629377603531	0.08756629377603531	0.10728846490383148	0.10728846490383148	7.497866505445927e-08	7.497866505445927e-08	3.7486972814804176e-07	3.7486972814804176e-07
354	Moral Error Theory (an anti-realist theory) provides the best explanation for moral phenomena.	Are moral properties natural properties?	4	355	refutes	"True

Argument: ""Moral Error Theory"	0.784310519695282	0.784310519695282	0.05549914389848709	0.05549914389848709	0.14508286118507385	0.14508286118507385	1.402191003307962e-07	1.402191003307962e-07	4.922888479086396e-07	4.922888479086396e-07
355	Almost all of the investigative methods and tools available to us are designed to explore the natural world.	Are moral properties natural properties?	3	356	insufficient-supports	"None

Argument: ""Almost all of"	0.1277160793542862	0.1277160793542862	0.007376115303486586	0.007376115303486586	0.8592497706413269	0.8592497706413269	2.9261062906016377e-08	2.9261062906016377e-08	2.2925878795376775e-07	2.2925878795376775e-07
356	In Wittgensteinian philosophy, the meaning of a term simply means its common use between two or more agents, and all concepts exist within a 'language-game' rather than in nature.	Are moral properties natural properties?	4	357	refutes	"None

The question you've asked is"	0.13334622979164124	0.13334622979164124	0.0047076973132789135	0.0047076973132789135	0.8560459017753601	0.8560459017753601	4.291583266535781e-08	4.291583266535781e-08	2.2051364112485317e-07	2.2051364112485317e-07
357	"There is no such thing as absolute morality. What we perceive (as living organisms) to be moral on a fundamental level arises from our biology. 
We've evolved to consider as ""good"" the things that serve our instincts of survival and reproduction and as ""bad"" things that go against our basic instincts. This means that the basis of morality in humans is natural, and then specificities that come from that basis are mostly social constructs"	Are moral properties natural properties?	3	358	supports	True	0.9913528561592102	0.9913528561592102	2.9981358238728717e-05	2.9981358238728717e-05	8.343045192304999e-05	8.343045192304999e-05	6.6867498205169795e-09	6.6867498205169795e-09	1.6229762422881322e-08	1.6229762422881322e-08
358	No attempt by philosophers to bridge the is/ought divide has yet succeeded.	Are moral properties natural properties?	4	359	refutes	"None

Argument: ""No attempt by philosoph"	0.33100274205207825	0.33100274205207825	0.010723517276346684	0.010723517276346684	0.6480719447135925	0.6480719447135925	1.4335061848669284e-07	1.4335061848669284e-07	3.689296477205062e-07	3.689296477205062e-07
359	"Normative (moral) properties are quite commonly used in the natural sciences. The study of medicine and biology makes natural use of notions about how organs ""ought"" to function."	Are moral properties natural properties?	0	360	supports	"True or False or None

True or False"	0.7932572364807129	0.7932572364807129	0.016722792759537697	0.016722792759537697	0.17699961364269257	0.17699961364269257	9.103002440724595e-08	9.103002440724595e-08	2.9384850108726823e-07	2.9384850108726823e-07
360	"In medicine, these ought claims are attached to an implied ""in order to be healthy"". Doctors are paid to keep people healthy, and for them to 
question whether, in an objective sense, one ""ought"" to be healthy is counterproductive or irrelevant."	Are moral properties natural properties?	1	361	insufficient-supports	"None

Argument: ""In medicine, these"	0.2588086724281311	0.2588086724281311	0.005992232821881771	0.005992232821881771	0.7258468866348267	0.7258468866348267	5.680182368905662e-08	5.680182368905662e-08	2.2553484768650378e-07	2.2553484768650378e-07
361	"It is possible for people to draw differing conclusions from the same facts because they have unique prior experiences and value judgments
 about the world that they will subconsciously rely on when evaluating the same evidence."	Are moral properties natural properties?	3	362	insufficient-neutral	"None

Argument: ""It is possible for"	0.18840540945529938	0.18840540945529938	0.0009001859580166638	0.0009001859580166638	0.8057077527046204	0.8057077527046204	4.713118073595979e-08	4.713118073595979e-08	1.0600451361142404e-07	1.0600451361142404e-07
362	The principle of Occam's razor states that, all things being equal, the simplest explanation is the best.	Are moral properties natural properties?	4	363	insufficient-neutral	"None

The principle of Occam's"	0.09215284883975983	0.09215284883975983	0.0019579266663640738	0.0019579266663640738	0.9020758271217346	0.9020758271217346	3.257321523619794e-08	3.257321523619794e-08	9.225033892334977e-08	9.225033892334977e-08
363	"The Open Question Argument argues that if moral properties were natural properties, then ""yes"" would logically follow from ""is [eg. pleasure] goodness?"" just like ""yes"" follows from ""is H20 water?"". However, intuitively the former question requires a much more open answer to the latter. This indicates that moral properties are not self-evidently natural."	Are moral properties natural properties?	4	364	refutes	True or False or None.	0.6340541243553162	0.6340541243553162	0.08316979557275772	0.08316979557275772	0.25220930576324463	0.25220930576324463	2.9575159032901865e-07	2.9575159032901865e-07	1.7219946357727167e-06	1.7219946357727167e-06
364	"There's no natural property or set of natural properties which are synonymous with ""good"" or ""bad"" - good and bad are judgments we make of natural properties and so can't be identical to these natural properties. Saying pleasure is good is not the same as saying ""pleasure is pleasure"" and so can't be identical."	Are moral properties natural properties?	0	365	refutes	"True

In this context, the question is"	0.93332839012146	0.93332839012146	0.017637142911553383	0.017637142911553383	0.04230931028723717	0.04230931028723717	1.7690320319729835e-08	1.7690320319729835e-08	5.732855967721662e-08	5.732855967721662e-08
365	"H2O is water by definition (as otherwise, some substance not made of H2O but with indistinguishable macroscopic properties to H2O could be accurately classified as ""water""). The same would apply to questions like ""Is X goodness?"", the only difference being that X is more difficult to fully define in terms of natural properties."	Are moral properties natural properties?	7	366	supports	"True

The argument is based on the definition"	0.667892336845398	0.667892336845398	0.041707854717969894	0.041707854717969894	0.2615503966808319	0.2615503966808319	1.5634411454357178e-07	1.5634411454357178e-07	6.367367291204573e-07	6.367367291204573e-07
366	Moral properties are capable of explaining human intuitions in relation to moral dilemmas.	Are moral properties natural properties?	0	367	insufficient-neutral	"True

Argument: ""Moral properties are"	0.840440571308136	0.840440571308136	0.0011869965819641948	0.0011869965819641948	0.14155328273773193	0.14155328273773193	1.3869112081010826e-07	1.3869112081010826e-07	3.5277943766232056e-07	3.5277943766232056e-07
367	"There are no truly objective morals. The example of ""murder"" is a semantic deception where intentional death is labeled after the fact to show condemnation, rather than being an intrinsic quality clearly different than ""defense"", ""accident"", ""euthanasia"", ""sacrifice"" or ""execution"". That we employ a legal debate process to make those distinctions underlines the fact that even the most important morals are subjective in nature."	Are moral properties natural properties?	0	368	refutes	"True

Question: Is the concept of """	0.885837733745575	0.885837733745575	0.00304852775298059	0.00304852775298059	0.10095337778329849	0.10095337778329849	3.9498516457570076e-08	3.9498516457570076e-08	1.0591016774696982e-07	1.0591016774696982e-07
368	You should pull the lever because five lives are worth more than one.	What's the right solution to the trolley problem?	1	369	supports	"True

The trolley problem is a"	0.9203870296478271	0.9203870296478271	0.006758032366633415	0.006758032366633415	0.05976494774222374	0.05976494774222374	8.569990228579627e-08	8.569990228579627e-08	2.2800495003139076e-07	2.2800495003139076e-07
369	"There is no moral difference between causing death directly and causing death through negligence;
 therefore the only relevant variable here is the number of people who will die."	What's the right solution to the trolley problem?	7	370	supports	"True

Explanation: The trol"	0.7128957509994507	0.7128957509994507	0.030596870929002762	0.030596870929002762	0.2425505518913269	0.2425505518913269	1.1380143405403942e-07	1.1380143405403942e-07	5.813276402477641e-07	5.813276402477641e-07
370	From a simple utilitaristic point of view, pulling the lever would be not only permissible, but, morally speaking, the better option as it maximizes utility.	What's the right solution to the trolley problem?	4	371	supports	"True

The trolley problem is a"	0.9692937135696411	0.9692937135696411	0.005414430517703295	0.005414430517703295	0.01949811354279518	0.01949811354279518	6.094958138191942e-08	6.094958138191942e-08	1.090796359903834e-07	1.090796359903834e-07
371	There is more suffering and pain if more people die.	What's the right solution to the trolley problem?	1	372	supports	"True

The trolley problem is a"	0.8868187069892883	0.8868187069892883	0.017562491819262505	0.017562491819262505	0.08510540425777435	0.08510540425777435	7.592253581378827e-08	7.592253581378827e-08	5.720605713577243e-07	5.720605713577243e-07
372	If morality is merely about the eventual death toll, it should be considered moral for a doctor to kill one patient and use their organs to save more people. Yet, this is clearly immoral.	What's the right solution to the trolley problem?	7	373	refutes	"True

Explanation:
The t"	0.7730802297592163	0.7730802297592163	0.08276520669460297	0.08276520669460297	0.13434119522571564	0.13434119522571564	6.02622520773366e-08	6.02622520773366e-08	3.2450458320454345e-07	3.2450458320454345e-07
373	"Possible good consequences (such as saving five people) are irrelevant to whether or not pulling the lever is right, as the action must be right in and of itself
 regardless of consequence to be morally correct (under deontology)."	What's the right solution to the trolley problem?	4	374		"True

Explanation:
The t"	0.8388813734054565	0.8388813734054565	0.010980619117617607	0.010980619117617607	0.1435156762599945	0.1435156762599945	3.4190740905160055e-08	3.4190740905160055e-08	6.400158980568449e-08	6.400158980568449e-08
374	In the trolley problem, you are not initially the cause of any person's death unless you pull the lever. You had no prior obligation to either group, and you did not, by your own action cause the situation to exist.	What's the right solution to the trolley problem?	3	375	insufficient-neutral	"True

In the classic trolley problem"	0.7987597584724426	0.7987597584724426	0.06159374117851257	0.06159374117851257	0.12442277371883392	0.12442277371883392	3.903998546661569e-08	3.903998546661569e-08	6.000471444167488e-07	6.000471444167488e-07
375	Negligence is as much of a choice as intervening.	What's the right solution to the trolley problem?	7	376	insufficient-neutral	"None

Argument: ""Negligence is"	0.4058524966239929	0.4058524966239929	0.006458291318267584	0.006458291318267584	0.5813568830490112	0.5813568830490112	6.00356102609112e-08	6.00356102609112e-08	3.1456409033125965e-07	3.1456409033125965e-07
376	There is a moral difference between causing death and failing to prevent one.	What's the right solution to the trolley problem?	7	377	insufficient-supports	"True

The trolley problem is a"	0.8176053762435913	0.8176053762435913	0.014067676849663258	0.014067676849663258	0.14658856391906738	0.14658856391906738	1.5110637718862563e-07	1.5110637718862563e-07	8.200705110539275e-07	8.200705110539275e-07
377	"It's unfair to consider the one who pulls or not the lever to be the resposible of one or five's people's deaths.
 The responsible one is really whoever put the trolley on the tracks in the first place."	What's the right solution to the trolley problem?	1	378	refutes	"True

In the classic trolley problem"	0.6466771960258484	0.6466771960258484	0.11776866763830185	0.11776866763830185	0.2132515013217926	0.2132515013217926	1.1538740807282011e-07	1.1538740807282011e-07	5.569714858211228e-07	5.569714858211228e-07
378	When people's lives are at stake, it is selfish to change the focus to whether or not the bystander deserves blame for what happens. The bystander's priority should be saving lives, not avoiding blame.	What's the right solution to the trolley problem?	1	379	supports	"True

The trolley problem is a"	0.7171145677566528	0.7171145677566528	0.002318361308425665	0.002318361308425665	0.2721859812736511	0.2721859812736511	5.4391882997606444e-08	5.4391882997606444e-08	2.036753841139216e-07	2.036753841139216e-07
379	You should pull the lever because a world where people are willing to sacrifice one person to save five is a better world to live in overall.	What's the right solution to the trolley problem?	1	380	supports	"True

The trolley problem is a"	0.9697167277336121	0.9697167277336121	0.002619390143081546	0.002619390143081546	0.022805552929639816	0.022805552929639816	2.6638520722599424e-08	2.6638520722599424e-08	1.0576975029152891e-07	1.0576975029152891e-07
380	If all seven participants were asked what action they would prefer, knowing that they would be put into this scenario but unaware of where they would be, they would likely opt to kill only one person.	What's the right solution to the trolley problem?	0	381	supports	"True or False or None

Answer:"	0.5439357757568359	0.5439357757568359	0.008860858157277107	0.008860858157277107	0.4302886128425598	0.4302886128425598	1.0291186924860085e-07	1.0291186924860085e-07	4.332751473157259e-07	4.332751473157259e-07
381	It is highly problematic to apply statistical analysis to moral issues simply because moral values cannot be mathematically equated.	What's the right solution to the trolley problem?	1	382	insufficient-neutral	"None

Argument: ""It is highly problem"	0.0424988716840744	0.0424988716840744	0.004078492987900972	0.004078492987900972	0.9522737264633179	0.9522737264633179	4.090789929023231e-09	4.090789929023231e-09	2.005707244734367e-08	2.005707244734367e-08
382	There is no better framework than mathematics and statistics to make any kind of judgement in these situations.	What's the right solution to the trolley problem?	1	383	insufficient-neutral	"None

The trolley problem is a"	0.02925427071750164	0.02925427071750164	0.0010490663116797805	0.0010490663116797805	0.9687683582305908	0.9687683582305908	5.789171808601168e-09	5.789171808601168e-09	2.3855262654137732e-08	2.3855262654137732e-08
383	For some, if in the thought experiment their parent was on the tracks, but they didn't know which one, they would pull the lever to maximize the chances of saving their parent.	What's the right solution to the trolley problem?	3	384	insufficient-neutral	"True

In the classic trolley problem"	0.853042721748352	0.853042721748352	0.032563257962465286	0.032563257962465286	0.10511548817157745	0.10511548817157745	3.6011972071037235e-08	3.6011972071037235e-08	3.0627288083451276e-07	3.0627288083451276e-07
384	If the five people are murderers, it would be better to let them die than to let them live on to murder others.	What's the right solution to the trolley problem?	0	385		"True

Explanation:
The t"	0.7521886825561523	0.7521886825561523	0.022361980751156807	0.022361980751156807	0.20563693344593048	0.20563693344593048	9.64820685567247e-08	9.64820685567247e-08	3.4406878057779977e-07	3.4406878057779977e-07
385	Even if the five people on the tracks have done heinous things, many believe it is illegitimate to kill them.	What's the right solution to the trolley problem?	1	386		"None

The trolley problem is a"	0.28347015380859375	0.28347015380859375	0.0013127272250130773	0.0013127272250130773	0.7126438617706299	0.7126438617706299	1.846251329595816e-08	1.846251329595816e-08	1.0749680967592212e-07	1.0749680967592212e-07
386	If self-sacrifice for a greater number of people is not an obligation, then sacrificing someone else to save a greater amount of people without their consent cannot be the right thing to do.	What's the right solution to the trolley problem?	7	387	refutes	"True

The trolley problem is a"	0.8963765501976013	0.8963765501976013	0.008320089429616928	0.008320089429616928	0.07955794036388397	0.07955794036388397	1.1014103762363447e-07	1.1014103762363447e-07	4.347663207227015e-07	4.347663207227015e-07
387	Judith Jarvis Thompson set up a trolley problem where the bystander can turn the trolley towards themself. If one is wary of doing this, they are not entitled to turn the track on others.	What's the right solution to the trolley problem?	0	388	supports	"None

The trolley problem is a"	0.29958903789520264	0.29958903789520264	0.008237209171056747	0.008237209171056747	0.6751343011856079	0.6751343011856079	1.1882927708484203e-07	1.1882927708484203e-07	8.901230899027723e-07	8.901230899027723e-07
388	If individuals have no moral right to make others sacrifice themselves, then killing the one person is an immoral act in a way that allowing the five to die is not.	What's the right solution to the trolley problem?	7	389	refutes	"True

Explanation:
The t"	0.6632065176963806	0.6632065176963806	0.020027101039886475	0.020027101039886475	0.2989306151866913	0.2989306151866913	1.8763000753097003e-07	1.8763000753097003e-07	7.053475883367355e-07	7.053475883367355e-07
389	Self-sacrifice for a greater number of people is a moral obligation.	What's the right solution to the trolley problem?	1	390	supports	"True

The trolley problem is a"	0.7160211801528931	0.7160211801528931	0.005865116138011217	0.005865116138011217	0.25932568311691284	0.25932568311691284	1.362662800374892e-07	1.362662800374892e-07	7.91853608461679e-07	7.91853608461679e-07
390	Self-sacrifice may be a highly moral and virtuous act, but it does not follow that such an obligation exists.	What's the right solution to the trolley problem?	1	391	insufficient-refutes	"None

The trolley problem is a"	0.03957352414727211	0.03957352414727211	0.0008950263727456331	0.0008950263727456331	0.9587787985801697	0.9587787985801697	4.550127830071915e-09	4.550127830071915e-09	2.0352468155238057e-08	2.0352468155238057e-08
391	Pulling the lever can benefit you directly.	What's the right solution to the trolley problem?	2	392	insufficient-neutral	"True

Explanation:
The t"	0.5462262630462646	0.5462262630462646	0.040191613137722015	0.040191613137722015	0.4059208929538727	0.4059208929538727	8.255508276988621e-08	8.255508276988621e-08	1.7273299590669922e-07	1.7273299590669922e-07
392	Five people will be eternally thankful.	What's the right solution to the trolley problem?	2	393	supports	"None

The trolley problem is a"	0.06401138007640839	0.06401138007640839	0.05063716694712639	0.05063716694712639	0.8836498260498047	0.8836498260498047	1.0604624733900891e-08	1.0604624733900891e-08	6.53429523822524e-08	6.53429523822524e-08
393	Pulling the lever might cause severe mental problems for the person who pulls the lever.	What's the right solution to the trolley problem?	5	394		"True

The trolley problem is a"	0.532774031162262	0.532774031162262	0.022162683308124542	0.022162683308124542	0.4348374903202057	0.4348374903202057	8.03648347869057e-08	8.03648347869057e-08	1.912849540985917e-07	1.912849540985917e-07
394	Making a decision that will result in the death of others out of self-interest is immoral because it prioritizes your self-interest.	What's the right solution to the trolley problem?	1	395	insufficient-neutral	"True

The trolley problem is a"	0.8362365961074829	0.8362365961074829	0.0053346543572843075	0.0053346543572843075	0.1365118771791458	0.1365118771791458	8.601987389056376e-08	8.601987389056376e-08	5.609200570688699e-07	5.609200570688699e-07
395	By consciously pulling the lever, rather than passively watching, you choose to kill one person instead of merely allowing five people to die. This active choice is immoral.	What's the right solution to the trolley problem?	1	396	refutes	"True

The trolley problem is a"	0.8335824012756348	0.8335824012756348	0.03868376463651657	0.03868376463651657	0.1059781163930893	0.1059781163930893	2.0369704145650758e-07	2.0369704145650758e-07	5.569598329202563e-07	5.569598329202563e-07
396	By pulling the lever, you actively interfere with the plan of fate, nature or a higher being, which is wrong.	What's the right solution to the trolley problem?	1	397	refutes	"True

Explanation:
The t"	0.5396807193756104	0.5396807193756104	0.025241203606128693	0.025241203606128693	0.4137875735759735	0.4137875735759735	8.49808401426344e-08	8.49808401426344e-08	5.32915692019742e-07	5.32915692019742e-07
397	According to many philosophers, the fate of the universe tends towards Goodness.	What's the right solution to the trolley problem?	4	398	not_applicable	"None

The trolley problem is a"	0.010962970554828644	0.010962970554828644	0.001426838105544448	0.001426838105544448	0.9868552088737488	0.9868552088737488	4.206354820013303e-09	4.206354820013303e-09	1.9794901717773428e-08	1.9794901717773428e-08
398	All humans should go vegans because a vegan society has envinornmental advantages 	Should all humans be vegans?	2	399	supports	"True

Argument: ""All humans should go"	0.943396270275116	0.943396270275116	0.0020001784432679415	0.0020001784432679415	0.0289367213845253	0.0289367213845253	4.861325351157575e-07	4.861325351157575e-07	3.10214062437808e-07	3.10214062437808e-07
399	a vegan society would be the most effective at combating climate change.(link)	Should all humans be vegans?	4	400	supports	"True

Argument: ""a vegan society"	0.6081452369689941	0.6081452369689941	0.013022305443882942	0.013022305443882942	0.33584970235824585	0.33584970235824585	9.59631393016025e-07	9.59631393016025e-07	1.22499227472872e-06	1.22499227472872e-06
400	A vegan society has environmental advantages, because a vegan society would be the most effective at combating climate change.	Should all humans be vegans?	2	401	supports	"True

Argument: ""A vegan society"	0.8182265162467957	0.8182265162467957	0.006150382105261087	0.006150382105261087	0.14901012182235718	0.14901012182235718	6.659172413492342e-07	6.659172413492342e-07	6.803788323850313e-07	6.803788323850313e-07
401	[a vegan society would not be the most effective] because the environmental advantages of a vegan society can be pursued by significantly decreasing meat consumption and sustainably restructuring the meat industry.	Should all humans be vegans?	6	402	refutes	"None

Argument: ""[a vegan society"	0.03932652249932289	0.03932652249932289	0.14051814377307892	0.14051814377307892	0.808626115322113	0.808626115322113	1.6769978117281426e-07	1.6769978117281426e-07	3.6700609484796587e-07	3.6700609484796587e-07
402	A vegan society would cause the least harm to wildlife.	Should all humans be vegans?	2	403	supports	"True

Argument: ""A vegan society"	0.6490628719329834	0.6490628719329834	0.015027841553092003	0.015027841553092003	0.31142374873161316	0.31142374873161316	5.180255016057345e-07	5.180255016057345e-07	6.822629643465916e-07	6.822629643465916e-07
403	In a vegan world, species would not be as endangered any more.	Should all humans be vegans?	2	404	supports	"True

Argument: ""In a vegan"	0.7246392369270325	0.7246392369270325	0.04088134691119194	0.04088134691119194	0.20122504234313965	0.20122504234313965	6.40168480003922e-07	6.40168480003922e-07	8.547370384803799e-07	8.547370384803799e-07
404	The fishing industry is especially deleterious to the ocean's biota.	Should all humans be vegans?	4	405	supports	"None

Argument: ""The fishing industry is"	0.3606530725955963	0.3606530725955963	0.055307939648628235	0.055307939648628235	0.5673869252204895	0.5673869252204895	1.2164211682375026e-07	1.2164211682375026e-07	2.6004349251707026e-07	2.6004349251707026e-07
405	Humans have a moral responsibility towards domestic species, which we have bred selectively throughout history, since they are not capable of surviving in the wild.	Should all humans be vegans?	1	406	insufficient-refutes	"True

Question: Should all humans be ve"	0.7448559403419495	0.7448559403419495	0.018073393031954765	0.018073393031954765	0.21009625494480133	0.21009625494480133	3.4947629501402844e-07	3.4947629501402844e-07	7.241158641591028e-07	7.241158641591028e-07
406	Industrial farming uses massive amounts of resources and contributes to climate change, which could lead to a mass extinction event.	Should all humans be vegans?	4	407	supports	"True

Argument: ""Industrial farming"	0.8962222337722778	0.8962222337722778	0.008924616500735283	0.008924616500735283	0.0846744105219841	0.0846744105219841	1.3893573225232103e-07	1.3893573225232103e-07	1.589798017676003e-07	1.589798017676003e-07
407	The issue of animal extinction could be largely fixed with lab-grown meat. US consultancy firm Kearney suggests that 35% of all meat consumed globally will be cell-based by 2040.	Should all humans be vegans?	2	408	refutes	"None

Explanation:
The argument"	0.05533289164304733	0.05533289164304733	0.04446122795343399	0.04446122795343399	0.893027663230896	0.893027663230896	9.570781855927635e-08	9.570781855927635e-08	1.9295787012652e-07	1.9295787012652e-07
408	Over 100,000 species per year go extinct in large part due to the environmental effects of animal agriculture.	Should all humans be vegans?	2	409	supports	"True

Question: Is it true that over"	0.6981078386306763	0.6981078386306763	0.02192080393433571	0.02192080393433571	0.24891801178455353	0.24891801178455353	5.51754339994659e-07	5.51754339994659e-07	8.218356128963933e-07	8.218356128963933e-07
409	Sustainable farming practices do not have these problems. This fails as a criticism of farming as a whole.	Should all humans be vegans?	6	410	refutes	"None

Argument: ""Sustainable farming"	0.28175970911979675	0.28175970911979675	0.19365042448043823	0.19365042448043823	0.5102009177207947	0.5102009177207947	8.370245296873691e-08	8.370245296873691e-08	1.6228884192059922e-07	1.6228884192059922e-07
410	Creating more animals for the meat and dairy industry adds more animals into a world already struggling to provide for its existing population.	Should all humans be vegans?	3	411	supports	"True

Argument: ""Creating more animals"	0.5668085217475891	0.5668085217475891	0.03767829015851021	0.03767829015851021	0.3775758743286133	0.3775758743286133	2.0152687341123965e-07	2.0152687341123965e-07	5.393138735598768e-07	5.393138735598768e-07
411	Computer modelling indicates that the United States could support the largest human population on domestic production if everybody followed a lacto-ovo vegetarian diet, surpassing the carrying capacity of veganism.	Should all humans be vegans?	4	412	refutes	"None

The question is based on the assumption"	0.09982015192508698	0.09982015192508698	0.43359896540641785	0.43359896540641785	0.45440781116485596	0.45440781116485596	3.7126923757568875e-07	3.7126923757568875e-07	4.5935260573060077e-07	4.5935260573060077e-07
412	Many areas that can only be used as grazing land are barren because they have been exploited and overworked by human agriculture. Allowing these areas to be taken over by natural plants and forests again would benefit soil quality and biodiversity, there is no need to put animals on them for grazing.	Should all humans be vegans?	2	413	supports	"None

Explanation:
The argument"	0.14597398042678833	0.14597398042678833	0.07455620914697647	0.07455620914697647	0.7648489475250244	0.7648489475250244	1.1051915294046921e-07	1.1051915294046921e-07	4.090275922408182e-07	4.090275922408182e-07
413	While the vegetarian diet can maximize the use of all available land in the US, it is not necessary to use up every inch of land if you don't need it in order to sustain the population. This is like saying a school bus is better suited for transporting a family of six than a minivan.	Should all humans be vegans?	7	414	refutes	"None

Argument: ""While the vegetarian"	0.08400524407625198	0.08400524407625198	0.27544260025024414	0.27544260025024414	0.6304943561553955	0.6304943561553955	6.249344863817896e-08	6.249344863817896e-08	2.1141258343959635e-07	2.1141258343959635e-07
414	Veganism is not feasible for many.	Should all humans be vegans?	5	415	refutes	"None

Argument: ""Veganism"	0.03583208844065666	0.03583208844065666	0.3144165873527527	0.3144165873527527	0.635138988494873	0.635138988494873	5.659700264004641e-08	5.659700264004641e-08	2.1505996983250952e-07	2.1505996983250952e-07
415	A person's inability to adhere to a moral principle does not affect the validity of the principle.	Should all humans be vegans?	1	416	insufficient-supports	"True

Argument: ""A person's"	0.7668826580047607	0.7668826580047607	0.03878209739923477	0.03878209739923477	0.18501904606819153	0.18501904606819153	4.2889439555438e-08	4.2889439555438e-08	8.397344686272845e-08	8.397344686272845e-08
416	When it comes to dietary change as radical as switching to veganism, inability to adhere may be due to more than a weakness of morality or willpower, but rather an innate and instinctual drive against the principle.	Should all humans be vegans?	1	417	refutes	"None

Argument: ""When it comes to"	0.06090313196182251	0.06090313196182251	0.03524802625179291	0.03524802625179291	0.8949649930000305	0.8949649930000305	5.266007718773835e-08	5.266007718773835e-08	1.9834928366435634e-07	1.9834928366435634e-07
417	It is likely easier to overcome issues of morality or willpower than it is to go against one's biological instincts.	Should all humans be vegans?	1	418	insufficient-refutes	"None

Argument: ""It is likely easier"	0.2742414176464081	0.2742414176464081	0.26168298721313477	0.26168298721313477	0.45214763283729553	0.45214763283729553	8.291372211033377e-08	8.291372211033377e-08	1.9928852168504818e-07	1.9928852168504818e-07
418	Just because it is in our nature, does not make it healthy. We developed a craving for sugars, because it was scarce in the past. We should not cater to our nature just because it is innate.	Should all humans be vegans?	0	419	insufficient-neutral	"None

Argument: ""Just because it is"	0.19106175005435944	0.19106175005435944	0.11057806015014648	0.11057806015014648	0.6773727536201477	0.6773727536201477	2.271314940571756e-07	2.271314940571756e-07	5.459253884509963e-07	5.459253884509963e-07
419	Veganism is necessarily flexible and thus feasible for most people and circumstances.	Should all humans be vegans?	4	420	insufficient-supports	"None

Argument: ""Veganism"	0.0478484183549881	0.0478484183549881	0.0664309561252594	0.0664309561252594	0.8750562071800232	0.8750562071800232	7.148489089559007e-08	7.148489089559007e-08	2.0324416993844352e-07	2.0324416993844352e-07
420	Due to the mass availability of vegan products and the development of meat substitutes, becoming vegan is easier than ever.	Should all humans be vegans?	3	421	insufficient-supports	"None

Argument: ""Due to the"	0.03885052725672722	0.03885052725672722	0.012320742011070251	0.012320742011070251	0.9412621259689331	0.9412621259689331	5.94185962654592e-08	5.94185962654592e-08	1.8159786918658938e-07	1.8159786918658938e-07
421	Vegan cosmetics exist.	Should all humans be vegans?	0	422	insufficient-supports	"None

Argument: ""Vegan cos"	0.2083016037940979	0.2083016037940979	0.04231903702020645	0.04231903702020645	0.7384933233261108	0.7384933233261108	9.602935335806251e-08	9.602935335806251e-08	2.259068168086742e-07	2.259068168086742e-07
422	A study found that the performance of participants on a test was significantly better when participants were told that the test was easy compared to participants who were told it would be difficult.	Should all humans be vegans?	4	423	not_applicable	"None

Argument: ""A study found that"	0.013168414123356342	0.013168414123356342	0.03607620671391487	0.03607620671391487	0.9450696110725403	0.9450696110725403	1.6025657245677394e-08	1.6025657245677394e-08	6.252204087786595e-08	6.252204087786595e-08
423	Vegans miss out on enjoyable and culturally important foods and experiences, making veganism a difficult lifestyle to maintain.	Should all humans be vegans?	5	424	refutes	"None

Argument: ""Vegans miss"	0.05477297306060791	0.05477297306060791	0.05651165172457695	0.05651165172457695	0.883991003036499	0.883991003036499	1.4303499717982504e-08	1.4303499717982504e-08	6.9720101691928e-08	6.9720101691928e-08
424	Veganism is incompatible with some religions, cultures and traditions.	Should all humans be vegans?	1	425	refutes	"None

Argument: ""Veganism"	0.12518441677093506	0.12518441677093506	0.4169277846813202	0.4169277846813202	0.4438173174858093	0.4438173174858093	8.170466259116438e-08	8.170466259116438e-08	2.4631881956338475e-07	2.4631881956338475e-07
425	It is often necessary for a vegan diet to include supplements, as it lacks specific essential nutrients. These may not be affordable to the less privileged.	Should all humans be vegans?	5	426	refutes	"None

Argument: ""It is often necessary"	0.023249510675668716	0.023249510675668716	0.010156958363950253	0.010156958363950253	0.9581784605979919	0.9581784605979919	3.785146063250977e-08	3.785146063250977e-08	6.617239023398724e-08	6.617239023398724e-08
426	Worldwide veganism would improve public health.	Should all humans be vegans?	4	427	supports	"None

Argument: ""Worldwide vegan"	0.29500100016593933	0.29500100016593933	0.025979071855545044	0.025979071855545044	0.6544883251190186	0.6544883251190186	4.93591414851835e-07	4.93591414851835e-07	6.130858309916221e-07	6.130858309916221e-07
427	Global veganism could help eradicate world hunger.	Should all humans be vegans?	2	428	supports	"None

Argument: ""Global veganism"	0.1820509433746338	0.1820509433746338	0.01448388397693634	0.01448388397693634	0.790793240070343	0.790793240070343	2.8783148309230455e-07	2.8783148309230455e-07	4.717814476862259e-07	4.717814476862259e-07
428	Universal veganism would worsen existing food distribution and access problems.	Should all humans be vegans?	5	429	refutes	"True or False or None

Answer:"	0.5190291404724121	0.5190291404724121	0.24137096107006073	0.24137096107006073	0.21636353433132172	0.21636353433132172	3.084417699028563e-07	3.084417699028563e-07	6.684560389658145e-07	6.684560389658145e-07
429	Fresh food and vegetables can be very difficult to source in food deserts. It is unclear how this problem would be solved in a vegan society.	Should all humans be vegans?	4	430	refutes	"None

Argument: ""Fresh food and"	0.13138647377490997	0.13138647377490997	0.03648470714688301	0.03648470714688301	0.8175141215324402	0.8175141215324402	2.6156965304835467e-07	2.6156965304835467e-07	6.436088710870536e-07	6.436088710870536e-07
430	Livestock farming can benefit the environment	Should all humans be vegans?	6	431	refutes	"None

Argument: ""Livestock"	0.004730126820504665	0.004730126820504665	0.059453949332237244	0.059453949332237244	0.930016279220581	0.930016279220581	2.241425178794998e-08	2.241425178794998e-08	6.74414337709095e-08	6.74414337709095e-08
431	Pasture animals can damage biodiversity.	Should all humans be vegans?	5	432	supports	"None

Argument: ""Pasture animals"	0.15615858137607574	0.15615858137607574	0.11247680336236954	0.11247680336236954	0.7220699191093445	0.7220699191093445	6.658063966824557e-08	6.658063966824557e-08	1.949284325064582e-07	1.949284325064582e-07
432	It is an individual's choice to decide if they wish to live or die.	Should individuals sentenced to life in prison be allowed to choose death instead?	1	433	supports	"True

Argument: ""The government should not"	0.9615170955657959	0.9615170955657959	0.002086942084133625	0.002086942084133625	0.027276141569018364	0.027276141569018364	7.278708125113553e-08	7.278708125113553e-08	1.3309380619830335e-07	1.3309380619830335e-07
433	It is cruel and inhumane to force someone to stay alive against their will.	Should individuals sentenced to life in prison be allowed to choose death instead?	4	434	supports	"True

In this scenario, the argument suggests"	0.9775953888893127	0.9775953888893127	0.0011357387993484735	0.0011357387993484735	0.012306110002100468	0.012306110002100468	5.136143954587169e-08	5.136143954587169e-08	9.28220842411065e-08	9.28220842411065e-08
434	Life imprisonment is similar to the death penalty in terms of the emotional and physical toll it has on the inmate.	Should individuals sentenced to life in prison be allowed to choose death instead?	7	435	insufficient-neutral	"None

Argument: ""Life imprisonment is"	0.4369814693927765	0.4369814693927765	0.028822053223848343	0.028822053223848343	0.5189283490180969	0.5189283490180969	2.689754694529256e-07	2.689754694529256e-07	5.761332317888446e-07	5.761332317888446e-07
435	Individuals that wish to commit suicide can be assisted through prison rehabilitation as opposed to entertaining their desire to die, which could be impulsive.	Should individuals sentenced to life in prison be allowed to choose death instead?	6	436	refutes	"True

In this scenario, the argument suggests"	0.8001970648765564	0.8001970648765564	0.02825041301548481	0.02825041301548481	0.14802157878875732	0.14802157878875732	5.151763389221742e-07	5.151763389221742e-07	8.057510854087013e-07	8.057510854087013e-07
436	Allowing the option of death makes it seem as though rehabilitation is not a worthwhile option for future life prisoners.	Should individuals sentenced to life in prison be allowed to choose death instead?	5	437	refutes	"True

Argument: ""The death penalty is"	0.9198108911514282	0.9198108911514282	0.014409937895834446	0.014409937895834446	0.04508470743894577	0.04508470743894577	4.030472098293103e-07	4.030472098293103e-07	5.639644200527982e-07	5.639644200527982e-07
437	This is just suicide by a different name, which is an irrational action.	Should individuals sentenced to life in prison be allowed to choose death instead?	7	438	refutes	"True

In this scenario, the argument suggests"	0.5768643617630005	0.5768643617630005	0.2600131630897522	0.2600131630897522	0.14815102517604828	0.14815102517604828	1.9043093857362692e-07	1.9043093857362692e-07	3.992245467543398e-07	3.992245467543398e-07
438	The state has a responsibility to protect its citizens from threats, including those posed by themselves (p. 515).	Should individuals sentenced to life in prison be allowed to choose death instead?	4	439	refutes	"True

The argument suggests that the state has"	0.5549878478050232	0.5549878478050232	0.3212023377418518	0.3212023377418518	0.1110045537352562	0.1110045537352562	9.051816363125909e-08	9.051816363125909e-08	2.0679385670518968e-07	2.0679385670518968e-07
439	Suicide cannot reasonably be punished or restricted, so people should be allowed the right to die.	Should individuals sentenced to life in prison be allowed to choose death instead?	7	440	supports	"True

Argument: ""Suicide cannot reasonably"	0.8946037292480469	0.8946037292480469	0.008174899034202099	0.008174899034202099	0.07878269255161285	0.07878269255161285	1.990452176414692e-07	1.990452176414692e-07	3.9895337522466434e-07	3.9895337522466434e-07
440	Since many prisoners suffer from mental health conditions (p. 1), a prisoner who desires euthanasia as a product of poor mental health cannot be considered to be making a voluntary decision.	Should individuals sentenced to life in prison be allowed to choose death instead?	3	441	refutes	"True

In this case, the argument is"	0.6415922045707703	0.6415922045707703	0.02487722970545292	0.02487722970545292	0.29836809635162354	0.29836809635162354	7.012756100266415e-07	7.012756100266415e-07	2.021297177634551e-06	2.021297177634551e-06
441	Criminals spending long terms in prison develop a wide range of mental health conditions, which can cause violence within prisons themselves.	Should individuals sentenced to life in prison be allowed to choose death instead?	5	442	insufficient-supports	"True

In this scenario, the argument suggests"	0.7865415215492249	0.7865415215492249	0.015576610341668129	0.015576610341668129	0.17550113797187805	0.17550113797187805	2.0419869883880892e-07	2.0419869883880892e-07	6.4894214801825e-07	6.4894214801825e-07
442	PTSD and anxiety are common mental health disorders observed to develop within long-term inmates.	Should individuals sentenced to life in prison be allowed to choose death instead?	0	443	insufficient-neutral	"None

Explanation:
The argument"	0.4709452688694	0.4709452688694	0.02963976562023163	0.02963976562023163	0.478361576795578	0.478361576795578	2.9849942961845954e-07	2.9849942961845954e-07	9.467783002037322e-07	9.467783002037322e-07
443	Chronic psychological suffering means individuals with mental health disorders have a stronger desire to die than neurotypical people. It would be an injustice to deny them that choice.	Should individuals sentenced to life in prison be allowed to choose death instead?	1	444	supports	"True

The argument does not necessarily imply that"	0.7525395750999451	0.7525395750999451	0.012948158197104931	0.012948158197104931	0.20897269248962402	0.20897269248962402	5.107289666739234e-07	5.107289666739234e-07	1.2396171769069042e-06	1.2396171769069042e-06
444	A 2006 survey showed 49% of state prisoners, 40% of federal prisoners and 60% of all inmates in the USA have a symptom of a mental disorder (p. 8).	Should individuals sentenced to life in prison be allowed to choose death instead?	4	445	insufficient-neutral	"None

The question is not directly related to"	0.304715096950531	0.304715096950531	0.02057475410401821	0.02057475410401821	0.6552404165267944	0.6552404165267944	3.0863316169416066e-07	3.0863316169416066e-07	6.649630677202367e-07	6.649630677202367e-07
445	This argument suggests that individuals with mental health conditions cannot choose for themselves, which is an ableist assumption and is incorrect.	Should individuals sentenced to life in prison be allowed to choose death instead?	1	446	supports	"True

The argument provided does not directly address"	0.7886254191398621	0.7886254191398621	0.08987469971179962	0.08987469971179962	0.11011677980422974	0.11011677980422974	2.498743754131283e-07	2.498743754131283e-07	5.37314349458029e-07	5.37314349458029e-07
446	As with assisted dying in medical circumstances, the use of safeguards can ensure that the prisoner makes an informed decision.	Should individuals sentenced to life in prison be allowed to choose death instead?	6	447	supports	"True

In this scenario, the argument suggests"	0.9367848634719849	0.9367848634719849	0.003300309181213379	0.003300309181213379	0.04347304627299309	0.04347304627299309	4.268367774784565e-07	4.268367774784565e-07	4.2517271481301577e-07	4.2517271481301577e-07
447	Medical practitioners follow scientific standards to determine whether patients possess autonomy and the capacity to make an informed choice. Such requirements could also be applied to prisoners in these circumstances.	Should individuals sentenced to life in prison be allowed to choose death instead?	0	448	supports	"True

In this scenario, the argument suggests"	0.7341546416282654	0.7341546416282654	0.012533525936305523	0.012533525936305523	0.22743049263954163	0.22743049263954163	6.045380587238469e-07	6.045380587238469e-07	1.608375896466896e-06	1.608375896466896e-06
448	A rigorous process to determine whether someone is approved for euthanasia already exists.	Should individuals sentenced to life in prison be allowed to choose death instead?	4	449	supports	"True

In this scenario, the argument is"	0.7167150974273682	0.7167150974273682	0.05273626744747162	0.05273626744747162	0.19902458786964417	0.19902458786964417	5.038206154495128e-07	5.038206154495128e-07	9.560834541844088e-07	9.560834541844088e-07
449	There is no inherent right to die.	Should individuals sentenced to life in prison be allowed to choose death instead?	1	450	refutes	"True

Argument: ""The government should not"	0.7392830848693848	0.7392830848693848	0.10005108267068863	0.10005108267068863	0.1478659212589264	0.1478659212589264	1.1460644344651882e-07	1.1460644344651882e-07	2.5228678168787155e-07	2.5228678168787155e-07
450	The 'right to die' has not been recognised as a human right by the Universal Declaration of Human Rights.	Should individuals sentenced to life in prison be allowed to choose death instead?	4	451	refutes	"True

The question is asking about a specific"	0.6559861898422241	0.6559861898422241	0.024081701412796974	0.024081701412796974	0.30033236742019653	0.30033236742019653	2.983104536724568e-07	2.983104536724568e-07	7.844097922315996e-07	7.844097922315996e-07
451	In 2014, Belgium set a precedent and widened the scope of the country's euthanasia law by allowing a Belgian serving a life sentence for murder and rape the right to an assisted suicide.	Should individuals sentenced to life in prison be allowed to choose death instead?	0	452	supports	"True

In this case, the question is"	0.9801458716392517	0.9801458716392517	0.0005378847126848996	0.0005378847126848996	0.008219023235142231	0.008219023235142231	1.8689664216253732e-07	1.8689664216253732e-07	1.989504312405188e-07	1.989504312405188e-07
452	As of March 2018, active human euthanasia is legal in the Netherlands, Belgium, Colombia, Luxembourg, and Canada.	Should individuals sentenced to life in prison be allowed to choose death instead?	0	453	insufficient-neutral	"True

In this context, the question is"	0.8657035827636719	0.8657035827636719	0.0035656809341162443	0.0035656809341162443	0.09865881502628326	0.09865881502628326	1.1193006912435521e-06	1.1193006912435521e-06	1.2486701734815142e-06	1.2486701734815142e-06
453	The prison system would benefit from allowing inmates to choose death.	Should individuals sentenced to life in prison be allowed to choose death instead?	2	454	supports	"True

Argument: ""The prison system would"	0.9816374182701111	0.9816374182701111	0.0004571914905682206	0.0004571914905682206	0.007151678204536438	0.007151678204536438	5.077422216004379e-08	5.077422216004379e-08	7.787641465029083e-08	7.787641465029083e-08
454	Allowing prisoners to make this choice would allow more money to be spent on improving conditions for other prisoners.	Should individuals sentenced to life in prison be allowed to choose death instead?	2	455	supports	"True

In this scenario, the argument suggests"	0.9083102941513062	0.9083102941513062	0.017164375633001328	0.017164375633001328	0.05761445686221123	0.05761445686221123	3.0815789386906545e-07	3.0815789386906545e-07	8.166589964275772e-07	8.166589964275772e-07
455	Prisons often do not meet even the basic standards for treatment and living conditions.	Should individuals sentenced to life in prison be allowed to choose death instead?	2	456	supports	"True

In this scenario, the argument suggests"	0.8565259575843811	0.8565259575843811	0.011477453634142876	0.011477453634142876	0.10889506340026855	0.10889506340026855	1.9094566994226625e-07	1.9094566994226625e-07	5.734084425057517e-07	5.734084425057517e-07
456	The cost of carrying out an inmate execution often exceeds the cost of life imprisonment.	Should individuals sentenced to life in prison be allowed to choose death instead?	3	457	refutes	"True

In this scenario, the argument suggests"	0.7665911912918091	0.7665911912918091	0.02075067348778248	0.02075067348778248	0.1968768984079361	0.1968768984079361	1.5170188305546617e-07	1.5170188305546617e-07	2.8900632287331973e-07	2.8900632287331973e-07
457	Allowing prisoners to choose death reduces public pressure to improve the prison system.	Should individuals sentenced to life in prison be allowed to choose death instead?	2	458	refutes	"True

Argument: ""Allowing prisoners to"	0.8505297899246216	0.8505297899246216	0.005468390882015228	0.005468390882015228	0.11510668694972992	0.11510668694972992	7.528529977207654e-07	7.528529977207654e-07	1.1936933788092574e-06	1.1936933788092574e-06
458	Rehabilitation and, where appropriate, reintegration should be a central goal of prisons, and allowing people to choose death is contrary to that.	Should individuals sentenced to life in prison be allowed to choose death instead?	6	459	refutes	False	0.012511787936091423	0.012511787936091423	0.9709100127220154	0.9709100127220154	0.00887218676507473	0.00887218676507473	2.0132553402163467e-08	2.0132553402163467e-08	9.345633600332803e-08	9.345633600332803e-08
459	There may be possible ways for inmates serving life sentences to be released.	Should individuals sentenced to life in prison be allowed to choose death instead?	6	460	insufficient-refutes	"None

Argument: ""There may be possible"	0.10058107227087021	0.10058107227087021	0.09748651087284088	0.09748651087284088	0.7911313772201538	0.7911313772201538	7.424229409025429e-08	7.424229409025429e-08	2.63726377625062e-07	2.63726377625062e-07
460	Release in this situation is rare since almost all life sentences are life without parole.	Should individuals sentenced to life in prison be allowed to choose death instead?	4	461	insufficient-neutral	"True

Argument: ""The death penalty is"	0.5030034184455872	0.5030034184455872	0.06701871752738953	0.06701871752738953	0.41700446605682373	0.41700446605682373	1.255849610970472e-07	1.255849610970472e-07	3.5775826745521044e-07	3.5775826745521044e-07
461	Inmates may still have ways of making the most of life imprisonment.	Should individuals sentenced to life in prison be allowed to choose death instead?	6	462	refutes	"None

Argument: ""Inmates may still"	0.3221534788608551	0.3221534788608551	0.09086756408214569	0.09086756408214569	0.5743007063865662	0.5743007063865662	9.060907046887223e-08	9.060907046887223e-08	3.632989944435394e-07	3.632989944435394e-07
462	Criminals should be forced to live with the consequences of their crimes.	Should individuals sentenced to life in prison be allowed to choose death instead?	1	463	refutes	"False

In this scenario, the argument is"	0.2519002854824066	0.2519002854824066	0.576605498790741	0.576605498790741	0.1626390516757965	0.1626390516757965	5.771293842826708e-08	5.771293842826708e-08	1.5175665168953856e-07	1.5175665168953856e-07
463	There is little benefit to making criminals live with the consequences of their crimes.	Should individuals sentenced to life in prison be allowed to choose death instead?	5	464	supports	"True

In this scenario, the argument suggests"	0.7813682556152344	0.7813682556152344	0.031999941915273666	0.031999941915273666	0.16898274421691895	0.16898274421691895	1.441274122271352e-07	1.441274122271352e-07	3.484553872112883e-07	3.484553872112883e-07
464	Since denying prisoners the right to choose death does not stop them from opting for suicide, they may not necessarily live with the consequences of their crimes.	Should individuals sentenced to life in prison be allowed to choose death instead?	3	465	supports	"True

In this scenario, the argument suggests"	0.7980794310569763	0.7980794310569763	0.00929134339094162	0.00929134339094162	0.17807559669017792	0.17807559669017792	2.389452333773079e-07	2.389452333773079e-07	6.846917699476762e-07	6.846917699476762e-07
465	Access to legal abortion improves the health and safety of women.	Pro-Life vs Pro-Choice: Should abortion be legal?	2	466	supports	"True

Argument: ""Access to legal abortion"	0.7750847935676575	0.7750847935676575	0.049549512565135956	0.049549512565135956	0.11702030152082443	0.11702030152082443	2.2146684841573006e-06	2.2146684841573006e-06	2.7134683477925137e-06	2.7134683477925137e-06
466	When abortion is banned, many women who do not want a child seek out illegal abortions.	Pro-Life vs Pro-Choice: Should abortion be legal?	5	467	supports	"True

In this context, the argument is"	0.9833492040634155	0.9833492040634155	0.0011972495121881366	0.0011972495121881366	0.006322339177131653	0.006322339177131653	2.484070193986554e-07	2.484070193986554e-07	2.8148201636213344e-07	2.8148201636213344e-07
467	If abortions will happen anyway, it is preferable to make them as safe as possible so at least the women survive the procedure.	Pro-Life vs Pro-Choice: Should abortion be legal?	2	468	supports	"True

Argument: ""Abortion is the"	0.6161803603172302	0.6161803603172302	0.03586599603295326	0.03586599603295326	0.319670170545578	0.319670170545578	5.874370003766671e-07	5.874370003766671e-07	8.715735475561814e-07	8.715735475561814e-07
468	When abortion is banned, in practice this means that only women who can afford it can access safe abortion, since it is more expensive when illegal.	Pro-Life vs Pro-Choice: Should abortion be legal?	5	469	supports	"True

In this scenario, the argument suggests"	0.92923903465271	0.92923903465271	0.01040387712419033	0.01040387712419033	0.036313097923994064	0.036313097923994064	1.1828212791442638e-06	1.1828212791442638e-06	8.755712883612432e-07	8.755712883612432e-07
469	Any act will still happen regardless of whether it is legal or illegal. This is not a sufficient reason to legalize an activity which is wrong.	Pro-Life vs Pro-Choice: Should abortion be legal?	1	470	refutes	"True

Question: Pro-Life vs Pro"	0.5281926393508911	0.5281926393508911	0.4113568365573883	0.4113568365573883	0.04508382827043533	0.04508382827043533	1.5691037447140843e-07	1.5691037447140843e-07	3.32179268980326e-07	3.32179268980326e-07
470	It wouldn't be reasonable to argue that we shouldn't regulate guns because people would buy guns illegally and from dangerous people anyway.	Pro-Life vs Pro-Choice: Should abortion be legal?	7	471	insufficient-neutral	"None

Argument: ""It wouldn't"	0.01770034246146679	0.01770034246146679	0.0296424962580204	0.0296424962580204	0.9514232277870178	0.9514232277870178	6.884888215097362e-09	6.884888215097362e-09	2.7177129879873974e-08	2.7177129879873974e-08
471	The argument isn't just that illegal abortions will still happen, but that illegal abortions are dangerous for women, as opposed to guns which are still dangerous when legal.	Pro-Life vs Pro-Choice: Should abortion be legal?	5	472	supports	"True

Argument: ""The argument isn'"	0.7214121222496033	0.7214121222496033	0.15359750390052795	0.15359750390052795	0.11594147980213165	0.11594147980213165	1.4586166230401432e-07	1.4586166230401432e-07	2.540030266118265e-07	2.540030266118265e-07
472	The government knows people will seek out illegal and potentially harmful drugs, but that is not a reason to lift the ban on them, making them easier to access.	Pro-Life vs Pro-Choice: Should abortion be legal?	7	473	refutes	"None

Argument: ""The government knows people"	0.04814118146896362	0.04814118146896362	0.18168291449546814	0.18168291449546814	0.7649136781692505	0.7649136781692505	6.236523120151105e-08	6.236523120151105e-08	1.9247400473432208e-07	1.9247400473432208e-07
473	"The war on drugs is an good example of why prohibition does not work. Criminalizing behavior may not deter that behavior as long as incentives exist
 and may only compound the problem without addressing the underlying cause."	Pro-Life vs Pro-Choice: Should abortion be legal?	0	474	supports	"None

Argument: ""The war on drugs"	0.12313766777515411	0.12313766777515411	0.012777399271726608	0.012777399271726608	0.8547447919845581	0.8547447919845581	1.5952056742207787e-07	1.5952056742207787e-07	2.385351365319366e-07	2.385351365319366e-07
474	Putting the child up for adoption is an alternative to abortion.	Pro-Life vs Pro-Choice: Should abortion be legal?	6	475	refutes	"None

Argument: ""Putting the child"	0.2365497350692749	0.2365497350692749	0.04241103306412697	0.04241103306412697	0.695258378982544	0.695258378982544	4.944984652865969e-07	4.944984652865969e-07	1.149743525274971e-06	1.149743525274971e-06
475	The question here is whether women should or should not have the right to choose abortion. The fact that adoption is a viable option does not automatically negate a right to abortion.	Pro-Life vs Pro-Choice: Should abortion be legal?	1	476	supports	"True

Argument: ""The question here is"	0.9560320973396301	0.9560320973396301	0.0009725502459332347	0.0009725502459332347	0.032713618129491806	0.032713618129491806	1.1955431489241164e-07	1.1955431489241164e-07	1.7877259494980535e-07	1.7877259494980535e-07
476	If it is true that adoption is a viable option, then abortion is not the only option. If there is another ethical option besides abortion, with the benefit of saving lives, it should be valued over abortion.	Pro-Life vs Pro-Choice: Should abortion be legal?	6	477	refutes	"True

Question: Pro-Life vs Pro"	0.7305728197097778	0.7305728197097778	0.1762588918209076	0.1762588918209076	0.07580800354480743	0.07580800354480743	2.7115723355564114e-07	2.7115723355564114e-07	4.1915706106010475e-07	4.1915706106010475e-07
477	"Believing one option to be ""better"" is not an argument against people having multiple options."	Pro-Life vs Pro-Choice: Should abortion be legal?	1	478	supports	"True

Argument: ""Believing one"	0.8081303238868713	0.8081303238868713	0.012175317853689194	0.012175317853689194	0.1591303050518036	0.1591303050518036	3.62507933004963e-07	3.62507933004963e-07	4.811838607565733e-07	4.811838607565733e-07
478	Adoption is not a reasonable alternative given it requires women to go through pregnancy and childbirth, and bring a genetically related child into the world.	Pro-Life vs Pro-Choice: Should abortion be legal?	1	479	supports	"True

The argument provided is not directly related"	0.43204453587532043	0.43204453587532043	0.28334173560142517	0.28334173560142517	0.26617491245269775	0.26617491245269775	3.6136864878244523e-07	3.6136864878244523e-07	5.946336614215397e-07	5.946336614215397e-07
479	Statistics regarding the number of abortions due to endangerment of mother's life back this up. Florida, 2015: 0.065%. UK,1968-2011: 0.006%. U.S. estimate: 1%. (links)	Pro-Life vs Pro-Choice: Should abortion be legal?	4	480	refutes	"True

In this scenario, the argument provided"	0.5041174292564392	0.5041174292564392	0.09621249884366989	0.09621249884366989	0.36310216784477234	0.36310216784477234	4.249585572324577e-07	4.249585572324577e-07	8.787972092250129e-07	8.787972092250129e-07
480	The number of times something happens doesn't always make it less important. If you, or someone else you care about, were in that 1%, you would likely want them to be able to access to abortion.	Pro-Life vs Pro-Choice: Should abortion be legal?	0	481	supports	"None

Argument: ""The number of times"	0.34206482768058777	0.34206482768058777	0.006072377786040306	0.006072377786040306	0.6390612125396729	0.6390612125396729	2.8332780743767216e-07	2.8332780743767216e-07	3.039663738491072e-07	3.039663738491072e-07
481	Even if in these cases abortion has a chance of saving the woman's life, abortion is always guaranteed to kill the fetus. We should not kill one person just to try to save another.	Pro-Life vs Pro-Choice: Should abortion be legal?	1	482	refutes	"True

Question: Pro-Life vs Pro"	0.9305506348609924	0.9305506348609924	0.050094012171030045	0.050094012171030045	0.009194348938763142	0.009194348938763142	6.867684021472087e-08	6.867684021472087e-08	1.5296257060981588e-07	1.5296257060981588e-07
482	In situations where pregnancy endangers a mother, the fetus is also likely in jeopardy. There for it is not as simple as exchanging one life for another, but rather opting to save one person versus allowing two to die.	Pro-Life vs Pro-Choice: Should abortion be legal?	3	483	supports	"True

In this scenario, the argument suggests"	0.8495951890945435	0.8495951890945435	0.054312802851200104	0.054312802851200104	0.07902466505765915	0.07902466505765915	2.4177435875571973e-07	2.4177435875571973e-07	3.811080944160494e-07	3.811080944160494e-07
483	In most of the cases where pregnancy endangers a mother, there is a reasonable non-abortion option that could preserve the life of both mother and child.	Pro-Life vs Pro-Choice: Should abortion be legal?	6	484	refutes	"True

In this context, the question is"	0.5571604371070862	0.5571604371070862	0.12431930005550385	0.12431930005550385	0.29360294342041016	0.29360294342041016	3.6222661492502084e-07	3.6222661492502084e-07	1.3563907259594998e-06	1.3563907259594998e-06
484	If childbirth poses a threat to the woman, the baby can be delivered via C-section.	Pro-Life vs Pro-Choice: Should abortion be legal?	6	485	refutes	"None

Argument: ""If childbirth"	0.29569771885871887	0.29569771885871887	0.06345146894454956	0.06345146894454956	0.6259921193122864	0.6259921193122864	2.2519297715462017e-07	2.2519297715462017e-07	7.662949315090373e-07	7.662949315090373e-07
485	There are a large number of financial requirements of being pregnant and having a child, even if you plan to give it up for adoption. These costs may mean adoption is not a viable alternative for many women.	Pro-Life vs Pro-Choice: Should abortion be legal?	3	486	supports	"None

Question: Pro-Life vs Pro"	0.41242092847824097	0.41242092847824097	0.08577537536621094	0.08577537536621094	0.48216891288757324	0.48216891288757324	5.32194064817304e-07	5.32194064817304e-07	6.381981165759498e-07	6.381981165759498e-07
486	Government services should be available to intended adoptees to support them in this. The lack of this service is not grounds for termination.	Pro-Life vs Pro-Choice: Should abortion be legal?	6	487	insufficient-refutes	"None

Argument: ""Government services"	0.0075539289973676205	0.0075539289973676205	0.0063115437515079975	0.0063115437515079975	0.9816701412200928	0.9816701412200928	5.4474607935617314e-08	5.4474607935617314e-08	1.492387156076802e-07	1.492387156076802e-07
487	It is possible for women to research contraception and the likelihood of pregnancy before they have sex, such that they are aware of the risks.	Pro-Life vs Pro-Choice: Should abortion be legal?	3	488	refutes	"None

Argument: ""It is possible for"	0.03281373158097267	0.03281373158097267	0.015259802341461182	0.015259802341461182	0.9440905451774597	0.9440905451774597	1.244539475919737e-07	1.244539475919737e-07	2.832136090091808e-07	2.832136090091808e-07
488	No form of contraception is 100% effective.	Pro-Life vs Pro-Choice: Should abortion be legal?	3	489	insufficient-neutral	"None

Argument: ""No form of contr"	0.22496163845062256	0.22496163845062256	0.025437958538532257	0.025437958538532257	0.7261850833892822	0.7261850833892822	4.702740170614561e-07	4.702740170614561e-07	1.2008866860924172e-06	1.2008866860924172e-06
489	Planned Parenthood states that the pill is only about 91% effective because it is difficult to maintain perfect use.	Pro-Life vs Pro-Choice: Should abortion be legal?	4	490	insufficient-neutral	"None

Argument: ""Planned Paren"	0.004200998228043318	0.004200998228043318	0.004760354291647673	0.004760354291647673	0.9885701537132263	0.9885701537132263	2.1524504845160664e-08	2.1524504845160664e-08	7.527477663415993e-08	7.527477663415993e-08
490	Contraceptives advertise that they are not 100% effective. Even though these devices or drugs decrease the likelihood of pregnancy they don't negate the responsibility for the risk of the action chosen.	Pro-Life vs Pro-Choice: Should abortion be legal?	4	491	refutes	"None

Argument: ""Contraceptives"	0.37355107069015503	0.37355107069015503	0.044964227825403214	0.044964227825403214	0.5607665777206421	0.5607665777206421	2.545116331020836e-07	2.545116331020836e-07	4.820358299184591e-07	4.820358299184591e-07
491	Abstinence is always effective.	Pro-Life vs Pro-Choice: Should abortion be legal?	6	492	insufficient-neutral	"None

Argument: ""Abstinence"	0.26298075914382935	0.26298075914382935	0.22493937611579895	0.22493937611579895	0.4836956560611725	0.4836956560611725	4.331938043833361e-07	4.331938043833361e-07	1.8025659755949164e-06	1.8025659755949164e-06
492	An abstinent woman can still be raped and become pregnant.	Pro-Life vs Pro-Choice: Should abortion be legal?	3	493	supports	"True

Argument: ""A fetus is"	0.8946243524551392	0.8946243524551392	0.006027931347489357	0.006027931347489357	0.07062197476625443	0.07062197476625443	4.6643452833450283e-07	4.6643452833450283e-07	7.556206469416793e-07	7.556206469416793e-07
493	The primary role of sexual relations is reproduction. This is true in all species that reproduce by mating. The pleasure and bonding effect of a sexual relation is subservient to its purpose as a reproduction mechanism.	Pro-Life vs Pro-Choice: Should abortion be legal?	1	494	insufficient-neutral	"True

The question you provided is not directly"	0.435304194688797	0.435304194688797	0.29917991161346436	0.29917991161346436	0.22938920557498932	0.22938920557498932	7.618093036398932e-07	7.618093036398932e-07	1.1984942602794035e-06	1.1984942602794035e-06
494	It is unreasonable to expect people to remain abstinent forever. There are people who may want to have sex lives but do not ever want to have children. For them there is no fail proof form of contraception.	Pro-Life vs Pro-Choice: Should abortion be legal?	0	495	supports	"None

Question: Pro-Life vs Pro"	0.4285983741283417	0.4285983741283417	0.029166486114263535	0.029166486114263535	0.5169883370399475	0.5169883370399475	5.01612419157027e-07	5.01612419157027e-07	9.574869181960821e-07	9.574869181960821e-07
495	Male vasectomies are both reversible and do not stop your body from producing sperm. It is one of the most highly-effective birth control measures while still maintaining the possibility of having children in the future.	Pro-Life vs Pro-Choice: Should abortion be legal?	6	496	insufficient-neutral	"None

Argument: ""Male vasect"	0.022521046921610832	0.022521046921610832	0.026744404807686806	0.026744404807686806	0.9427727460861206	0.9427727460861206	6.152317411078911e-08	6.152317411078911e-08	1.692086755156197e-07	1.692086755156197e-07
496	According to WHO, only 43% of women of reproductive age in less developed countries use modern contraceptive methods, and a wide gap in use is seen between the highest and lowest wealth quintiles (52% versus 35%, respectively).	Pro-Life vs Pro-Choice: Should abortion be legal?	4	497	insufficient-neutral	None	0.04856317490339279	0.04856317490339279	0.01010017842054367	0.01010017842054367	0.9307498335838318	0.9307498335838318	1.477100255442565e-07	1.477100255442565e-07	5.055868541603559e-07	5.055868541603559e-07
497	Contraception is not cheap or widely available in many developing countries around the world, even in some parts of the US and Europe.	Pro-Life vs Pro-Choice: Should abortion be legal?	4	498	insufficient-neutral	"None

Argument: ""Contraception is"	0.25573569536209106	0.25573569536209106	0.023602012544870377	0.023602012544870377	0.7061088681221008	0.7061088681221008	2.806192469506641e-07	2.806192469506641e-07	7.250332032526785e-07	7.250332032526785e-07
498	"A small pack of condoms will cost you around 5€. Less developed countries may find contraception somewhat more expensive, however abortion procedures in those parts of the world are far more dangerous and costly, so prevention
 and abstinence are still the better options. To increase effectiveness and safety, one should compliment usage of contraception with proper sexual responsibility."	Pro-Life vs Pro-Choice: Should abortion be legal?	6	499	insufficient-neutral	None	0.3113405108451843	0.3113405108451843	0.05410286784172058	0.05410286784172058	0.6191745400428772	0.6191745400428772	2.1715609932471125e-07	2.1715609932471125e-07	4.0411936197415343e-07	4.0411936197415343e-07
499	A lack of sex education in many conservative regions means that couples are often ill equipped to properly use contraceptives such as condoms.	Pro-Life vs Pro-Choice: Should abortion be legal?	3	500	insufficient-neutral	"None

Argument: ""A lack of sex"	0.03226776793599129	0.03226776793599129	0.016098985448479652	0.016098985448479652	0.9430024027824402	0.9430024027824402	1.4169003748065734e-07	1.4169003748065734e-07	2.924375905877241e-07	2.924375905877241e-07
500	The solution for ignorance is to improve sex education, not implement a policy of allowing abortion.	Pro-Life vs Pro-Choice: Should abortion be legal?	6	501	refutes	"True

In this case, the argument does"	0.4720878303050995	0.4720878303050995	0.1193624958395958	0.1193624958395958	0.36766237020492554	0.36766237020492554	7.80688026225107e-07	7.80688026225107e-07	1.732032160361996e-06	1.732032160361996e-06
501	People tend to not seek information when they are unaware that the information exists or is important.	Pro-Life vs Pro-Choice: Should abortion be legal?	3	502	not_applicable	"True

Argument: ""People tend to not"	0.5069802403450012	0.5069802403450012	0.0853894054889679	0.0853894054889679	0.3948366045951843	0.3948366045951843	1.9952423713220924e-07	1.9952423713220924e-07	3.3089301609834365e-07	3.3089301609834365e-07
502	Religious women are often taught that use of contraception is deeply immoral.	Pro-Life vs Pro-Choice: Should abortion be legal?	0	503	insufficient-neutral	"None

Argument: ""Religious women are"	0.19685466587543488	0.19685466587543488	0.028138907626271248	0.028138907626271248	0.7546210289001465	0.7546210289001465	3.980780718393362e-07	3.980780718393362e-07	1.5409644902319997e-06	1.5409644902319997e-06
503	By this logic people are consenting to the risk of dying every time they cross the street. People aren't consenting to consequences.	Pro-Life vs Pro-Choice: Should abortion be legal?	7	504	supports	"True

Argument: ""By this logic people"	0.4787885546684265	0.4787885546684265	0.07816008478403091	0.07816008478403091	0.4291832745075226	0.4291832745075226	1.8842928284357185e-07	1.8842928284357185e-07	7.153035994633683e-07	7.153035994633683e-07
504	Abortion has harmful mental and physical consequences for the woman involved.	Pro-Life vs Pro-Choice: Should abortion be legal?	5	505	refutes	"True

In this context, the statement """	0.7159707546234131	0.7159707546234131	0.07546275854110718	0.07546275854110718	0.13879726827144623	0.13879726827144623	1.952078264366719e-06	1.952078264366719e-06	2.5860836103674956e-06	2.5860836103674956e-06
505	Abortion increases the risk of placenta previa in later pregnancies (a life threatening condition for both the mother and her wanted pregnancy) by seven to fifteen fold.	Pro-Life vs Pro-Choice: Should abortion be legal?	0	506	refutes	"True

Question: Pro-Life vs Pro"	0.6013020873069763	0.6013020873069763	0.058157797902822495	0.058157797902822495	0.26682618260383606	0.26682618260383606	1.7282116004935233e-06	1.7282116004935233e-06	2.6819393497135025e-06	2.6819393497135025e-06
506	Studies have shown that abortion has adverse psychological impacts on women.	Pro-Life vs Pro-Choice: Should abortion be legal?	4	507	refutes	"True

In this context, the statement """	0.6494950652122498	0.6494950652122498	0.037219032645225525	0.037219032645225525	0.24460208415985107	0.24460208415985107	3.5079935969406506e-06	3.5079935969406506e-06	3.4401427910779603e-06	3.4401427910779603e-06
507	Humans can collaborate, meet, and communicate with unparalleled efficiency.	Has social media been good for humanity?	2	508	supports	"True

Argument: ""The Earth's"	0.9072831869125366	0.9072831869125366	0.0006393150542862713	0.0006393150542862713	0.07564713805913925	0.07564713805913925	3.270220645390509e-07	3.270220645390509e-07	3.53595197566392e-07	3.53595197566392e-07
508	It is easy to maintain non day-to-day relationships.	Has social media been good for humanity?	2	509	supports	"None

Argument: ""It is easy to"	0.33683744072914124	0.33683744072914124	0.07574807107448578	0.07574807107448578	0.5729798078536987	0.5729798078536987	1.81547491706624e-07	1.81547491706624e-07	3.603458367251733e-07	3.603458367251733e-07
509	"Social media algorithms designed to enhance the user's experience have inadvertently created deeply personalized Filter Bubbles. 
Information dissemination is calculated by user desire rather than objective necessity."	Has social media been good for humanity?	3	510	refutes	"None

Argument: ""Social media algorithms"	0.4117339551448822	0.4117339551448822	0.021149734035134315	0.021149734035134315	0.5454588532447815	0.5454588532447815	2.0765705244230048e-07	2.0765705244230048e-07	4.553399151063786e-07	4.553399151063786e-07
510	Confirmation bias is a major issue in today's society as it is pushed by the business models of Social media platforms.	Has social media been good for humanity?	5	511	refutes	"None

Argument: ""Confirmation bias is"	0.12494784593582153	0.12494784593582153	0.09431558102369308	0.09431558102369308	0.7653983235359192	0.7653983235359192	1.9793490935171576e-07	1.9793490935171576e-07	4.766795598243334e-07	4.766795598243334e-07
511	The same systems that create echo chambers can be (ab)used to intentionally enter other peoples echo chambers. TED talk	Has social media been good for humanity?	4	512	insufficient-neutral	"None

Argument: ""The same systems that"	0.22178974747657776	0.22178974747657776	0.016319405287504196	0.016319405287504196	0.7386726140975952	0.7386726140975952	4.091637038072804e-07	4.091637038072804e-07	1.3259660818221164e-06	1.3259660818221164e-06
512	Social media has negative health effects.	Has social media been good for humanity?	5	513	refutes	"False

Argument: ""Social media has"	0.02952544577419758	0.02952544577419758	0.8628600239753723	0.8628600239753723	0.09681021422147751	0.09681021422147751	5.597929231271337e-08	5.597929231271337e-08	2.015891737983111e-07	2.015891737983111e-07
513	Exposure to online harassment - stressor to contend with for some resulting in some youths committing suicide (remember Ask.fm?)	Has social media been good for humanity?	0	514	refutes	"False

Explanation:

The"	0.05164504051208496	0.05164504051208496	0.6856255531311035	0.6856255531311035	0.23694586753845215	0.23694586753845215	1.8690637659801723e-07	1.8690637659801723e-07	5.779654088655661e-07	5.779654088655661e-07
514	Creates a reward system and withdrawals if you don't post on it or keep checking the platform for likes or new friends. People experience addictive effects when they are disconnected even for a few hours. Study: Social media addiction: Its impact, mediation, and intervention	Has social media been good for humanity?	4	515	refutes	None	0.08318278938531876	0.08318278938531876	0.05898543447256088	0.05898543447256088	0.8533463478088379	0.8533463478088379	3.532800363359456e-08	3.532800363359456e-08	1.6722890450182604e-07	1.6722890450182604e-07
515	Social media use during driving or walking across the road or operating dangerous equipment shows increase in injuries and deaths.	Has social media been good for humanity?	0	516	refutes	False	0.01619991660118103	0.01619991660118103	0.9269327521324158	0.9269327521324158	0.045433785766363144	0.045433785766363144	3.998111353098466e-08	3.998111353098466e-08	1.9989299460121401e-07	1.9989299460121401e-07
516	People have been shown to experience depression as a repercussion of social media.	Has social media been good for humanity?	3	517	refutes	"False

In this case, the question is"	0.07360421121120453	0.07360421121120453	0.7148979306221008	0.7148979306221008	0.19544221460819244	0.19544221460819244	1.1301200686375523e-07	1.1301200686375523e-07	5.144606802787166e-07	5.144606802787166e-07
517	Instagram has been linked to teenagers' issues with mental health, exacerbating problems such as body image and FOMO.	Has social media been good for humanity?	0	518	refutes	"False

In this case, the question is"	0.006236020941287279	0.006236020941287279	0.9327663779258728	0.9327663779258728	0.05262307822704315	0.05262307822704315	3.999768338758258e-08	3.999768338758258e-08	1.835081491208257e-07	1.835081491208257e-07
518	Not necessarily. By joining groups related to sports you can actually be more active when sharing results.	Has social media been good for humanity?	0	519	insufficient-neutral	None	0.21436239778995514	0.21436239778995514	0.01718832738697529	0.01718832738697529	0.7599806785583496	0.7599806785583496	5.7981946355312175e-08	5.7981946355312175e-08	1.150858750520456e-07	1.150858750520456e-07
519	"FOMO (Fear Of Missing Out) - stressor to contend with for some when they use social media. ""Everyone else is doing it and I'm not"" fear."	Has social media been good for humanity?	5	520	refutes	"None

The question is not directly related to"	0.18794620037078857	0.18794620037078857	0.15581288933753967	0.15581288933753967	0.6458264589309692	0.6458264589309692	1.0720182785917132e-07	1.0720182785917132e-07	3.6765135291716433e-07	3.6765135291716433e-07
520	Social media can be beneficial when being a leisure-time activity.	Has social media been good for humanity?	0	521	insufficient-supports	"True

Argument: ""The use of social"	0.7432963848114014	0.7432963848114014	0.001976657658815384	0.001976657658815384	0.23388858139514923	0.23388858139514923	4.575216223656753e-07	4.575216223656753e-07	5.11400116920413e-07	5.11400116920413e-07
521	Social media, as a leisure-time activity displaces more healthy, social and productive activities like reading, spending time with friend and sport.	Has social media been good for humanity?	5	522	refutes	"False

In this case, the question is"	0.17230015993118286	0.17230015993118286	0.5475687980651855	0.5475687980651855	0.25266149640083313	0.25266149640083313	2.8271409746594145e-07	2.8271409746594145e-07	1.0442736311233602e-06	1.0442736311233602e-06
522	Many platforms e.g. facebook use a security opt-in model with new users being oblivious to the fact that a lot of personal information is publically exposed.	Has social media been good for humanity?	0	523	refutes	"None

Argument: ""Many platforms e."	0.30344992876052856	0.30344992876052856	0.05836866423487663	0.05836866423487663	0.6129857301712036	0.6129857301712036	3.489560356229049e-07	3.489560356229049e-07	7.287086987162184e-07	7.287086987162184e-07
523	Users make the decision to put information out in such an insecure environment and should bear responsibility for the consequences of that decision.	Has social media been good for humanity?	3	524	insufficient-neutral	"None

Argument: ""Users make the decision"	0.09099460393190384	0.09099460393190384	0.008332598023116589	0.008332598023116589	0.8907378911972046	0.8907378911972046	1.57390914523603e-07	1.57390914523603e-07	5.376717240324069e-07	5.376717240324069e-07
524	Risk is inherent in innovation. Driving a car puts you at risk of crashing. Using a credit card puts you at risk of having your identity stolen. As companies become better at reducing disaster, the efficiency, productivity, and quality of life gains are worth the risk of accidents.	Has social media been good for humanity?	7	525	supports	"True

The question is not directly related to"	0.8326498866081238	0.8326498866081238	0.001954092178493738	0.001954092178493738	0.14244960248470306	0.14244960248470306	3.1575530101690674e-07	3.1575530101690674e-07	3.7423703247441154e-07	3.7423703247441154e-07
525	Social media can be educational and informative.	Has social media been good for humanity?	2	526	supports	"True

Argument: ""The government should have"	0.9321674108505249	0.9321674108505249	0.00028250753530301154	0.00028250753530301154	0.05598100274801254	0.05598100274801254	1.696083131719206e-07	1.696083131719206e-07	1.4649735646798945e-07	1.4649735646798945e-07
526	Social media is a great way for families separated by distance to keep informed of the well being or otherwise of members of the family	Has social media been good for humanity?	2	527	supports	"True

Argument: ""Social media is"	0.9453138113021851	0.9453138113021851	0.00023937280639074743	0.00023937280639074743	0.028995538130402565	0.028995538130402565	1.6094939780941786e-07	1.6094939780941786e-07	2.0991758731270238e-07	2.0991758731270238e-07
527	Social media makes it easier for people to access information and news.	Has social media been good for humanity?	2	528	supports	"True

Argument: ""The government should have"	0.9450474381446838	0.9450474381446838	0.00027977628633379936	0.00027977628633379936	0.04087873920798302	0.04087873920798302	2.2122219434095314e-07	2.2122219434095314e-07	2.536324927859823e-07	2.536324927859823e-07
528	"Social media has potential as a collective learning experience. It is, in a sense, a giant classroom where people can learn from one another at their own pace and without the pressure of being graded.
"	Has social media been good for humanity?	3	529	supports	"True

Argument: ""The rise of social"	0.9744105935096741	0.9744105935096741	7.408500096062198e-05	7.408500096062198e-05	0.017297860234975815	0.017297860234975815	4.294169997365316e-08	4.294169997365316e-08	3.4843232299408555e-08	3.4843232299408555e-08
529	Humans spend too long on social media, at the expense of other more valuable activities.	Has social media been good for humanity?	5	530	refutes	"None

Argument: ""Humans spend"	0.2750893533229828	0.2750893533229828	0.0813162624835968	0.0813162624835968	0.6296858191490173	0.6296858191490173	1.5782910622874624e-07	1.5782910622874624e-07	5.705889520868368e-07	5.705889520868368e-07
530	It’s a valuable aid for crime-solving.	Has social media been good for humanity?	2	531	supports	"True

Argument: ""It’s a"	0.6538874506950378	0.6538874506950378	0.018694844096899033	0.018694844096899033	0.3186793029308319	0.3186793029308319	1.1397120402989458e-07	1.1397120402989458e-07	1.7860283207937755e-07	1.7860283207937755e-07
531	In states like Oregon, authorities have arrested people for drinking and driving after they bragged about it publicly on Facebook.	Has social media been good for humanity?	0	532	insufficient-neutral	"None

In this case, the argument provided"	0.27081722021102905	0.27081722021102905	0.18324410915374756	0.18324410915374756	0.5220138430595398	0.5220138430595398	2.1530007643377758e-07	2.1530007643377758e-07	1.1891773965544417e-06	1.1891773965544417e-06
532	Social media allows for better discourse to take place.	Has social media been good for humanity?	2	533	supports	"True

Argument: ""The government should have"	0.8387116193771362	0.8387116193771362	0.0034815999679267406	0.0034815999679267406	0.13270345330238342	0.13270345330238342	4.6186289637262234e-07	4.6186289637262234e-07	7.083954756126332e-07	7.083954756126332e-07
533	You can discover new perspectives from people you ordinarily wouldn't talk with.	Has social media been good for humanity?	0	534	supports	"True

Explanation: The argument suggests"	0.7678407430648804	0.7678407430648804	0.001191046554595232	0.001191046554595232	0.22345438599586487	0.22345438599586487	6.76909337471443e-08	6.76909337471443e-08	8.054212941033256e-08	8.054212941033256e-08
534	"Social media commentary systems have been designed for popularity, resulting in everybody writing in a more pointed, provocative way.
 This has harmed online discourse and increased polarization."	Has social media been good for humanity?	3	535	refutes	"None

Argument: ""Social media comment"	0.06619960069656372	0.06619960069656372	0.16642577946186066	0.16642577946186066	0.7576143145561218	0.7576143145561218	1.160799030230919e-07	1.160799030230919e-07	4.868093128607143e-07	4.868093128607143e-07
535	Social media distorts reality.	Has social media been good for humanity?	5	536	refutes	"None

Argument: ""Social media dist"	0.3750744163990021	0.3750744163990021	0.11528840661048889	0.11528840661048889	0.4891892373561859	0.4891892373561859	1.9747336921227543e-07	1.9747336921227543e-07	7.097413572410005e-07	7.097413572410005e-07
536	Social Media acts as a filter of what you let others see of your life. It perpetuates the illusion that everyone leads happy and succesful lives.	Has social media been good for humanity?	3	537	refutes	"None

Argument: ""Social Media acts"	0.20251496136188507	0.20251496136188507	0.30401095747947693	0.30401095747947693	0.47086137533187866	0.47086137533187866	1.6938659541665402e-07	1.6938659541665402e-07	6.405081194316153e-07	6.405081194316153e-07
537	If people do not take responsibility to do their own research independently of social media, social media can become an issue, but it is not a problem on its own.	Has social media been good for humanity?	6	538	insufficient-supports	"None

Argument: ""If people do not"	0.048416148871183395	0.048416148871183395	0.0029304204508662224	0.0029304204508662224	0.9425447583198547	0.9425447583198547	8.522918903963728e-08	8.522918903963728e-08	3.179042664669396e-07	3.179042664669396e-07
538	Social media can be manipulated and unreasonable positions can be made seem more popular, more broadly supported and legitimate than they really are.	Has social media been good for humanity?	5	539	refutes	"False

In this case, the question is"	0.10676359385251999	0.10676359385251999	0.6289517283439636	0.6289517283439636	0.2424824982881546	0.2424824982881546	1.579533090989571e-07	1.579533090989571e-07	5.364405524233007e-07	5.364405524233007e-07
539	Social media is a vital tool for grassroots political organizing. (protest, advocacy groups, etc). This is beneficial to democracy.	Has social media been good for humanity?	2	540	supports	"True

Argument: ""Social media is"	0.9636220932006836	0.9636220932006836	0.00036345008993521333	0.00036345008993521333	0.01645100675523281	0.01645100675523281	1.6665025270867773e-07	1.6665025270867773e-07	1.7844075728135067e-07	1.7844075728135067e-07
540	Social media is a tool for radicalization.	Has social media been good for humanity?	5	541	refutes	"None

Argument: ""Social media is"	0.10658176243305206	0.10658176243305206	0.0940580815076828	0.0940580815076828	0.7875386476516724	0.7875386476516724	1.617392513253435e-07	1.617392513253435e-07	6.574240387635655e-07	6.574240387635655e-07
541	Individuals should have the autonomy to make their own decisions, as genetic engineering can bring them significant benefits.	Is cloning humans ethical?	2	542	supports	"None

Argument: ""Individuals should"	0.1753762811422348	0.1753762811422348	0.02862939052283764	0.02862939052283764	0.7859819531440735	0.7859819531440735	1.658942636595384e-07	1.658942636595384e-07	5.272108865028713e-07	5.272108865028713e-07
542	The right to reproductive freedom already includes assisted reproductive technologies such as in-vitro fertilization. Cloning humans could be seen as another assisted reproductive technology.	Is cloning humans ethical?	7	543	supports	"None

Argument: ""The right to re"	0.3762568533420563	0.3762568533420563	0.005494290962815285	0.005494290962815285	0.5919351577758789	0.5919351577758789	1.9696801700774813e-06	1.9696801700774813e-06	3.026959348062519e-06	3.026959348062519e-06
543	Vitro gametogenesis (IVG) is a new technology that could revolutionize reproductive medicine. If IVG is ethical, reproductive cloning should also be ethical.	Is cloning humans ethical?	7	544	insufficient-supports	"None

The question is not directly related to"	0.24733750522136688	0.24733750522136688	0.009222916327416897	0.009222916327416897	0.715694785118103	0.715694785118103	1.206882188853342e-06	1.206882188853342e-06	2.0369993762869854e-06	2.0369993762869854e-06
544	Not all means of reproduction are legal. Surrogacy as a means of reproduction is illegal in many countries.	Is cloning humans ethical?	0	545	insufficient-neutral	"None

The question is not directly related to"	0.21567846834659576	0.21567846834659576	0.021861480548977852	0.021861480548977852	0.7527918219566345	0.7527918219566345	6.860474854875065e-08	6.860474854875065e-08	1.985144422178564e-07	1.985144422178564e-07
545	"Any use of cloning beyond family-planning purposes would most likely be cruel towards the clones. As nobody would have an emotional stake in the clone's life, nobody would defend their interests. 
The clones would, therefore, be taken advantage of or discriminated against."	Is cloning humans ethical?	5	546	refutes	"True

In this context, the argument suggests"	0.9332882165908813	0.9332882165908813	0.023918485268950462	0.023918485268950462	0.03294910490512848	0.03294910490512848	7.120426204210162e-08	7.120426204210162e-08	8.690116715115437e-08	8.690116715115437e-08
546	It is presumable that the person who has been cloned would have an emotional stake in the life of the clone, as they share the same DNA. Humans are predisposed to care for people who share their genes.	Is cloning humans ethical?	4	547	supports	"True

In this case, the argument is"	0.4971875548362732	0.4971875548362732	0.03774459660053253	0.03774459660053253	0.4456760287284851	0.4456760287284851	4.2989475446120196e-07	4.2989475446120196e-07	6.896585205140582e-07	6.896585205140582e-07
547	Human cloning is not safe. It may have unintended harmful consequences.	Is cloning humans ethical?	5	548	refutes	"True

In this scenario, the argument suggests"	0.8410645723342896	0.8410645723342896	0.04857484996318817	0.04857484996318817	0.0958508625626564	0.0958508625626564	9.209634299622849e-08	9.209634299622849e-08	1.4919544355507242e-07	1.4919544355507242e-07
548	Genetic defects have been observed in otherwise healthy cloned animals.	Is cloning humans ethical?	0	549	refutes	"True

The argument provided does not directly relate"	0.7775169610977173	0.7775169610977173	0.015763040632009506	0.015763040632009506	0.18758469820022583	0.18758469820022583	1.9795155026258726e-07	1.9795155026258726e-07	4.87072441046621e-07	4.87072441046621e-07
549	Genetic defects have also been observed often enough in naturally reproduced animals.	Is cloning humans ethical?	0	550	insufficient-supports	"None

The argument provided does not directly relate"	0.40876853466033936	0.40876853466033936	0.08304636925458908	0.08304636925458908	0.485424667596817	0.485424667596817	2.2998973747689888e-07	2.2998973747689888e-07	6.000536245664989e-07	6.000536245664989e-07
550	Human cloning can be used to prevent harm by protecting newborns from genetic diseases.	Is cloning humans ethical?	6	551	supports	"True or False or None

Answer:"	0.6070830225944519	0.6070830225944519	0.01695462316274643	0.01695462316274643	0.36250582337379456	0.36250582337379456	1.3040701674071897e-07	1.3040701674071897e-07	3.171365108300961e-07	3.171365108300961e-07
551	Cloning techniques, together with genetic engineering, could be used to cure hereditary diseases.	Is cloning humans ethical?	2	552	supports	"None

Argument: ""Cloning techniques,"	0.14582011103630066	0.14582011103630066	0.005353155545890331	0.005353155545890331	0.8391367793083191	0.8391367793083191	9.188524785486152e-08	9.188524785486152e-08	4.5939734150124423e-07	4.5939734150124423e-07
552	A potentially fatal blood disorder can be cured by fixing diseased genes in human embryos.	Is cloning humans ethical?	0	553	insufficient-neutral	"None

Argument: ""A potentially fatal blood"	0.10478061437606812	0.10478061437606812	0.006341917905956507	0.006341917905956507	0.8773173093795776	0.8773173093795776	1.4676955117920443e-07	1.4676955117920443e-07	4.6552256094400946e-07	4.6552256094400946e-07
553	People born with genetic disorders can still live rich and fulfilling lives, with their disorder becoming a part of their unique identity as a human being.	Is cloning humans ethical?	1	554	supports	"None

Argument: ""People born with genetic"	0.08203504234552383	0.08203504234552383	0.016666430979967117	0.016666430979967117	0.8958486914634705	0.8958486914634705	4.310645351779385e-08	4.310645351779385e-08	2.020660332391344e-07	2.020660332391344e-07
554	Safety is important, but it's not relevant to the fundamental question of whether or not cloning is ethical.	Is cloning humans ethical?	1	555	insufficient-neutral	"None

Argument: ""Safety is"	0.1504000872373581	0.1504000872373581	0.008096436969935894	0.008096436969935894	0.8388643860816956	0.8388643860816956	3.2816092954135456e-08	3.2816092954135456e-08	5.0628401027097425e-08	5.0628401027097425e-08
555	Human cloning cannot be looked at in abstraction from the process of developing it because the former is contingent on the latter.	Is cloning humans ethical?	3	556	insufficient-neutral	"None

Argument: ""Human cloning"	0.3650335967540741	0.3650335967540741	0.011023059487342834	0.011023059487342834	0.6113162636756897	0.6113162636756897	2.812736852320086e-07	2.812736852320086e-07	4.926874339616916e-07	4.926874339616916e-07
556	"In it's history and development, medicine used a lot of unorthodox practices to develop and gain higher understanding, practices such as using organs from animals to experiment and a lot of failed
 experiments on humans. The result was modern medicine which saves millions of lives annually. We now look at medicine in abstraction of all that."	Is cloning humans ethical?	0	557	supports	"None

Question: Is it ethical to use"	0.3010084629058838	0.3010084629058838	0.012327417731285095	0.012327417731285095	0.6678164601325989	0.6678164601325989	2.8362384796309925e-07	2.8362384796309925e-07	7.01975807260169e-07	7.01975807260169e-07
557	By cloning humans, we can improve the genetic quality of humankind.	Is cloning humans ethical?	2	558	supports	"True or False or None

Answer:"	0.6692283749580383	0.6692283749580383	0.006984025239944458	0.006984025239944458	0.31122010946273804	0.31122010946273804	1.1755994933082548e-07	1.1755994933082548e-07	2.6804829644788697e-07	2.6804829644788697e-07
558	Cloning humans opens up the possibility of producing replacement body parts from adult cells. This could increase the success rate of many treatments. (p.743)	Is cloning humans ethical?	2	559	supports	"None

The question is about the ethics"	0.14161309599876404	0.14161309599876404	0.004377755336463451	0.004377755336463451	0.840795636177063	0.840795636177063	2.1281132944750425e-07	2.1281132944750425e-07	4.461434173208545e-07	4.461434173208545e-07
559	"It is dangerous for society to embrace the idea of a ""perfect human being"". This idea led to the advocacy of eugenics in Nazi Germany, as the perfect human was thought to be of Aryan race."	Is cloning humans ethical?	0	560	refutes	"True

The question you provided is not directly"	0.7254323363304138	0.7254323363304138	0.06747572124004364	0.06747572124004364	0.19222041964530945	0.19222041964530945	2.0765375552400656e-07	2.0765375552400656e-07	3.0390995675588783e-07	3.0390995675588783e-07
560	Given the variety of modifications individuals could choose, cloning may lead to wider acceptance of individuals with greater differences.	Is cloning humans ethical?	2	561	supports	"None

Argument: ""Given the variety"	0.05225616693496704	0.05225616693496704	0.00274792336858809	0.00274792336858809	0.940849244594574	0.940849244594574	5.492911014925994e-08	5.492911014925994e-08	2.3307400454086746e-07	2.3307400454086746e-07
561	As with all things, it is likely that certain modifications will be more popular than others, which will create imbalances between individuals.	Is cloning humans ethical?	3	562	refutes	"None

Argument: ""As with all things"	0.3132951557636261	0.3132951557636261	0.006013582460582256	0.006013582460582256	0.6736904382705688	0.6736904382705688	8.359113934375273e-08	8.359113934375273e-08	1.5404822306663846e-07	1.5404822306663846e-07
562	Racism has been and continues to be justified through racist pseudo-science that claims that non-White people have lower IQs, limited capacities for reason, or smaller skulls than White people.	Is cloning humans ethical?	7	563	not_applicable	"None

The question is not related to the"	0.11696159094572067	0.11696159094572067	0.025894563645124435	0.025894563645124435	0.850836992263794	0.850836992263794	3.9295343867706833e-08	3.9295343867706833e-08	1.0828622976077895e-07	1.0828622976077895e-07
563	It is not the place for human beings to meddle with nature and evolution.	Is cloning humans ethical?	1	564	refutes	"True

In this case, the argument suggests"	0.659150242805481	0.659150242805481	0.1615317165851593	0.1615317165851593	0.16928379237651825	0.16928379237651825	7.578849192668713e-08	7.578849192668713e-08	1.3018572531109385e-07	1.3018572531109385e-07
564	By using therapeutic cloning, the life expectancy of the population could be drastically extended. This could have terrible consequences on climate change.	Is cloning humans ethical?	5	565	refutes	"None
Question: Can therapeutic cloning"	0.3589217960834503	0.3589217960834503	0.010342168621718884	0.010342168621718884	0.6105465888977051	0.6105465888977051	3.329492699322145e-07	3.329492699322145e-07	6.858414280941361e-07	6.858414280941361e-07
565	There are many multi-faith ethical limitations to research on human cloning.	Is cloning humans ethical?	1	566	refutes	"None

Argument: ""There are many multi"	0.30830416083335876	0.30830416083335876	0.028676753863692284	0.028676753863692284	0.6526799201965332	0.6526799201965332	1.0983082177062897e-07	1.0983082177062897e-07	3.2534254046368005e-07	3.2534254046368005e-07
566	The Catholic Church is strongly against any form of human cloning, as they see cloning contrary to human dignity.	Is cloning humans ethical?	4	567	refutes	"True

In this case, the argument suggests"	0.8231905698776245	0.8231905698776245	0.020130785182118416	0.020130785182118416	0.14083130657672882	0.14083130657672882	2.0552614898861066e-07	2.0552614898861066e-07	4.6135463094287843e-07	4.6135463094287843e-07
567	The Catholic Church has always had a turbulent history with scientific progress. This does not mean that advancements in science should stop for the church's sake.	Is cloning humans ethical?	0	568	insufficient-neutral	"None

Argument: ""The Catholic Church has"	0.11836368590593338	0.11836368590593338	0.0028274832293391228	0.0028274832293391228	0.8745959401130676	0.8745959401130676	3.9379955296681146e-08	3.9379955296681146e-08	1.0354991530903135e-07	1.0354991530903135e-07
568	Sometimes human intervention in nature and evolution is necessary and has very positive outcomes.	Is cloning humans ethical?	2	569	supports	"None

Argument: ""Sometimes human intervention"	0.410380482673645	0.410380482673645	0.046768490225076675	0.046768490225076675	0.5269389748573303	0.5269389748573303	1.986569913015046e-07	1.986569913015046e-07	4.5473038312593417e-07	4.5473038312593417e-07
569	Science is being used to regenerate coral reefs that are dying because of climate change. These corals are extremely valuable for life on Earth.	Is cloning humans ethical?	2	570	not_applicable	"None

Question: Is it true that science"	0.010181011632084846	0.010181011632084846	0.02724580280482769	0.02724580280482769	0.9604476094245911	0.9604476094245911	1.0191784305391138e-08	1.0191784305391138e-08	4.110431461867847e-08	4.110431461867847e-08
570	The regeneration of coral reefs is only necessary because humans interfered with nature in the first place.	Is cloning humans ethical?	3	571	not_applicable	"None

Argument: ""The regeneration of"	0.03749510645866394	0.03749510645866394	0.0075583127327263355	0.0075583127327263355	0.952019453048706	0.952019453048706	9.829855152077016e-09	9.829855152077016e-09	5.13039566385487e-08	5.13039566385487e-08
571	An artificial general intelligence (AGI) should be created, because it could help to remedy problems of humanity.	Should an artificial general intelligence be created?	2	572	supports	"True

Answer: True

An"	0.9768262505531311	0.9768262505531311	0.0011527164606377482	0.0011527164606377482	0.008191186934709549	0.008191186934709549	1.873582249345418e-07	1.873582249345418e-07	1.602559933644443e-07	1.602559933644443e-07
572	AGI should be created and studied for the sake of developing science.	Should an artificial general intelligence be created?	2	573	supports	"True

Argument: ""AGI should be"	0.9650657176971436	0.9650657176971436	0.000922259408980608	0.000922259408980608	0.021826693788170815	0.021826693788170815	3.6312169982011255e-07	3.6312169982011255e-07	1.1951117073749629e-07	1.1951117073749629e-07
573	The process of creating an AI would teach us many things about consciousness, computer science, and many other fields.	Should an artificial general intelligence be created?	2	574	supports	"True

In this context, the question is"	0.9721543192863464	0.9721543192863464	0.0005051067564636469	0.0005051067564636469	0.017393160611391068	0.017393160611391068	1.1265409227689815e-07	1.1265409227689815e-07	1.2991755227176327e-07	1.2991755227176327e-07
574	The development of AGI could create an economic boom that could lead into a golden age for humanity.	Should an artificial general intelligence be created?	2	575	supports	"True

Argument: ""The development of AG"	0.8613888621330261	0.8613888621330261	0.0038362047635018826	0.0038362047635018826	0.11841211467981339	0.11841211467981339	9.67618461800157e-07	9.67618461800157e-07	3.9478979374507617e-07	3.9478979374507617e-07
575	AGI will be the best tool we could possibly make.	Should an artificial general intelligence be created?	2	576	supports	"True

Argument: ""AGI will be"	0.95509934425354	0.95509934425354	0.004155012313276529	0.004155012313276529	0.023174798116087914	0.023174798116087914	2.0277389012335334e-07	2.0277389012335334e-07	2.445920017635217e-07	2.445920017635217e-07
576	It would be exciting and in being so would enrich our lives.	Should an artificial general intelligence be created?	2	577	supports	"True

Argument: ""It would be a"	0.8892553448677063	0.8892553448677063	0.006181953940540552	0.006181953940540552	0.077097587287426	0.077097587287426	5.042552402301226e-07	5.042552402301226e-07	5.101991860101407e-07	5.101991860101407e-07
577	Creation of AGI has the potential of enabling an astronomical number of non-biological beings which would otherwise not exist.	Should an artificial general intelligence be created?	2	578	supports	"True

In this context, the question is"	0.9684931039810181	0.9684931039810181	0.001179161830805242	0.001179161830805242	0.019179966300725937	0.019179966300725937	3.3571143376320833e-07	3.3571143376320833e-07	1.5043296741623635e-07	1.5043296741623635e-07
578	Bigger amount of rational thinking beings is not necessarily good.	Should an artificial general intelligence be created?	2	579	refutes	"True

The question is not directly related to"	0.5099865794181824	0.5099865794181824	0.24854761362075806	0.24854761362075806	0.20605319738388062	0.20605319738388062	6.27957888355013e-07	6.27957888355013e-07	6.856475351924018e-07	6.856475351924018e-07
579	Future Humans and other sentient beings may suffer so much that it would be better if they did not come into existence.	Should an artificial general intelligence be created?	5	580	refutes	"True

The question is not directly related to"	0.43054497241973877	0.43054497241973877	0.22162556648254395	0.22162556648254395	0.3101099133491516	0.3101099133491516	4.6511331674992107e-07	4.6511331674992107e-07	8.588226023675816e-07	8.588226023675816e-07
580	Transhumanism is the next step in evolution of wealthy humans. Poor humans will unlikely benefit from it.	Should an artificial general intelligence be created?	4	581	refutes	"True

Argument: ""Transhumanism is"	0.7232469320297241	0.7232469320297241	0.054054927080869675	0.054054927080869675	0.20083841681480408	0.20083841681480408	4.6837126888021885e-07	4.6837126888021885e-07	5.817601049784571e-07	5.817601049784571e-07
581	"The capacity for AGIs to colonize both in and out the solar system far exceeds that of humans. 
Any other impact which humans may have could be astronomically dwarfed by the prospect of populous future lives descending from AGIs."	Should an artificial general intelligence be created?	2	582	supports	"True

Argument: ""The capacity for AG"	0.8644944429397583	0.8644944429397583	0.028226742520928383	0.028226742520928383	0.0829630121588707	0.0829630121588707	4.343059174516384e-07	4.343059174516384e-07	4.578234040764073e-07	4.578234040764073e-07
582	The consequences of developing AGI are unpredictable.	Should an artificial general intelligence be created?	5	583	insufficient-neutral	"True

In this scenario, the argument suggests"	0.7743132710456848	0.7743132710456848	0.00827231165021658	0.00827231165021658	0.1957770586013794	0.1957770586013794	1.4707234186062124e-07	1.4707234186062124e-07	3.661466507764999e-07	3.661466507764999e-07
583	"The AGI Safety problem is mathematically identical to that of the Halting Problem  in computer science. 
It is fundamentally impossible to discern the outcome, intentions and wisdom of creating an AGI ahead of doing so. "	Should an artificial general intelligence be created?	7	584	refutes	"None

The question is not directly related to"	0.3747919499874115	0.3747919499874115	0.020654505118727684	0.020654505118727684	0.5804890990257263	0.5804890990257263	1.6358788457182527e-07	1.6358788457182527e-07	4.5789832370246586e-07	4.5789832370246586e-07
584	"We routinely make decisions despite uncertainty, and even granting the claim of unpredictability doesn't imply we should not pursue a risky alternative 
- especially if the alternative is human self-destruction."	Should an artificial general intelligence be created?	7	585	supports	"True

Argument: ""The potential benefits of"	0.9446519017219543	0.9446519017219543	0.002936971839517355	0.002936971839517355	0.044181957840919495	0.044181957840919495	1.552805173332672e-07	1.552805173332672e-07	1.0904031455538643e-07	1.0904031455538643e-07
585	AGI's creation raises serious ethical and philosophical concerns we are not currently prepared to deal with.	Should an artificial general intelligence be created?	5	586	refutes	"True

Argument: ""AGI's"	0.6879812479019165	0.6879812479019165	0.14420869946479797	0.14420869946479797	0.14197295904159546	0.14197295904159546	3.7371401617747324e-07	3.7371401617747324e-07	8.130841706588399e-07	8.130841706588399e-07
586	Αn agent that is behaviorally indistinguishable from humans should also be morally indistinguishable from humans.	Should an artificial general intelligence be created?	7	587	insufficient-neutral	"True

In this case, the argument suggests"	0.8640668392181396	0.8640668392181396	0.022493191063404083	0.022493191063404083	0.07912470400333405	0.07912470400333405	6.328336326077988e-07	6.328336326077988e-07	1.0332267947887885e-06	1.0332267947887885e-06
587	"We cannot and should not suppress progress due to the fear of ""power to influence politics or economy""."	Should an artificial general intelligence be created?	1	588	supports	"True

Argument: ""We cannot and should"	0.9599615931510925	0.9599615931510925	0.006518900860100985	0.006518900860100985	0.016134435310959816	0.016134435310959816	2.0143177437148552e-07	2.0143177437148552e-07	1.1635228958084554e-07	1.1635228958084554e-07
588	"Open Source AGI avoids this problem. For example, OpenAI is a non-profit research company that receives funding for this exact purpose.
 Instead of holding back AGI we should fund initiatives like this."	Should an artificial general intelligence be created?	6	589	supports	"True

Argument: ""Open Source AGI"	0.8778481483459473	0.8778481483459473	0.030038312077522278	0.030038312077522278	0.0803866907954216	0.0803866907954216	4.603774357292423e-07	4.603774357292423e-07	2.459414645272773e-07	2.459414645272773e-07
589	There are better ways to achieve the same goal we would need AGI for.	Should an artificial general intelligence be created?	6	590	refutes	"False

In this scenario, the argument suggests"	0.17938674986362457	0.17938674986362457	0.5110252499580383	0.5110252499580383	0.2866591811180115	0.2866591811180115	1.9994119782040798e-07	1.9994119782040798e-07	5.563851459555735e-07	5.563851459555735e-07
590	"History tells us that to improve our tools, we need to refine and specialize them, not make them more general. 
Why waste power and processing making a stock market optimizing machine able to appreciate Bach or cynically resent its makers?"	Should an artificial general intelligence be created?	5	591	refutes	False	0.32456251978874207	0.32456251978874207	0.48722603917121887	0.48722603917121887	0.17103242874145508	0.17103242874145508	1.0925579374543304e-07	1.0925579374543304e-07	2.0335126009740634e-06	2.0335126009740634e-06
591	"The most significant development in tools of the last 50 years is the computer. This is an incredibly generalised tool which is now a vital component of just about every aspect of global civilisation,
 including our culture, the economy and the sciences."	Should an artificial general intelligence be created?	7	592	insufficient-neutral	"True

Argument: ""The most significant development"	0.9437194466590881	0.9437194466590881	0.002569159958511591	0.002569159958511591	0.03834805637598038	0.03834805637598038	1.845783259568634e-07	1.845783259568634e-07	2.3061049603256834e-07	2.3061049603256834e-07
592	Being surrounded by AGI could negatively impact mental health and well-being.	Should an artificial general intelligence be created?	5	593	refutes	"True

Argument: ""Being surrounded by"	0.6025887131690979	0.6025887131690979	0.07904243469238281	0.07904243469238281	0.2983030378818512	0.2983030378818512	3.987082095591177e-07	3.987082095591177e-07	4.227680392432376e-07	4.227680392432376e-07
593	If the group [21] had a quantum computer and no AI they could also crack all modern encryption, the AI has little to do with it.	Should an artificial general intelligence be created?	6	594	insufficient-supports	"True

Argument: ""If the group ["	0.7200000286102295	0.7200000286102295	0.07588744163513184	0.07588744163513184	0.18491131067276	0.18491131067276	2.4666795184202783e-07	2.4666795184202783e-07	4.791940000359318e-07	4.791940000359318e-07
594	There are existing areas where we place limits on technological progress for ethical reasons - eugenics and nuclear weapons research, for example.	Should an artificial general intelligence be created?	0	595	refutes	"True

In this scenario, the argument suggests"	0.40035080909729004	0.40035080909729004	0.3588721454143524	0.3588721454143524	0.21766695380210876	0.21766695380210876	3.706556981342146e-07	3.706556981342146e-07	6.751149612682639e-07	6.751149612682639e-07
595	Creating something in a controlled environment limits the potential for misuse.	Should an artificial general intelligence be created?	3	596	supports	"True

Argument: ""The potential for mis"	0.834678053855896	0.834678053855896	0.07885976135730743	0.07885976135730743	0.07068943232297897	0.07068943232297897	1.7824902442953316e-07	1.7824902442953316e-07	2.1291988616667368e-07	2.1291988616667368e-07
596	"AI is a natural part of the development of informatics and computing science. It cannot be avoided. One thing we must avoid is the controlling of AI by politicians and large corporations. 
Politics and capitalism are the problem not AI itself."	Should an artificial general intelligence be created?	4	597	supports	"True

Question: Should AI be controlled by"	0.9066922664642334	0.9066922664642334	0.008481846190989017	0.008481846190989017	0.06671489030122757	0.06671489030122757	2.4572671009082114e-07	2.4572671009082114e-07	2.326493557802678e-07	2.326493557802678e-07
597	Creating AGI would make creation of sentience more probable.	Should an artificial general intelligence be created?	2	598	insufficient-neutral	"True

Argument: ""Creating AGI"	0.8032801747322083	0.8032801747322083	0.013085647486150265	0.013085647486150265	0.13850286602973938	0.13850286602973938	1.4363193940880592e-06	1.4363193940880592e-06	1.3129022136126878e-06	1.3129022136126878e-06
598	"Humankind is earth's apex species by virtue of its superior thinking powers. Creating an entity able to accomplish intellectual feats humankind can't, and able to improve itself,
 is essentially to replace ourselves as the apex species on earth."	Should an artificial general intelligence be created?	5	599	refutes	"True

Argument: ""Humankind"	0.8667734265327454	0.8667734265327454	0.014797600917518139	0.014797600917518139	0.07693050801753998	0.07693050801753998	1.5498495713472948e-06	1.5498495713472948e-06	1.065195078808756e-06	1.065195078808756e-06
599	Being exciting doesn't necessarily mean it's good. It is also subjective - for some killing is exciting.	Should an artificial general intelligence be created?	7	600	refutes	"None

Argument: ""Being exciting doesn"	0.3421229124069214	0.3421229124069214	0.04852334409952164	0.04852334409952164	0.6004443764686584	0.6004443764686584	9.566350200884699e-08	9.566350200884699e-08	1.8876905016895762e-07	1.8876905016895762e-07
600	AGI could be a good therapeutic tool.	Should an artificial general intelligence be created?	2	601	supports	"True

Argument: ""AGI could be"	0.7333451509475708	0.7333451509475708	0.008604660630226135	0.008604660630226135	0.23808230459690094	0.23808230459690094	1.2659724006880424e-06	1.2659724006880424e-06	5.267060600999685e-07	5.267060600999685e-07
601	AGI can be a good listener and someone to have a conversation with for depressed or traumatized people.	Should an artificial general intelligence be created?	2	602	supports	"True

In this context, the question is"	0.8537471890449524	0.8537471890449524	0.005532128270715475	0.005532128270715475	0.12108710408210754	0.12108710408210754	9.51571166751819e-07	9.51571166751819e-07	2.4343091808987083e-07	2.4343091808987083e-07
602	"You don't need AGI to effectively pass the Turing test and appear to have consciousness when listening or conversing with those in need. Social AI can be narrowly focused,
 and as such won't bring any of the potential baggage of true AGI."	Should an artificial general intelligence be created?	6	603	refutes	"None

Argument: ""You don't"	0.12618553638458252	0.12618553638458252	0.10625888407230377	0.10625888407230377	0.7609962224960327	0.7609962224960327	5.561752658422847e-08	5.561752658422847e-08	1.2171733487775782e-07	1.2171733487775782e-07
603	Acting out of empathy to help others is in human nature.	Do we have a moral duty to intervene in nature to limit animal suffering?	1	604	insufficient-supports	"True

The argument suggests that humans have a"	0.7683539986610413	0.7683539986610413	0.006100148428231478	0.006100148428231478	0.21005629003047943	0.21005629003047943	1.696248546068091e-07	1.696248546068091e-07	5.817327064505662e-07	5.817327064505662e-07
604	With the duty to rescue there is a legal precedent that could be applied to the human responsibility to act to rescue animals.	Do we have a moral duty to intervene in nature to limit animal suffering?	7	605	supports	"True

Argument: ""The human responsibility to"	0.8817287087440491	0.8817287087440491	0.002419224241748452	0.002419224241748452	0.09892722219228745	0.09892722219228745	1.6327598473253602e-07	1.6327598473253602e-07	5.02925388445874e-07	5.02925388445874e-07
605	There is no such thing as unnecessary suffering in nature.	Do we have a moral duty to intervene in nature to limit animal suffering?	1	606	refutes	"True

In this scenario, the argument suggests"	0.9184625744819641	0.9184625744819641	0.007067548111081123	0.007067548111081123	0.05472872033715248	0.05472872033715248	1.5576803491512692e-07	1.5576803491512692e-07	3.707601763380808e-07	3.707601763380808e-07
606	Saving a prey from being eaten induces suffering from hunger for its predator.	Do we have a moral duty to intervene in nature to limit animal suffering?	5	607	refutes	"True

In this case, the argument provided"	0.7760875225067139	0.7760875225067139	0.03032819554209709	0.03032819554209709	0.17316854000091553	0.17316854000091553	2.5770285105863877e-07	2.5770285105863877e-07	7.663591077289311e-07	7.663591077289311e-07
607	Basic animal rights stand against and outweigh the moral benefit of limiting suffering of sentient beings.	Do we have a moral duty to intervene in nature to limit animal suffering?	6	608	refutes	"True

Argument: ""The moral benefit of"	0.9672083854675293	0.9672083854675293	0.003201042301952839	0.003201042301952839	0.01515247579663992	0.01515247579663992	9.624313435097065e-08	9.624313435097065e-08	2.2464780613518087e-07	2.2464780613518087e-07
608	The technology to implement such changes beyond the small scale can only be obtained by carrying out immoral research.	Do we have a moral duty to intervene in nature to limit animal suffering?	5	609	refutes	"True

The question you provided is not directly"	0.7568749189376831	0.7568749189376831	0.013227831572294235	0.013227831572294235	0.20691807568073273	0.20691807568073273	4.4978563096265134e-07	4.4978563096265134e-07	1.087442115021986e-06	1.087442115021986e-06
609	Sustainably reducing suffering in ecosystems will require dangerous and immoral experiments to study the effects of different interventions. This will in itself cause suffering and other moral harm. The end does not justify all means.	Do we have a moral duty to intervene in nature to limit animal suffering?	3	610	refutes	"True

In this context, the question is"	0.44390568137168884	0.44390568137168884	0.23029524087905884	0.23029524087905884	0.30036160349845886	0.30036160349845886	6.541837933582428e-07	6.541837933582428e-07	1.3137670293872361e-06	1.3137670293872361e-06
610	"There are ""low-hanging fruits"" that don't require research and can be enacted immediately. For example in Sika deer, overpopulation can lead to mal-development and eventual mass die-off caused by social stress (cf. this paper).
 A lot of animal suffering could be avoided by euthanising an adequate number of Sika deer whenever overpopulation becomes apparent."	Do we have a moral duty to intervene in nature to limit animal suffering?	0	611	supports	True	0.9874886870384216	0.9874886870384216	0.0005951763596385717	0.0005951763596385717	0.004792441613972187	0.004792441613972187	2.0277333590001945e-08	2.0277333590001945e-08	7.287900416486082e-08	7.287900416486082e-08
611	Genetic editing is happening usually with the intention of being beneficial for humankind.	Do we have a moral duty to intervene in nature to limit animal suffering?	2	612	insufficient-neutral	"True

The question you provided is about the"	0.8577718138694763	0.8577718138694763	0.00446614483371377	0.00446614483371377	0.12357375025749207	0.12357375025749207	1.9272319207175315e-07	1.9272319207175315e-07	3.9621542669010523e-07	3.9621542669010523e-07
612	Selective breeding and hybridization has long been done for the benefit of humans.	Do we have a moral duty to intervene in nature to limit animal suffering?	2	613	insufficient-neutral	"True

The question you provided is not directly"	0.5879381895065308	0.5879381895065308	0.012013089843094349	0.012013089843094349	0.3796014189720154	0.3796014189720154	3.683115608055232e-07	3.683115608055232e-07	7.21119079116761e-07	7.21119079116761e-07
613	The victims of selective breeding and hybridization suffer, as a result of these practices, from genetic disorders and shortened lifespans.	Do we have a moral duty to intervene in nature to limit animal suffering?	5	614	insufficient-supports	"True

The question is not directly related to"	0.790654718875885	0.790654718875885	0.005583056248724461	0.005583056248724461	0.1848854273557663	0.1848854273557663	4.828848432225641e-07	4.828848432225641e-07	8.881611393007915e-07	8.881611393007915e-07
614	This may destabilize the ecosystem.	Do we have a moral duty to intervene in nature to limit animal suffering?	5	615	refutes	"True

Argument: ""This may destabil"	0.702278733253479	0.702278733253479	0.014689646661281586	0.014689646661281586	0.27075257897377014	0.27075257897377014	1.4199309816831374e-07	1.4199309816831374e-07	4.0608387052998296e-07	4.0608387052998296e-07
615	"In Estonia, rabid foxes started ending up in people's backyards and so a general vaccination program was launched. Rabies killed most of the fox population and by removing it, we only managed to disrupt a working
 ecosystem and even made the initial problem worse. (p. 597)"	Do we have a moral duty to intervene in nature to limit animal suffering?	0	616	refutes	None	0.461124062538147	0.461124062538147	0.017465537413954735	0.017465537413954735	0.5064457058906555	0.5064457058906555	1.5045000623103988e-07	1.5045000623103988e-07	5.711290782528522e-07	5.711290782528522e-07
616	Humans are not capable of fairly and consistently applying such morals, which would make the attempt at it corrupt and immoral.	Do we have a moral duty to intervene in nature to limit animal suffering?	3	617	refutes	"True

In this context, the argument suggests"	0.6344882845878601	0.6344882845878601	0.0996093824505806	0.0996093824505806	0.2446170300245285	0.2446170300245285	2.42970202180004e-07	2.42970202180004e-07	7.484009074687492e-07	7.484009074687492e-07
617	We coexist regardless of our actions, so all we can do is control the impact we have and how we focus them.	Do we have a moral duty to intervene in nature to limit animal suffering?	3	618	insufficient-supports	"True

In this statement, the focus is"	0.9462184906005859	0.9462184906005859	0.002763605210930109	0.002763605210930109	0.042228635400533676	0.042228635400533676	6.861635881705297e-08	6.861635881705297e-08	2.084833283788612e-07	2.084833283788612e-07
618	Nature is more efficient when dealing with problems on its own.	Do we have a moral duty to intervene in nature to limit animal suffering?	6	619	refutes	"True

In this case, the argument suggests"	0.6979349851608276	0.6979349851608276	0.08873248100280762	0.08873248100280762	0.20311065018177032	0.20311065018177032	8.409910634554763e-08	8.409910634554763e-08	2.438245587654819e-07	2.438245587654819e-07
619	Humans don't have the capacity to manage nature to the macro- and micro-levels regions (like forests) need as well as nature can.	Do we have a moral duty to intervene in nature to limit animal suffering?	6	620	refutes	"True

The question you provided is not directly"	0.8279972076416016	0.8279972076416016	0.012971566990017891	0.012971566990017891	0.14845171570777893	0.14845171570777893	1.1283500356285003e-07	1.1283500356285003e-07	3.2649890613356547e-07	3.2649890613356547e-07
620	Wild animals lose fear and become imprinted with humans, so humans carry responsibility for the animals they made used to humans.	Do we have a moral duty to intervene in nature to limit animal suffering?	0	621	supports	"True

In this case, the argument suggests"	0.8075230121612549	0.8075230121612549	0.006117533892393112	0.006117533892393112	0.1553272306919098	0.1553272306919098	3.93971674839122e-07	3.93971674839122e-07	1.2017251265206141e-06	1.2017251265206141e-06
621	Nature cannot effectively be left alone because humans have destabilised it so much already.	Do we have a moral duty to intervene in nature to limit animal suffering?	3	622	supports	"True

Argument: ""Nature cannot effectively"	0.9456457495689392	0.9456457495689392	0.0021176470909267664	0.0021176470909267664	0.02833380177617073	0.02833380177617073	1.412571037917587e-07	1.412571037917587e-07	4.08740987722922e-07	4.08740987722922e-07
622	Certain interventions can be helpful and not impact negatively on ecosystems (e.g. fixing a lion's wound in a safari).	Do we have a moral duty to intervene in nature to limit animal suffering?	0	623	supports	"True

Argument: ""The Earth's"	0.9597055912017822	0.9597055912017822	0.002759540220722556	0.002759540220722556	0.021368952468037605	0.021368952468037605	1.2601915955201548e-07	1.2601915955201548e-07	2.1436581221223605e-07	2.1436581221223605e-07
623	Nature is the survival of the fittest.	Do we have a moral duty to intervene in nature to limit animal suffering?	1	624	insufficient-neutral	"True

In this scenario, the argument """	0.9099755883216858	0.9099755883216858	0.010511609725654125	0.010511609725654125	0.06591841578483582	0.06591841578483582	9.452366356299535e-08	9.452366356299535e-08	2.4517572683180333e-07	2.4517572683180333e-07
624	Animal suffering shouldn't be analysed from the point of view of human morality.	Do we have a moral duty to intervene in nature to limit animal suffering?	1	625	refutes	"True

In this case, the argument suggests"	0.5173060297966003	0.5173060297966003	0.10028435289859772	0.10028435289859772	0.37260156869888306	0.37260156869888306	8.80766677369138e-08	8.80766677369138e-08	2.3709053209586273e-07	2.3709053209586273e-07
625	Fairness is not and has never been a natural state. It is an entirely human construct, and forcing our ideas onto the rest of the planet is deeply unethical.	Do we have a moral duty to intervene in nature to limit animal suffering?	1	626	refutes	"True

In this context, the argument suggests"	0.522940993309021	0.522940993309021	0.0624563954770565	0.0624563954770565	0.4009527862071991	0.4009527862071991	2.1358644630709023e-07	2.1358644630709023e-07	4.70174626343578e-07	4.70174626343578e-07
626	Natural doesn't mean good. Morality historically goes against nature and intuition.	Do we have a moral duty to intervene in nature to limit animal suffering?	0	627	supports	"True

In this case, the argument suggests"	0.832750678062439	0.832750678062439	0.04146021232008934	0.04146021232008934	0.1144753247499466	0.1144753247499466	1.084977299115053e-07	1.084977299115053e-07	2.978216571136727e-07	2.978216571136727e-07
627	Humanity is already forcing its view onto/against nature and/or other living creatures (eg. artificial selection, breeding, curing disease and more broadly all our activities have an impact on the planet).	Do we have a moral duty to intervene in nature to limit animal suffering?	0	628	insufficient-neutral	"True

Question: Do we have a moral"	0.9078119993209839	0.9078119993209839	0.0029810848645865917	0.0029810848645865917	0.04083235561847687	0.04083235561847687	4.7238668798854633e-07	4.7238668798854633e-07	1.0118308182427427e-06	1.0118308182427427e-06
628	"""Forcing"" our ideas onto the rest of the planet isn't more unethical than doing nothing while we are aware of the suffering of sentient beings and we could find solutions to fix that."	Do we have a moral duty to intervene in nature to limit animal suffering?	6	629	supports	"True

Argument: ""Forcing"" our"	0.8987976908683777	0.8987976908683777	0.00334446900524199	0.00334446900524199	0.07263398915529251	0.07263398915529251	5.630482746710186e-07	5.630482746710186e-07	1.0255402003167546e-06	1.0255402003167546e-06
629	Plenty of porn is made in an ethical and safe way. It is perfectly possible to make choices about what porn you watch so that it is ethical.	Is it ethically wrong to watch pornography?	1	630	refutes	"None

Argument: ""Plenty of porn"	0.02178417332470417	0.02178417332470417	0.17404410243034363	0.17404410243034363	0.7922949194908142	0.7922949194908142	1.359543517764905e-07	1.359543517764905e-07	5.377099228098814e-07	5.377099228098814e-07
630	So long as the participants are well informed of the repercussions and happy with the arrangements/compensation, it is good.	Is it ethically wrong to watch pornography?	1	631	supports	"None

Argument: ""So long as the"	0.043751299381256104	0.043751299381256104	0.016867628321051598	0.016867628321051598	0.9354439973831177	0.9354439973831177	2.1512651215971346e-08	2.1512651215971346e-08	1.1338062932964021e-07	1.1338062932964021e-07
631	We should base our morality on informed consent.	Is it ethically wrong to watch pornography?	1	632	insufficient-neutral	"None

Argument: ""We should base our"	0.42794808745384216	0.42794808745384216	0.06877751648426056	0.06877751648426056	0.49256521463394165	0.49256521463394165	2.2796677967562573e-07	2.2796677967562573e-07	3.1960649948814535e-07	3.1960649948814535e-07
632	"This heavily depends on the way of defining good and wrong, if the actions of the participants have bad consequences then it could be seen as wrong, 
even if they're well informed of the repercussions and happy with the arrangements."	Is it ethically wrong to watch pornography?	1	633	insufficient-neutral	None	0.10345276445150375	0.10345276445150375	0.0007715742103755474	0.0007715742103755474	0.8936954736709595	0.8936954736709595	1.8676795221495013e-08	1.8676795221495013e-08	4.586578583598566e-08	4.586578583598566e-08
633	Given the cost-benefit analysis of sexual gratification versus the hardship experienced by victims of non-consensual uploads, it is clearly not worth the risk.	Is it ethically wrong to watch pornography?	5	634	supports	"None

Argument: ""Given the cost"	0.02600792981684208	0.02600792981684208	0.006081652361899614	0.006081652361899614	0.9608097672462463	0.9608097672462463	1.4296271899638668e-07	1.4296271899638668e-07	3.317497032639949e-07	3.317497032639949e-07
634	Pornhub requires users who upload content to undergo verification, reducing the prospect of non-consensual uploads.	Is it ethically wrong to watch pornography?	3	635	supports	"None

Argument: ""Pornhub requires"	0.007311726454645395	0.007311726454645395	0.002300736727192998	0.002300736727192998	0.9880461692810059	0.9880461692810059	1.6787172540944084e-08	1.6787172540944084e-08	4.379849016800108e-08	4.379849016800108e-08
635	The same is true of eating halal meat; we cannot know it is halal, but there comes a point when one has to trust that something is what it purports to be.	Is it ethically wrong to watch pornography?	7	636	insufficient-supports	"None

Argument: ""The same is true"	0.21380209922790527	0.21380209922790527	0.10750643908977509	0.10750643908977509	0.6689275503158569	0.6689275503158569	5.063798269588915e-08	5.063798269588915e-08	2.0027711400416592e-07	2.0027711400416592e-07
636	If there was ethical certifications one could easily choose what type of porn industry they would want to contribute to.	Is it ethically wrong to watch pornography?	3	637	insufficient-refutes	"None

Argument: ""If there was ethical"	0.03423226624727249	0.03423226624727249	0.011288602836430073	0.011288602836430073	0.9471724033355713	0.9471724033355713	1.563042246743862e-07	1.563042246743862e-07	2.7755604037338344e-07	2.7755604037338344e-07
637	Ethical porn focuses on treating performers fairly, showing a diverse range of bodies and representing more realistic human interactions.	Is it ethically wrong to watch pornography?	0	638	refutes	"None

Argument: ""Ethical porn"	0.004021764732897282	0.004021764732897282	0.03936868533492088	0.03936868533492088	0.9538159370422363	0.9538159370422363	2.4185345282035087e-08	2.4185345282035087e-08	1.0526174065716987e-07	1.0526174065716987e-07
638	Having pornography that is more representing of real human sexual interactions could constitute a great source of sex education.	Is it ethically wrong to watch pornography?	2	639	refutes	"None

Argument: ""Having pornography"	0.013200532644987106	0.013200532644987106	0.005049653816968203	0.005049653816968203	0.9774476289749146	0.9774476289749146	4.383942098229454e-08	4.383942098229454e-08	1.306249544086313e-07	1.306249544086313e-07
639	Treating performers fairly is the only requirement for ethical porn. Porn is a fantasy, it doesn't have to accurately reflect reality.	Is it ethically wrong to watch pornography?	1	640	refutes	"None

Argument: ""Treating perform"	0.0018584888894110918	0.0018584888894110918	0.00358233111910522	0.00358233111910522	0.9932811260223389	0.9932811260223389	1.1441274594403694e-08	1.1441274594403694e-08	5.426437965638797e-08	5.426437965638797e-08
640	It may be something more elemental in the structure of the media which engenders and cultivates a subliminally misogynistic or reductive or otherwise violent way of seeing, particularly of men seeing women.	Is it ethically wrong to watch pornography?	5	641	insufficient-supports	"None

The question provided is not directly related"	0.09361513704061508	0.09361513704061508	0.011717308312654495	0.011717308312654495	0.881283700466156	0.881283700466156	1.9455565336556901e-07	1.9455565336556901e-07	4.910271513836051e-07	4.910271513836051e-07
641	To say pornography is misogynistic is exaggerated since not all porn involves opportunities where women can get mistreated, as is the example with gay male porn.	Is it ethically wrong to watch pornography?	0	642	refutes	"None

Argument: ""To say pornography"	0.08177115768194199	0.08177115768194199	0.014775745570659637	0.014775745570659637	0.8929669260978699	0.8929669260978699	1.6828938953494799e-07	1.6828938953494799e-07	4.5036577489554475e-07	4.5036577489554475e-07
642	"From a consequentialist point of view, supporting this kind of media will cause that more of this will be produced and shared in culture. Helping to spread media that cause 
people to be violent or mysogynistic is morally wrong."	Is it ethically wrong to watch pornography?	3	643	supports	"True

Question: Is it ethically wrong"	0.8803263902664185	0.8803263902664185	0.02152801677584648	0.02152801677584648	0.07114128023386002	0.07114128023386002	3.306401595182251e-06	3.306401595182251e-06	5.768152391283365e-07	5.768152391283365e-07
643	Depicting unethical acts is not necessarily unethical, otherwise movie murders would make such movies unethical and documentaries of real executions would also be unethical.	Is it ethically wrong to watch pornography?	7	644	refutes	"None

The argument provided does not directly address"	0.40427178144454956	0.40427178144454956	0.0691627487540245	0.0691627487540245	0.5110474228858948	0.5110474228858948	2.256895754726429e-07	2.256895754726429e-07	7.785565685480833e-07	7.785565685480833e-07
644	Any porn watched furthers the demand, giving more power to those who traffic people and force them into this kind of work.	Is it ethically wrong to watch pornography?	5	645	supports	"True

In this context, the argument suggests"	0.8030765056610107	0.8030765056610107	0.0069479732774198055	0.0069479732774198055	0.15326984226703644	0.15326984226703644	7.791919642841094e-07	7.791919642841094e-07	1.1270940376562066e-06	1.1270940376562066e-06
645	By the same reasoning we should ban entire industries because of the misdeeds of a few.	Is it ethically wrong to watch pornography?	7	646	refutes	"None

Argument: ""By the same reasoning"	0.26360398530960083	0.26360398530960083	0.07552380859851837	0.07552380859851837	0.6524261236190796	0.6524261236190796	1.263653359728778e-07	1.263653359728778e-07	3.27127196442234e-07	3.27127196442234e-07
646	Watching pornography contributes to human rights abuses, including gender inequality.	Is it ethically wrong to watch pornography?	1	647	supports	"True

In this context, the argument is"	0.8629509210586548	0.8629509210586548	0.001978290034458041	0.001978290034458041	0.11678770929574966	0.11678770929574966	4.234877621911437e-07	4.234877621911437e-07	4.318403057368414e-07	4.318403057368414e-07
647	Feminist pornography seeks to use pornography to empower women, so porn isn't inherently misogynistic.	Is it ethically wrong to watch pornography?	0	648	refutes	"None

Argument: ""Feminist"	0.0035830719862133265	0.0035830719862133265	0.0019178801449015737	0.0019178801449015737	0.9934865236282349	0.9934865236282349	9.693141400646255e-09	9.693141400646255e-09	3.128984360500908e-08	3.128984360500908e-08
648	Porn is made to promote arousal, entertainment and even escapism. As long as the one watching is mature enough to know what happens on screen may differ from reality, there is nothing morally wrong with it.	Is it ethically wrong to watch pornography?	2	649	refutes	"None

Question: Is it morally wrong"	0.06098245456814766	0.06098245456814766	0.1485930234193802	0.1485930234193802	0.7785717844963074	0.7785717844963074	8.360445491462087e-08	8.360445491462087e-08	2.8062922297067416e-07	2.8062922297067416e-07
649	Personal psychological detrimental effects do not nearly exhaust the potential suffering which is caused by the production and dissemination of pornography. Actresses and actors are affected by the industry.	Is it ethically wrong to watch pornography?	1	650	supports	"True

The question is not directly answered in"	0.743756115436554	0.743756115436554	0.01012328453361988	0.01012328453361988	0.21985387802124023	0.21985387802124023	3.877756284964562e-07	3.877756284964562e-07	5.620105412162957e-07	5.620105412162957e-07
650	Watching porn can be harmful for the individual.	Is it ethically wrong to watch pornography?	5	651	supports	"None

Argument: ""Watching porn can"	0.24506844580173492	0.24506844580173492	0.013400440104305744	0.013400440104305744	0.7316392064094543	0.7316392064094543	1.2603747734374338e-07	1.2603747734374338e-07	2.868171691261523e-07	2.868171691261523e-07
651	People can become addicted to pornography which is problematic.	Is it ethically wrong to watch pornography?	5	652	supports	"None

Argument: ""People can become add"	0.17082515358924866	0.17082515358924866	0.015043605118989944	0.015043605118989944	0.8023263812065125	0.8023263812065125	1.4343997634114203e-07	1.4343997634114203e-07	3.120802603007178e-07	3.120802603007178e-07
652	Pornography addiction shows similar side effects to alcohol and drug addiction.	Is it ethically wrong to watch pornography?	7	653	supports	"None

Argument: ""Pornography addiction"	0.027220068499445915	0.027220068499445915	0.008172946982085705	0.008172946982085705	0.9595404863357544	0.9595404863357544	4.7173866590810576e-08	4.7173866590810576e-08	1.245295635499133e-07	1.245295635499133e-07
653	"
There have been numerous studies about behavioural addiction with pornography (Pornography Addiction: A Neuroscience Perspective, Neuroscience of Internet Pornography Addiction: A Review and Update)"	Is it ethically wrong to watch pornography?	4	654	insufficient-supports	"None

The question is about the ethics"	0.028005443513393402	0.028005443513393402	0.04653530940413475	0.04653530940413475	0.9201956987380981	0.9201956987380981	8.320828470687047e-08	8.320828470687047e-08	2.398324738805968e-07	2.398324738805968e-07
654	Porn can often be the closest thing to physical contact/stimulation for long-term single individuals, and can offer an alternative to other, more unethical methods of satisfying natural sexual urges (i.e. prostitution).	Is it ethically wrong to watch pornography?	6	655	supports	"None

Question: Is it true that porn"	0.03055707737803459	0.03055707737803459	0.02782253734767437	0.02782253734767437	0.9358651041984558	0.9358651041984558	4.583053936357828e-08	4.583053936357828e-08	2.0300527125982626e-07	2.0300527125982626e-07
655	Porn is damaging to relationships.	Is it ethically wrong to watch pornography?	5	656	supports	"None

Argument: ""Porn is dam"	0.2710779905319214	0.2710779905319214	0.06143818795681	0.06143818795681	0.6502823233604431	0.6502823233604431	2.2762118589980673e-07	2.2762118589980673e-07	4.962003004038706e-07	4.962003004038706e-07
656	A utilitarian would argue that time and resources dedicated to porn could be better applied in maximizing well-being.	Is it ethically wrong to watch pornography?	6	657	supports	"None

Argument: ""A utilitarian would"	0.09172822535037994	0.09172822535037994	0.14430874586105347	0.14430874586105347	0.7561237812042236	0.7561237812042236	1.1472566541215201e-07	1.1472566541215201e-07	3.813492526205664e-07	3.813492526205664e-07
657	Masturbation is natural and beneficial, and porn is a useful masturbation aid.	Is it ethically wrong to watch pornography?	2	658	supports	"None

Argument: ""Masturbation"	0.11461736261844635	0.11461736261844635	0.13400126993656158	0.13400126993656158	0.735811710357666	0.735811710357666	2.400717846740008e-07	2.400717846740008e-07	6.719841962876671e-07	6.719841962876671e-07
658	Porn gives access to fetishes and habits that would not be accessible otherwise and allows people to explore in a safe way.	Is it ethically wrong to watch pornography?	2	659	refutes	"None

Argument: ""Pornography is"	0.045566361397504807	0.045566361397504807	0.13603603839874268	0.13603603839874268	0.8076831102371216	0.8076831102371216	1.1267685806615191e-07	1.1267685806615191e-07	4.4738982296621543e-07	4.4738982296621543e-07
659	The survivors of Uruguayan Air Force Flight 571 stayed alive for 72 days by eating the dead and preserved bodies of their fellow passengers.	Is cannibalism ethically permissible?	0	660	insufficient-neutral	"None

The question is not directly related to"	0.07533230632543564	0.07533230632543564	0.0020232833921909332	0.0020232833921909332	0.9177353978157043	0.9177353978157043	3.06482590417545e-08	3.06482590417545e-08	3.1564152891405683e-07	3.1564152891405683e-07
660	If the to-be-cannabalized person is still alive and not giving consent this isn't permissable.	Is cannibalism ethically permissible?	0	661	insufficient-refutes	"False

Argument: ""If the to-"	0.03445570543408394	0.03445570543408394	0.79035884141922	0.79035884141922	0.16566821932792664	0.16566821932792664	6.270168029232082e-08	6.270168029232082e-08	2.3387680414543865e-07	2.3387680414543865e-07
661	"If the to-be-cannibalised person is still alive and not consenting this is murder which is largely already agreed to be unethical and illegal. 
However the ethicacy of the act itself changes if the person consents or is already dead. In one instance they are arguably make a choice 
about their body and in the other they could be said to be a resource, just meat."	Is cannibalism ethically permissible?	1	662	insufficient-supports	True	0.6577081680297852	0.6577081680297852	0.06070030853152275	0.06070030853152275	0.253569096326828	0.253569096326828	2.568295087712613e-07	2.568295087712613e-07	8.0511944133832e-07	8.0511944133832e-07
662	"Eating another human being after they are dead in order to save ones own life, provided it is absolutely necessary and the last resort, 
is ethically no different than accepting an organ transplant from a dead person. It achieves the same result."	Is cannibalism ethically permissible?	7	663	supports	"True

In this scenario, the argument is"	0.8134764432907104	0.8134764432907104	0.004073253367096186	0.004073253367096186	0.14471329748630524	0.14471329748630524	8.255470334006532e-07	8.255470334006532e-07	1.3505048173101386e-06	1.3505048173101386e-06
663	"Any benefit derived from eating human flesh (outside survival) is extremely small compared to the value of that human life. 
Therefore, even if cannibalism only very slightly devalues human life, it is still unethical."	Is cannibalism ethically permissible?	1	664	refutes	False	0.01256468240171671	0.01256468240171671	0.9376623630523682	0.9376623630523682	0.037219300866127014	0.037219300866127014	3.7113416340162075e-08	3.7113416340162075e-08	1.1657208887072557e-07	1.1657208887072557e-07
664	Cannibalism permits humans to view other humans as prey. It is ethically wrong to view other persons as such.	Is cannibalism ethically permissible?	1	665	refutes	"False

In this case, the argument suggests"	0.01055172085762024	0.01055172085762024	0.96479332447052	0.96479332447052	0.014649612829089165	0.014649612829089165	2.561270484591205e-08	2.561270484591205e-08	9.84716024277077e-08	9.84716024277077e-08
665	Cannibalism is a violation of the dignity possessed by mankind, which is degraded by using human flesh as food.	Is cannibalism ethically permissible?	1	666	refutes	False	0.009250333532691002	0.009250333532691002	0.9735114574432373	0.9735114574432373	0.011693516746163368	0.011693516746163368	1.0071416589596538e-08	1.0071416589596538e-08	4.030276556932222e-08	4.030276556932222e-08
666	We have relationships and a closeness with others of our own species that cannibalism debases.	Is cannibalism ethically permissible?	1	667	refutes	"False

In this context, the question is"	0.17885065078735352	0.17885065078735352	0.5956636071205139	0.5956636071205139	0.20909760892391205	0.20909760892391205	1.6655788215302891e-07	1.6655788215302891e-07	7.10887888999423e-07	7.10887888999423e-07
667	If the person in question wants to be eaten after death then not doing so would be disrespecting that person's last wish.	Is cannibalism ethically permissible?	1	668	supports	"None

Explanation:
The question"	0.17766202986240387	0.17766202986240387	0.186188206076622	0.186188206076622	0.6298666000366211	0.6298666000366211	4.9002824908939147e-08	4.9002824908939147e-08	3.2775574254628737e-07	3.2775574254628737e-07
668	Respecting someone in death respects that they once were a human life, which still merits dignity.	Is cannibalism ethically permissible?	1	669	refutes	"False

Argument: ""Respecting someone"	0.02793821692466736	0.02793821692466736	0.869132399559021	0.869132399559021	0.09751395136117935	0.09751395136117935	2.5168271022835143e-08	2.5168271022835143e-08	1.3447326807636273e-07	1.3447326807636273e-07
669	"It is unclear why it is more ethically wrong to view humans as prey instead of other organisms. Moral philosophers such as Peter Singer 
have argued that any causing of suffering is wrong, regardless of the species of the victim."	Is cannibalism ethically permissible?	4	670	insufficient-supports	"None

Question: Is it more ethically"	0.37538862228393555	0.37538862228393555	0.18011343479156494	0.18011343479156494	0.42537105083465576	0.42537105083465576	2.342439415770059e-07	2.342439415770059e-07	5.685457153958851e-07	5.685457153958851e-07
670	"Legal or ethical status for cannibalism may allow for easier concealment of a crime, as a victim's remains may be swapped or 
added to otherwise common food."	Is cannibalism ethically permissible?	5	671	refutes	"None

Argument: ""Legal or ethical"	0.29579246044158936	0.29579246044158936	0.04904719814658165	0.04904719814658165	0.646070122718811	0.646070122718811	1.0682416728968747e-07	1.0682416728968747e-07	3.3618735528762045e-07	3.3618735528762045e-07
671	Humans have evolved past needing to eat each other.	Is cannibalism ethically permissible?	1	672	insufficient-refutes	"True

Argument: ""The Earth is flat"	0.4775695204734802	0.4775695204734802	0.07210221141576767	0.07210221141576767	0.44167959690093994	0.44167959690093994	6.320160395034691e-08	6.320160395034691e-08	2.645341226070741e-07	2.645341226070741e-07
672	For example, most humans in Europe have evolved past needing to wash their clothes manually, but that doesn't make it ethically wrong.	Is cannibalism ethically permissible?	0	673	insufficient-neutral	"None

Explanation:
The argument"	0.032265082001686096	0.032265082001686096	0.0515594519674778	0.0515594519674778	0.9139131903648376	0.9139131903648376	1.4055471453389146e-08	1.4055471453389146e-08	9.623950347759092e-08	9.623950347759092e-08
673	Cannibalism is still considered acceptable practice for some tribes.	Is cannibalism ethically permissible?	0	674	insufficient-supports	"True

In this context, the question is"	0.7179844975471497	0.7179844975471497	0.011880346573889256	0.011880346573889256	0.25600525736808777	0.25600525736808777	2.2838231927835295e-07	2.2838231927835295e-07	5.652516392729012e-07	5.652516392729012e-07
674	The Korowai believe the people they eat are not humans, but male witches called khakhua. They do not consider the practice cannibalism.	Is cannibalism ethically permissible?	0	675	insufficient-neutral	"None

The question is about the ethical perm"	0.08088282495737076	0.08088282495737076	0.03094043955206871	0.03094043955206871	0.8832660913467407	0.8832660913467407	3.435120277117676e-08	3.435120277117676e-08	3.678704274534539e-07	3.678704274534539e-07
675	Some humans in non-developed areas rely on food in nature to survive, including meat from local animals.	Is cannibalism ethically permissible?	0	676	insufficient-neutral	"None

The question is not directly related to"	0.03649766743183136	0.03649766743183136	0.031218109652400017	0.031218109652400017	0.9266939759254456	0.9266939759254456	3.445699903181776e-08	3.445699903181776e-08	2.1398030014552205e-07	2.1398030014552205e-07
676	"""Meat donors"" could be treated similar to organ donors and checked for any health hazards beforehand."	Is cannibalism ethically permissible?	7	677	supports	"None

Argument: ""Meat donors"	0.02150321565568447	0.02150321565568447	0.030801933258771896	0.030801933258771896	0.9433642625808716	0.9433642625808716	4.822610932819771e-08	4.822610932819771e-08	2.5170160711240896e-07	2.5170160711240896e-07
677	"Whether it is healthy or not doesn't affect the ethics of it. It only affects the health of the individual who eats that meat, but doesn't affect
 the others in the society."	Is cannibalism ethically permissible?	3	678	insufficient-supports	"True or False or None

Answer:"	0.47540298104286194	0.47540298104286194	0.06638112664222717	0.06638112664222717	0.4536326825618744	0.4536326825618744	2.9718888683305522e-08	2.9718888683305522e-08	1.200930910272291e-07	1.200930910272291e-07
678	If enough people's health is adversely affected, this might have a negative effect on society at large.	Is cannibalism ethically permissible?	5	679	insufficient-refutes	"None

Argument: ""If enough people'"	0.3019474148750305	0.3019474148750305	0.06231037154793739	0.06231037154793739	0.6293124556541443	0.6293124556541443	5.679426351434813e-08	5.679426351434813e-08	2.0372662845602463e-07	2.0372662845602463e-07
679	Just because something is done doesn't mean it should be.	Is cannibalism ethically permissible?	1	680	insufficient-neutral	"None

Argument: ""Just because something is"	0.23999160528182983	0.23999160528182983	0.09398206323385239	0.09398206323385239	0.6626380681991577	0.6626380681991577	2.537119492274087e-08	2.537119492274087e-08	8.189922340307021e-08	8.189922340307021e-08
680	All meat is not the same in form or value.	Is cannibalism ethically permissible?	1	681	insufficient-neutral	"True

Explanation:
The argument"	0.5847691893577576	0.5847691893577576	0.06163421645760536	0.06163421645760536	0.34376806020736694	0.34376806020736694	8.599644019113839e-08	8.599644019113839e-08	2.7651765321934363e-07	2.7651765321934363e-07
681	No society can prosper if ethics are subjective. Subjectivism has serious philosophical fallacies.	Is cannibalism ethically permissible?	3	682	insufficient-neutral	"True

In this scenario, the argument is"	0.7877517938613892	0.7877517938613892	0.15511752665042877	0.15511752665042877	0.04880989342927933	0.04880989342927933	6.863717771921074e-08	6.863717771921074e-08	1.5649953866159194e-07	1.5649953866159194e-07
682	"As the human population increases, dealing with an increasing number of dead bodies is taking a toll on the environment.
 Recycling bodies might be an ethical alternative."	Is cannibalism ethically permissible?	2	683	supports	"None

Argument: ""As the human population"	0.047629375010728836	0.047629375010728836	0.0029054107144474983	0.0029054107144474983	0.9418299198150635	0.9418299198150635	1.7749815128809132e-07	1.7749815128809132e-07	1.1130928214697633e-06	1.1130928214697633e-06
683	"Globally, there is a shortage of burial spaces; in this regard, ethical cannibalism can help mitigate this crisis by reducing the
 number of bodies that need to be buried."	Is cannibalism ethically permissible?	2	684	supports	"True or False or None

Answer:"	0.5067943930625916	0.5067943930625916	0.003037144895642996	0.003037144895642996	0.4760892689228058	0.4760892689228058	4.382013401027507e-07	4.382013401027507e-07	7.168495130827068e-07	7.168495130827068e-07
684	If a person consents to or asks to be eaten, it should be permissible to act on this.	Is cannibalism ethically permissible?	1	685	supports	"True or False or None

Answer:"	0.7595012784004211	0.7595012784004211	0.05765846371650696	0.05765846371650696	0.16425366699695587	0.16425366699695587	1.9756413394134142e-07	1.9756413394134142e-07	6.96333586347464e-07	6.96333586347464e-07
685	"There is also a theoretical case of self-cannibalism (eating one's own body parts). Following the idea of self-ownership of the body, 
this should be considered completely ethical (if done voluntarily)."	Is cannibalism ethically permissible?	1	686	supports	"True

In this scenario, the argument is"	0.9195610284805298	0.9195610284805298	0.0037875103298574686	0.0037875103298574686	0.06766177713871002	0.06766177713871002	9.570609904585581e-08	9.570609904585581e-08	1.49979811681078e-07	1.49979811681078e-07
