	Argument	Debate	Scheme	id	evidence_stance	prediction_w_evidence	p_True	p__True	p_False	p__False	p_None	p__None	p_Support	p__Support	p_Refute	p__Refute
0	Euthanasia can end unnecessary suffering.	Should euthanasia be legalized?	2	1	supports	True	0.0008258732268586755	0.7746691703796387	0.00012764510756824166	0.1187993660569191	1.3453695828502532e-05	0.021634971722960472	2.522565409890376e-07	2.051443516393192e-05	1.108337865929343e-08	2.547700887589599e-06
1	In situations of great chronic pain, euthanasia should be an option for patients.	Should euthanasia be legalized?	0	2	supports	False	0.0003106675867456943	0.7558502554893494	4.581726898322813e-05	0.11234711110591888	1.453011736884946e-05	0.04985373094677925	8.053294209275919e-08	8.882082511263434e-06	7.20376513996257e-09	2.54475935435039e-06
2	Chronic pain changes a person's psychological state to the point where their decision process is so impaired that they cannot make a rational decision on euthanasia.	Should euthanasia be legalized?	3	3	refutes	"False.
None.
True.
False.
None."	0.0002829802979249507	0.320176362991333	0.00029888676363043487	0.2870042324066162	0.00010329249198548496	0.19118604063987732	3.100477385942213e-07	2.1821095288032666e-05	7.221841258342465e-08	1.54734752868535e-05
3	Less than 33% of patients requesting euthanaisa experience inadequate pain control.	Should euthanasia be legalized?	4	4	insufficient-neutral	False	0.0002925949520431459	0.3336513042449951	0.0003816157695837319	0.39622074365615845	3.662255403469317e-05	0.07329346984624863	2.8513159122667275e-07	2.4017655960051343e-05	4.238102846443326e-08	1.2171556591056287e-05
4	"Some doctors have argued that patients suffering from ""treatement-resistant"" depression should be allowed to elect for euthanasia."	Should euthanasia be legalized?	4	5	supports	"False.
None.
The question is whether euthanas"	0.0002246365911560133	0.5422847270965576	0.00010204577120020986	0.20582807064056396	4.8962094297166914e-05	0.1553671807050705	6.420512477234297e-08	5.623667220788775e-06	1.3353393057968788e-08	3.746170023077866e-06
5	Much of the suffering of those who request euthanasia, can be relieved simply with better palliative care.	Should euthanasia be legalized?	6	6	refutes	"False.
Wait, but the user is asking if"	0.0005423692637123168	0.3635817766189575	0.0006856189575046301	0.4454697072505951	3.8679976569255814e-05	0.04275042936205864	2.13547338034914e-07	1.0995757293130737e-05	4.727804636672772e-08	7.676275345147587e-06
6	To let someone suffer until death is just as bad as murder.	Should euthanasia be legalized?	7	7	supports	"True.

True.
The argument that ""to let"	0.0006397738470695913	0.5637491941452026	0.000422864657593891	0.3314110338687897	1.7590602510608733e-05	0.025159472599625587	1.8214581132269814e-07	1.2376533959468361e-05	1.7209000446882783e-08	3.518341827657423e-06
7	It could be considered to be worse than murder since it is torturing for a long time when murder stops life and automatically with it all pain and any more suffering.	Should euthanasia be legalized?	1	8	refutes	True	0.0004809763340745121	0.4618546962738037	0.0005080122500658035	0.3828909695148468	3.1723830034025013e-05	0.044322848320007324	1.6843368655372615e-07	1.0139545338461176e-05	3.530561798470444e-08	7.835232281649951e-06
8	The people most likely to be considered as candidates for euthanasia are those least likely to be able to speak for themselves (e.g. dementia, brain damage, neurodegenerative disorders).	Should euthanasia be legalized?	0	9	refutes	False	0.00033788601285777986	0.45399144291877747	0.00023959708050824702	0.23187613487243652	8.476613584207371e-05	0.13631296157836914	1.2644898106373148e-07	7.291951078514103e-06	3.752453991978655e-08	7.582429134345148e-06
9	Safeguards would likely be put in place.	Should euthanasia be legalized?	3	10	supports	"False.
The given question is ""Should euthanas"	7.092327723512426e-05	0.11228395253419876	0.0006676647462882102	0.8168095350265503	9.3760745585314e-06	0.02883690409362316	5.096161714845948e-08	5.9597955441859085e-06	5.695443672237843e-09	1.6810375882414519e-06
10	"Countries, like Canada, use checks like requiring people to be ""mentally competent"" and ""suffering intolerably""."	Should euthanasia be legalized?	0	11	supports	"False.
Okay, let me try to work through"	0.0002257552114315331	0.536535918712616	0.0001613399654161185	0.2740357220172882	3.4083939681295305e-05	0.09619558602571487	1.106213147750168e-07	7.785505658830516e-06	1.3578078217335587e-08	4.299564352550078e-06
11	The current medical standards in countries with legal euthanasia are too easily attainable.	Should euthanasia be legalized?	0	12	refutes	True	0.0005127619369886816	0.4698290526866913	0.0003870530053973198	0.3033444285392761	4.8068362957565114e-05	0.07205062359571457	3.18860742254401e-07	2.4937537091318518e-05	3.691080863177376e-08	7.908488441898953e-06
12	"States such as Oregon have ""Death with Dignity"" regulations that set the standards for a person to become eligible for euthanasia."	Should euthanasia be legalized?	0	13	insufficient-neutral	"False.
None.
Okay, let's see."	0.0003521761973388493	0.6075906157493591	0.00017030126764439046	0.24168285727500916	2.2338666894938797e-05	0.06110699474811554	1.4645681289948698e-07	1.292862907575909e-05	1.1606606342695613e-08	2.8847669000242604e-06
13	Quality of life is something too difficult to compute and can not be valued or 'measured' neither by experts since it involves feelings.	Should euthanasia be legalized?	1	14	refutes	"False.
The question is whether the argument about the"	0.00020841689547523856	0.22855688631534576	0.000451681757112965	0.35399582982063293	0.00012062244059052318	0.19549506902694702	2.4787402708170703e-07	1.821126716095023e-05	8.803764472986586e-08	2.2487911337520927e-05
14	This is our life, therefore we should be able to decide when to end it.	Should euthanasia be legalized?	1	15	supports	"True.
The question is whether the argument supports the"	0.00037140806671231985	0.7317827343940735	6.063070395612158e-05	0.10217976570129395	2.8417040084605105e-05	0.0659722164273262	7.295921022887342e-08	6.003252565278672e-06	1.1101586316897283e-08	3.0423004773183493e-06
15	The ability to choose when we die is an integral part of our human freedom.	Should euthanasia be legalized?	1	16	supports	True	0.000528199365362525	0.7554726600646973	0.00010400863538961858	0.12924613058567047	1.1222396096854936e-05	0.025055503472685814	2.275179440403008e-07	1.8502601960790344e-05	1.2247896030714855e-08	3.3173337214975618e-06
16	God gave life so only he can take it.	Should euthanasia be legalized?	4	17	refutes	"False.
The question is about whether euthanasia"	0.00017746193043421954	0.24794036149978638	0.0006340916734188795	0.6635228395462036	6.314310667221434e-06	0.012538617476820946	1.4280946913913795e-07	1.1889207598869689e-05	2.025468859301327e-08	7.324728358071297e-06
17	"Deuteronomy 32:29 states, ""It is I who bring both death and life."""	Should euthanasia be legalized?	4	18	refutes	True	0.0003091980761382729	0.5904673337936401	0.00021085477783344686	0.28330931067466736	2.0714978745672852e-05	0.05000706762075424	7.184779349245218e-08	4.694924882642226e-06	1.0554804141804652e-08	2.7816508918476757e-06
18	Certain deities (e. g. Moloch, Kukulkan) even fancy human sacrifice.	Should euthanasia be legalized?	0	19	not_applicable	"False.
None.
None.
None.
None."	0.00016614289779681712	0.20010513067245483	0.0005157698760740459	0.4370698034763336	0.00018534577975515276	0.2735113203525543	7.499927789922367e-08	3.189050403307192e-06	4.014422216869207e-08	8.143525519699324e-06
19	Euthanasia is a selfish act.	Should euthanasia be legalized?	1	20	refutes	"True.
True.
False.
None.
Okay,"	0.0005724832299165428	0.35216617584228516	0.001211946946568787	0.5204678773880005	3.35838740284089e-05	0.031256526708602905	1.7761419712769566e-07	9.850117749010678e-06	2.9336501228272027e-08	4.405244908411987e-06
20	Euthanasia is assisted suicide and suicide is a rejection of the value of the life of the patient and those of everyone who cares about them.	Should euthanasia be legalized?	7	21	refutes	True	0.0004802719922736287	0.2841237187385559	0.001090798294171691	0.5650475025177002	2.299530569871422e-05	0.022960716858506203	2.656309163739934e-07	1.5318175428546965e-05	4.743932535689055e-08	9.661052899900824e-06
21	Ethically, doctors should not do anything to a patient that will not benefit them.	Should euthanasia be legalized?	1	22	insufficient-neutral	False	0.00028906873194500804	0.356415331363678	0.0003951101389247924	0.47960928082466125	1.2310032616369426e-05	0.025418361648917198	1.5137078435145668e-07	1.138491825258825e-05	2.461426440447667e-08	6.851564648968633e-06
22	Euthanasia does not necessarily have to be performed by doctors or nurses, and as such the guiding morality doesn't necessarily spring from the hippocratic oath.	Should euthanasia be legalized?	6	23	insufficient-neutral	"None.
I think the question is not directly related"	0.0007359815062955022	0.47077828645706177	0.000494114647153765	0.2900380790233612	9.430342470295727e-05	0.101812943816185	2.978113684548589e-07	1.4126889254839625e-05	3.967952366679128e-08	5.98170117882546e-06
23	Legal euthanasia is better than alternatives for those seeking to end their lives.	Should euthanasia be legalized?	6	24	supports	True	0.0008299974724650383	0.7313684821128845	0.000169946753885597	0.14858652651309967	1.8625798475113697e-05	0.024256080389022827	3.6314526141723036e-07	2.6472598619875498e-05	2.223870509965309e-08	4.287902356736595e-06
24	Legalised euthanasia is safer than forcing people to seek the alternative option themselves.	Should euthanasia be legalized?	2	25	supports	"True.

The question is whether euthanasia should"	0.0007971221348270774	0.7361086010932922	0.0001606849255040288	0.1427011638879776	1.7610722352401353e-05	0.02441328950226307	4.443336365511641e-07	3.728190131369047e-05	1.7228684257020177e-08	4.487610567593947e-06
25	Badly implemented suicides can cause direct collateral damage.	Should euthanasia be legalized?	6	26	refutes	"False.
None.

I need to determine if the"	0.0003493957919999957	0.395321786403656	0.0005245052161626518	0.4341760277748108	3.653946259873919e-05	0.06763157993555069	1.3438103962926107e-07	9.834462616709061e-06	2.456838821274232e-08	5.3052945077070035e-06
26	Many who might look to end their lives through euthanasia might not end their lives where it is not legal.	Should euthanasia be legalized?	3	27		"True.

The question asks whether euthanasia should"	0.000854561454616487	0.5773555040359497	0.00025458913296461105	0.20586244761943817	3.527196531649679e-05	0.04739222675561905	4.800876922672614e-07	3.287708750576712e-05	3.3445132885390194e-08	5.6246067288157064e-06
27	In this study, of 56 attempted suicides, 55 were from falling and 1 gunshot wound, and many had significant injuries and an increased likeihood of further suicide attempts.	Should euthanasia be legalized?	0	28	insufficient-neutral	False	6.819881673436612e-05	0.1794096678495407	0.0003490585077088326	0.4653532803058624	0.00010237854439765215	0.2735670804977417	2.825074751910961e-08	2.2267699932854157e-06	1.6034034544532005e-08	4.325875579525018e-06
28	People may be more inclined to favor euthanasia and make less effort to preserve their lives to the end.	Should euthanasia be legalized?	5	29	refutes	"True.
Okay, let's break this down."	0.0006290003075264394	0.3692139983177185	0.0006049036746844649	0.36348986625671387	7.93460858403705e-05	0.0863364115357399	4.2624398588486656e-07	2.11895185202593e-05	6.188788859162742e-08	8.902384251996409e-06
29	Legalised euthanasia is less stigmatising than suicide or the non-legal alternatives.	Should euthanasia be legalized?	1	30	supports	True	0.0010752829257398844	0.6213899850845337	0.0003986770170740783	0.208139568567276	4.6876979467924684e-05	0.0409851148724556	5.630716941595892e-07	3.196732359356247e-05	3.892092337309805e-08	6.101070084696403e-06
30	"People should have the right to die with dignity when their dignity is violated by degrading living conditions; 
Therefore, euthanasia is not a violation of dignity of life, on the contrary it's the highest form of respect for it."	Should euthanasia be legalized?	1	31	supports	"True.
I think the question is not clearly formulated"	0.0005406927084550261	0.6932188868522644	0.00015858466213103384	0.17527318000793457	3.1227169529302046e-05	0.04943807050585747	1.5758757854200667e-07	9.30313217395451e-06	1.0978280506890314e-08	2.3338950541074155e-06
31	Life has no inherent value, so it cannot be devalued.	Should euthanasia be legalized?	1	32	supports	"True.
Wait, the user wants me to answer"	0.00044396257726475596	0.3646443784236908	0.0006822715513408184	0.5062585473060608	2.210359525633976e-05	0.03391720727086067	1.9730397582407022e-07	1.1557131983863655e-05	2.7765883814367953e-08	6.23460528004216e-06
32	The cost of palliative care is extremely high, thus many people who opt for euthanasia are more likely to be poor.	Should euthanasia be legalized?	3	33	refutes	True	0.00028718478279188275	0.3249335289001465	0.0005535631789825857	0.48022061586380005	5.108870391268283e-05	0.086098812520504	1.1440630487413728e-07	7.89615478424821e-06	2.351703187741805e-08	4.9800423767010216e-06
33	"In 2014, the Lithuanian health minister proposed that ""euthanasia might be needed for poor people who cannot access palliative care""."	Should euthanasia be legalized?	0	34	supports	True	0.00025177004863508046	0.5533957481384277	0.00013267349277157336	0.24556787312030792	2.5519775590510108e-05	0.07972422242164612	2.5913914214470424e-07	2.8692655178019777e-05	1.4449307528252575e-08	4.539836936601205e-06
34	It is immoral to let people die simply because they cannot afford pain-relieving therapies. Palliative care should be made more accessible instead of legalizing euthanasia.	Should euthanasia be legalized?	1	35	refutes	False	0.000299990875646472	0.4030746519565582	0.00044335779966786504	0.5095341205596924	1.3813233636028599e-05	0.023831229656934738	3.292788619546627e-08	2.2374001673597377e-06	9.507989062740307e-09	2.021322643486201e-06
35	"Humans have caused irreparable damage to the environment, and are causing constant harm, pain, and suffering to many other living organisms.
 All of this could be avoided if they didn't exist."	Would the world be a better place without humans?	2	36	supports	True	0.00043512220145203173	0.7506928443908691	0.00014804286183789372	0.16234871745109558	2.3241496819537133e-05	0.030031491070985794	1.1477784944702307e-08	6.490888608823298e-07	3.814657478784511e-09	5.508745744009502e-07
36	Without humans, animals and plants would be able to live and grow without the risks associated with human generated waste and anthropogenic climate change.	Would the world be a better place without humans?	2	37	supports	True	0.000248254305915907	0.5946353673934937	0.00016154216427821666	0.2638678550720215	1.9143315512337722e-05	0.047308895736932755	3.338632836857869e-08	3.1250606298272032e-06	1.1052732951100097e-08	2.530751089580008e-06
37	Global warming would continue to exist; it exists regardless of the impact of humans.	Would the world be a better place without humans?	3	38	refutes	True	0.00015483947936445475	0.36229047179222107	0.0002870270691346377	0.5029904842376709	1.5694755347794853e-05	0.04678540676832199	2.444041236060457e-08	2.2787774014432216e-06	1.4255967073495412e-08	3.394228542674682e-06
38	The impact of human activity has greatly exacerbated climate change (p. 1).	Would the world be a better place without humans?	4	39	supports	True	0.0002629229857120663	0.6347101330757141	0.00014980901323724538	0.2193499654531479	1.7477663277531974e-05	0.04597824811935425	2.2213722417063764e-08	1.4918041415512562e-06	6.854661283028918e-09	1.4918041415512562e-06
39	"Without humans, a variety of species, habitats, and environments would have been changed by circumstances other than human influence and intervention. 
There is no guarantee that those natural changes would have been necessarily better than the changes caused by humans."	Would the world be a better place without humans?	3	40	refutes	True	9.337504889117554e-05	0.32797303795814514	0.0001730899966787547	0.4081690311431885	5.2378654800122604e-05	0.1573631763458252	9.44193256913195e-09	8.73496787789918e-07	7.889029873808795e-09	2.283448338857852e-06
40	The Earth would be able to heal and become a better place because the root cause for ecocide would simply not exist.	Would the world be a better place without humans?	2	41	supports	"True.
The given question is whether the world would"	0.0004779619339387864	0.6836190819740295	0.00022401625756174326	0.20207741856575012	3.9851343899499625e-05	0.05789615213871002	1.771056723498532e-08	1.078726427294896e-06	6.566453603085165e-09	9.898950565911946e-07
41	The universe would be better without humans because humans are naturally selfish.	Would the world be a better place without humans?	1	42	supports	"True.

Wait, I'm not sure. Let"	0.00035585308796726167	0.66902756690979	0.00013297259283717722	0.17452627420425415	1.8137026927433908e-05	0.04412715137004852	6.389705475839946e-08	4.805833668797277e-06	1.9110579785319715e-08	3.5994032714370405e-06
42	Humans are the only ones that set aside stocks of resources for medium term use. This causes continued extraction/exploitation of the Earth in excess of current needs.	Would the world be a better place without humans?	3	43	supports	True	0.00033005065051838756	0.5433430671691895	0.00034589014830999076	0.35080865025520325	2.5851566533674486e-05	0.04322810471057892	1.552043826791305e-08	9.198301427204569e-07	8.604746248863648e-09	1.3383448731474346e-06
43	"While humans and animals must consume to survive, human beings are immoral because they are intelligent enough to survive without killing yet continue
to harm other species."	Would the world be a better place without humans?	1	44	supports	True	0.0003084357886109501	0.5533251762390137	0.0002617660502437502	0.32528308033943176	3.626629040809348e-05	0.05741587653756142	2.2552171685674693e-08	1.1657779168672278e-06	7.763437004371099e-09	1.1657779168672278e-06
44	The universe probably isn't anthropocentric.	Would the world be a better place without humans?	1	45	insufficient-neutral	False	0.00029302615439519286	0.3238625228404999	0.0006552058621309698	0.5095072984695435	7.293998351087794e-05	0.09573358297348022	2.2986158754179087e-08	1.133799514718703e-06	1.6109730438529368e-08	1.8118066691386048e-06
45	"""Better"" is a value claim. The post-human universe may not make the same value judgement given that humans are an outcome of the evolving universe."	Would the world be a better place without humans?	1	46	insufficient-neutral	True	0.0002605640620458871	0.46744462847709656	0.0002817368949763477	0.3815172016620636	4.354461998445913e-05	0.07396047562360764	2.2713232183946275e-08	1.5134793329707463e-06	1.8977615923176927e-08	2.495305579941487e-06
46	Selfishness has been associated with evolutionary advantages for many species, making the universe partially responsible for the selfishness of organisms that develop within it.	Would the world be a better place without humans?	3	47	insufficient-neutral	True	0.00015797052765265107	0.3638860881328583	0.00036159815499559045	0.5131615996360779	2.3480224626837298e-05	0.053248293697834015	1.8171444793324554e-08	1.7825298073148588e-06	9.208839912844269e-09	1.6615005051789922e-06
47	The link between evolutionary selection and selfishness has been overturned due to recent findings that evolutionary pressures to cooperate and act selflessly are stronger.	Would the world be a better place without humans?	4	48	refutes	"False.
The given question is not logically connected to"	7.895580347394571e-05	0.20448772609233856	0.0004403801285661757	0.7026669383049011	1.9807799617410637e-05	0.04933496564626694	7.798935719449673e-09	7.386088896055298e-07	4.78605333142923e-09	9.410122174813296e-07
48	"Nature causes irreparable damage to itself as well as constant harm, pain, and suffering to other living organisms without any help from humans.
 None of this can be avoided without humans."	Would the world be a better place without humans?	3	49	refutes	True	0.0004114656476303935	0.779650092124939	0.00010242190182907507	0.13548287749290466	1.140199037763523e-05	0.01618112064898014	9.80555903140612e-09	6.741268521182064e-07	3.2209239719804827e-09	6.332835482680821e-07
49	Whenever human populations expand they take more land away from wild habitats which heavily restricts the freedom of all living organisms in that habitat often leading to many deaths as well.	Would the world be a better place without humans?	0	50	supports	False	0.00019703352882061154	0.5782427191734314	0.0001880107301985845	0.3243647515773773	1.3942426448920742e-05	0.03696581721305847	7.503338395054016e-09	7.331711913138861e-07	4.376658147009493e-09	1.0920552995230537e-06
50	Domesticated animals have no natural freedoms, they are almost entirely stripped away for the purpose of production for humans	Would the world be a better place without humans?	0	51	supports	True	0.00019501698261592537	0.5050747394561768	0.00021586412913165987	0.3581516444683075	2.3110202164389193e-05	0.06943085789680481	1.3085005967639063e-08	1.4097313396632671e-06	5.9907523386470984e-09	1.1964234545303043e-06
51	Humans also provide a habitat for billions of living organisms that reside in our bodies. Many of these creatures would go extinct without humans.	Would the world be a better place without humans?	2	52	refutes	"False.
True"	0.00021334148186724633	0.4010961949825287	0.0003409187193028629	0.4763135313987732	1.5454405001946725e-05	0.03615992143750191	2.090901851659055e-08	1.6545334347028984e-06	1.2583269537458364e-08	2.426213086437201e-06
52	Not all animals suffer or feel pain, and thus cannot feel the effects of a loss of autonomy.	Would the world be a better place without humans?	3	53	insufficient-neutral	"False.
True"	0.00028608215507119894	0.40917739272117615	0.0004328284994699061	0.4709602892398834	2.5791088773985393e-05	0.045908428728580475	3.140122473155316e-08	2.035958232227131e-06	1.460292420318865e-08	1.9887952475983184e-06
53	"Suffering should be put in the context of the complexity of the nervous system. Animals tend to have less complex nervous systems than human beings,
 which implies that they have a reduced capacity for suffering."	Would the world be a better place without humans?	3	54	insufficient-neutral	False	9.592444257577881e-05	0.24267984926700592	0.00038838546606712043	0.659672200679779	2.5817713321885094e-05	0.054149191826581955	9.699722802736233e-09	6.363133024933632e-07	5.1314006377367605e-09	9.114767749451858e-07
54	Scientists studying other creatures are constantly discovering how much more complex other life forms are than previously assumed.	Would the world be a better place without humans?	4	55	insufficient-neutral	"False.
The given question is ""Would the world"	0.00012060760491294786	0.27782031893730164	0.0004016846651211381	0.5612124800682068	3.2715692213969305e-05	0.08606472611427307	1.214809852712051e-08	1.068205278897949e-06	7.225680498379461e-09	1.2885013802588219e-06
55	Many cephalopods, decapods, and other invertebrates feel pain, debunking the previous understanding of their nature.	Would the world be a better place without humans?	0	56	insufficient-neutral	False	6.195213791215792e-05	0.14495442807674408	0.0005310199921950698	0.6915388703346252	5.299047552398406e-05	0.11466837674379349	8.266757944852543e-09	6.515994073197362e-07	5.703891581276821e-09	1.0997822528224788e-06
56	All of humanity need not necessarily contribute to a cataclysmic event. It only takes a handful of individuals to use nuclear weapons for most life to be destroyed on the planet.	Would the world be a better place without humans?	3	57	supports	"False.

The question is whether the world would be"	0.00010212543566012755	0.33697509765625	0.00026697080465964973	0.5138256549835205	3.0424989745370112e-05	0.0980653464794159	4.389737906507207e-09	4.879471475760511e-07	3.3395366472177557e-09	8.563739015698957e-07
57	Value judgements are only relevant for human beings who assign value, meaning that the Earth cannot be better or worse without human beings to make value judgments about it.	Would the world be a better place without humans?	1	58	refutes	False	0.0001669673074502498	0.429063618183136	0.00027101466548629105	0.429063618183136	3.1128085538512096e-05	0.08448763936758041	1.0943446149269676e-08	8.96941571681964e-07	7.289906900354026e-09	1.70209614225314e-06
58	If the world would be better or worse is subjective as those things aren't intrinsic qualities of something.	Would the world be a better place without humans?	1	59	insufficient-neutral	True	0.0003047481586690992	0.3188929557800293	0.0007310528308153152	0.5509976148605347	3.555384319042787e-05	0.04383709654211998	3.254780267525348e-08	1.4112639519225922e-06	3.5055361280456054e-08	3.4657298328966135e-06
59	There are general or pragmatic standards for Earthly wellness, like the stability of weather patterns or the preservation of species, that could be adopted without falling into naive subjectivism.	Would the world be a better place without humans?	1	60	insufficient-neutral	"False.
The question is whether the world would be"	9.278479410568252e-05	0.3664189875125885	0.00020425011462066323	0.5248709917068481	1.2754800991388038e-05	0.048820611089468	6.1530278649968295e-09	7.084206572471885e-07	3.179703833566805e-09	7.482413479920069e-07
60	If the species making such a judgement does not exist and therefore cannot ascertain a value, it is impossible for the Earth to be better off.	Would the world be a better place without humans?	3	61	refutes	False	0.0002768316480796784	0.30596381425857544	0.0006093982956372201	0.5716156363487244	3.306282451376319e-05	0.047659970819950104	3.511079427198638e-08	2.048606120297336e-06	2.0005527900934794e-08	2.3764246179780457e-06
61	The point of judging our existence on Earth is for humans to decide whether or not our presence is better than our absence. The question is an internal reflection, not outwardly asking the Earth itself.	Would the world be a better place without humans?	1	62	insufficient-neutral	"False.
The given question is a philosophical and ethical"	0.0002734913141466677	0.4718398153781891	0.0003099062596447766	0.4296150505542755	2.14214942388935e-05	0.033650051802396774	1.0703679720336368e-08	5.447217290566186e-07	1.61310165225359e-08	1.8864698176912498e-06
62	Removing humans from the picture would most likely benefit the remaining conscious beings on the planet.	Would the world be a better place without humans?	2	63	supports	"True.
True. The argument suggests that removing humans"	0.0003996209998149425	0.6630324125289917	0.0001640041300561279	0.17296235263347626	4.146674109506421e-05	0.0677330270409584	3.3895151574370175e-08	2.376233396716998e-06	1.3588303815481595e-08	2.4136536467267433e-06
63	All human suffering would be eliminated without humans. In this manner, the world would in fact be better, even if only in the eyes of the humans who lived prior to their extinction.	Would the world be a better place without humans?	2	64	supports	"True.
Okay, let's tackle this question."	0.0003951671824324876	0.7847017049789429	5.023986886953935e-05	0.07298862934112549	2.3181892174761742e-05	0.04426984116435051	2.0329320449263832e-08	1.381346805828798e-06	8.607975665597678e-09	1.5530898735960363e-06
64	Humans are the most advanced species that has ever been on Earth, and humanity is still evolving. Removing humanity from existence would eliminate this progress.	Would the world be a better place without humans?	5	65	refutes	False	0.00018255454779136926	0.35135379433631897	0.0004244520387146622	0.5274445414543152	2.0642695744754747e-05	0.04067215695977211	2.562864054311831e-08	1.8178853906647419e-06	1.548395367478861e-08	2.665752845132374e-06
65	Humans might be the most advanced species in the entire universe. If humanity did not exist, the universe could lose the species with the most advanced consciousness.	Would the world be a better place without humans?	3	66	refutes	True	0.00015444215387105942	0.29036152362823486	0.00045749093987978995	0.568500280380249	3.697093416121788e-05	0.07574533671140671	1.3998932679726295e-08	1.0653006938809995e-06	1.0859875665403251e-08	1.599205688762595e-06
66	In near future, humanity could develop a reliable technological ability to protect the planet and life from extinction events.	Would the world be a better place without humans?	2	67	refutes	"False.

True"	0.00015855631500016898	0.43035244941711426	0.0002655318530742079	0.4510055184364319	1.5946428902680054e-05	0.05060141906142235	9.87761783477481e-09	1.0600301720842253e-06	5.307800865494983e-09	1.2296565046199248e-06
67	Humans have created a unique set of values, cultures, and traditions in a way that only they could. To say the world would be a better place without humans is to fail to take into account the complex and rich culture of every human society.	Would the world be a better place without humans?	0	68	refutes	"False.
True"	0.00021474235109053552	0.3882632553577423	0.0004406227089930326	0.4683349132537842	1.3202106856624596e-05	0.022955525666475296	1.893963386123687e-08	1.2376184486129205e-06	1.242091496322928e-08	2.3121756385080516e-06
68	These technological advancements have no inherent value to the universe and are only of limited value to humans.	Would the world be a better place without humans?	1	69	insufficient-supports	"True.
True. The argument suggests that technological advancements"	0.0003147669485770166	0.37032827734947205	0.0005834857583977282	0.5222465395927429	2.076113196380902e-05	0.03444589301943779	2.170530244427482e-08	1.5516711755481083e-06	1.5694931576604176e-08	2.329334392925375e-06
69	Just because humans are the most advanced species, doesn't mean we make the Earth better. We are too smart for our own good- we create factories and cars and such that just destroy our atmosphere.	Would the world be a better place without humans?	0	70	supports	True	0.00033360629458911717	0.7744911909103394	8.839687507133931e-05	0.1388586163520813	1.4657637620985042e-05	0.03147146478295326	8.765660197695979e-09	6.145202178231557e-07	4.140604747959742e-09	6.644548307122022e-07
70	Removing humans means giving chance for new intelligent life to develop.	Would the world be a better place without humans?	2	71	supports	True	0.0003354094224050641	0.4988393485546112	0.0002868908632081002	0.28423011302948	6.351584306685254e-05	0.11130610853433609	6.537490548907954e-08	4.747125785797834e-06	2.6106118156121738e-08	4.601072305376874e-06
71	"In the cosmic perspective of life, there is no absolute sense of ""good"" and ""bad"".That's a human-created concept that wouldn't matter if humans were eradicated. Therefore, it makes humanity's existence irrelevant."	Would the world be a better place without humans?	1	72	insufficient-neutral	True	0.0003526305954437703	0.3748086988925934	0.0006691752932965755	0.4116468131542206	0.00015894304669927806	0.14450162649154663	2.1796950022689998e-08	8.083953844106873e-07	1.4239058820919581e-08	1.2135451470385306e-06
72	Retrocausality is possible in some interpretations of quantum physics.	Free Will or Determinism: Do we have free will?	0	73	insufficient-neutral	"False.
The question is about whether we have free"	9.526142093818635e-05	0.4645443856716156	7.594902126584202e-05	0.3617875277996063	2.1930423827143386e-05	0.11745521426200867	1.3852180735796082e-08	1.074923943633621e-06	6.7246936907849886e-09	2.9679601993848337e-06
73	"Retrocausation provides a viable alternative to the problematic superdeterminism vs. 
action-at-a-distance debate by preserving local causation (link)."	Free Will or Determinism: Do we have free will?	4	74	insufficient-neutral	True	8.059792162384838e-05	0.3495747745037079	0.00011726927186828107	0.46311134099960327	2.96503167191986e-05	0.12464472651481628	1.6271506808607228e-08	1.0800126801768783e-06	9.343940732264855e-09	3.1496308565692743e-06
74	"The laws of physics, as we know them, are either deterministic or fundamentally random. In both cases,
 they are out of our control."	Free Will or Determinism: Do we have free will?	3	75	refutes	False	0.00026921904645860195	0.34247806668281555	0.00041051002335734665	0.5141204595565796	3.9395454223267734e-05	0.063352070748806	3.0369442072242236e-08	1.286307110603957e-06	1.7169325516874778e-08	2.7019207209377782e-06
75	"The laws of physics are probabilistic, meaning that events and motivations merely change the distribution of possible 
outcomes and choices, but don't necessarily determine them."	Free Will or Determinism: Do we have free will?	3	76	supports	True	0.000307157461065799	0.5729825496673584	0.00013314290845301002	0.26646164059638977	3.726242721313611e-05	0.08000629395246506	2.7950310510505005e-08	1.411351831848151e-06	1.3463194115104216e-08	2.873370021916344e-06
76	"The Earth orbiting around the Sun was not compatible with our understanding of the mechanisms that govern the
 universe less than 500 years ago, yet is now accepted as fact."	Free Will or Determinism: Do we have free will?	0	77	insufficient-neutral	True	7.251795614138246e-05	0.2095220386981964	0.0003199642233084887	0.6255172491073608	4.330244701122865e-05	0.12708154320716858	1.5342886072744477e-08	8.84780376964045e-07	5.0793493855394445e-09	1.5650171008019242e-06
77	"If entropy leads to universal randomness and randomness is the lack of all deterministic forces, then at least one part 
of a wholly deterministic universe is false, meaning there most be something else influencing the universe outside 
of determinism."	Free Will or Determinism: Do we have free will?	3	78	supports	True	0.00027849822072312236	0.3433821499347687	0.00040205917321145535	0.5154776573181152	4.204694414511323e-05	0.06253453344106674	7.247638222906971e-08	2.625704610181856e-06	1.9279493557178284e-08	2.9063899091852363e-06
78	"The inexistence of free will cannot be scientifically proven as it would be impossible to put two distinct human 
beings in exactly the same conditions twice and observe their decisions."	Free Will or Determinism: Do we have free will?	3	79	insufficient-supports	True	0.00020547889289446175	0.263443261384964	0.0003495313576422632	0.4623573124408722	9.706135460874066e-05	0.16745471954345703	9.495575170603843e-08	3.0240387332014507e-06	5.122478796693031e-08	8.22018955659587e-06
79	"Determinism based on physical causation inherits the philosophical doubt about causality expressed most famously 
by Hume: we can't in the end tell the difference between ""A causes B"" and ""A happens then B happens""."	Free Will or Determinism: Do we have free will?	4	80	supports	"False.
Wait, the user is asking whether the"	0.00016505034000147134	0.2305995672941208	0.0005245288484729826	0.5981297492980957	5.748723924625665e-05	0.09172616899013519	2.6359224136740522e-08	1.0365915841248352e-06	1.356856493828218e-08	2.264124077555607e-06
80	"By Occam's Razor, the simplest explanation for the lack of empirical evidence for the existence of free will
 is that free will does not exist."	Free Will or Determinism: Do we have free will?	4	81	refutes	False	0.00012587355740834028	0.15279316902160645	0.000568550662137568	0.6637032628059387	2.875223071896471e-05	0.04587683081626892	1.4453215158027888e-07	6.8292538344394416e-06	3.7264204166831405e-08	6.882816705910955e-06
81	Free will and determinism are not mutually exclusive because freedom and weak forms of determinism are compatible.	Free Will or Determinism: Do we have free will?	3	82	supports	False	0.0003255137416999787	0.37999168038368225	0.00035196426324546337	0.39822787046432495	3.17305421049241e-05	0.05648072436451912	1.4466343145613791e-07	6.05587956670206e-06	4.90273670550323e-08	7.836891199985985e-06
82	"Compatiblism is a widely held position within the academic community, which suggests that it is plausible in many
 different forms."	Free Will or Determinism: Do we have free will?	4	83	insufficient-supports	"True.
The question is about whether we have free"	0.00019067000539507717	0.3066176176071167	0.00022466416703537107	0.3937048316001892	2.5804380129557103e-05	0.06949303299188614	2.1386195214745385e-07	1.2000151400570758e-05	2.6352964255238476e-08	1.2774095011991449e-05
83	The consensus among academics lends reasonable credibility to the accuracy of a position relative to the general public.	Free Will or Determinism: Do we have free will?	4	84	insufficient-neutral	"False.
None.

The question is about whether the"	8.230214734794572e-05	0.15233460068702698	0.00012258868082426488	0.28908026218414307	4.106205960852094e-05	0.15233460068702698	3.33732543822407e-07	2.8221515094628558e-05	5.555486737307547e-08	1.9548471755115315e-05
84	"Debating necessarily involves the implicit assumption that it's possible in principle to change the minds of others 
involved. This is only possible if the participants are free in some sense."	Free Will or Determinism: Do we have free will?	0	85	supports	False	0.00020931173639837652	0.5636913776397705	0.00013726999168284237	0.3527490794658661	1.3591568858828396e-05	0.04484700784087181	1.6291483717623123e-08	9.84569965112314e-07	6.183549228211405e-09	1.5610945638400153e-06
85	Computer programs can and have participated in a debate, yet lack free will.	Free Will or Determinism: Do we have free will?	0	86	refutes	False	0.0001248914486495778	0.2991483211517334	0.0002949541376437992	0.5857040286064148	2.1035151803516783e-05	0.0636923611164093	2.0902895414565137e-08	1.442686993868847e-06	9.167539616328213e-09	1.8963763750434737e-06
86	"Free will could be like gravity, which is a set of assumptions that are only supported by our observations of 
how they impact other things."	Free Will or Determinism: Do we have free will?	7	87	insufficient-neutral	True	0.00017911785107571632	0.28136807680130005	0.0003046897181775421	0.4290350675582886	9.587487147655338e-05	0.16801254451274872	1.1269730038065973e-07	4.245486707077362e-06	2.4182833513464175e-08	3.805629603448324e-06
87	"Current science falls short of explaining consciousness and personhood. Thus restricting the conversation to purely
 scientific description of the topic would leave the discussion incomplete."	Free Will or Determinism: Do we have free will?	0	88	insufficient-neutral	False	0.0001600340910954401	0.1853635460138321	0.00025374357937835157	0.3104255199432373	0.0001189272225019522	0.23801150918006897	2.511651757686195e-07	9.461791705689393e-06	5.285313520175805e-08	1.0391745490778703e-05
88	"Unknowns and incompleteness are not problematic for the scientific process.
 Despite not fully understanding what the force of gravity is, scientific studies and models remain useful."	Free Will or Determinism: Do we have free will?	0	89	insufficient-neutral	True	5.916070585954003e-05	0.13842307031154633	0.00036240325425751507	0.6400617957115173	5.916070585954003e-05	0.1722702980041504	1.9386469318760646e-08	8.843808245728724e-07	7.159796311384525e-09	1.6014068933145609e-06
89	Life can't be given back. So the death penalty carries the risk of ruining innocent people lives.	Should the death penalty be abolished?	2	90	supports	True	0.0006840215646661818	0.7270419001579285	0.00016632220649626106	0.15479615330696106	2.0177172700641677e-05	0.03194399178028107	2.3490524370117782e-07	1.4994400771684013e-05	1.4784172108761595e-08	4.432336481841048e-06
90	Research has estimated that many death row inmates were wrongly convicted and could have been exonerated.	Should the death penalty be abolished?	4	91	supports	True	0.0003386455646250397	0.8239202499389648	3.2498825021320954e-05	0.06157917156815529	1.046871784637915e-05	0.032960955053567886	8.087183545057997e-08	6.81212441122625e-06	7.066501606090014e-09	2.525695663280203e-06
91	The death penalty negatively affects both the families of the victims as well as the defendant(s).	Should the death penalty be abolished?	2	92	supports	True	0.00039198595914058387	0.8416343927383423	4.229477053740993e-05	0.06696001440286636	4.635416189557873e-06	0.012779543176293373	1.742047288644244e-07	1.49633069668198e-05	5.118633517042781e-09	2.5006193027365953e-06
92	The death penalty does not sufficiently punish criminals as they will not experience the long-term struggles of imprisonment.	Should the death penalty be abolished?	2	93		True	0.0004432437417563051	0.6748493909835815	0.00020774414588231593	0.2156948298215866	1.5285922927432694e-05	0.031073786318302155	1.2969121598871425e-07	8.916200386011042e-06	1.518981385117968e-08	5.160300588613609e-06
93	It is more humane to kill people than to restrain their liberty for life.	Should the death penalty be abolished?	6	94	refutes	True	0.0007288482738658786	0.7164692282676697	0.0002518832334317267	0.17285624146461487	1.1507834642543457e-05	0.014639309607446194	1.9800323514118645e-07	1.1507834642543457e-05	1.6316706208385767e-08	4.200550392852165e-06
94	Restraining liberty is done to protect the well-being of others. Once someone is restrained, the decision to live or die should be theirs alone.	Should the death penalty be abolished?	1	95	supports	"False.
The argument seems to be that restraining liberty"	0.00035994360223412514	0.483628511428833	0.00038616309757344425	0.3594021797180176	4.470162821235135e-05	0.0685931071639061	1.0655940485548854e-07	6.4903883867373224e-06	2.7153749471153787e-08	6.644303084613057e-06
95	Killing someone is irreversible, whereas someone in prison can always commit suicide.	Should the death penalty be abolished?	5	96	supports	True	0.000929536297917366	0.8063803911209106	0.00012482008605729789	0.08367419242858887	1.4114263649389613e-05	0.017539063468575478	1.936163585014583e-07	9.041936209541745e-06	1.3383245622833329e-08	2.5108549834840233e-06
96	"This manner of justice motivates and perpetuates violence and brutality. Death penalty often sends the wrong message ‘we kill people to
 show that killing is wrong’. If we are to advance as a society, then we have to move from the ‘an eye for an eye’ revenge mentality."	Should the death penalty be abolished?	1	97	supports	True	0.0007037355680949986	0.8344495892524719	9.903418686008081e-05	0.07761590927839279	1.404603426635731e-05	0.016525378450751305	1.7820023856529588e-07	7.518300662923139e-06	9.047053772803793e-09	2.0393936210894026e-06
97	Death penalty is not applied fairly in all countries.	Should the death penalty be abolished?	2	98	supports	"True.
None.
The question is whether the death"	0.00041099978261627257	0.5609251260757446	0.00030782463727518916	0.2864924967288971	3.321387339383364e-05	0.06493179500102997	7.855884831542426e-08	5.862597390660085e-06	1.2429814510994674e-08	3.997944077127613e-06
98	The death penalty is often used in a disproportional manner against the poor, minorities and members of racial, ethnic, political and religious groups.	Should the death penalty be abolished?	4	99	supports	True	0.0006526861689053476	0.7861055731773376	9.77740201051347e-05	0.08958753198385239	1.5470097423531115e-05	0.026899052783846855	2.2414411660065525e-07	1.1954363799304701e-05	1.2894751932890358e-08	4.035615802422399e-06
99	No person has the moral authority to determine that another person deserves to die.	Should the death penalty be abolished?	1	100	supports	"True.
True. The argument suggests that no one"	0.0008480434771627188	0.7590378522872925	0.0001750036608427763	0.11640223115682602	1.69263148563914e-05	0.020227672532200813	2.5902826905621623e-07	1.2191566383989993e-05	1.715163477911119e-08	3.6038200050825253e-06
100	Some crimes deserve the death penalty.	Should the death penalty be abolished?	1	101	refutes	"True.

The question is whether the death penalty should"	0.00021950597874820232	0.49779415130615234	0.00026066976715810597	0.4126858413219452	8.121415703499224e-06	0.022921185940504074	5.201220787398597e-08	4.08370397053659e-06	6.638491090171783e-09	3.1067183954291977e-06
101	"This Capital punishment does not address the root cause of the crime. Our focus should be on preventing crime rather than killing criminals 
and supporting violence."	Should the death penalty be abolished?	6	102	supports	True	0.0012179618934169412	0.7610346674919128	0.00018678049673326313	0.10461677610874176	3.245758489356376e-05	0.027720686048269272	9.725066547616734e-07	2.6908284780802205e-05	3.089697031555261e-08	5.864966169610852e-06
102	There are many examples of killing that are generally accepted as moral acts. Killing in battle is viewed as heroic.	Should the death penalty be abolished?	0	103	refutes	"False.

I think the answer is False because the"	0.0006490087835118175	0.5126360058784485	0.0004976123454980552	0.3468668758869171	3.9589791413163766e-05	0.046215541660785675	1.2260684911780118e-07	4.5828510337742046e-06	2.0093352759431582e-08	4.076072400494013e-06
103	The death penalty goes against our most basic human right, the right to life.	Should the death penalty be abolished?	1	104	supports	True	0.0006146432715468109	0.8654821515083313	4.02246332669165e-05	0.043089818209409714	5.840357516717631e-06	0.010559613816440105	1.5933116515043366e-07	1.1345878192514647e-05	7.748872654644856e-09	2.8911867957504e-06
104	Since murder is justified in self defense, the right to life is not particularly sacred.	Should the death penalty be abolished?	7	105	refutes	"True.
True. The argument suggests that if murder"	0.00033478144905529916	0.5218004584312439	0.00030009617330506444	0.33167654275894165	3.11395269818604e-05	0.05330527201294899	3.806145443263631e-08	2.238185743408394e-06	1.1076514816465988e-08	2.439036279611173e-06
105	It is cheaper for the society to execute people.	Should the death penalty be abolished?	2	106	refutes	True	0.00035157272941432893	0.5698005557060242	0.00028694531647488475	0.32466259598731995	7.767253919155337e-06	0.017477449029684067	1.929361843622246e-07	1.4398214261746034e-05	1.414099770613575e-08	6.096587640058715e-06
106	It is immoral to value saving resources at the cost of the life of a human being.	Should the death penalty be abolished?	1	107	supports	"True.
The given argument is that it is immoral"	0.0004883618676103652	0.7552520036697388	9.176048479275778e-05	0.11402599513530731	1.9690163753693923e-05	0.03587987273931503	9.225839647797329e-08	6.005161139910342e-06	1.448379993718163e-08	3.877223207382485e-06
107	With due process, it is objectively more expensive to seek the death penalty rather than life imprisonment.	Should the death penalty be abolished?	2	108	supports	True	0.0006624897359870374	0.7041558623313904	0.0001741762098390609	0.1499234437942505	2.0479870727285743e-05	0.03397923707962036	1.6070036679138866e-07	8.808282473182771e-06	1.6740363761869048e-08	4.0013428588281386e-06
108	If the death penalty was in regular use, improvements would be made and the cost would be lowered over time.	Should the death penalty be abolished?	6	109	refutes	"False.
The argument suggests that if the death penalty"	0.00020896093337796628	0.24971729516983032	0.0007069056737236679	0.5369765758514404	4.245298623573035e-05	0.07615947723388672	7.12024714744075e-08	5.439623237180058e-06	2.910751106810494e-08	8.039241947699338e-06
109	The death sentence provides an effective deterrent in terms of stopping other people from committing the same crime.	Should the death penalty be abolished?	2	110	refutes	"True.

True. The argument suggests that the death"	0.0004218234680593014	0.5756970643997192	0.0002967898908536881	0.3130010664463043	6.660199233010644e-06	0.01291909720748663	1.3822803168750397e-07	1.0396423931524623e-05	9.592062255592282e-09	4.686035481427098e-06
110	Among the 25 states in the US with the highest murder rate, 20 have the death penalty.	Should the death penalty be abolished?	0	111		True	0.000308841816149652	0.6735578775405884	0.00011361655197106302	0.1870402693748474	1.0404144632047974e-05	0.03683041036128998	2.1258342997043655e-07	1.7423662939108908e-05	1.1578827674441072e-08	5.313916517479811e-06
111	In a study, 88.2% of criminology experts interviewed do not think that the death penalty deters murder.	Should the death penalty be abolished?	4	112	supports	True	0.0004221899143885821	0.6478359699249268	0.000149364976095967	0.15387453138828278	3.8061578379711136e-05	0.07499245554208755	1.8909945254108607e-07	1.3465661140799057e-05	1.1093235663395262e-08	4.440503744262969e-06
112	Giving a killer the death sentence will ensure that they do not do it again and hence saves innocent lives.	Should the death penalty be abolished?	2	113	refutes	True	0.000383680104278028	0.49191397428512573	0.00038972217589616776	0.39526399970054626	1.1055567483708728e-05	0.021613191813230515	1.1358647356018992e-07	8.745673767407425e-06	1.1740367789059292e-08	4.90587854073965e-06
113	Punishing people for crimes they might commit in the future is unethical.	Should the death penalty be abolished?	1	114	supports	"True.
True.
The argument that punishing people for"	0.0005985490861348808	0.7437859177589417	0.0001623608113732189	0.1464601308107376	1.3223671885498334e-05	0.025851747021079063	1.3692745426396868e-07	8.020561836019624e-06	9.918991850099701e-09	2.4653184027556563e-06
114	Long/life sentences already serve as a deterrent to crime.	Should the death penalty be abolished?	6	115	supports	"True.

True."	0.00043590395944193006	0.7064777612686157	0.00018602097406983376	0.2121230959892273	8.768554835114628e-06	0.018535109236836433	7.468671725519016e-08	4.9187133299710695e-06	6.5260530313082654e-09	1.9718743260455085e-06
115	Properly restraining a criminal ensures others will be safe, killing them is unnecessary and hypocritical.	Should the death penalty be abolished?	6	116	supports	"True.

True. The argument suggests that killing criminals"	0.0005158832645975053	0.761279284954071	0.00013563169341068715	0.14082251489162445	1.2914884791825898e-05	0.02193591557443142	8.839017340278588e-08	6.343578661471838e-06	9.687373569988722e-09	2.927080686276895e-06
116	Despite a wide variety of attempted measures, COVID-19 has continued to spread at a dangerous rate - vaccines are the best remaining option to protect and improve our lives.	Should Covid-19 vaccines be mandatory?	2	117	supports	True	0.0002218603331129998	0.6823500394821167	0.00010157506039831787	0.21471095085144043	1.0057293366116937e-05	0.040342994034290314	3.2897514046226206e-08	3.817317974608159e-06	9.425295210974127e-09	2.5034582904481795e-06
117	Vaccines have eradicated diseases in the past, like rinderpest and smallpox (p. 4).	Should Covid-19 vaccines be mandatory?	0	118	insufficient-supports	False	0.00023034015612211078	0.6203224062919617	0.00012425918248482049	0.22466589510440826	2.446808503009379e-05	0.08264996111392975	9.467380834848882e-08	6.689202109555481e-06	1.6196779029087338e-08	3.6653805182140786e-06
118	During the SARS outbreak, strong public health measures were able to sufficiently stop the spread of the virus without requiring vaccination.	Should Covid-19 vaccines be mandatory?	6	119	refutes	"False.
None.

The question is whether the argument"	0.00012317948858253658	0.5178249478340149	0.00013849441893398762	0.3908747732639313	9.648163540987298e-06	0.04184667021036148	2.01387901910266e-08	2.919624421338085e-06	4.896816285793193e-09	1.6897490695555462e-06
119	There has not been perfect enforcement of other measures. New Zealand's example proves that incidences of COVID-19 spread can be virtually eliminated without a vaccine.	Should Covid-19 vaccines be mandatory?	0	120	refutes	True	0.00014379042841028422	0.40900468826293945	0.0002583446039352566	0.48570510745048523	9.264310392609332e-06	0.033573150634765625	4.1420189944574304e-08	4.5504762056225445e-06	1.0310301057359084e-08	2.8699496397166513e-06
120	Vaccines are the least harmful way to mitigate the spread of COVID-19.	Should Covid-19 vaccines be mandatory?	2	121	supports	False	0.00030477382824756205	0.6342477798461914	0.00017638957069721073	0.27278658747673035	9.720698471937794e-06	0.030131306499242783	9.418811686146e-08	9.720698471937794e-06	1.2163249074603755e-08	3.359383526913007e-06
121	Maintaining social distancing measures long-term could have severe impacts on the global economy and exacerbate harms to marginalized communities.	Should Covid-19 vaccines be mandatory?	5	122	insufficient-neutral	"False.
Wait, I need to check if the"	8.487431477988139e-05	0.31242164969444275	0.00021171351545490324	0.4763861298561096	2.979368764499668e-05	0.13023671507835388	2.858359593460591e-08	3.2146997455129167e-06	1.2197982179884548e-08	4.640961378754582e-06
122	Social distancing measures have an especially devastating impact on lives and livelihoods in developing countries.	Should Covid-19 vaccines be mandatory?	0	123	insufficient-neutral	"True.
None.

Wait, I need to answer"	7.549930887762457e-05	0.30049487948417664	0.00017554115038365126	0.45819997787475586	3.324189310660586e-05	0.16084332764148712	2.513009889071327e-08	3.1406693778990302e-06	1.106463276556724e-08	4.3603877202258445e-06
123	Technology and social innovations can help mitigate the harms of social distancing.	Should Covid-19 vaccines be mandatory?	3	124	insufficient-neutral	False	3.726454087882303e-05	0.13504384458065033	0.00022124976385384798	0.5176759362220764	6.489234510809183e-05	0.29038986563682556	2.0290899627184444e-08	2.496568640708574e-06	8.3273681283913e-09	2.89607032755157e-06
124	Any COVID-19 vaccine produced is unlikely to undergo the level of clinical testing necessary to confirm it is both safe, and effective.	Should Covid-19 vaccines be mandatory?	3	125	refutes	"True.
None.
False.
True.
None."	0.00017888046568259597	0.31103330850601196	0.00041267293272539973	0.520882785320282	3.012838715221733e-05	0.07387688755989075	5.275015979577802e-08	5.034958576288773e-06	2.631803219799167e-08	5.886462986381957e-06
125	It is an infringement of the right to personal autonomy.	Should Covid-19 vaccines be mandatory?	1	126	refutes	True	0.0002568828931543976	0.453696072101593	0.00032473038299940526	0.44666215777397156	8.790048923401628e-06	0.021553808823227882	9.209142604049703e-08	8.193226676667109e-06	1.9228155068162778e-08	6.136443516879808e-06
126	This would be unconstitutional based on freedom of privacy, and contrary to the constitutional principles arrived at in Roe vs Wade.	Should Covid-19 vaccines be mandatory?	4	127	refutes	"False.
True"	0.00022118136985227466	0.5773307085037231	0.00017634115647524595	0.3447399139404297	8.917766535887495e-06	0.029656024649739265	1.573609331728676e-08	1.4444564158111461e-06	4.335749981265735e-09	1.1606533689700882e-06
127	It is a duty of the state to protect its citizens from life-threatening diseases such as COVID-19.	Should Covid-19 vaccines be mandatory?	1	128	supports	"True.
True. The argument suggests that it is"	0.0002828282886184752	0.9116076231002808	1.6591699022683315e-05	0.04330788180232048	2.485477807567804e-06	0.010613053105771542	2.9049505911871165e-08	3.397245336600463e-06	2.5383175561444205e-09	1.0773749181680614e-06
128	There is already a precedent for the state passing laws governing bodily choices in the name of public safety, such as banning the use of methamphetamine.	Should Covid-19 vaccines be mandatory?	7	129	supports	"False.
The question is whether the argument supports the"	0.0002970286295749247	0.576160192489624	0.00018587576050776988	0.29890796542167664	1.688863630988635e-05	0.04239416494965553	1.33039534944146e-07	1.016376063489588e-05	2.499738549488484e-08	6.164632395666558e-06
129	In some places in the US, healthcare workers are required to get vaccinated against the seasonal flu or to provide a reason for exemption from their physician.	Should Covid-19 vaccines be mandatory?	0	130	supports	True	0.00026178729603998363	0.5936794281005859	0.00013266733731143177	0.21168291568756104	2.7164398488821462e-05	0.06980561465024948	1.1817452616469382e-07	1.0310443030903116e-05	2.8622519465670848e-08	7.368541446339805e-06
130	Forcing citizens to undergo a medical procedure against their will increases mistrust in public institutions and increases the influence of the anti-vaccination movement.	Should Covid-19 vaccines be mandatory?	5	131	refutes	False	0.00025917947641573846	0.348239541053772	0.0004109445435460657	0.5310018658638	1.6698741092113778e-05	0.03290141001343727	1.2503045354606002e-07	1.1037193871743511e-05	3.3520297648692576e-08	1.0697614925447851e-05
131	The state should not mandate its citizens to undertake tasks that may carry a risk of harm.	Should Covid-19 vaccines be mandatory?	1	132	refutes	"True.
The user is asking whether the statement """	0.0002352414303459227	0.5334789156913757	0.0001980931410798803	0.34986400604248047	9.862475963018369e-06	0.02783500961959362	7.500736387555662e-08	6.939118975424208e-06	1.9414571283959958e-08	6.4679702518333215e-06
132	Mandatory vaccinations can be enforced through non-state actors such as workplaces, stores and privately owned public spaces, which could require a proof of vaccination for entry.	Should Covid-19 vaccines be mandatory?	6	133	supports	True	0.0003125857620034367	0.6505047678947449	0.00010887401731451973	0.17508098483085632	2.506422060832847e-05	0.07413395494222641	1.077676969885033e-07	1.0448322427691892e-05	2.6720917034595004e-08	7.237341378640849e-06
133	"Airlines sometimes require ""fitness to fly"" certificate from passengers flying with them. This could be extended to include proof of immunization from COVID-19."	Should Covid-19 vaccines be mandatory?	7	134	supports	True	0.000164712211699225	0.5607398152351379	9.682930976850912e-05	0.21618445217609406	3.070766251767054e-05	0.112155020236969	2.5595685571033755e-08	2.5804140477703186e-06	1.176442410155687e-08	3.638966745711514e-06
134	The quickest and safest way to develop herd immunity is through a mandatory vaccination policy.	Should Covid-19 vaccines be mandatory?	4	135	supports	True	0.00033219961915165186	0.8145763874053955	5.256161239231005e-05	0.1051926240324974	5.4116198953124695e-06	0.017442647367715836	6.865652579790549e-08	7.87386034062365e-06	9.852350046912761e-09	3.206278734069201e-06
135	The possibility of reinfection has not yet been ruled out and would make attaining herd immunity practically impossible.	Should Covid-19 vaccines be mandatory?	3	136	insufficient-neutral	"False.
But the question is not about the answer"	0.0001257098192581907	0.39579975605010986	0.00018724420806393027	0.39579975605010986	2.804964969982393e-05	0.12261304259300232	1.7717342259970792e-08	1.954068693521549e-06	1.3166411072518258e-08	4.201907813694561e-06
136	Due to growing anti-vaccination sentiment, it is unlikely that the government will be able to enforce mandatory vaccinations.	Should Covid-19 vaccines be mandatory?	3	137	insufficient-neutral	"False.
The question is about whether the vaccines should"	0.0001370529062114656	0.37198808789253235	0.00021900991850998253	0.51645427942276	9.698096619104035e-06	0.037411823868751526	3.9172153520894426e-08	6.261561338760657e-06	1.1223010076832907e-08	4.203813659842126e-06
137	Attaching vaccine requirements to attend schools or daycares have been shown to significantly increase the vaccination rate to herd immunity levels in the US (p. 269).	Should Covid-19 vaccines be mandatory?	0	138	supports	True	0.00023920020612422377	0.7472655177116394	4.821828770218417e-05	0.09650024771690369	2.5211516913259402e-05	0.07633797824382782	5.601845387559479e-08	4.555627583613386e-06	1.0733153033015697e-08	2.7631278953776928e-06
138	Providing vaccinations to an entire population requires huge amounts of resources which can otherwise be used towards addressing more urgent public health issues.	Should Covid-19 vaccines be mandatory?	6	139	refutes	True	0.00017319842299912125	0.34392809867858887	0.00031856063287705183	0.5162972211837769	1.8982176698045805e-05	0.052743081003427505	5.107457923259062e-08	4.438761607161723e-06	2.5883338139465195e-08	6.8213876147638075e-06
139	Governments have given billions of taxpayers dollars to different drug companies to make the COVID-19 vaccine, much of which could be wasted if the vaccine doesn't work.	Should Covid-19 vaccines be mandatory?	5	140	refutes	False	0.00014557712711393833	0.36829647421836853	0.00025749969063326716	0.4879135489463806	1.711715231067501e-05	0.05560445040464401	9.48715452864235e-08	1.0463505532243289e-05	2.0120566546211194e-08	5.179810614208691e-06
140	COVID-19 is the most urgent public health issue at the moment, and should therefore have priority.	Should Covid-19 vaccines be mandatory?	1	141	insufficient-neutral	"True.
The question is about whether the vaccines should"	0.00024507957277819514	0.736301839351654	6.967004446778446e-05	0.1668783575296402	1.119699481932912e-05	0.04781145229935646	2.0868574424071085e-08	2.517982238714467e-06	6.801551322155319e-09	1.9610065464803483e-06
141	Mandatory vaccine policies have proved extremely helpful in the fight against other preventable illnesses.	Should Covid-19 vaccines be mandatory?	7	142	supports	True	0.00044455696479417384	0.7610015273094177	8.753845031606033e-05	0.13432474434375763	4.7124271986831445e-06	0.012890754267573357	2.3461794285140058e-07	2.6079267627210356e-05	1.634457369448228e-08	4.749387699121144e-06
142	A mandatory vaccine policy would vastly increase already present inequalities in medical treatment.	Should Covid-19 vaccines be mandatory?	5	143	refutes	False	0.00023183731536846608	0.2995685040950775	0.000620428822003305	0.595763087272644	7.871301022532862e-06	0.01638052426278591	1.1184035031419626e-07	1.0509565981919877e-05	3.83502047895945e-08	1.2002301446045749e-05
143	Differences over how to distribute the vaccine in a mandatory system will lead to some people being prioritized over others.	Should Covid-19 vaccines be mandatory?	3	144	refutes	"False.

The question is about whether the vaccines should"	0.00019858563609886914	0.3704487383365631	0.0002866918221116066	0.44684648513793945	2.7298870918457396e-05	0.06746372580528259	5.587932605521928e-08	5.589600732491817e-06	2.431669443581086e-08	6.6378156589053106e-06
144	"A mandatory vaccine policy would It will be easier for rich countries to access, produce and distribute COVID-19 vaccines. These countries will therefore recover faster from the pandemic. 
This will increase existing inequality in public health and economy between rich and poor countries.greatly increase competition between countries for supply, increasing the already inequitable distribution of vaccines throughout the world."	Should Covid-19 vaccines be mandatory?	3	145	refutes	True	0.00023122764832805842	0.35759368538856506	0.0004353782569523901	0.45204079151153564	4.243995499564335e-05	0.07495570927858353	1.1689946433079967e-07	7.54985012463294e-06	4.2338179184753244e-08	7.668742910027504e-06
145	Mandatory vaccination could result in rich countries hoarding vaccines for their population. This could make vaccines inaccessible or unaffordable for poorer countries.	Should Covid-19 vaccines be mandatory?	3	146	refutes	True	0.00030293059535324574	0.4505350589752197	0.00035973897320218384	0.42323851585388184	1.4504241335089318e-05	0.03420291841030121	1.3674720378276106e-07	1.1120788258267567e-05	3.8420942871653097e-08	8.329085176228546e-06
146	"A study of European countries discovered, ""Those [countries] where a vaccination is mandatory do not usually reach better coverage than neighbour or similar countries where there is no legal obligation."""	Should Covid-19 vaccines be mandatory?	4	147	refutes	False	0.00013872308772988617	0.3735911548137665	0.00025119504425674677	0.3915201723575592	4.7568337322445586e-05	0.1212872862815857	7.151609793254465e-08	6.288545591814909e-06	3.5960553645963955e-08	8.13798305898672e-06
147	"While the United States has been relatively prosperous and successful for centuries, countries that presented themselves as 
alternatives to Capitalism dissolved, for example the Soviet Union."	Is capitalism the most moral system?	0	148	insufficient-supports	"None.
But if the question had been, """	0.00028243413544259965	0.26909518241882324	0.0006566790980286896	0.46495476365089417	0.00012730303569696844	0.16578471660614014	9.040736159704466e-08	2.74733929472859e-06	2.530211951068395e-08	3.7259444525261642e-06
148	"Capitalism is the only economic system that allows individuals to be independent and autonomous in acting socially and
economically without the intrusion of government."	Is capitalism the most moral system?	2	149	supports	"False.
True"	0.00011028474546037614	0.13811999559402466	0.000736200949177146	0.5462751984596252	0.00017623452004045248	0.22071513533592224	4.015922527855764e-08	1.6486234244439402e-06	1.234393298688019e-08	2.573464826127747e-06
149	Capitalism, by virtue of the free market and a general lack of state intervention, enables more freedom than any comparable systems.	Is capitalism the most moral system?	2	150	supports	"True.
The question is whether capitalism is the most"	0.0001770233502611518	0.26327887177467346	0.00042798754293471575	0.41419580578804016	0.00013786592171527445	0.25517863035202026	1.7691766274197107e-08	8.658609544909268e-07	9.03607055846578e-09	1.5801687140992726e-06
150	"One of the foundations of capitalism is the idea that transactions should be voluntary and not imposed, as is the case for
 government-mandated taxes."	Is capitalism the most moral system?	1	151	supports	"False.
The question is whether capitalism is the most"	0.00015909739886410534	0.17721900343894958	0.0006750785396434367	0.4893173575401306	0.00016543512174393982	0.2171332687139511	1.1036955527288228e-07	3.4067766137013678e-06	2.982182678579193e-08	5.235456683294615e-06
151	Capitalism puts people under constant stress through the way it structures life.	Is capitalism the most moral system?	5	152	refutes	None	0.00012524760677479208	0.16057921946048737	0.0007553397445008159	0.6451045274734497	8.150016947183758e-05	0.13106094300746918	2.479654170883805e-08	1.4581487448594999e-06	8.876082979725197e-09	1.901784457913891e-06
152	Even though it causes stress, capitalism may still cause less stress than any alternative system.	Is capitalism the most moral system?	6	153		"False.
True"	0.00011716928565874696	0.23449330031871796	0.00039023332647047937	0.5713785886764526	5.448878073366359e-05	0.13361024856567383	1.3478052451887379e-08	9.158133593700768e-07	6.292407928043531e-09	1.452076844543626e-06
153	Capitalism is based upon free trade, which has been found to make people nicer.	Is capitalism the most moral system?	4	154	supports	False	0.0002463091805111617	0.3157915472984314	0.0004189860192127526	0.39300891757011414	0.00012193188740639016	0.18856772780418396	6.639308480771433e-08	3.274859864177415e-06	1.3488572925268727e-08	2.3772934127919143e-06
154	Capitalism promotes co-operation.	Is capitalism the most moral system?	1	155	supports	"False.
Okay, let's tackle this. The"	0.000172089523402974	0.32607731223106384	0.00037005063495598733	0.4819110333919525	5.9938996855635196e-05	0.13592924177646637	2.7590978390890086e-08	2.0034883618791355e-06	5.716004558564691e-09	1.4096300446908572e-06
155	"Capitalism in its most basic form (the use of a common mean of value to make a trade) is morally neutral, because it's neither
 good nor bad."	Is capitalism the most moral system?	1	156	refutes	"False.
Okay, let me try to work through"	0.00011425858974689618	0.11057664453983307	0.001172143267467618	0.6668625473976135	0.0001586323487572372	0.1559380739927292	2.3339000065902837e-08	8.25948120564135e-07	8.619542413157433e-09	1.3832027434546035e-06
156	Capitalism, by virtue of being the system which most closely adheres to natural selection, is the most moral system.	Is capitalism the most moral system?	1	157	supports	True	0.00029561237897723913	0.5386716723442078	0.00016975589096546173	0.22107040882110596	5.017974763177335e-05	0.10280729085206985	2.3738943255580125e-08	1.3165129075787263e-06	8.108379745408456e-09	1.6512772162968758e-06
157	This is the naturalistic fallacy. By this reasoning, rape and murder are moral because they are also natural.	Is capitalism the most moral system?	7	158	refutes	"False.

The argument presented in the question is an"	0.0002700843324419111	0.11508446931838989	0.0021078456193208694	0.6940482258796692	0.00013162857794668525	0.08552352339029312	1.3815338206768502e-07	3.974838818976423e-06	6.059096335775394e-08	5.2248274187149946e-06
158	Capitalism inevitably leads to various forms of exploitation.	Is capitalism the most moral system?	5	159	refutes	"False.
The question is whether capitalism is the most"	7.396200089715421e-05	0.11618354171514511	0.0007240072591230273	0.7576118111610413	4.214227737975307e-05	0.07619502395391464	1.1227183627227078e-08	7.779164548082917e-07	5.303346206630977e-09	1.2926267345392262e-06
159	Capitalism does not take externalities into account, many of which are devastating to both people and the environment.	Is capitalism the most moral system?	5	160	refutes	"False.
True"	0.0001629580947337672	0.1552618145942688	0.0010461458005011082	0.6744265556335449	7.880138582549989e-05	0.09565402567386627	2.552171096681377e-08	1.2059203982062172e-06	1.5479701076515084e-08	2.3610773496329784e-06
160	Pollution and the usage of fossil fuels would be examples of this.	Is capitalism the most moral system?	0	161	refutes	"False.
None.

Argument: ""Pollution and"	5.930299812462181e-05	0.10806329548358917	0.0006036366103217006	0.7619203925132751	3.5689172364072874e-05	0.08285500109195709	2.325837122896246e-08	1.6052584896897315e-06	5.271369118986513e-09	1.8767373148875777e-06
161	Capitalism treats people as equals.	Is capitalism the most moral system?	1	162	supports	None	0.00017109235341195017	0.2524777948856354	0.000587912742048502	0.5689674615859985	6.647932605119422e-05	0.11741307377815247	3.1327303418038355e-08	2.0874715573881986e-06	8.431629616723058e-09	1.7578272490936797e-06
162	"And neither in risk. If the company fails the employee only loses their job, while the employer might lose their entire life savings
 and go bankrupt."	Is capitalism the most moral system?	1	163	supports	"False.
Okay, let's break this down."	0.0002460230025462806	0.2514784634113312	0.0008388127898797393	0.45536863803863525	0.00019462022464722395	0.17832492291927338	6.229806359669965e-08	1.8492867184249917e-06	2.8410935826173045e-08	3.794490112341009e-06
163	Losing one's job has a higher probability of leading to bankruptcy, homelessness and starvation than losing one's business.	Is capitalism the most moral system?	0	164	insufficient-neutral	False	9.29706875467673e-05	0.1817539632320404	0.0005968461045995355	0.6245484948158264	6.541304901475087e-05	0.1393556147813797	1.951707240266387e-08	1.4006994888404734e-06	6.640348715336586e-09	1.75687068804109e-06
164	Capitalism, more than any other system put into thought or action, helps the poor.	Is capitalism the most moral system?	2	165	supports	"False.

The question is whether capitalism is the most"	0.00017188106721732765	0.34131214022636414	0.0003136774757876992	0.4117010533809662	7.165069109760225e-05	0.15384143590927124	3.086299926735592e-08	2.0010613752674544e-06	7.833929949185858e-09	1.7797809732655878e-06
165	Incentivizing moral behavior is de facto an ok thing to do because it causes more moral behavior to take place.	Is it ok to incentivise moral behavior?	2	166	supports	"True.
True. The argument suggests that incentivizing"	0.0005058023962192237	0.8863756656646729	1.625899130885955e-05	0.025540512055158615	1.4574467058992013e-05	0.02805076539516449	1.7606645030809887e-08	9.840866823651595e-07	5.103850231336082e-09	1.0475547469468438e-06
166	Bought morality is not morality. Incentivising moral behavior reduces ethics to the category of compliance.	Is it ok to incentivise moral behavior?	5	167	refutes	False	0.00035394649603404105	0.33460572361946106	0.0007319470751099288	0.5182474851608276	5.099082409287803e-05	0.056356798857450485	2.3748656374777966e-08	1.0257208487018943e-06	1.6972400374015706e-08	2.104642589983996e-06
167	By reducing ethics to behavioral inducements, the system devalues the ethicality of all actions, regardless of their objective desirability. Source	Is it ok to incentivise moral behavior?	5	168	refutes	True	0.00022105466632638127	0.4458710551261902	0.00027726468397304416	0.4059702157974243	2.7452921131043695e-05	0.06034208461642265	1.661110715645009e-08	1.0317151009076042e-06	9.880275264606553e-09	2.0358431811473565e-06
168	Being paid to behave morally is not the right reason to do so.	Is it ok to incentivise moral behavior?	1	169	refutes	False	0.00026797695318236947	0.37148958444595337	0.00044877699110656977	0.4845137298107147	2.846608913387172e-05	0.047229595482349396	3.561885364433692e-08	1.9830795281450264e-06	1.5867632541244348e-08	3.3997896480286727e-06
169	A person may do the right thing without an incentive being necessary, however it may be perceived as just an added perk.	Is it ok to incentivise moral behavior?	3	170	insufficient-supports	True	0.0003182982327416539	0.81158047914505	4.805584831046872e-05	0.10813263803720474	1.1149852980452124e-05	0.032467301934957504	9.970695380445704e-09	7.127862886591174e-07	3.0408904283518723e-09	6.962746397221053e-07
170	Paying someone for morality is like paying a bribe.	Is it ok to incentivise moral behavior?	7	171	refutes	True	0.00021423584257718176	0.26830774545669556	0.0005961635033600032	0.576952338218689	2.745065103226807e-05	0.04590204358100891	4.4449958380710086e-08	2.6138584416912636e-06	1.831362439475015e-08	3.9546412153868005e-06
171	Since what is morally correct is subjective, incentivising morally correct behaviour is no different that incentivising morally incorrect behavior.	Is it ok to incentivise moral behavior?	7	172	refutes	"False.
True"	0.00041829893598333	0.5197983980178833	0.0003036524576600641	0.3152736723423004	5.573293674387969e-05	0.08096897602081299	2.0374091747044076e-08	1.1037310514439014e-06	1.2849779018608842e-08	2.373394636379089e-06
172	Using a promotion as an incentive for treating customers well can help a business's reputation, thus making it mutually beneficial.	Is it ok to incentivise moral behavior?	2	173	supports	"True.
True. The argument suggests that incentivizing"	0.0003016133268829435	0.899096667766571	1.2256064110260922e-05	0.028453340753912926	5.8347613958176225e-06	0.02081690914928913	5.7754712123880836e-09	5.599450787485694e-07	1.7206159830251977e-09	4.4992847847424855e-07
173	Rewarding customer service employees, for example, may improve the quality of service provided to customers. This can then create a favorable reputation for the business.	Is it ok to incentivise moral behavior?	0	174	supports	True	0.0001929381542140618	0.863388180732727	1.3867627785657533e-05	0.046478480100631714	6.449045940826181e-06	0.033477190881967545	8.228674630572641e-09	8.727834597266337e-07	1.8217771735606902e-09	6.140797950138221e-07
174	Morality is not objectively measurable so incentivising it effectively is not possible.	Is it ok to incentivise moral behavior?	3	175	refutes	"False.
None.
The question is whether it's"	0.0003635086177382618	0.4481980800628662	0.0004283178714103997	0.4344084560871124	3.1027240765979514e-05	0.04578631743788719	1.990673759166839e-08	8.076940503087826e-07	1.09935456293897e-08	1.8779450101646944e-06
175	A group of people (e.g. an ethics committee) could be a good judge.	Is it ok to incentivise moral behavior?	0	176	insufficient-neutral	"True.

True. The argument suggests that a group"	0.0003828796907328069	0.5739059448242188	0.00026314909337088466	0.32700178027153015	1.0776936505862977e-05	0.02123372070491314	6.019947562663219e-08	3.609821305872174e-06	9.904370656954598e-09	2.072946017506183e-06
176	Morality is objective.  (link to other kialo debate)	Is it ok to incentivise moral behavior?	4	177	insufficient-neutral	False	0.0004144455015193671	0.3827229142189026	0.0002494177024345845	0.2980649173259735	1.1306514352327213e-05	0.012111874297261238	2.989636129768769e-07	1.0214584108325653e-05	3.0541052353783016e-08	5.299256827129284e-06
177	One can measure certain good deeds quantitatively, such as the amount of money donated or the number of people helped over the street.	Is it ok to incentivise moral behavior?	0	178	insufficient-neutral	False	0.0002760409552138299	0.5880761742591858	0.00013665018195752054	0.2609572112560272	1.9840728782583028e-05	0.057324692606925964	4.6020446120564884e-08	2.7274354579276405e-06	1.2980663655071112e-08	3.1148290418059332e-06
178	The intrinsic value of morality is lower than the practical value of ensuring consistent moral behaviour throughout society.	Is it ok to incentivise moral behavior?	1	179	supports	"True.
Wait, I need to evaluate whether the"	0.00046539405593648553	0.6302185654640198	0.00020491023315116763	0.2753221094608307	1.0362536158936564e-05	0.01844543032348156	8.422166786203888e-08	5.050296294939471e-06	1.0624257029689943e-08	2.2586323211726267e-06
179	Societies do not punish people that would love to steal something but aren't capable of executing the heist.	Is it ok to incentivise moral behavior?	7	180	insufficient-neutral	True	0.00022905587684363127	0.5749802589416504	0.00015139668539632112	0.30776476860046387	1.4757899407413788e-05	0.04646552726626396	3.7302676503259136e-08	3.0454646093858173e-06	7.175177785256892e-09	2.50513085120474e-06
180	Moral behaviour is relative; sociologically driven reinforcement of 'correct' behaviour is helpful.	Is it ok to incentivise moral behavior?	1	181	supports	True	0.0007191652548499405	0.8136952519416809	0.00011648688087007031	0.103449746966362	1.4694396668346599e-05	0.02202572114765644	3.9847719790486735e-08	1.9886701920768246e-06	1.051743048208209e-08	1.7143407831099466e-06
181	Moral behaviour is not something which is inherent to human beings and needs to be taught. Helping people improve their moral behaviour should therefore be commended.	Is it ok to incentivise moral behavior?	1	182	supports	"True.
True. The argument suggests that moral behavior"	0.00024528271751478314	0.790591299533844	5.3046107495902106e-05	0.13954764604568481	6.4352229856012855e-06	0.023503661155700684	1.1579418313090173e-08	1.0342344012315152e-06	1.9502921499992e-09	6.272948667174205e-07
182	Children are taught the difference between right and wrong by their parents. Without this guidance, they would behave in a manner that is more in alignment with instinct than moral correctness.	Is it ok to incentivise moral behavior?	3	183	insufficient-neutral	True	0.0001052059160429053	0.6140272617340088	7.230690243886784e-05	0.3286651372909546	3.599948740884429e-06	0.02534393034875393	3.990782815321836e-09	5.52069991499593e-07	1.3108898411218206e-09	6.30483725672093e-07
183	Moral behavior's inherency to human nature is irrelevant to whether or not incentivizing moral behavior is good.	Is it ok to incentivise moral behavior?	1	184	insufficient-neutral	"True.
None.

The question is whether it is"	0.000551804609131068	0.6341679096221924	0.00019219424575567245	0.2058841735124588	3.668091449071653e-05	0.047397226095199585	4.228307304288137e-08	2.2028600596968317e-06	1.5923950158480693e-08	3.631902018241817e-06
184	"The only one that can properly evaluate the morality of an action is the person performing the action.
Therefore, incentivising the behaviour can only be done subjectively.
"	Is it ok to incentivise moral behavior?	3	185	insufficient-neutral	True	0.0002569928183220327	0.6252601742744446	0.00010881760681513697	0.1967468410730362	4.4658656406681985e-05	0.09440016746520996	1.4463773290174231e-08	7.162225301726721e-07	4.275483078686193e-09	1.126776169257937e-06
185	Some people get to be known for their moral attitude and impactful choices not only by themselves and their colleagues, but also get recognised as morally good by wider population. Virtue of those could be easily recognised and rewarded.	Is it ok to incentivise moral behavior?	1	186	supports	True	0.0003132261335849762	0.8771430850028992	2.7369394956622273e-05	0.057853858917951584	8.955231351137627e-06	0.024882635101675987	6.930491291967655e-09	5.172005330678076e-07	1.678603034349635e-09	3.4184870401077205e-07
186	Not being punished for rule-breaking and enjoying the liberties and benefits of not being incarcerated are equivalent to directly incentivizing good behavior.	Is it ok to incentivise moral behavior?	7	187	insufficient-neutral	"True.

Okay, let's break this down."	0.00045509610208682716	0.6715767979621887	0.00015727701247669756	0.18942692875862122	3.6777404602617025e-05	0.06345007568597794	2.71588085354324e-08	1.5179848560364917e-06	1.2241434532711537e-08	2.3511006475018803e-06
187	As incentives are usually scarce, this will lead to competition. People competing for morality is not ok.	Is it ok to incentivise moral behavior?	3	188	refutes	False	0.00028905842918902636	0.3096480071544647	0.0007323923637159169	0.5350237488746643	5.2641455113189295e-05	0.06389947235584259	1.6719432949230395e-08	9.0574627620299e-07	9.867316741463128e-09	1.4249387731979368e-06
188	Competition means you can either make yourself look good or others look bad. This is not good for overall morality.	Is it ok to incentivise moral behavior?	1	189	refutes	True	0.0003071858373004943	0.5641513466835022	0.00023369464906863868	0.32650575041770935	2.1233450752333738e-05	0.05007127672433853	2.194047610259986e-08	1.5869719618422096e-06	6.691466936104007e-09	1.599418851583323e-06
189	Incentivising moral behaviour sends a clear message that morality is valued.	Is it ok to incentivise moral behavior?	3	190	supports	"True.
The question is whether it is acceptable to"	0.0008279961766675115	0.8397701978683472	8.392689051106572e-05	0.0757075846195221	1.8292819731868804e-05	0.021023234352469444	4.2430080782196455e-08	1.8833857211575378e-06	7.344497010564055e-09	1.1878364603035152e-06
190	Behaving ethically should be the “ticket of admission” for even having a job Source	Is it ok to incentivise moral behavior?	4	191	supports	True	0.000439540424849838	0.7068276405334473	0.00014608186029363424	0.17053011059761047	1.886469362943899e-05	0.03864961490035057	7.954297132073407e-08	4.079776317666983e-06	1.4887413968267538e-08	2.8259782993700355e-06
191	Incentivising moral behavior is the easiest way to get people to do the right thing.	Is it ok to incentivise moral behavior?	2	192	supports	"True.
The question is whether it's acceptable to"	0.0004813182167708874	0.6992604732513428	0.00014910542813595384	0.17958495020866394	3.224630927434191e-05	0.05739879608154297	2.0130833888742927e-08	1.1745717074518325e-06	7.463803797236324e-09	1.508179934717191e-06
192	If doing the right thing is costly, it would be good to compensate.	Is it ok to incentivise moral behavior?	2	193	supports	"True.
True.

The argument suggests that if acting"	0.0007632037741132081	0.8369545340538025	5.6156928621931e-05	0.055203136056661606	1.8089605873683468e-05	0.024882003664970398	7.109594690746235e-08	2.752542513917433e-06	1.165151886084459e-08	1.6055438436524128e-06
193	Whistle-blowers often pay a high price for doing the right thing. This is very discouraging for other potential whistle-blowers. Compensation would mitigate this effect.	Is it ok to incentivise moral behavior?	0	194	supports	True	0.00019999594951514155	0.894971489906311	1.4831222870270722e-05	0.0497080497443676	4.5944984776724596e-06	0.020721398293972015	2.7800213242556993e-09	2.434995280964358e-07	6.450168177352111e-10	1.98738504764151e-07
194	The perspective of compensation might encourage false cases of whistle-blowing.	Is it ok to incentivise moral behavior?	5	195	refutes	"False.
None.

Okay, let's break this"	0.0002039778628386557	0.36593058705329895	0.0003209022106602788	0.4847792685031891	2.133180169039406e-05	0.05439072847366333	2.7006544556229528e-08	1.984166374313645e-06	1.0170757569483158e-08	2.9554071261372883e-06
195	It might make whistle-blowing an interesting tool for employees who hold a grudge against their employer.	Is it ok to incentivise moral behavior?	5	196	refutes	True	0.00019439990865066648	0.495670884847641	0.00017979051335714757	0.34066930413246155	2.267992022098042e-05	0.07721063494682312	2.6868482549957662e-08	2.076855480481754e-06	7.119439260350191e-09	2.176525867980672e-06
196	A one-size-fits-all prescription to good health is both ideologically and practically dangerous.	Do people have a right to not wear a mask in public spaces during the Covid-19 pandemic?	1	197	supports	True	0.00025869417004287243	0.29042014479637146	0.0006657798076048493	0.4713984429836273	0.00012509631051216274	0.155450701713562	5.121630763937901e-08	2.536148258514004e-06	3.5338189263711683e-08	4.592371169565013e-06
197	"The UK government has made exceptions to the rule requiring masks for specific groups of people.
 This is an acknowledgement of the practical dangers of a one-size-fits-all prescription."	Do people have a right to not wear a mask in public spaces during the Covid-19 pandemic?	3	198	supports	True	0.0003194202727172524	0.7415573000907898	6.800849951105192e-05	0.12686549127101898	2.8350161301204935e-05	0.06897557526826859	1.5497352734428205e-08	9.184619216284773e-07	5.110484924131242e-09	1.0166447736992268e-06
198	It is not reasonable for everyone to wear masks.	Do people have a right to not wear a mask in public spaces during the Covid-19 pandemic?	1	199	supports	"True.
True. The statement ""It is not"	0.00034485996002331376	0.7404500246047974	0.00010194041533395648	0.1576509177684784	1.6641313777654432e-05	0.043099358677864075	4.061017477852147e-08	3.3284720757364994e-06	8.315167221439879e-09	2.165878186133341e-06
199	For people with certain underlying conditions and medical considerations, mask wearing is not possible.	Do people have a right to not wear a mask in public spaces during the Covid-19 pandemic?	3	200	supports	True	0.0005350855644792318	0.7653218507766724	9.821060666581616e-05	0.11921415477991104	1.8597957023303024e-05	0.03635825961828232	6.947474417984267e-08	4.215114131511655e-06	1.5321308666216282e-08	3.0124065233394504e-06
200	Many rape survivors, for whom wearing a mask can trigger trauma and flashbacks, are being stigmatized for not wearing masks.	Do people have a right to not wear a mask in public spaces during the Covid-19 pandemic?	0	201	supports	True	0.00026970842736773193	0.8295108079910278	3.510273018036969e-05	0.07596032321453094	1.3639451935887337e-05	0.04260988160967827	1.4371583922923037e-08	1.2105701898690313e-06	5.540739422826846e-09	1.2686665513683693e-06
201	"Mandating mask-wearing during a pandemic is like mandating safety/hand brakes on a car. It may never be required
 but is in everyone’s interest that it is there and working if it is required."	Do people have a right to not wear a mask in public spaces during the Covid-19 pandemic?	7	202	refutes	True	0.00040109167457558215	0.6399785876274109	0.00022150386939756572	0.2626466751098633	1.604568569746334e-05	0.028118697926402092	3.565253692272563e-08	1.4924812603567261e-06	1.6007206227186543e-08	2.240479716419941e-06
202	COVID-19 is universally transmitted through infected secretions and through respiratory droplets. 	Do people have a right to not wear a mask in public spaces during the Covid-19 pandemic?	3	203	insufficient-neutral	False	0.0002868306473828852	0.5105617642402649	0.00029134753276593983	0.3735349774360657	1.2504385267675389e-05	0.028803924098610878	5.170494432604755e-08	3.7252796118991682e-06	1.0341639544719783e-08	2.580425643827766e-06
203	During a world pandemic, it is important to be guided by those who are more informed than we are.	Do people have a right to not wear a mask in public spaces during the Covid-19 pandemic?	1	204	insufficient-refutes	True	0.00025380944134667516	0.4310949742794037	0.0003931077371817082	0.43788373470306396	2.9151933631510474e-05	0.05834236368536949	5.084155318968442e-08	3.823901352006942e-06	1.1842357316993457e-08	2.9780574095639167e-06
204	While certain attributes of the virus are still being investigated, the overwhelming consensus is that the wearing of masks will limit the spread of the virus.	Do people have a right to not wear a mask in public spaces during the Covid-19 pandemic?	4	205	refutes	True	0.00022512687428388745	0.650446355342865	0.00011320090561639518	0.24688158929347992	9.662250704423059e-06	0.032383814454078674	2.0405932943390326e-08	1.7734274706526776e-06	8.341928037225443e-09	2.2771259864384774e-06
205	Educating people will more effectively guide them to make responsible decisions regarding mask-wearing.	Do people have a right to not wear a mask in public spaces during the Covid-19 pandemic?	6	206	insufficient-neutral	True	0.0003746285801753402	0.5275163054466248	0.00035193096846342087	0.3625563085079193	3.484588523861021e-05	0.05559980869293213	5.363103028344085e-08	3.4772701837937348e-06	1.714150599241293e-08	2.584087724244455e-06
206	Mandatory face mask wearing, and the undercutting of people's rights not to wear one, provoked protests in Spain.	Do people have a right to not wear a mask in public spaces during the Covid-19 pandemic?	0	207	insufficient-supports	"True.
True"	0.00039057974936440587	0.695236325263977	0.00010268793266732246	0.1457294523715973	3.439614738454111e-05	0.0756034404039383	2.8336121005168025e-08	2.181760464736726e-06	1.2922644287982621e-08	2.39619498643151e-06
207	"In many places, such as Florida, mask wearing is not mandatory, and yet there have been protests 
(https://abc7news.com/viral-target-anti-mask-video-protesters-parade-around-store-demand-customers-remove-face-masks-rant-caught-on/6428893/)."	Do people have a right to not wear a mask in public spaces during the Covid-19 pandemic?	0	208	insufficient-supports	True	0.0004169438616372645	0.7657235860824585	5.913521090405993e-05	0.07234499603509903	2.4844564904924482e-05	0.03995269909501076	6.378706984833116e-08	2.8093454602640122e-06	1.600238874743809e-08	2.479238673913642e-06
208	"Most anti-maskers are not educated on the benefits of wearing masks; whereas government officials 
and researchers who recommend masks to the point of making it mandatory are much more informed."	Do people have a right to not wear a mask in public spaces during the Covid-19 pandemic?	4	209	refutes	True	0.00023818851332180202	0.4478102922439575	0.00024383701384067535	0.3654921054840088	3.8580616092076525e-05	0.0828365758061409	1.1136900468500244e-07	5.7344964261574205e-06	2.1172279929260185e-08	5.060675448476104e-06
209	Statistical modeling studies of mortality rate shows that masks significantly reduce the loss of life.	Do people have a right to not wear a mask in public spaces during the Covid-19 pandemic?	4	210	refutes	"True.

Wait, I need to answer only with"	0.0003103844646830112	0.6260507702827454	0.0001853390276664868	0.286626935005188	1.005554531730013e-05	0.026660455390810966	2.925457032176837e-08	2.3698146378592355e-06	9.06264219224795e-09	1.949356374097988e-06
210	Wearing facemasks help prevent the spread of COVID-19.	Do people have a right to not wear a mask in public spaces during the Covid-19 pandemic?	2	211	refutes	"False.
None.
Okay, let me try to"	0.0003132442361675203	0.6621406078338623	0.0001637835375731811	0.2324332296848297	1.5115688256628346e-05	0.03914814069867134	3.6887158216813987e-08	2.7527714792086044e-06	1.056834797452666e-08	2.585989477665862e-06
211	A systematic review of 172 studies revealed that masks are effective at protecting people form COVID-19.	Do people have a right to not wear a mask in public spaces during the Covid-19 pandemic?	4	212	insufficient-neutral	True	0.00020506209693849087	0.6018044948577881	0.00015120331954676658	0.28874894976615906	1.2606977179530077e-05	0.04095330834388733	2.5011843263200717e-08	2.1907642349106027e-06	8.74575256659682e-09	1.9182971300324425e-06
212	Now that research has demonstrated its definite benefits, the CDC website officially recommends that masks be worn.	Do people have a right to not wear a mask in public spaces during the Covid-19 pandemic?	4	213	refutes	True	0.00022289555636234581	0.6749057173728943	0.00010778525029309094	0.24828393757343292	6.523775482492056e-06	0.02382708713412285	1.5014100185339885e-08	1.4108653658695403e-06	4.318447821560767e-09	1.3462572496791836e-06
213	People's choice to not wear a mask must be respected.	Do people have a right to not wear a mask in public spaces during the Covid-19 pandemic?	1	214	supports	"True.
True. The argument suggests that individuals'"	0.0003313164634164423	0.8447737097740173	4.0508490201318637e-05	0.08107046782970428	1.0567270692263264e-05	0.030293822288513184	2.4415163224489334e-08	2.180679530283669e-06	5.259563895521069e-09	1.7659681361692492e-06
214	People have the right to bodily autonomy and integrity. They should not be forced to wear masks if they don't wish to.	Do people have a right to not wear a mask in public spaces during the Covid-19 pandemic?	1	215	supports	"True.
The question is whether the right to bodily"	0.0004470382700674236	0.8739418983459473	2.948537076008506e-05	0.049304429441690445	5.8974446801585145e-06	0.014348406344652176	5.243730072379549e-08	3.6050357721251203e-06	8.93599061413397e-09	2.0381023659865605e-06
215	"The Jacobsen v. Massachusetts case in the US shows that masks do not violate the constitutional right to bodily integrity 
because they are required to protect public health."	Do people have a right to not wear a mask in public spaces during the Covid-19 pandemic?	4	216	refutes	"False.

True"	0.00021834636572748423	0.44386252760887146	0.00029844409436918795	0.45795223116874695	1.7783484508981928e-05	0.034765999764204025	2.642489782544999e-08	1.1457766504463507e-06	6.3504486114140946e-09	1.6670951481501106e-06
216	This right to bodily autonomy is not without limits. Prostitution is illegal in many countries.	Do people have a right to not wear a mask in public spaces during the Covid-19 pandemic?	0	217	refutes	False	9.722520189825445e-05	0.27872124314308167	0.0002925373846665025	0.5372492671012878	4.348180300439708e-05	0.12760788202285767	2.5700332528799663e-08	2.0818979464820586e-06	1.0713493203695634e-08	3.5414275316725252e-06
217	The government has a moral obligation to reasonably restrict personal choices, especially ones that harm the public good.	Do people have a right to not wear a mask in public spaces during the Covid-19 pandemic?	1	218	refutes	"True.
Okay, let's break this down."	0.0003864708705805242	0.46547165513038635	0.0005711669218726456	0.4511505961418152	7.0784608396934345e-06	0.010124176740646362	7.444973704195945e-08	4.715271643362939e-06	1.727372911375369e-08	3.6153239761915756e-06
218	Not wearing a mask can constitute self-harm and the state is obligated to prevent such harm by limiting choice.	Do people have a right to not wear a mask in public spaces during the Covid-19 pandemic?	7	219	refutes	"False.
True"	0.00026670703664422035	0.3755514919757843	0.0005387630080804229	0.5296124815940857	1.1902825463039335e-05	0.017841380089521408	2.686384092953631e-08	1.4553019127561129e-06	1.73445986462184e-08	3.3052956496248953e-06
219	"Individual choice of clothing is already restricted by laws prohibiting ""indecent exposure"", so it is not uncommon that the government regulates 
what people are allowed to wear (or not wear)."	Do people have a right to not wear a mask in public spaces during the Covid-19 pandemic?	7	220	refutes	True	0.00033433325006626546	0.6236771941184998	0.00020278335432522	0.26408153772354126	2.787591984088067e-05	0.04517902806401253	2.995154702034597e-08	1.2538273495010799e-06	7.339942431627833e-09	1.727220137581753e-06
220	If people's choices cause harm to other people, their choices should be restricted.	Do people have a right to not wear a mask in public spaces during the Covid-19 pandemic?	1	221	refutes	True	0.0002942869905382395	0.34894877672195435	0.0006230055587366223	0.5489735007286072	9.386223609908484e-06	0.014629648067057133	9.274101131495627e-08	5.873748250451172e-06	2.4573919787940213e-08	6.451050467148889e-06
221	It is very well accepted that certain liberties should be curtailed where they would affect other people - consider the illegality of murder and theft.	Do people have a right to not wear a mask in public spaces during the Covid-19 pandemic?	7	222	refutes	False	0.00019732383952941746	0.4440072774887085	0.00024176623264793307	0.4440072774887085	1.1045617611671332e-05	0.029285455122590065	5.2775074976807446e-08	3.671026206575334e-06	1.4885893406813011e-08	4.568665644910652e-06
222	"For most people, wearing a mask poses no risk. It is therefore justified that people are required to wear a mask 
since it does no harm to people wearing them but reduces harm for others and oneself."	Do people have a right to not wear a mask in public spaces during the Covid-19 pandemic?	2	223	refutes	True	0.0003406103642191738	0.5695570111274719	0.0002491958439350128	0.31949251890182495	1.3206896255724132e-05	0.02174173854291439	2.8553390762908748e-08	1.218873080688354e-06	8.573283416524191e-09	1.6922375607464346e-06
223	Public health has long been used as a justification to curtail civil liberties, such as mandatory quarantine for those with yellow fever in 1799.	Do people have a right to not wear a mask in public spaces during the Covid-19 pandemic?	0	224	refutes	"False.
Okay, let's see. The user"	0.0003338188980706036	0.594201385974884	0.00025997840566560626	0.33331677317619324	9.846942703006789e-06	0.019706888124346733	2.7766288823727336e-08	1.6978259509414784e-06	8.402338380619767e-09	1.5100777090992779e-06
224	Many people do not wear facemasks properly. This could increase the risk of infection to oneself or others.	Do people have a right to not wear a mask in public spaces during the Covid-19 pandemic?	5	225	refutes	"True.
Okay, let's tackle this. The"	0.0002546227478887886	0.5467013716697693	0.00023548753233626485	0.34750452637672424	1.3922872312832624e-05	0.034949447959661484	2.020907885480483e-08	1.5743547692181892e-06	9.180388893526015e-09	1.7290903997491114e-06
225	A study has shown that people wearing a mask are less likely to touch their faces than those who don't wear a mask.	Do people have a right to not wear a mask in public spaces during the Covid-19 pandemic?	4	226		True	0.00017244201444555074	0.48289814591407776	0.00017110005137510598	0.3166923522949219	3.2911131711443886e-05	0.1044340506196022	3.591854635942582e-08	3.0373896606761264e-06	1.5208868830995925e-08	3.663791403596406e-06
226	Even if some people wear masks incorrectly, the net effect of wearing masks is still positive.	Do people have a right to not wear a mask in public spaces during the Covid-19 pandemic?	2	227	refutes	True	0.0003951133112423122	0.5740217566490173	0.00031256035435944796	0.3270677626132965	1.8193195501226e-05	0.03238409012556076	4.31997229100034e-08	2.7900166514882585e-06	1.228061030644767e-08	2.2070848899602424e-06
227	Even the WHO advice on masks has changed over time.	Do people have a right to not wear a mask in public spaces during the Covid-19 pandemic?	0	228	insufficient-neutral	"True.
The question is about whether people have a"	0.00021700389334000647	0.5157372951507568	0.0001813135459087789	0.2984858453273773	3.770962212001905e-05	0.09998023509979248	3.94245738277732e-08	3.480245140963234e-06	1.1608447536559652e-08	3.0474047889583744e-06
228	Schools should close during the Covid-19 pandemic because that would reduce the rate of infection of Covid-19.	Should schools close during the Covid-19 pandemic?	2	229	supports	"True.
True"	0.00019657141820061952	0.7885103821754456	4.120360972592607e-05	0.1247604563832283	4.411218014865881e-06	0.022021528333425522	5.196133656681923e-08	7.621901204402093e-06	5.370755840061747e-09	2.961551672342466e-06
229	Schools can reduce cohort sizes to decrease the chances of widespread Covid-19 transmission.	Should schools close during the Covid-19 pandemic?	4	230	refutes	"False.
Okay, let's break this down."	0.00029003966483287513	0.48122018575668335	0.0003525985812302679	0.418091356754303	2.0846897314186208e-05	0.042710717767477036	3.233694911841667e-08	3.0268354294094024e-06	1.1045153236466376e-08	2.843449010470067e-06
230	School closures negatively impact students' academic performance.	Should schools close during the Covid-19 pandemic?	5	231	refutes	"True.
The question is whether the argument is relevant"	0.0004342387255746871	0.611453652381897	0.0003329424071125686	0.3026914894580841	1.557192263135221e-05	0.02815469726920128	1.0011802942244685e-07	8.667079782753717e-06	9.990775318158285e-09	2.5820777409535367e-06
231	"A study showed that, when students return to school, they will only have 63 to 68% of the learning gains in reading and 37 to 50% of the learning
 gains in mathematics relative to the average school year."	Should schools close during the Covid-19 pandemic?	4	232	refutes	False	0.00014687237853650004	0.5448762774467468	0.00014802432269789279	0.2782955467700958	3.328773527755402e-05	0.10079198330640793	5.306608841237903e-08	4.2987057895516045e-06	1.1298421753735965e-08	4.134024948143633e-06
232	A study found that students learn better when studying from home.	Should schools close during the Covid-19 pandemic?	4	233	supports	True	0.0001330860541202128	0.6192773580551147	8.199194417102262e-05	0.22781941294670105	1.773200165189337e-05	0.07997213304042816	8.538656715018078e-08	9.71633562585339e-06	7.259747469845479e-09	3.03358774544904e-06
233	Remote learning is a good substitute for in-person education.	Should schools close during the Covid-19 pandemic?	4	234	supports	True	0.00029225711477920413	0.6034668684005737	0.0002539173874538392	0.28505754470825195	1.7827798728831112e-05	0.04653437063097954	7.605699181567616e-08	7.911036846053321e-06	1.0373924830275882e-08	3.37601636601903e-06
234	First of all, school closures reduce the risk of illness. And it hardly affects the quality of education (at school) or, on the contrary, improves, because you can watch webinars.	Should schools close during the Covid-19 pandemic?	2	235	supports	False	0.00021302857203409076	0.6400098204612732	0.00012233201414346695	0.24292032420635223	1.4272024600359146e-05	0.047092255204916	6.456155432488231e-08	6.534208750963444e-06	1.5156057742160556e-08	4.8938964027911425e-06
235	Many students have been thriving in remote education due to the ability to self-pace.	Should schools close during the Covid-19 pandemic?	0	236	supports	False	0.00019448285456746817	0.49202337861061096	0.00022737350082024932	0.3543911576271057	2.3964988940861076e-05	0.07428441941738129	1.7188905587772751e-07	1.739671643008478e-05	1.2746883548686583e-08	4.538204848358873e-06
236	Online schooling does not allow for an accurate assessment of the progress of students.	Should schools close during the Covid-19 pandemic?	5	237	refutes	"False.
Okay, let's break this down."	8.133411756716669e-05	0.20738154649734497	0.0004261602880433202	0.5907750129699707	5.210458766669035e-05	0.14032135903835297	3.847739193929556e-08	4.808766334463144e-06	1.031567453679827e-08	3.5181685689167352e-06
237	Students in remote learning programs tend to score lower than those engaging in in-person education.	Should schools close during the Covid-19 pandemic?	5	238	refutes	True	0.00020488587324507535	0.479388028383255	0.0002714296861086041	0.35625091195106506	2.883285742427688e-05	0.07949032634496689	9.394489808300932e-08	9.360657713841647e-06	1.5039455902865484e-08	4.706834715761943e-06
238	Schools are critical for the social development of students.	Should schools close during the Covid-19 pandemic?	5	239	refutes	"False.
The question is whether schools should close during"	0.00027571868849918246	0.4946316182613373	0.00039187524816952646	0.3974476754665375	2.1261141228023916e-05	0.043901048600673676	9.542936396655932e-08	1.0043052498076577e-05	9.229905728602716e-09	3.0869809961586725e-06
239	Students can take part in social activities online.	Should schools close during the Covid-19 pandemic?	6	240	supports	False	0.00012508840882219374	0.2749468982219696	0.0005064664874225855	0.6099963188171387	2.8129903512308374e-05	0.06530560553073883	7.568800697299594e-08	7.690287930017803e-06	5.5042801427873655e-09	1.944409177667694e-06
240	Kids don't play a significant role in the spread of Covid-19. Therefore, closing schools will not significantly reduce the spread of the virus.	Should schools close during the Covid-19 pandemic?	3	241	refutes	"False.
Okay, let's see. The user"	0.00020874633628409356	0.45171526074409485	0.0002701378252822906	0.4049149453639984	1.9416433133301325e-05	0.049895308911800385	5.306572958829747e-08	5.694821993529331e-06	1.0449261900191686e-08	3.2195603125728667e-06
241	Students can wear masks and practise social distancing to reduce the rate of infection.	Should schools close during the Covid-19 pandemic?	6	242	refutes	"False.
The argument provided suggests that students can wear"	0.0001804150961106643	0.4389475882053375	0.0003117293235845864	0.46001312136650085	1.639248148421757e-05	0.04212452098727226	3.448469598765769e-08	3.5451228086458286e-06	8.385073080319216e-09	2.9390100735326996e-06
242	Schools can reduce cohort sizes to decrease the chances of widespread Covid-19 transmission.	Should schools close during the Covid-19 pandemic?	6	243	refutes	"False.
None.

Wait, the user wants me"	0.0004248253826517612	0.4806661605834961	0.0005124372546561062	0.41113555431365967	2.8684753488050774e-05	0.04070793464779854	5.367090238905803e-08	4.164841811871156e-06	1.7977502153598834e-08	3.59031787411368e-06
243	A study found that Covid-19 cases in schools were 37% less than the ones in the surrounding community.	Should schools close during the Covid-19 pandemic?	4	244	refutes	"True.
The question is whether the study's finding"	0.00019937235629186034	0.6228426098823547	0.0001391843252349645	0.28073716163635254	5.03033515997231e-06	0.018808217719197273	1.3723288816436252e-07	1.5986372090992518e-05	9.94111726271285e-09	4.439255462784786e-06
244	Scientists showed that 1 in 3 people that have COVID-19 won't show symptoms, and would thus continue to go outside and spread the virus without even knowing.	Should schools close during the Covid-19 pandemic?	4	245	supports	True	0.0001552741596242413	0.5805637240409851	0.0001162949702120386	0.2576235830783844	2.381206286372617e-05	0.09185852110385895	3.737179810059388e-08	5.030427018937189e-06	4.8639647864945346e-09	1.7658459228186985e-06
245	Schools can reduce cohort sizes to decrease the chances of widespread Covid-19 transmission.	Should schools close during the Covid-19 pandemic?	6	246	refutes	"False.
The argument suggests that reducing cohort sizes can"	0.0004248253826517612	0.4806661605834961	0.0005124372546561062	0.41113555431365967	2.8684753488050774e-05	0.04070793464779854	5.367090238905803e-08	4.164841811871156e-06	1.7977502153598834e-08	3.59031787411368e-06
246	It is much more difficult to ensure that students are present and engaged in classes when they are conducted remotely.	Should schools close during the Covid-19 pandemic?	5	247	refutes	"False.
Wait, the user is asking if I"	0.0001609819009900093	0.539543867111206	0.0001387750671710819	0.2588759660720825	3.508782901917584e-05	0.12228435277938843	4.821961852030654e-08	6.855435458419379e-06	8.121508798808463e-09	3.7564689137070673e-06
247	90% of teachers surveyed in May 2020 in the US said that remote attendance did not approach normal attendance levels.	Should schools close during the Covid-19 pandemic?	0	248	refutes	True	0.0002052936324616894	0.5572065711021423	0.00018986556096933782	0.29362723231315613	1.9245049770688638e-05	0.06251684576272964	1.4983584151195828e-07	1.6720387066015974e-05	1.36140565487608e-08	4.716201601695502e-06
248	Data suggested that only 60 percent of low-income students were regularly logging into online instruction early in the Covid-19 pandemic.	Should schools close during the Covid-19 pandemic?	0	249	refutes	"False.
The question is whether schools should close during"	0.00011390358849894255	0.35306763648986816	0.0002430251333862543	0.48258620500564575	1.9948716726503335e-05	0.08002063632011414	5.4520480574637986e-08	7.571679361717543e-06	1.3413110622195745e-08	5.9896910897805355e-06
249	Attendance is difficult to monitor when classes are conducted remotely.	Should schools close during the Covid-19 pandemic?	3	250	refutes	False	0.00010936748003587127	0.27668944001197815	0.0003043417236767709	0.3963393568992615	9.72734487731941e-05	0.24417759478092194	8.530378892146473e-08	8.907566552807111e-06	1.1957696166575715e-08	4.142403213336365e-06
250	Students can ignore classes and leave them running in the background while they do other activities.	Should schools close during the Covid-19 pandemic?	0	251	refutes	"True.
Wait, the question is about whether schools"	6.788468454033136e-05	0.1651625633239746	0.0003188387490808964	0.43514537811279297	0.00013085115642752498	0.32846495509147644	5.253624379975008e-08	6.2651211010233965e-06	8.609872814702157e-09	2.9135519525880227e-06
251	This [30] can be avoided by requiring students to turn on their cameras.	Should schools close during the Covid-19 pandemic?	0	252		False	6.12720541539602e-05	0.15260931849479675	0.00040901891770772636	0.6035815477371216	6.782198761356995e-05	0.17841836810112	4.168371248169933e-08	4.543790055322461e-06	1.5883276915928946e-08	5.270888323138934e-06
252	Students may not have enough personal space to be able to turn on their cameras comfortably.	Should schools close during the Covid-19 pandemic?	0	253	refutes	"False.
The question is not related to the argument"	8.097880345303565e-05	0.25297918915748596	0.0003080077294725925	0.4800701141357422	6.557863525813445e-05	0.20972710847854614	3.066238107862773e-08	3.4755403248709626e-06	9.648346122048679e-09	3.368609213794116e-06
253	Students may not have stable enough (or any) internet connections for them to switch on their cameras.	Should schools close during the Covid-19 pandemic?	0	254	refutes	"False.
The question is about whether schools should close"	0.00015973843983374536	0.36509495973587036	0.0003627994447015226	0.44732367992401123	5.5637101468164474e-05	0.13222862780094147	4.356533622740244e-08	3.815847321675392e-06	9.720740656860016e-09	2.705840870476095e-06
254	Students can get the materials for their school work via the computer.	Should schools close during the Covid-19 pandemic?	0	255	supports	True	9.255257464246824e-05	0.3126303553581238	0.0003011066000908613	0.4918366074562073	4.0433224057778716e-05	0.13032372295856476	9.415168022997022e-08	9.454840437683742e-06	6.847018951816608e-09	2.8167655727884267e-06
255	Only 54% of the global population has access to the internet (p. 8).	Should schools close during the Covid-19 pandemic?	4	256	insufficient-refutes	"False.

But the given answer is False. The"	2.0892386601190083e-05	0.08122755587100983	0.00024286597908940166	0.42560192942619324	0.0001174423232441768	0.43911200761795044	3.178069007958584e-08	2.7619785214483272e-06	1.0277454443041734e-08	3.8047865018597804e-06
256	In the US, 4.4 million students cannot consistently access computers and thus, online learning.	Should schools close during the Covid-19 pandemic?	4	257	refutes	"False.
The question is about whether schools should close"	0.00013503643276635557	0.3110572099685669	0.00036137623828835785	0.5459223985671997	2.3465812773793004e-05	0.06727083772420883	6.02472027821932e-08	6.723068054270698e-06	1.3286353350849822e-08	5.444506768981228e-06
257	Many governments are taking measures to improve internet access for students.	Should schools close during the Covid-19 pandemic?	0	258	insufficient-neutral	"False.
The question is about whether schools should close"	4.170880129095167e-05	0.13870258629322052	0.00033847903250716627	0.7043898105621338	2.844293339876458e-05	0.09835485368967056	4.9219011089007836e-08	6.496978130599018e-06	7.118423184238054e-09	3.450518988756812e-06
258	In order to improve access to the internet, the government of Panama made the internet free for four months (p. 4).	Should schools close during the Covid-19 pandemic?	0	259	insufficient-neutral	"False.
The question is about whether schools should close"	1.9913937649107538e-05	0.08842034637928009	0.00019955848983954638	0.42182984948158264	0.00010113132157130167	0.44207391142845154	2.4723862068753988e-08	2.674085180842667e-06	6.838802857345172e-09	3.1019931157061365e-06
259	School isn't just about materials alone but also about personal contact and interaction.	Should schools close during the Covid-19 pandemic?	1	260	refutes	"True.

Wait, the user is asking if I"	0.00018405825539957732	0.42730456590652466	0.00028956428286619484	0.40141549706459045	3.1735624361317605e-05	0.08546628803014755	1.0964263452706291e-07	1.3333135939319618e-05	1.2253603465239848e-08	4.501068815443432e-06
260	A decline in the quality of assessment is detrimental may result in a student's abilities to be misrepresented and thus may harm their future educational prospects.	Should schools close during the Covid-19 pandemic?	5	261	refutes	"False.
Wait, the user is asking if I"	4.29078791057691e-05	0.10686995834112167	0.00031953537836670876	0.40967440605163574	0.0001497632183600217	0.4033229947090149	3.493640576834878e-08	3.5497175758791855e-06	1.9218498792383798e-08	7.0594555836578365e-06
261	Students won't get help for exams. Students that are in low sets and need help from the teachers for every lesson will have no help with exam preparation and would go into the exam without any help.	Should schools close during the Covid-19 pandemic?	0	262	refutes	"False.
But the user wants the answer to be"	1.9679895558510907e-05	0.10136394202709198	0.00019567842537071556	0.49893078207969666	6.657623453065753e-05	0.3537949025630951	1.3546157973109985e-08	2.332137228222564e-06	5.624863241848743e-09	2.99452358376584e-06
262	There are multiple online assessment methods that can be combined in order to accurately track the progress of students.	Should schools close during the Covid-19 pandemic?	6	263	supports	"None.
Okay, let's see. The user"	2.662638326000888e-05	0.06683803349733353	0.0003095214779023081	0.3727926015853882	0.00018054227984976023	0.5016472935676575	2.254332720497132e-08	2.0855395632679574e-06	1.2695153372987988e-08	3.6602357340598246e-06
263	School closures are detrimental to students' well-being.	Should schools close during the Covid-19 pandemic?	5	264	refutes	"True.
None.

The question asks whether schools should"	0.0004376026336103678	0.5972322225570679	0.0003599621122702956	0.30983999371528625	1.5209744560706895e-05	0.027499863877892494	1.321051001923479e-07	1.2807889106625225e-05	1.3869491333196038e-08	3.998818101536017e-06
264	Schools provide important benefits for students, particularly those from low-income families, that would be disrupted by school closures.	Should schools close during the Covid-19 pandemic?	5	265	refutes	True	0.0002727250102907419	0.6331508755683899	0.00017471420869696885	0.28095901012420654	6.565978765138425e-06	0.019119499251246452	6.337261737598965e-08	6.617476174142212e-06	1.1451197323708584e-08	4.206323865219019e-06
265	School closures have been linked to an increase in child marriages across the world.	Should schools close during the Covid-19 pandemic?	5	266	refutes	"False.
True"	0.00023917884391266853	0.5773904919624329	0.0002229391975561157	0.34477558732032776	6.177795967232669e-06	0.019149350002408028	5.689553361776234e-08	7.870716217439622e-06	6.0437779225708255e-09	2.2200374587555416e-06
266	School closures disrupt students' routines, increase rates of anxiety and depression among them.	Should schools close during the Covid-19 pandemic?	5	267	refutes	True	0.0003473305841907859	0.5853495597839355	0.00024058885173872113	0.2808537781238556	1.8264596292283386e-05	0.039833538234233856	1.5196606284462177e-07	1.4003951037011575e-05	2.2587737902313165e-08	7.6138157965033315e-06
267	Contracting Covid-19 or spreading it to family members would be worse for a student's well-being.	Should schools close during the Covid-19 pandemic?	6	268	supports	"True.

The question is whether schools should close during"	0.0003312501939944923	0.8315103054046631	6.2240069382824e-05	0.11430481821298599	3.7671227346436353e-06	0.011495937593281269	3.931345204932768e-08	6.715622021147283e-06	3.600028497530161e-09	1.429838448530063e-06
268	It is unethical to employ people without economic compensation.	Should unpaid internships be banned?	1	269	supports	True	0.00022409048688132316	0.6178030371665955	0.00012279146176297218	0.24574507772922516	1.3993773791298736e-05	0.046901267021894455	3.7213823134152335e-08	3.5381799534661695e-06	6.56862964021343e-09	2.5286230993515346e-06
269	Unpaid internships are an unfair way to replace paid workers.	Should unpaid internships be banned?	1	270	supports	True	0.0003546092484612018	0.6719179153442383	0.0001675055391388014	0.22860854864120483	1.1310187801427674e-05	0.029522012919187546	3.787307889524527e-08	3.908696726284688e-06	8.319610778073638e-09	2.793419525914942e-06
270	The UN Declaration of Human Rights, Article 23 (3) states: “Everyone who works has the right to just and favourable remuneration.”	Should unpaid internships be banned?	4	271	supports	True	0.0001644693111302331	0.7302640676498413	5.595786569756456e-05	0.16811633110046387	3.7489430724235717e-06	0.0200786329805851	3.320387875760389e-08	4.117408479942242e-06	3.904156553602434e-09	2.102966618622304e-06
271	In the long run, the experience gained from an unpaid internship can lead one to have a career where they earn more money.	Should unpaid internships be banned?	2	272	refutes	True	0.0002455802750773728	0.6069027781486511	0.00019427000370342284	0.30043864250183105	9.901501471176744e-06	0.029747454449534416	2.582189750910402e-08	2.972969696202199e-06	4.332161740450147e-09	1.4489097566183773e-06
272	In the UK, people who have done unpaid internships have a higher average salary than those who have not (Sutton Trust, pp. 44-45).	Should unpaid internships be banned?	0	273	refutes	"True.

The question is whether unpaid internships should"	0.00024030511849559844	0.7390785217285156	6.884857430122793e-05	0.1623540073633194	7.428670869558118e-06	0.027775494381785393	1.8850505156819963e-08	2.111786898240098e-06	3.1873694794626317e-09	1.1753863873309456e-06
273	"Those people who have done paid internships gain an ever higher salary than those who have done unpaid internships (Sutton Trust, pp. 44-45). Therefore in 
terms of best promoting individual's longer-term salary, ideally unpaid internships would be banned and everyone would do paid internships."	Should unpaid internships be banned?	0	274	supports	True	0.0004015136801172048	0.6307195425033569	0.00020830254652537405	0.2320287525653839	1.877904469438363e-05	0.03239847347140312	4.511644746685306e-08	2.350473096157657e-06	6.627834281403011e-09	1.3817717672282015e-06
274	There may never be enough paid internships to go around. Therefore if unpaid internships were banned, some people would never be able to gain the long-term benefits of an internship.	Should unpaid internships be banned?	5	275	refutes	True	0.00017553636280354112	0.4338032007217407	0.00025740708224475384	0.41393789649009705	2.3025360860629007e-05	0.07081642746925354	3.7284223708411446e-08	3.939174803235801e-06	1.0598980360043697e-08	3.6431408716453006e-06
275	Banning unpaid internships would not necessarily mean they would be replaced with paid internships meaning there would be less opportunities existing.	Should unpaid internships be banned?	5	276	refutes	"False.

But the question is whether the statement """	0.00018677746993489563	0.32223713397979736	0.000371451344108209	0.4473819136619568	5.227302244747989e-05	0.12230740487575531	5.174184991574293e-08	4.496752353588818e-06	2.3050169772886875e-08	7.4138906711596064e-06
276	People choose to opt into internships. If they feel it is in their interests they should be free to choose to do so.	Should unpaid internships be banned?	1	277	refutes	"False.

Question: Is the argument's conclusion that"	0.00016689249605406076	0.4060472846031189	0.000270893273409456	0.4673575460910797	2.1891532014706172e-05	0.06324996799230576	1.59777773234282e-08	1.455227561564243e-06	8.48573389333751e-09	2.3620675619895337e-06
277	Unpaid internships lower the value placed on work done by other paid interns and entry level workers.	Should unpaid internships be banned?	1	278	supports	True	0.0003264751867391169	0.7009760141372681	0.00013823829067405313	0.18866513669490814	1.1799314052041154e-05	0.03032124601304531	4.4423362766110586e-08	4.549041022983147e-06	7.0563062060102766e-09	2.473270569680608e-06
278	When work is done without payment it makes similar work seem worth less.	Should unpaid internships be banned?	1	279	supports	True	0.00035783430212177336	0.5983583331108093	0.00022923726646695286	0.2533608376979828	2.3786842575646006e-05	0.049889713525772095	5.5606168558597346e-08	4.469415216590278e-06	1.630923662787609e-08	3.734336360139423e-06
279	Where work is seen as less valuable this drives wages for those jobs down.	Should unpaid internships be banned?	3	280	supports	True	0.0002481832925695926	0.5328752398490906	0.00021562539041042328	0.3334648311138153	2.037212652794551e-05	0.056164633482694626	5.789561541291732e-08	5.975125077384291e-06	1.171635055641218e-08	3.5679104257724248e-06
280	Unpaid internships have replaced many entry-level jobs.	Should unpaid internships be banned?	3	281	supports	"True.
None.

Argument: ""Unpaid intern"	0.00014954085054341704	0.5011982917785645	0.0001554978807689622	0.36099961400032043	1.588510895089712e-05	0.06889797747135162	2.5621961441402163e-08	3.7145484839129495e-06	5.541137770848081e-09	2.7176215553481597e-06
281	Changing paid jobs for unpaid internships is harmful for the economy since those positions should have paid taxes.	Should unpaid internships be banned?	5	282	supports	True	0.0002943006402347237	0.6418448090553284	0.00015752777107991278	0.24361681938171387	1.823516322474461e-05	0.04649508371949196	2.763048279064151e-08	2.3733189209451666e-06	7.672707802441892e-09	2.6683942451199982e-06
282	Many paid or unpaid internships are never advertised and instead offered through informal networks, which encourages nepotism.	Should unpaid internships be banned?	3	283	supports	True	0.0003259367076680064	0.5080147385597229	0.0002598594001028687	0.28055238723754883	5.2382794820005074e-05	0.09695631265640259	5.76179139955002e-08	3.7357674500526628e-06	1.9680234331076463e-08	4.299841748434119e-06
283	72% of privileged young adults in the UK admit they secured their internships through family connections.	Should unpaid internships be banned?	0	284	supports	"False.
Based on the argument, the answer is"	0.00015661025827284902	0.5087428092956543	0.00012782157864421606	0.2990744411945343	2.152866727556102e-05	0.09121255576610565	7.237262877879402e-08	8.974483534984756e-06	1.2000558768932024e-08	5.234770014794776e-06
284	This [24] is not sufficient reason to ban unpaid internships. It is only sufficient reason to regulate them such that they must be allocated on the basis of merit.	Should unpaid internships be banned?	6	285	refutes	True	0.00016929657431319356	0.20390349626541138	0.0008732982096262276	0.6791023015975952	2.4773562472546473e-05	0.0365578830242157	2.9694737335717036e-08	2.0335378394520376e-06	2.934878295945964e-08	7.38048674975289e-06
285	There are more effective methods to deal with the problems of unpaid internships than a ban.	Should unpaid internships be banned?	6	286	refutes	"False.

Wait, the question is about whether there"	0.00021605863003060222	0.3447413742542267	0.0004719154385384172	0.5175181031227112	1.6402353139710613e-05	0.032065942883491516	1.2138048077758867e-07	1.0841293260455132e-05	2.7510150601983696e-08	1.075692580343457e-05
286	Governments could introduce regulations to ensure that unpaid interns are entitled to the same rights as employees in relation to discrimination, harassment and working conditions.	Should unpaid internships be banned?	2	287	refutes	"False.
The argument suggests that governments can introduce regulations"	0.00029039010405540466	0.4561605751514435	0.00039076257962733507	0.378170371055603	4.6306744479807094e-05	0.07926882058382034	3.6401331726665376e-08	2.252070771646686e-06	1.6027289717612803e-08	3.570793069229694e-06
287	Governments could cap the length of unpaid internships.	Should unpaid internships be banned?	4	288	insufficient-refutes	"True.
None.
The question is whether unpaid intern"	0.00019995849288534373	0.42267540097236633	0.00026284047635272145	0.42267540097236633	3.315636786282994e-05	0.08722399920225143	4.1164813779914766e-08	4.452306711755227e-06	8.696289022225301e-09	3.0840226372674806e-06
288	Effectiveness is not the only measure to consider. Other methods may be more difficult or more expensive to implement, may be easier to bypass, or come with undesirable collateral effects.	Should unpaid internships be banned?	6	289	insufficient-neutral	"False.

But the question is about whether the effectiveness"	6.518958252854645e-05	0.16883456707000732	0.00036076875403523445	0.5119845271110535	8.049839379964396e-05	0.234403595328331	2.0146361023876125e-08	1.9532353690010495e-06	1.6898797028375157e-08	4.910433290206129e-06
289	Unpaid internships are a barrier to greater social equality in society.	Should unpaid internships be banned?	5	290	supports	True	0.00038608640898019075	0.6980606317520142	0.00016866867372300476	0.20314721763134003	1.2804685866285581e-05	0.02972700633108616	4.546494380974764e-08	4.673922830988886e-06	8.34472047017698e-09	2.7692076400853693e-06
290	Unpaid internships are a barrier to social mobility.	Should unpaid internships be banned?	3	291	supports	"True.
True.
Okay, let's see."	0.0002938613761216402	0.6769114136695862	0.00014776279567740858	0.2197609543800354	1.3321219739736989e-05	0.03759666904807091	2.6950139897508052e-08	3.019173618667992e-06	6.604415681010778e-09	2.351334842387587e-06
291	Unpaid internships serve as a mechanism for wealthier individuals to maintain socio-economic class advantage.	Should unpaid internships be banned?	5	292	supports	True	0.0002976394898723811	0.6909916400909424	0.00011932136840187013	0.1918814480304718	1.287462146137841e-05	0.03778369724750519	4.0027863690283993e-08	4.019652806164231e-06	9.21493725769551e-09	3.6031933632330038e-06
292	Many interns have bought their place on unpaid internships.	Should unpaid internships be banned?	0	293	supports	"False.
Okay, let's see. The user"	0.00015891186194494367	0.5988250374794006	9.867062181001529e-05	0.27416208386421204	9.249780305253807e-06	0.04764222353696823	5.24825125580719e-08	7.789095434418414e-06	5.19647258556688e-09	2.5685710625111824e-06
293	Unpaid internships are difficult to regulate and monitor, often resulting in illegal practices.	Should unpaid internships be banned?	5	294	supports	True	0.0003115542058367282	0.6901735067367554	9.957870497601107e-05	0.16651210188865662	1.3476511412591208e-05	0.03715387359261513	4.822565458084682e-08	4.273832018952817e-06	8.920848948434923e-09	3.102469008808839e-06
294	Unpaid internships, in countries such as Australia, are often under legislated, allowing employers to bypass fair work requirements.	Should unpaid internships be banned?	0	295	supports	"False.
Okay, let's see. The user"	0.0002525509044062346	0.5955483317375183	0.0001320493029197678	0.23689275979995728	2.6205985705018975e-05	0.07690782099962234	3.4634034307146067e-08	3.384184083188302e-06	1.1691935419833044e-08	3.956512045988347e-06
295	Malpractice is not limited to unpaid internships. Paid interns at top companies can be subject to extreme conditions.	Should unpaid internships be banned?	0	296	refutes	True	0.0007032992434687912	0.6494671106338501	0.0003564147336874157	0.22444984316825867	4.093692768947221e-05	0.0500815249979496	8.121756422951876e-08	4.451684162631864e-06	2.1520511594985692e-08	4.05330456487718e-06
296	Internships are becoming increasingly regulated to ensure standards.	Should unpaid internships be banned?	4	297	insufficient-neutral	False	0.00020140093693044037	0.5639932751655579	0.00016437865269836038	0.3315545320510864	1.4251470929593779e-05	0.04851715266704559	2.740455151695187e-08	3.3325411550322315e-06	4.799547426159734e-09	1.7837807035903097e-06
297	Unpaid internships can pave the way for a good career.	Should unpaid internships be banned?	2	298	refutes	False	0.0002479378890711814	0.46251219511032104	0.0003551546251401305	0.44133222103118896	1.2152722774771973e-05	0.03098638541996479	3.480773713704366e-08	3.706370762301958e-06	6.989234080378992e-09	2.4306973500642926e-06
298	Unpaid internships are a good way for young professionals to gain work experience.	Should unpaid internships be banned?	2	299	refutes	"False.
Okay, let's see. The user"	0.0001779268350219354	0.42286568880081177	0.00030742998933419585	0.46442711353302	1.2990066352358554e-05	0.039332639425992966	2.920336328315898e-08	3.233483084841282e-06	7.212722419325246e-09	2.8984757136640837e-06
299	If drugs were legalised, the drug trade would be less able to fuel serious crime.	Should all drugs be legalized? 	2	300	supports	True	9.586013766238466e-05	0.36122822761535645	0.00010947571718133986	0.2994686961174011	3.610126077546738e-05	0.19335155189037323	8.47237160428449e-08	1.1812287084467243e-05	1.890441581053892e-08	1.23791705846088e-05
300	Around half of the total income of criminal organisations comes from illicit drug trafficking. Without this, they would lose significant power.	Should all drugs be legalized? 	4	301	supports	"False.
The question is about whether all drugs should"	0.00017267375369556248	0.5878437757492065	0.00010310820653103292	0.26496195793151855	1.7231110177817754e-05	0.07591287046670914	2.2419710532517456e-08	2.156726395696751e-06	7.1378338795113905e-09	3.162630264341715e-06
301	The legalisation of alcohol after Prohibition in the US greatly decreased the ability of gangs to make money from alcohol sales.	Should all drugs be legalized? 	7	302	supports	"None.
Okay, let's see. The user"	4.3036237912019715e-05	0.23412372171878815	0.00012259883806109428	0.39208346605300903	4.726606130134314e-05	0.29596012830734253	3.278956484109585e-08	4.790956154465675e-06	6.6876770787871465e-09	4.162454843026353e-06
302	Legalization of drugs would have significant economic benefits for the state and its citizens, rather than criminal gangs.	Should all drugs be legalized? 	2	303	supports	True	0.00019177250214852393	0.6327763199806213	6.575904262717813e-05	0.1841484010219574	1.3570146620622836e-05	0.06669413298368454	1.1379260200783392e-07	1.742441236274317e-05	1.4410703741418729e-08	9.182020221487619e-06
303	Legalisation would create jobs, which would likely improve employment rates. This would prevent people from turning to crime in order to generate income.	Should all drugs be legalized? 	3	304	supports	True	9.978400339605287e-05	0.4865988492965698	9.900747681967914e-05	0.31911933422088623	2.075309384963475e-05	0.12893585860729218	3.9134839369125984e-08	6.429008863051422e-06	7.2959953634210706e-09	4.418588559929049e-06
304	Drug legalisation is not necessary for governments to funnel more money into harm reduction and other social programmes, which could equally combat socioeconomic deprivation.	Should all drugs be legalized? 	6	305	refutes	"False.
The question is whether all drugs should be"	6.133308488642797e-05	0.2967645823955536	0.00018168182577937841	0.5373712182044983	2.119614691764582e-05	0.10917358845472336	8.088805181216685e-09	1.3031141179453698e-06	4.663189834275272e-09	2.868586534532369e-06
305	Redistributive policies aim to tax certain wealthier demographics more heavily and use this revenue for positive community investment.	Should all drugs be legalized? 	0	306	not_applicable	None	1.2555762623378541e-05	0.06830527633428574	7.572094182251021e-05	0.2274913191795349	0.00010595264757284895	0.6480624079704285	2.51056100353253e-08	3.2245864076685393e-06	1.140473671057407e-08	6.988334462221246e-06
306	Research shows that there is a positive correlation between a region's unemployment rate and the amount of property crimes reported in the area.	Should all drugs be legalized? 	4	307	not_applicable	"False.
None.
The question and answer are not"	5.394507297751261e-06	0.06164400652050972	3.924233897123486e-05	0.24380677938461304	5.621205855277367e-05	0.6423453092575073	1.2222674428130631e-08	2.6496932150621433e-06	3.921891700287006e-09	4.008857558801537e-06
307	The legalisation of drugs may create a drugs market that competes with the alcohol industry, jeopardising jobs in the latter.	Should all drugs be legalized? 	3	308	refutes	True	8.215606067096815e-05	0.2586699426174164	0.00024527270579710603	0.5476042628288269	2.0291116015869193e-05	0.09223160892724991	4.633544747889573e-08	6.335195394058246e-06	1.5339610470732623e-08	8.864531992003322e-06
308	Studies indicate that cannabis could be a substitute for alcohol if legalised for recreational use.	Should all drugs be legalized? 	4	309	insufficient-neutral	"False.
Okay, let's break this down."	6.257273344090208e-05	0.28000974655151367	0.00011690126120811328	0.2980688214302063	6.660832877969369e-05	0.3027627170085907	1.774522040420834e-08	2.027172968155355e-06	8.750273394753094e-09	4.97825658385409e-06
309	A 10-year study found that monthly alcohol sales dipped by 15% in US counties when medical marijuana was legalised.	Should all drugs be legalized? 	0	310	insufficient-neutral	False	6.283634138526395e-05	0.3499457836151123	0.0001077265405911021	0.3287436366081238	4.153228292125277e-05	0.22950005531311035	3.953534388756452e-08	4.5875494834035635e-06	1.1064674509952965e-08	6.52022254143958e-06
310	The sensations felt when consuming marijuana and alcohol are very different. As such, they are not interchangeable, meaning that people may use both.	Should all drugs be legalized? 	3	311	insufficient-neutral	True	2.8100628696847707e-05	0.21224136650562286	6.533591658808291e-05	0.28560197353363037	5.588477506535128e-05	0.44931498169898987	8.03165800533634e-09	1.2060546623615664e-06	2.7974365046645744e-09	1.9884480479959166e-06
311	Many find marijuana to be more relaxing and calming, and alcohol more energising and stimulating.	Should all drugs be legalized? 	0	312	insufficient-neutral	True	5.857825817656703e-05	0.40284258127212524	5.169513315195218e-05	0.21562610566616058	3.932758409064263e-05	0.2812294363975525	2.0918186294238694e-08	3.1045340165292146e-06	8.353245206649262e-09	4.7709772843518294e-06
312	Many people see marijuana as being safer than alcohol, so may make the switch even if the sensations felt are different.	Should all drugs be legalized? 	6	313	insufficient-supports	"True.
None.

Okay, let's break this"	4.0429735236102715e-05	0.18092094361782074	0.00012070089724147692	0.3175261616706848	8.10347410151735e-05	0.42727816104888916	1.5308597056673534e-08	1.9662497834360693e-06	8.035613063839264e-09	3.370936155988602e-06
313	Drugs are already easily accessible, and the alcohol industry is nonetheless highly successful.	Should all drugs be legalized? 	0	314	supports	False	0.0001160198517027311	0.37104320526123047	0.0001537013304186985	0.37104320526123047	3.098331217188388e-05	0.13864871859550476	5.1762853559012e-08	5.097556368127698e-06	1.6479900111221468e-08	7.3591818363638595e-06
314	If the legalisation of drugs makes them cheaper than alcohol, people might be financially motivated to begin consuming only drugs.	Should all drugs be legalized? 	3	315	refutes	None	9.126059012487531e-05	0.30348700284957886	0.00017183444288093597	0.3958216607570648	4.081425868207589e-05	0.18697291612625122	4.892185856419928e-08	6.019288321112981e-06	1.6973114469465145e-08	7.974261279741768e-06
315	In a behavioural study conducted on misusers of both alcohol and illicit drugs, results indicated that which drugs users choose to use is not a decision solely influenced by economic considerations.	Should all drugs be legalized? 	4	316	insufficient-neutral	None	2.8851727620349266e-05	0.21120983362197876	0.00010471395216882229	0.4541725218296051	2.689276880118996e-05	0.2508178949356079	2.1982302200740378e-08	4.0920454011939e-06	7.391967038472558e-09	7.294859642570373e-06
316	Studies indicate that alcohol consumption is common among drug misusers, suggesting that consumption of one often accompanies the other.	Should all drugs be legalized? 	4	317	insufficient-neutral	"None.
Okay, let's break this down."	1.873190740298014e-05	0.11821122467517853	8.39505810290575e-05	0.2925755977630615	7.466718670912087e-05	0.5297859311103821	9.770716680179703e-09	1.3255014437163481e-06	5.502327038442445e-09	3.6598269161913777e-06
317	The legal cannabis industry in the US currently supports 321,000 full-time jobs and creates jobs at a faster rate than any other US industry.	Should all drugs be legalized? 	0	318	insufficient-supports	True	2.7073267119703814e-05	0.25250130891799927	4.940784492646344e-05	0.2687862515449524	3.586625098250806e-05	0.385018527507782	6.843150401891762e-08	1.3720063179789577e-05	6.936315521954839e-09	7.062483291520039e-06
318	Particularly between poorer countries, and in areas like Central America, it is often difficult to monitor and control movements across borders, meaning that drug smuggling will remain rampant.	Should all drugs be legalized? 	3	319	insufficient-refutes	None	3.0743573006475344e-05	0.20977820456027985	7.85064694355242e-05	0.34050363302230835	4.0097183955367655e-05	0.34050363302230835	1.6416388248785552e-08	2.996833018187317e-06	8.96036844721948e-09	6.648764156125253e-06
319	The sale of drugs with potentially fatal or otherwise highly dangerous effects is likely to stay banned even if drugs are legalised, so there will remain a black market demand for these substances (p. 1-2).	Should all drugs be legalized? 	3	320	refutes	False	3.5133722121827304e-05	0.26329660415649414	0.00011885585263371468	0.48427659273147583	2.1815025320393033e-05	0.1647668033838272	6.901649918233943e-09	1.0283046094627935e-06	3.9632839232695005e-09	2.861508846763172e-06
320	There will still be a black market demand for drugs in places where they are legalised. Thus, criminals can continue to generate drug-related income regardless.	Should all drugs be legalized? 	3	321	refutes	False	0.00010110533912666142	0.3468986451625824	0.00017744539945852011	0.38099363446235657	3.778030441026203e-05	0.16644379496574402	4.188198232668583e-08	4.619218088919297e-06	1.6210139008876467e-08	9.186411261907779e-06
321	In some US states where marijuana is legal, there are still large marijuana black markets due to regulations that increase the cost of legal marijuana.	Should all drugs be legalized? 	0	322	refutes	False	4.135832568863407e-05	0.28220775723457336	8.61981461639516e-05	0.3248191177845001	3.6214561987435445e-05	0.2911659777164459	4.014625076820266e-08	6.004962415318005e-06	1.3766203288412271e-08	9.014516763272695e-06
322	Despite alcohol often being very expensive due to heavy taxation, black markets for it are still much rarer in places where it is legally sold.	Should all drugs be legalized? 	7	323	supports	True	3.7310324842110276e-05	0.24675346910953522	8.674910350237042e-05	0.31192561984062195	5.428619988379069e-05	0.3646779954433441	2.8426955012150756e-08	3.3114793041022494e-06	8.144459329173515e-09	5.459706699184608e-06
323	"Cheaper black market alcohol is highly popular and accounts for a substantial amount of total alcohol trade in many lower-income countries in Central and Latin America and Africa,
 despite alcohol being a legally purchasable substance in such countries."	Should all drugs be legalized? 	0	324	insufficient-neutral	None	2.785334254440386e-05	0.1503472626209259	0.00014035016647540033	0.4151220917701721	7.811663090251386e-05	0.34956783056259155	1.8010558378023234e-08	1.4532870409311727e-06	6.446997602438387e-09	3.5411551380093442e-06
324	The enforcement of the criminalisation of drugs has harmed communities around the world and should be stopped.	Should all drugs be legalized? 	5	325	supports	True	7.31193576939404e-05	0.5311066508293152	5.064829747425392e-05	0.24698753654956818	1.8925886251963675e-05	0.1474829912185669	7.222435094433877e-09	1.3497314057531185e-06	2.895418349524448e-09	2.387431550232577e-06
325	Incarceration often creates, or else fails to treat, substance use disorders or other mental illnesses.	Should all drugs be legalized? 	0	326	supports	None	5.18668930453714e-05	0.3457143306732178	9.032083471538499e-05	0.3511585593223572	3.220488360966556e-05	0.2267250120639801	1.494074552965685e-08	2.296745606145123e-06	5.89676973916653e-09	4.427092790137976e-06
326	Time spent in prison can have a lasting positive impact on an offender's life by deterring them from future crime and rehabilitating them via training and well-being programmes.	Should all drugs be legalized? 	2	327	refutes	"None.
Argument: ""Time spent in prison can"	1.6415595382568426e-05	0.10359369963407516	0.00012035183317493647	0.40336892008781433	6.441969162551686e-05	0.44301408529281616	1.4007331294862979e-08	2.1871665012440644e-06	4.173033918419833e-09	3.5224943530920427e-06
327	Those who have been to prison find it very hard to find employment upon their release (p. 3).	Should all drugs be legalized? 	5	328	insufficient-neutral	None	1.9452516426099464e-05	0.1704336702823639	7.937841292005032e-05	0.35521426796913147	4.086050466867164e-05	0.3901265561580658	6.047888234661514e-08	8.699704267201014e-06	7.27982429893359e-09	6.3153074734145775e-06
328	Many who go to prison suffer from stigma, affecting their employment opportunities and their daily life.	Should all drugs be legalized? 	3	329	insufficient-supports	"False.

None.
The question is about whether all"	5.122092261444777e-05	0.3182278871536255	0.00011909220484085381	0.40227776765823364	3.281335375504568e-05	0.20227795839309692	3.511917157084099e-08	4.801654995389981e-06	8.341533686007097e-09	6.117466909927316e-06
329	Due to this, many who leave prison often continue to commit crime to make money.	Should all drugs be legalized? 	3	330	insufficient-neutral	"False.
None.

Okay, let's see."	5.1080882258247584e-05	0.2550041973590851	0.00016360791050828993	0.4545941650867462	4.335178527981043e-05	0.22504042088985443	3.394560366132282e-08	4.533686478680465e-06	6.684286013580731e-09	3.5864409255736973e-06
330	It is not necessary to end drug prohibition in order to mitigate cruel and dangerous policing practices: adapting the criminal justice system with regards to drug law enforcement would be sufficient.	Should all drugs be legalized? 	6	331	refutes	False	1.6089539712993428e-05	0.1377033293247223	0.00012955517740920186	0.6075755953788757	2.2867847292218357e-05	0.20997251570224762	1.977865871083395e-09	4.389397361137526e-07	2.0406500933489724e-09	2.1945606931694783e-06
331	If drugs were legalised, prison systems would be less overcrowded, which is a significant social issue in the US.	Should all drugs be legalized? 	2	332	supports	True	0.00011302518396405503	0.5913188457489014	6.002721784170717e-05	0.21416150033473969	1.425771461072145e-05	0.10275580734014511	3.359146916181999e-08	6.228734491742216e-06	5.883104670090233e-09	4.181774329481414e-06
332	Many other countries have significantly more overcrowded prisons than the US does. Legalisation could help resolve this serious issue in those countries, too.	Should all drugs be legalized? 	2	333	supports	"True.
False.
None.

False.

The argument"	0.00011976668611168861	0.53594970703125	0.00010569373989710584	0.31018391251564026	2.0975563529646024e-05	0.09914073348045349	2.1254788151736648e-08	2.4856785785232205e-06	5.480045306427428e-09	3.0218163828976685e-06
333	In the US, the War on Drugs has led to the mass incarceration of African Americans and other minority groups.	Should all drugs be legalized? 	0	334	supports	True	7.236170495161787e-05	0.39674627780914307	7.885532249929383e-05	0.27697354555130005	3.6671128327725455e-05	0.24063877761363983	1.8684865210616408e-08	2.615263156258152e-06	7.37448679899444e-09	4.7727717173984274e-06
334	Other countries, like Japan, have strict drug laws which are not used as instruments of social oppression.	Should all drugs be legalized? 	0	335	refutes	False	7.711623766226694e-05	0.26048848032951355	0.00019086453539784998	0.41625940799713135	5.383581083151512e-05	0.20286862552165985	5.739425290585132e-08	5.2478262659860775e-06	2.4207510662677123e-08	1.043654810928274e-05
335	Legalisation would increase overall drug use.	Should all drugs be legalized? 	5	336	refutes	True	6.629809649894014e-05	0.15035036206245422	0.00039982868474908173	0.7172814607620239	1.3260451851238031e-05	0.047309841960668564	4.043002377329685e-08	5.072575277154101e-06	1.4642782986129532e-08	1.00095148809487e-05
336	If legal, drugs will likely be easier for individuals to access, which may lead to more people trying them.	Should all drugs be legalized? 	3	337	refutes	True	9.270053124055266e-05	0.2851082384586334	0.00014135142555460334	0.3180612325668335	6.175186717882752e-05	0.2678343951702118	6.634988380938012e-08	8.292169695778284e-06	2.292990508578896e-08	1.1422946954553481e-05
337	"Substance abuse increased during the COVID-19 pandemic despite it being harder to access drugs during periods of lockdown. 
This indicates that psychological stress, rather than ease of access, is a primary determinant of frequent drug (mis)use."	Should all drugs be legalized? 	0	338	insufficient-refutes	"False.
The question is about whether all drugs should"	2.1658359401044436e-05	0.11782480031251907	0.00012080062879249454	0.38034310936927795	8.23788795969449e-05	0.4309852123260498	9.815159351944658e-09	1.0783063544295146e-06	4.5466781450898e-09	2.9541295134549728e-06
338	The current American opioid crisis, in which hundreds of thousands of people have become addicted to and overdosed on opioids, has been caused by easy access to certain opioids due to their legality.	Should all drugs be legalized? 	7	339	refutes	True	6.417853728635237e-05	0.3574207127094269	0.0001457629114156589	0.5450015068054199	8.032885489228647e-06	0.05149133503437042	5.749492881790275e-09	9.821426374401199e-07	2.913701058204765e-09	1.5941750461934134e-06
339	In many places where drugs have been legalised, their consumption has not increased.	Should all drugs be legalized? 	0	340	supports	None	7.530426228186116e-05	0.29277560114860535	0.0001533118775114417	0.39397263526916504	4.3243599066045135e-05	0.19810187816619873	4.6282355725679736e-08	5.124519248056458e-06	1.3950872457257901e-08	7.573548828077037e-06
340	In some cases, drug legalisation has actually lead to decreases in drug use.	Should all drugs be legalized? 	2	341	supports	True	0.00010615193605190143	0.34753528237342834	0.00015566153160762042	0.3585672378540039	4.3564668885665014e-05	0.17475171387195587	5.558644033953897e-08	6.325309641397325e-06	1.5617748871932235e-08	7.74993168306537e-06
341	In the US state of Colorado, there has been a drop in teen drug use following the legalisation of marijuana.	Should all drugs be legalized? 	0	342	insufficient-supports	"False.
The question is about whether all drugs should"	4.610140240401961e-05	0.23014584183692932	0.0001282884186366573	0.42996901273727417	3.974189530708827e-05	0.2374514490365982	5.7911222484108293e-08	8.79860635905061e-06	1.307405739225942e-08	7.125328920665197e-06
342	Using drugs can be an important and positive experience for individuals and communities.	Should all drugs be legalized? 	2	343	supports	"True.
True. The argument suggests that using drugs"	0.00011207147326786071	0.517433762550354	8.7965905549936e-05	0.29482489824295044	2.2241263650357723e-05	0.12483670562505722	1.3884849714429492e-08	1.958662551260204e-06	3.2215443646066433e-09	2.020836973315454e-06
343	Creativity can be stimulated through the use of drugs.	Should all drugs be legalized? 	0	344	supports	True	7.677274697925895e-05	0.3382277190685272	0.00013369180669542402	0.36571136116981506	3.982917405664921e-05	0.2051454782485962	1.0610946787892317e-08	1.4061417914490448e-06	3.458352937357745e-09	1.9070110965913045e-06
344	Drugs are not necessary for creativity, which can be boosted by a multitude of legal alternatives such as walking, meditation, and visually stimulating environments.	Should all drugs be legalized? 	6	345	refutes	True	0.00010929584095720202	0.4594605267047882	8.185880142264068e-05	0.2274494469165802	4.415951116243377e-05	0.19761152565479279	2.358020090298396e-08	2.550388899180689e-06	7.806358226503107e-09	3.48596813637414e-06
345	Some drugs can impair one's ability to make moral, rational, and autonomous judgements.	Should all drugs be legalized? 	5	346	refutes	"False.
Okay, let's see. The argument"	7.917678158264607e-05	0.34881889820098877	0.00017842762463260442	0.49191346764564514	1.2925254850415513e-05	0.06554112583398819	1.111554581711971e-08	1.3623118775285548e-06	5.926527268940163e-09	3.2680161439202493e-06
346	Individuals routinely take many decisions which partially remove their autonomy. It would be arbitrary to only ban drugs for this reason.	Should all drugs be legalized? 	7	347	supports	"None.
Okay, let's break this down."	0.00014670597738586366	0.3711523711681366	0.00023080091341398656	0.3711523711681366	5.973947190796025e-05	0.16729149222373962	1.068501198631111e-08	9.808045433601364e-07	6.712679745390915e-09	2.6043430807476398e-06
347	Drugs can alter and intensify thoughts, feelings, and perceptions, allowing users to experience states of consciousness they would not otherwise have access to. This can bring about noticeable health benefits.	Should all drugs be legalized? 	2	348	supports	True	0.00010886836389545351	0.49873340129852295	6.654989556409419e-05	0.21450257301330566	3.85161220037844e-05	0.18636305630207062	1.8292451997581338e-08	2.1392429516708944e-06	6.199429414266433e-09	2.5603385438444093e-06
348	Drugs should remain banned because they are detrimental to the health of those who use them.	Should all drugs be legalized? 	5	349	refutes	"False.

Okay, let's see. The argument"	7.281117723323405e-05	0.3013399839401245	0.00022427421936299652	0.608723521232605	3.432132871239446e-06	0.017540091648697853	7.566645088274981e-09	1.1055792583647417e-06	4.311344170560005e-09	3.199099865014432e-06
349	While enjoyable, these experiences are not important or necessary for a good life. It is, therefore, not particularly harmful for people to be denied them.	Should all drugs be legalized? 	1	350	refutes	True	2.7736396077671088e-05	0.15446850657463074	0.00011586584150791168	0.40066081285476685	6.398719415301457e-05	0.3883337676525116	1.0259017635405598e-08	1.52853237977979e-06	4.922330099077499e-09	3.2868608741409844e-06
350	Health problems associated with illegal drugs are often the result of dangerous, poor-quality drugs. These drugs would become less common with legalisation.	Should all drugs be legalized? 	3	351	supports	True	9.473628597334027e-05	0.4408278167247772	0.00010651487536961213	0.37121424078941345	1.93977994058514e-05	0.11321394890546799	3.369825662957737e-08	4.465627171157394e-06	7.2028547570823775e-09	4.500651357375318e-06
351	Many illegal drugs have valuable medicinal properties that could be beneficial to the health of those who use them.	Should all drugs be legalized? 	2	352	supports	True	0.00010336042032577097	0.5407552719116211	5.532484647119418e-05	0.22542032599449158	2.067338391498197e-05	0.13046328723430634	2.4877062188011223e-08	3.1456943361263257e-06	6.3640492875549626e-09	3.824191480816808e-06
352	Legalisation could fuel the creation of more hygienic supervised injection sites, reducing the health risks associated with injecting illegal drugs.	Should all drugs be legalized? 	2	353	supports	"None.

Okay, let's tackle this. The"	0.00010802483302541077	0.4685326814651489	7.780737360008061e-05	0.22480443120002747	4.64609001937788e-05	0.22480443120002747	2.7461160456709877e-08	3.90418335882714e-06	8.375181437259016e-09	4.600252395903226e-06
353	Moral anti-realism is correct and there are no such things as moral properties.	Are moral properties natural properties?	4	354	refutes	False	0.0002404405822744593	0.2763291597366333	0.0006434523384086788	0.5849888324737549	3.436918996158056e-05	0.05613967403769493	1.0538887984523626e-08	4.4987885416958306e-07	7.047890271394408e-09	1.0378596471127821e-06
354	Moral Error Theory (an anti-realist theory) provides the best explanation for moral phenomena.	Are moral properties natural properties?	4	355	refutes	False	0.0002448797458782792	0.350246399641037	0.0005348665290512145	0.5510149598121643	2.1734311303589493e-05	0.04054396599531174	1.0649934267803474e-08	3.980778160439513e-07	5.767694766234399e-09	9.401341003467678e-07
355	Almost all of the investigative methods and tools available to us are designed to explore the natural world.	Are moral properties natural properties?	3	356	insufficient-supports	"False.
The question asks whether moral properties are natural"	0.00025389777147211134	0.27411600947380066	0.0006689315196126699	0.5713068246841431	2.4749533622525632e-05	0.03595619648694992	2.6385428952835355e-08	1.078956302080769e-06	1.7303989352512872e-08	2.6290413188689854e-06
356	In Wittgensteinian philosophy, the meaning of a term simply means its common use between two or more agents, and all concepts exist within a 'language-game' rather than in nature.	Are moral properties natural properties?	4	357	refutes	True	0.0001777249271981418	0.23879531025886536	0.0007252286886796355	0.6697180271148682	1.9631041141110472e-05	0.03282635658979416	7.491533615677781e-09	3.1483693874179153e-07	7.72934072301723e-09	1.133771320382948e-06
357	"There is no such thing as absolute morality. What we perceive (as living organisms) to be moral on a fundamental level arises from our biology. 
We've evolved to consider as ""good"" the things that serve our instincts of survival and reproduction and as ""bad"" things that go against our basic instincts. This means that the basis of morality in humans is natural, and then specificities that come from that basis are mostly social constructs"	Are moral properties natural properties?	3	358	supports	True	0.00046824521268717945	0.6390526294708252	0.0002282044879393652	0.22085069119930267	2.29511279030703e-05	0.02807801403105259	1.0606158618031714e-08	4.138474309911544e-07	7.699245685444112e-09	1.0404122576801456e-06
358	No attempt by philosophers to bridge the is/ought divide has yet succeeded.	Are moral properties natural properties?	4	359	refutes	"False.

The question is whether moral properties are natural"	0.0001429074618499726	0.17346997559070587	0.0006764677818864584	0.6754502654075623	4.9387497710995376e-05	0.08999504148960114	1.550319872478667e-08	7.557911203548429e-07	1.2408603922153816e-08	2.238816250610398e-06
359	"Normative (moral) properties are quite commonly used in the natural sciences. The study of medicine and biology makes natural use of notions about how organs ""ought"" to function."	Are moral properties natural properties?	0	360	supports	"True.
True.
The argument presented suggests that moral"	0.00041508019785396755	0.631969690322876	0.0002440130483591929	0.2718067765235901	2.305417183379177e-05	0.039157476276159286	9.041743354032405e-09	4.494847587466211e-07	6.023099352603367e-09	1.012929601529322e-06
360	"In medicine, these ought claims are attached to an implied ""in order to be healthy"". Doctors are paid to keep people healthy, and for them to 
question whether, in an objective sense, one ""ought"" to be healthy is counterproductive or irrelevant."	Are moral properties natural properties?	1	361	insufficient-supports	"True.
Okay, let me try to work through"	0.00028521218337118626	0.404758483171463	0.000488967401906848	0.417606920003891	8.04477822384797e-05	0.10395058244466782	1.1975509472961221e-08	4.2546221834527387e-07	9.217878904621557e-09	1.2407714393702918e-06
361	"It is possible for people to draw differing conclusions from the same facts because they have unique prior experiences and value judgments
 about the world that they will subconsciously rely on when evaluating the same evidence."	Are moral properties natural properties?	3	362	insufficient-neutral	False	0.00012820545816794038	0.2429252564907074	0.0003887782513629645	0.4831145703792572	9.453277016291395e-05	0.1982698142528534	8.53522674759688e-09	3.545198694610008e-07	7.863018680609457e-09	1.5042908216855722e-06
362	The principle of Occam's razor states that, all things being equal, the simplest explanation is the best.	Are moral properties natural properties?	4	363	insufficient-neutral	None	5.1563842134783044e-05	0.11071290820837021	0.0003551386471372098	0.5800941586494446	7.502494554501027e-05	0.24181921780109406	7.3817703061251905e-09	4.748866047066258e-07	1.0450707854658958e-08	3.0249154860939598e-06
363	"The Open Question Argument argues that if moral properties were natural properties, then ""yes"" would logically follow from ""is [eg. pleasure] goodness?"" just like ""yes"" follows from ""is H20 water?"". However, intuitively the former question requires a much more open answer to the latter. This indicates that moral properties are not self-evidently natural."	Are moral properties natural properties?	4	364	refutes	True	0.0003689257428050041	0.2868874669075012	0.0010346777271479368	0.5886548757553101	3.5962268157163635e-05	0.031197564676404	3.4501642431905566e-08	9.583620794728631e-07	1.8323682127174834e-08	1.7489800256953458e-06
364	"There's no natural property or set of natural properties which are synonymous with ""good"" or ""bad"" - good and bad are judgments we make of natural properties and so can't be identical to these natural properties. Saying pleasure is good is not the same as saying ""pleasure is pleasure"" and so can't be identical."	Are moral properties natural properties?	0	365	refutes	True	0.00033411773620173335	0.47788169980049133	0.00047118152724578977	0.45599788427352905	1.1168038327014074e-05	0.019724532961845398	7.993460116040296e-09	3.732967854830349e-07	6.298695343076588e-09	9.025158647091303e-07
365	"H2O is water by definition (as otherwise, some substance not made of H2O but with indistinguishable macroscopic properties to H2O could be accurately classified as ""water""). The same would apply to questions like ""Is X goodness?"", the only difference being that X is more difficult to fully define in terms of natural properties."	Are moral properties natural properties?	7	366	supports	"False.
None"	0.000513887673150748	0.3418080806732178	0.0010061432840302587	0.5724208354949951	2.4223354557761922e-05	0.023998696357011795	2.397720777480572e-08	5.652453864968265e-07	2.2002723198966123e-08	1.6875110304681584e-06
366	Moral properties are capable of explaining human intuitions in relation to moral dilemmas.	Are moral properties natural properties?	0	367	insufficient-neutral	True	0.00030475103994831443	0.4900720417499542	0.0002753196458797902	0.36419060826301575	3.639732312876731e-05	0.080002062022686	1.0566822972180034e-08	4.877243782175356e-07	6.535510799210442e-09	1.2950608834216837e-06
367	"There are no truly objective morals. The example of ""murder"" is a semantic deception where intentional death is labeled after the fact to show condemnation, rather than being an intrinsic quality clearly different than ""defense"", ""accident"", ""euthanasia"", ""sacrifice"" or ""execution"". That we employ a legal debate process to make those distinctions underlines the fact that even the most important morals are subjective in nature."	Are moral properties natural properties?	0	368	refutes	True	0.00044806557707488537	0.4544370472431183	0.0006318737869150937	0.43362686038017273	3.121432746411301e-05	0.03788989409804344	9.133177769626855e-09	2.8301715815359785e-07	1.1727232518410347e-08	9.955743962564156e-07
368	You should pull the lever because five lives are worth more than one.	What's the right solution to the trolley problem?	1	369	supports	True	0.0005664257914759219	0.4991171360015869	0.0005753457080572844	0.3324836790561676	1.5452696970896795e-05	0.0244643222540617	5.5297427081768546e-08	3.3158735277538653e-06	2.33231194357586e-08	2.6852762857743073e-06
369	"There is no moral difference between causing death directly and causing death through negligence;
 therefore the only relevant variable here is the number of people who will die."	What's the right solution to the trolley problem?	7	370	supports	False. The trolley problem is a thought experiment	0.0008450085879303515	0.31775447726249695	0.0006529720267280936	0.2593436539173126	0.00017437739006709307	0.09392803907394409	6.577004540986309e-08	2.8406539058778435e-06	1.1816737099934471e-07	1.313505072175758e-05
370	From a simple utilitaristic point of view, pulling the lever would be not only permissible, but, morally speaking, the better option as it maximizes utility.	What's the right solution to the trolley problem?	4	371	supports	"False.
The question is about the right solution to"	0.0005614918773062527	0.3270227015018463	0.0008233733824454248	0.4199054539203644	2.0293178749852814e-05	0.02521728165447712	8.590107825057203e-08	4.155145234108204e-06	5.251027701547173e-08	5.814093583467184e-06
371	There is more suffering and pain if more people die.	What's the right solution to the trolley problem?	1	372	supports	False	0.0003103000926785171	0.10137708485126495	0.0008978830301202834	0.3594129681587219	0.00019117032934445888	0.10297354310750961	2.1192502686062653e-07	1.2707944733847398e-05	8.818428227641562e-07	9.244393731933087e-05
372	If morality is merely about the eventual death toll, it should be considered moral for a doctor to kill one patient and use their organs to save more people. Yet, this is clearly immoral.	What's the right solution to the trolley problem?	7	373	refutes	"True.
False.
None.
True.
The question"	0.00023427432461176068	0.15827950835227966	0.0005404651747085154	0.4579969048500061	6.659837526967749e-05	0.07360680401325226	5.4864855769665155e-08	4.427090971148573e-06	1.0493178592696495e-07	1.557325776957441e-05
373	"Possible good consequences (such as saving five people) are irrelevant to whether or not pulling the lever is right, as the action must be right in and of itself
 regardless of consequence to be morally correct (under deontology)."	What's the right solution to the trolley problem?	4	374		The right solution is to pull the lever, because	0.0005650502862408757	0.1889834702014923	0.000809397257398814	0.23889748752117157	8.268513920484111e-05	0.06135395169258118	1.2676390781507507e-07	4.0528275349061005e-06	1.1274615019374323e-07	1.200534916279139e-05
374	In the trolley problem, you are not initially the cause of any person's death unless you pull the lever. You had no prior obligation to either group, and you did not, by your own action cause the situation to exist.	What's the right solution to the trolley problem?	3	375	insufficient-neutral	True	0.0008498659008182585	0.2932640016078949	0.0008366898400709033	0.23935510218143463	0.00038909693830646574	0.1806747168302536	6.87831516188453e-08	2.6422769678902114e-06	2.3178321839623095e-07	1.6059948393376544e-05
375	Negligence is as much of a choice as intervening.	What's the right solution to the trolley problem?	7	376	insufficient-neutral	"False.
The question is not about the trolley"	0.00022104081290308386	0.056682586669921875	0.0002860480744857341	0.06323399394750595	0.00015674140013288707	0.062253646552562714	4.317390676078503e-07	2.4994600607897155e-05	2.2621509288001107e-06	0.0003450397925917059
376	There is a moral difference between causing death and failing to prevent one.	What's the right solution to the trolley problem?	7	377	insufficient-supports	"False.
Okay, let's see. The user"	0.00042047962779179215	0.20461717247962952	0.00041720742592588067	0.25465017557144165	0.00016988912830129266	0.12410658597946167	2.2628778140187933e-07	1.0776130693557207e-05	3.971474029640376e-07	7.900578202679753e-05
377	"It's unfair to consider the one who pulls or not the lever to be the resposible of one or five's people's deaths.
 The responsible one is really whoever put the trolley on the tracks in the first place."	What's the right solution to the trolley problem?	1	378	refutes	True	0.0003158716717734933	0.18686628341674805	0.0007118277717381716	0.2894241511821747	0.00013167491124477237	0.10647320002317429	1.609445803296694e-07	6.763807959941914e-06	1.4540131587637006e-07	1.867547325673513e-05
378	When people's lives are at stake, it is selfish to change the focus to whether or not the bystander deserves blame for what happens. The bystander's priority should be saving lives, not avoiding blame.	What's the right solution to the trolley problem?	1	379	supports	True	0.0005382833769544959	0.12373348325490952	0.0008143967716023326	0.12373348325490952	0.00029038210050202906	0.10583484917879105	1.736562893484006e-07	6.266764103202149e-06	1.1683268894557841e-06	9.575785952620208e-05
379	You should pull the lever because a world where people are willing to sacrifice one person to save five is a better world to live in overall.	What's the right solution to the trolley problem?	1	380	supports	"You should pull the lever.
Do you agree with"	0.0002474208304192871	0.1711256057024002	0.0002324303495697677	0.10059954971075058	1.806367617973592e-05	0.02352403849363327	2.9135893697684878e-08	2.8580884645634796e-06	2.0822483293159166e-08	3.2386387829319574e-06
380	If all seven participants were asked what action they would prefer, knowing that they would be put into this scenario but unaware of where they would be, they would likely opt to kill only one person.	What's the right solution to the trolley problem?	0	381	supports	"False.
None.
The question is about the t"	0.0002911933697760105	0.19368481636047363	0.00048009667079895735	0.4100307822227478	3.849583663395606e-05	0.0537843331694603	1.0078532852730859e-07	7.639731848030351e-06	6.331669766268533e-08	1.7624675820115954e-05
381	It is highly problematic to apply statistical analysis to moral issues simply because moral values cannot be mathematically equated.	What's the right solution to the trolley problem?	1	382	insufficient-neutral	"False.
The question is about the trolley problem"	0.0005765976384282112	0.13358017802238464	0.0006137849995866418	0.15374985337257385	0.00059956667246297	0.22370471060276031	2.3885041855464806e-07	9.466599294682965e-06	3.1151964208220306e-07	2.2709189579472877e-05
382	There is no better framework than mathematics and statistics to make any kind of judgement in these situations.	What's the right solution to the trolley problem?	1	383	insufficient-neutral	"The right solution is to pull the lever.
Is"	7.009623368503526e-05	0.023813169449567795	0.00013095700705889612	0.04662392660975456	0.00012594013242051005	0.09272274374961853	2.0714223580853286e-07	2.6193047233391553e-05	5.809447429783177e-07	0.00015073058602865785
383	For some, if in the thought experiment their parent was on the tracks, but they didn't know which one, they would pull the lever to maximize the chances of saving their parent.	What's the right solution to the trolley problem?	3	384	insufficient-neutral	"True.
True.
False.
None.
The question"	0.0003135046281386167	0.35195252299308777	0.000558882427867502	0.4590326249599457	3.51742455677595e-05	0.052313074469566345	1.1021625567764204e-07	7.035291218926432e-06	3.8238795241340995e-08	3.8550210774701554e-06
384	If the five people are murderers, it would be better to let them die than to let them live on to murder others.	What's the right solution to the trolley problem?	0	385		"True.
Okay, let me try to work through"	0.0002619435254018754	0.2219742089509964	0.0008005639538168907	0.5161054730415344	7.105409167706966e-05	0.09109802544116974	1.5726234892099455e-07	1.0644080248312093e-05	7.342002561472327e-08	1.1781922694353852e-05
385	Even if the five people on the tracks have done heinous things, many believe it is illegitimate to kill them.	What's the right solution to the trolley problem?	1	386		"None.
Argument: ""Even if the five people"	0.00022618749062530696	0.14927594363689423	0.0005468512536026537	0.3525426387786865	0.0001965151313925162	0.2008727490901947	1.1257851895152271e-07	6.1226155594340526e-06	1.8131092360818002e-07	3.0136568966554478e-05
386	If self-sacrifice for a greater number of people is not an obligation, then sacrificing someone else to save a greater amount of people without their consent cannot be the right thing to do.	What's the right solution to the trolley problem?	7	387	refutes	Sacrificing someone else to save a greater amount	0.00014568056212738156	0.06207532063126564	0.0002743017685133964	0.11779826134443283	9.116456203628331e-05	0.060165464878082275	1.3759681394276413e-07	9.533899174130056e-06	2.2034187168173958e-06	0.0003413740487303585
387	Judith Jarvis Thompson set up a trolley problem where the bystander can turn the trolley towards themself. If one is wary of doing this, they are not entitled to turn the track on others.	What's the right solution to the trolley problem?	0	388	supports	False	0.0005868517328053713	0.10924350470304489	0.0012041415320709348	0.24618403613567352	0.00019811242236755788	0.07277186214923859	4.2832024860217643e-07	1.1804987479990814e-05	2.3154775590228382e-06	0.00022981443908065557
388	If individuals have no moral right to make others sacrifice themselves, then killing the one person is an immoral act in a way that allowing the five to die is not.	What's the right solution to the trolley problem?	7	389	refutes	True	0.00027418878744356334	0.06352122128009796	0.0008578607812523842	0.25123131275177	0.0002118766715284437	0.0881904885172844	1.1181935377635455e-07	5.181356300454354e-06	1.0242628150081146e-06	0.00013679786934517324
389	Self-sacrifice for a greater number of people is a moral obligation.	What's the right solution to the trolley problem?	1	390	supports	It's morally required to sacrifice the few for the	0.00010477341857040301	0.05138557031750679	0.00011779992200899869	0.055561043322086334	3.296841896371916e-05	0.02316129021346569	2.1196694888203638e-07	1.5094043192220852e-05	1.3292469702719245e-06	0.0004515732580330223
390	Self-sacrifice may be a highly moral and virtuous act, but it does not follow that such an obligation exists.	What's the right solution to the trolley problem?	1	391	insufficient-refutes	It's not clear what the right solution is.	0.00027803386910818517	0.06697788834571838	0.000469270977191627	0.1395939141511917	0.0003327629528939724	0.13742971420288086	1.9363343994882598e-07	6.852529622847214e-06	1.136260834755376e-06	0.0001282915472984314
391	Pulling the lever can benefit you directly.	What's the right solution to the trolley problem?	2	392	insufficient-neutral	False	0.0001013942965073511	0.07179117202758789	0.0005438667722046375	0.27093705534935	3.190512870787643e-05	0.036667343229055405	4.291382182941561e-08	4.185042598692235e-06	4.127597890146717e-07	8.275560685433447e-05
392	Five people will be eternally thankful.	What's the right solution to the trolley problem?	2	393	supports	"None.

Wait, the question is about the t"	0.00018863783043343574	0.11335348337888718	0.0004385960928630084	0.2762030065059662	8.113211515592411e-05	0.08293118327856064	2.2877533467635658e-07	2.417070572846569e-05	3.713390128723404e-07	6.029227006365545e-05
393	Pulling the lever might cause severe mental problems for the person who pulls the lever.	What's the right solution to the trolley problem?	5	394		"""Pulling the lever is the only solution that"	0.00032888955320231616	0.1170928031206131	0.0007183608249761164	0.20550425350666046	0.00021569103410001844	0.1457243412733078	8.727833744615054e-08	4.61862464362639e-06	4.0992628669300757e-07	4.2472081986488774e-05
394	Making a decision that will result in the death of others out of self-interest is immoral because it prioritizes your self-interest.	What's the right solution to the trolley problem?	1	395	insufficient-neutral	"None.
Okay, let's see. The user"	0.00043854719842784107	0.06611113250255585	0.0009882813319563866	0.1294393092393875	0.0003134155413135886	0.06820973008871078	1.2196360898997227e-07	3.322291831864277e-06	3.427752972129383e-06	0.000215407126233913
395	By consciously pulling the lever, rather than passively watching, you choose to kill one person instead of merely allowing five people to die. This active choice is immoral.	What's the right solution to the trolley problem?	1	396	refutes	"False.
The question asks for the right solution to"	0.0005681372131220996	0.2617579400539398	0.0009440465364605188	0.40541863441467285	0.00010509481944609433	0.0810888260602951	8.759943170844053e-08	3.858102445519762e-06	1.2209576993882365e-07	1.0164746527152602e-05
396	By pulling the lever, you actively interfere with the plan of fate, nature or a higher being, which is wrong.	What's the right solution to the trolley problem?	1	397	refutes	"The right solution is to pull the lever.
The"	0.00033153261756524444	0.1492086797952652	0.0005297875613905489	0.1423759162425995	0.00014148074842523783	0.08501654863357544	1.0366544955786594e-07	3.859744992951164e-06	1.5840362266317243e-06	0.00025618853396736085
397	According to many philosophers, the fate of the universe tends towards Goodness.	What's the right solution to the trolley problem?	4	398	not_applicable	"None.
Okay, let's tackle this. The"	0.00023100548423826694	0.12838052213191986	0.00027219101320952177	0.17275488376617432	0.0001456933532608673	0.09392520040273666	3.8293032389447035e-07	2.591809789009858e-05	4.691760011610313e-07	7.441287743858993e-05
398	All humans should go vegans because a vegan society has envinornmental advantages 	Should all humans be vegans?	2	399	supports	True	0.000766013516113162	0.6964141726493835	0.00020778676844201982	0.14597633481025696	2.641711944306735e-05	0.030123919248580933	8.845985632888187e-08	5.121192771184724e-06	2.7944071945285032e-08	4.848647677135887e-06
399	a vegan society would be the most effective at combating climate change.(link)	Should all humans be vegans?	4	400	supports	True	0.00041297980351373553	0.3904132843017578	0.0008022828260436654	0.5172135829925537	2.0884843252133578e-05	0.026567958295345306	3.297522255252261e-07	1.2667297596635763e-05	4.175984358312235e-08	6.0778361330449115e-06
400	A vegan society has environmental advantages, because a vegan society would be the most effective at combating climate change.	Should all humans be vegans?	2	401	supports	"False.
Okay, let's break this down."	0.0004590950265992433	0.38003069162368774	0.0008849289151839912	0.5194403529167175	2.1810297766933218e-05	0.027102528139948845	1.814672145883378e-07	8.408618668909185e-06	3.228208811378863e-08	4.828663804801181e-06
401	[a vegan society would not be the most effective] because the environmental advantages of a vegan society can be pursued by significantly decreasing meat consumption and sustainably restructuring the meat industry.	Should all humans be vegans?	6	402	refutes	False	4.1240531572839245e-05	0.07999617606401443	0.000748341204598546	0.8600398898124695	8.184433681890368e-06	0.019000757485628128	9.002382839184975e-09	8.762174843468529e-07	1.0361679514403477e-08	3.1801282602827996e-06
402	A vegan society would cause the least harm to wildlife.	Should all humans be vegans?	2	403	supports	"False.
Okay, let's break this down."	0.0003638539055828005	0.38074204325675964	0.0007824087515473366	0.5453878045082092	2.2195230485522188e-05	0.02935967408120632	6.457251799929509e-08	3.2478797038493212e-06	1.1047055714641374e-08	2.180523097194964e-06
403	In a vegan world, species would not be as endangered any more.	Should all humans be vegans?	2	404	supports	"False.

The question is about whether all humans should"	0.0004026086535304785	0.43466895818710327	0.0005950170452706516	0.4849082827568054	1.3669301551999524e-05	0.02097507379949093	1.4377079082805722e-07	8.290850928460713e-06	1.3636521245530275e-08	2.933188397946651e-06
404	The fishing industry is especially deleterious to the ocean's biota.	Should all humans be vegans?	4	405	supports	"False.
Okay, let's break this down."	0.00014934252249076962	0.20066006481647491	0.0007584239356219769	0.6683000326156616	4.3122938222950324e-05	0.07043830305337906	6.066724722586514e-08	3.484867193037644e-06	1.4409734738762836e-08	3.0753849387110677e-06
405	Humans have a moral responsibility towards domestic species, which we have bred selectively throughout history, since they are not capable of surviving in the wild.	Should all humans be vegans?	1	406	insufficient-refutes	"False.
True"	3.756023943424225e-05	0.1382589340209961	0.00034810652141459286	0.7591909170150757	1.6028743630158715e-05	0.06135202944278717	1.389261772288819e-08	1.6120530972330016e-06	5.461720409272175e-09	2.965019348266651e-06
406	Industrial farming uses massive amounts of resources and contributes to climate change, which could lead to a mass extinction event.	Should all humans be vegans?	4	407	supports	True	0.00018455336976330727	0.23847058415412903	0.0006698147626593709	0.6584383845329285	1.930040707520675e-05	0.03278171643614769	8.764988734810686e-08	5.573028829530813e-06	2.405592880450058e-08	5.235376647760859e-06
407	The issue of animal extinction could be largely fixed with lab-grown meat. US consultancy firm Kearney suggests that 35% of all meat consumed globally will be cell-based by 2040.	Should all humans be vegans?	2	408	refutes	False	2.0152041543042287e-05	0.0696851909160614	0.0004998175427317619	0.8489394187927246	1.9229211829951964e-05	0.05599362403154373	3.168468598602203e-09	3.036113298549026e-07	2.4010462507106922e-09	8.923633458834956e-07
408	Over 100,000 species per year go extinct in large part due to the environmental effects of animal agriculture.	Should all humans be vegans?	2	409	supports	True	0.0002256109582958743	0.36851975321769714	0.0004593211633618921	0.5446369051933289	9.607673746359069e-06	0.022131331264972687	8.24758004114301e-08	6.759843017789535e-06	1.1651951403734984e-08	3.3990625070146052e-06
409	Sustainable farming practices do not have these problems. This fails as a criticism of farming as a whole.	Should all humans be vegans?	6	410	refutes	"False.
The given question asks whether all humans should"	2.2520827769767493e-05	0.05924523249268532	0.00043162863585166633	0.8051755428314209	2.473429231031332e-05	0.0809786319732666	1.9749602842011882e-08	2.4875930648704525e-06	9.662859845604999e-09	4.231538241583621e-06
410	Creating more animals for the meat and dairy industry adds more animals into a world already struggling to provide for its existing population.	Should all humans be vegans?	3	411	supports	False	0.00014175388787407428	0.2771231532096863	0.00038232834776863456	0.5866697430610657	1.1911803994735237e-05	0.03414827212691307	6.602098068242412e-08	7.454216301994165e-06	2.0372610265440017e-08	6.527130153699545e-06
411	Computer modelling indicates that the United States could support the largest human population on domestic production if everybody followed a lacto-ovo vegetarian diet, surpassing the carrying capacity of veganism.	Should all humans be vegans?	4	412	refutes	False	6.976092845434323e-05	0.12811699509620667	0.0007269256166182458	0.7971706986427307	1.4062498848943505e-05	0.02727768011391163	3.0641665205166646e-08	2.2076953882788075e-06	1.267394278414713e-08	2.970778723465628e-06
412	Many areas that can only be used as grazing land are barren because they have been exploited and overworked by human agriculture. Allowing these areas to be taken over by natural plants and forests again would benefit soil quality and biodiversity, there is no need to put animals on them for grazing.	Should all humans be vegans?	2	413	supports	False	2.728137405938469e-05	0.1818416863679886	0.00020961379050277174	0.6651492714881897	2.2973223167355172e-05	0.11558561027050018	4.917822149508311e-09	6.218565999915882e-07	3.0535451944757597e-09	1.677226919127861e-06
413	While the vegetarian diet can maximize the use of all available land in the US, it is not necessary to use up every inch of land if you don't need it in order to sustain the population. This is like saying a school bus is better suited for transporting a family of six than a minivan.	Should all humans be vegans?	7	414	refutes	False	6.828959885751829e-05	0.11874042451381683	0.0007171751349233091	0.7742847800254822	2.1656811441062018e-05	0.04873096942901611	3.452449348628761e-08	2.5069580260606017e-06	1.643612357327129e-08	2.908122041844763e-06
414	Veganism is not feasible for many.	Should all humans be vegans?	5	415	refutes	"False.
Okay, let's see. The user"	0.00016337595297954977	0.11388323456048965	0.0017564569134265184	0.8284435272216797	2.372113522142172e-05	0.02010158635675907	5.9491917170362285e-08	3.015803940797923e-06	2.9221448372140912e-08	4.5272577153809834e-06
415	A person's inability to adhere to a moral principle does not affect the validity of the principle.	Should all humans be vegans?	1	416	insufficient-supports	"False.
None.

The question is whether all humans"	8.372671436518431e-05	0.07552701234817505	0.0007346785860136151	0.5242613554000854	2.8044936698279344e-05	0.035123322159051895	1.2200516152915952e-07	7.373338576144306e-06	1.3191903747156175e-07	4.017251922050491e-05
416	When it comes to dietary change as radical as switching to veganism, inability to adhere may be due to more than a weakness of morality or willpower, but rather an innate and instinctual drive against the principle.	Should all humans be vegans?	1	417	refutes	"False.
None.
False.
None.
False."	3.4350909118074924e-05	0.07729453593492508	0.0005047828890383244	0.8573731184005737	1.224819334311178e-05	0.03324396163225174	7.827670955862231e-09	6.909958187861776e-07	9.972711545458424e-09	2.4883713649614947e-06
417	It is likely easier to overcome issues of morality or willpower than it is to go against one's biological instincts.	Should all humans be vegans?	1	418	insufficient-refutes	"False.
None.
False.
True.
None."	0.00011173835082445294	0.08895158022642136	0.0009429115452803671	0.6271697282791138	1.8673352315090597e-05	0.026294037699699402	7.935371826306437e-08	6.453337846323848e-06	3.912978741027473e-08	8.351239557669032e-06
418	Just because it is in our nature, does not make it healthy. We developed a craving for sugars, because it was scarce in the past. We should not cater to our nature just because it is innate.	Should all humans be vegans?	0	419	insufficient-neutral	"False.
The original argument is about the idea that"	1.4636974810855463e-05	0.051411304622888565	0.0004178461676929146	0.8168725371360779	2.529042467358522e-05	0.08609773218631744	9.427678193674183e-09	1.0854431593543268e-06	8.222967196047648e-09	3.4226868592668325e-06
419	Veganism is necessarily flexible and thus feasible for most people and circumstances.	Should all humans be vegans?	4	420	insufficient-supports	"False.
The question is whether all humans should be"	0.00016808854707051069	0.10585266351699829	0.0016583085525780916	0.794468343257904	5.457036240841262e-05	0.04624360054731369	5.979008932399665e-08	2.512720129743684e-06	3.138432802529678e-08	3.4344814139330992e-06
420	Due to the mass availability of vegan products and the development of meat substitutes, becoming vegan is easier than ever.	Should all humans be vegans?	3	421	insufficient-supports	"False.
The question is not directly related to the"	0.00015214165614452213	0.11027687788009644	0.0014322465285658836	0.7536056637763977	5.6851185945561156e-05	0.060900673270225525	7.935834389627416e-08	3.606091468100203e-06	4.775869300033264e-08	5.717673502658727e-06
421	Vegan cosmetics exist.	Should all humans be vegans?	0	422	insufficient-supports	"False.
The question is whether all humans should be"	9.15036944206804e-05	0.16287760436534882	0.0007661510026082397	0.7531384229660034	3.446060509304516e-05	0.057175420224666595	1.8545522451063334e-08	1.1518615110617247e-06	7.376898647493135e-09	1.756378992467944e-06
422	A study found that the performance of participants on a test was significantly better when participants were told that the test was easy compared to participants who were told it would be difficult.	Should all humans be vegans?	4	423	not_applicable	"False.
Okay, let's break this down."	4.643989086616784e-06	0.030954115092754364	0.00018262754019815475	0.6026014089584351	5.191647869651206e-05	0.3276287019252777	5.311591610990263e-09	1.0122101912202197e-06	4.104479867095279e-09	3.616742560552666e-06
423	Vegans miss out on enjoyable and culturally important foods and experiences, making veganism a difficult lifestyle to maintain.	Should all humans be vegans?	5	424	refutes	False	5.817910277983174e-05	0.08065219223499298	0.000895964854862541	0.8670927286148071	6.840775768068852e-06	0.01316610723733902	1.4167760298278154e-08	1.3365460063141654e-06	1.3205804449967218e-08	3.4939264423883287e-06
424	Veganism is incompatible with some religions, cultures and traditions.	Should all humans be vegans?	1	425	refutes	"False.
True"	8.222878386732191e-05	0.10138626396656036	0.0009939558804035187	0.8488968014717102	9.082780707103666e-06	0.012108862400054932	2.4726750424974853e-08	1.4827231780145667e-06	1.2384917980057253e-08	3.263965481892228e-06
425	It is often necessary for a vegan diet to include supplements, as it lacks specific essential nutrients. These may not be affordable to the less privileged.	Should all humans be vegans?	5	426	refutes	"False.
Okay, let's break this down."	9.143961506197229e-05	0.10927427560091019	0.0009307505679316819	0.8074337840080261	2.519426379876677e-05	0.03835887834429741	2.059393544584509e-08	1.1600827747315634e-06	1.7477844949098653e-08	3.3047679153241916e-06
426	Worldwide veganism would improve public health.	Should all humans be vegans?	4	427	supports	"True.
True. The argument suggests that widespread adoption"	0.0004759967268910259	0.4679122269153595	0.0006925711641088128	0.43274804949760437	3.670492515084334e-05	0.04284786060452461	1.3658078046319133e-07	6.328722975013079e-06	1.6059351182207138e-08	2.874952087950078e-06
427	Global veganism could help eradicate world hunger.	Should all humans be vegans?	2	428	supports	True	0.00034433757537044585	0.42789044976234436	0.0005589150241576135	0.48486340045928955	2.4557013603043742e-05	0.041710056364536285	9.651421351009049e-08	5.352480002329685e-06	1.3476403992740416e-08	2.9559200811490882e-06
428	Universal veganism would worsen existing food distribution and access problems.	Should all humans be vegans?	5	429	refutes	"False.
Okay, let's break this down."	0.00024741588276810944	0.17246432602405548	0.0016133543103933334	0.7375363707542419	1.569368214404676e-05	0.013508450239896774	1.7298432908319228e-07	8.0784147939994e-06	4.3566771523728676e-08	8.872402759152465e-06
429	Fresh food and vegetables can be very difficult to source in food deserts. It is unclear how this problem would be solved in a vegan society.	Should all humans be vegans?	4	430	refutes	False	7.153374463086948e-05	0.12933604419231415	0.0006276886560954154	0.7442775368690491	3.300739990663715e-05	0.06922859698534012	2.6980435663404023e-08	1.9363296814844944e-06	1.4441587481428542e-08	2.8173431019240525e-06
430	Livestock farming can benefit the environment	Should all humans be vegans?	6	431	refutes	False	5.048242746852338e-05	0.10262252390384674	0.0007835326832719147	0.8199000954627991	2.618993676151149e-05	0.050014227628707886	1.7747693092928785e-08	1.3039202713116538e-06	6.2300267167358925e-09	1.7962258880288573e-06
431	Pasture animals can damage biodiversity.	Should all humans be vegans?	5	432	supports	True	0.0001146246213465929	0.2294006049633026	0.0005959162372164428	0.6848636865615845	2.3470049200113863e-05	0.05448741465806961	2.93674418117007e-08	2.0507900444499683e-06	6.682003839131312e-09	1.838316279645369e-06
432	It is an individual's choice to decide if they wish to live or die.	Should individuals sentenced to life in prison be allowed to choose death instead?	1	433	supports	"False.
The question is asking if individuals sentenced to"	0.00040665408596396446	0.5907882452011108	0.0002666902728378773	0.2924613952636719	2.07262382900808e-05	0.04279655963182449	3.8780044064878894e-08	2.6350453481427394e-06	1.2013495975793376e-08	2.8049912543792743e-06
433	It is cruel and inhumane to force someone to stay alive against their will.	Should individuals sentenced to life in prison be allowed to choose death instead?	4	434	supports	"True.
Okay, let's break this down."	0.0005766545073129237	0.8247770071029663	7.388839730992913e-05	0.08558312058448792	1.0728120287240017e-05	0.020012620836496353	3.3484823802609753e-08	2.6290388177585555e-06	8.735039358498398e-09	1.9845026599796256e-06
434	Life imprisonment is similar to the death penalty in terms of the emotional and physical toll it has on the inmate.	Should individuals sentenced to life in prison be allowed to choose death instead?	7	435	insufficient-neutral	"True.
True. The argument suggests that life imprisonment"	0.0005169468931853771	0.6324238777160645	0.00030389739549718797	0.2850557863712311	1.1420845112297684e-05	0.02032923325896263	6.454832401914246e-08	4.542897841020022e-06	8.500036230429941e-09	1.8790242393151857e-06
435	Individuals that wish to commit suicide can be assisted through prison rehabilitation as opposed to entertaining their desire to die, which could be impulsive.	Should individuals sentenced to life in prison be allowed to choose death instead?	6	436	refutes	"False.

True"	0.0004175882204435766	0.5108702182769775	0.00047318945871666074	0.4104957580566406	1.6968706404441036e-05	0.027501501142978668	5.443126127602227e-08	4.093890765943797e-06	1.0187457988308779e-08	2.1073544758110074e-06
436	Allowing the option of death makes it seem as though rehabilitation is not a worthwhile option for future life prisoners.	Should individuals sentenced to life in prison be allowed to choose death instead?	5	437	refutes	"False.
The question is whether individuals sentenced to life"	0.0010345418704673648	0.5113650560379028	0.0010508334962651134	0.3982515037059784	3.377898974576965e-05	0.023181017488241196	8.809145413124497e-08	3.1419356218975736e-06	2.523862541181643e-08	2.860764880097122e-06
437	This is just suicide by a different name, which is an irrational action.	Should individuals sentenced to life in prison be allowed to choose death instead?	7	438	refutes	True	0.0002676634176168591	0.28897783160209656	0.0006321364780887961	0.5747010707855225	2.95654172077775e-05	0.04867181181907654	6.075568137475784e-08	4.259301931597292e-06	2.3150510841674077e-08	4.534003437584033e-06
438	The state has a responsibility to protect its citizens from threats, including those posed by themselves (p. 515).	Should individuals sentenced to life in prison be allowed to choose death instead?	4	439	refutes	"False.
The argument presented is about the state's"	0.00025804925826378167	0.5245720148086548	0.00024623231729492545	0.3334382474422455	1.9286406313767657e-05	0.043059494346380234	2.0561198965651784e-08	1.2138237934777862e-06	8.98252228154206e-09	2.1638747966790106e-06
439	Suicide cannot reasonably be punished or restricted, so people should be allowed the right to die.	Should individuals sentenced to life in prison be allowed to choose death instead?	7	440	supports	True	0.0006335190264508128	0.6629235744476318	0.0002682488120626658	0.23270806670188904	2.7403340936871246e-05	0.04511251673102379	4.2507064534902383e-08	3.074570031458279e-06	9.633969177968993e-09	1.5459908127013477e-06
440	Since many prisoners suffer from mental health conditions (p. 1), a prisoner who desires euthanasia as a product of poor mental health cannot be considered to be making a voluntary decision.	Should individuals sentenced to life in prison be allowed to choose death instead?	3	441	refutes	"False.
True"	0.00037135378806851804	0.43350347876548767	0.0005574680399149656	0.48360809683799744	1.2907133168482687e-05	0.020594516769051552	5.399939695394096e-08	3.3934347811737098e-06	1.4086584343431241e-08	2.2605149752052967e-06
441	Criminals spending long terms in prison develop a wide range of mental health conditions, which can cause violence within prisons themselves.	Should individuals sentenced to life in prison be allowed to choose death instead?	5	442	insufficient-supports	True	0.0003277822397649288	0.5396087169647217	0.00032270047813653946	0.3886655867099762	9.37139611778548e-06	0.021587064489722252	3.017868976940008e-08	2.174338533222908e-06	7.750529107397597e-09	1.7335339634882985e-06
442	PTSD and anxiety are common mental health disorders observed to develop within long-term inmates.	Should individuals sentenced to life in prison be allowed to choose death instead?	0	443	insufficient-neutral	"False.
The original statement about PTSD and anxiety in"	7.380449824267998e-05	0.25721555948257446	0.00032059213845059276	0.62674480676651	1.7945820218301378e-05	0.07485399395227432	8.589849720408438e-09	1.0777303032227792e-06	4.202743486558802e-09	1.1472378673715866e-06
443	Chronic psychological suffering means individuals with mental health disorders have a stronger desire to die than neurotypical people. It would be an injustice to deny them that choice.	Should individuals sentenced to life in prison be allowed to choose death instead?	1	444	supports	False	0.0003179890918545425	0.4141121208667755	0.000477358145872131	0.4141121208667755	7.040079799480736e-05	0.1063527911901474	2.4944350585087705e-08	1.372596898363554e-06	1.7143982233847055e-08	2.794468628053437e-06
444	A 2006 survey showed 49% of state prisoners, 40% of federal prisoners and 60% of all inmates in the USA have a symptom of a mental disorder (p. 8).	Should individuals sentenced to life in prison be allowed to choose death instead?	4	445	insufficient-neutral	False	0.00012388562026899308	0.33363279700279236	0.00029487343272194266	0.4283929765224457	5.3700441640103236e-05	0.1434936672449112	3.088402422690706e-08	1.91072672350856e-06	9.200901374128989e-09	2.4726643914618762e-06
445	This argument suggests that individuals with mental health conditions cannot choose for themselves, which is an ableist assumption and is incorrect.	Should individuals sentenced to life in prison be allowed to choose death instead?	1	446	supports	"False.
True"	0.00027596292784437537	0.20799443125724792	0.001126101124100387	0.6714142560958862	3.853306043311022e-05	0.036144014447927475	8.59532178765221e-08	4.1576668081688695e-06	3.339782139732961e-08	5.297004918247694e-06
446	As with assisted dying in medical circumstances, the use of safeguards can ensure that the prisoner makes an informed decision.	Should individuals sentenced to life in prison be allowed to choose death instead?	6	447	supports	True	0.0007000456680543721	0.465629518032074	0.0006891924422234297	0.4306369125843048	2.7143716579303145e-05	0.02626902051270008	2.7241819111623045e-07	1.0967052730848081e-05	2.9740050422333297e-08	4.753865141537972e-06
447	Medical practitioners follow scientific standards to determine whether patients possess autonomy and the capacity to make an informed choice. Such requirements could also be applied to prisoners in these circumstances.	Should individuals sentenced to life in prison be allowed to choose death instead?	0	448	supports	"False.
The argument in the question is not logically"	0.0005889379535801709	0.5029876232147217	0.0006468218052759767	0.4041619300842285	3.170409763697535e-05	0.036436304450035095	4.3061898935548015e-08	1.8598732367536286e-06	2.0580774418021974e-08	2.388124585195328e-06
448	A rigorous process to determine whether someone is approved for euthanasia already exists.	Should individuals sentenced to life in prison be allowed to choose death instead?	4	449	supports	"False.
Is the answer to the question logically ent"	0.00019680328841786832	0.22441834211349487	0.0006922984612174332	0.6699894070625305	1.6028881873353384e-05	0.03037171997129917	1.0800175687109004e-07	1.0268487130815629e-05	1.5498468286523348e-08	4.3820523387694266e-06
449	There is no inherent right to die.	Should individuals sentenced to life in prison be allowed to choose death instead?	1	450	refutes	"True.
True. The argument ""There is no"	0.0003732678887899965	0.4937558174133301	0.0003761954721994698	0.3669281601905823	1.732211239868775e-05	0.031075388193130493	7.835906501441059e-08	5.001792942493921e-06	2.1506021852246704e-08	4.554183760774322e-06
450	The 'right to die' has not been recognised as a human right by the Universal Declaration of Human Rights.	Should individuals sentenced to life in prison be allowed to choose death instead?	4	451	refutes	True	0.0004595036443788558	0.4733767509460449	0.000528885459061712	0.40490058064460754	2.8029900931869633e-05	0.0365028977394104	1.1102741837021313e-07	5.739283551520202e-06	1.952109940361879e-08	3.5358698369236663e-06
451	In 2014, Belgium set a precedent and widened the scope of the country's euthanasia law by allowing a Belgian serving a life sentence for murder and rape the right to an assisted suicide.	Should individuals sentenced to life in prison be allowed to choose death instead?	0	452	supports	True	0.00046282069524750113	0.7861003279685974	0.00011701939365593717	0.12055239081382751	2.1816185835632496e-05	0.04101588577032089	3.3840471758139756e-08	2.110056584569975e-06	1.0320761134607892e-08	1.5927541880955687e-06
452	As of March 2018, active human euthanasia is legal in the Netherlands, Belgium, Colombia, Luxembourg, and Canada.	Should individuals sentenced to life in prison be allowed to choose death instead?	0	453	insufficient-neutral	False	0.0003309967287350446	0.4961375296115875	0.0003415036771912128	0.3686980903148651	2.050888906524051e-05	0.04072544723749161	4.7200050090623336e-08	2.9777588679280598e-06	1.3789759556459558e-08	3.1451402264792705e-06
453	The prison system would benefit from allowing inmates to choose death.	Should individuals sentenced to life in prison be allowed to choose death instead?	2	454	supports	True	0.00024493521777912974	0.7416396141052246	6.592341378564015e-05	0.17615485191345215	6.228394795471104e-06	0.026595404371619225	3.2302843067100184e-08	3.777712663577404e-06	3.739325737939225e-09	1.4451038623519707e-06
454	Allowing prisoners to make this choice would allow more money to be spent on improving conditions for other prisoners.	Should individuals sentenced to life in prison be allowed to choose death instead?	2	455	supports	False	0.0006671528681181371	0.43009835481643677	0.0010495787719264627	0.5028359293937683	1.4510814253299031e-05	0.012393089011311531	1.479259736925087e-07	6.38902520222473e-06	1.4476016829689797e-08	2.387404265391524e-06
455	Prisons often do not meet even the basic standards for treatment and living conditions.	Should individuals sentenced to life in prison be allowed to choose death instead?	2	456	supports	"False.

The question is about whether individuals sentenced to"	0.00020140143169555813	0.25421231985092163	0.0007600810495205224	0.6390897035598755	2.8788834242732264e-05	0.05328579992055893	3.644731805252377e-08	2.555154196670628e-06	1.264515514520781e-08	2.615747916934197e-06
456	The cost of carrying out an inmate execution often exceeds the cost of life imprisonment.	Should individuals sentenced to life in prison be allowed to choose death instead?	3	457	refutes	"False.
None.
The question is whether individuals sentenced"	0.0003550988622009754	0.4846325218677521	0.00037800075369887054	0.40177446603775024	1.5004252418293618e-05	0.03146940842270851	7.196970130962654e-08	4.986683961760718e-06	1.4227141242884045e-08	4.101934337086277e-06
457	Allowing prisoners to choose death reduces public pressure to improve the prison system.	Should individuals sentenced to life in prison be allowed to choose death instead?	2	458	refutes	"False.
Okay, let's break this down."	0.0005942697171121836	0.3771726191043854	0.0010594002669677138	0.5402748584747314	1.6858135495567694e-05	0.016061948612332344	1.718550066698299e-07	8.814479770080652e-06	2.390278019959169e-08	4.6087575356068555e-06
458	Rehabilitation and, where appropriate, reintegration should be a central goal of prisons, and allowing people to choose death is contrary to that.	Should individuals sentenced to life in prison be allowed to choose death instead?	6	459	refutes	True	0.0006333905039355159	0.6525135040283203	0.0003285986604169011	0.25552794337272644	1.4325263691716827e-05	0.016853895038366318	2.618252992192538e-08	1.4981216054366087e-06	2.4789121866319874e-08	4.334958703111624e-06
459	There may be possible ways for inmates serving life sentences to be released.	Should individuals sentenced to life in prison be allowed to choose death instead?	6	460	insufficient-refutes	"True.
The question is about whether individuals sentenced to"	0.000307150388834998	0.36136725544929504	0.0006761398981325328	0.5340662002563477	2.2424408598453738e-05	0.040544286370277405	4.050798452226445e-08	2.6573716240818612e-06	1.4500097123004707e-08	2.6161728783336002e-06
460	Release in this situation is rare since almost all life sentences are life without parole.	Should individuals sentenced to life in prison be allowed to choose death instead?	4	461	insufficient-neutral	False	0.00033486352185718715	0.3449735939502716	0.0006659556529484689	0.5512661933898926	1.7201096852659248e-05	0.030143452808260918	4.197622160972969e-08	3.231990149288322e-06	2.0618029950014716e-08	4.814034582523163e-06
461	Inmates may still have ways of making the most of life imprisonment.	Should individuals sentenced to life in prison be allowed to choose death instead?	6	462	refutes	"False.
True"	0.0002913990756496787	0.40712735056877136	0.0005660917959176004	0.5066781640052795	1.280318247154355e-05	0.026026779785752296	5.5481123695244605e-08	4.0602976696391124e-06	1.2476605526501316e-08	2.8345448299660347e-06
462	Criminals should be forced to live with the consequences of their crimes.	Should individuals sentenced to life in prison be allowed to choose death instead?	1	463	refutes	"True.
Okay, let me try to work through"	0.00032443631789647043	0.44625768065452576	0.0004469299456104636	0.4393391013145447	2.5611123419366777e-05	0.050857193768024445	2.4095669459711644e-08	1.855263690231368e-06	1.0044568732325843e-08	2.38220559367619e-06
463	There is little benefit to making criminals live with the consequences of their crimes.	Should individuals sentenced to life in prison be allowed to choose death instead?	5	464	supports	False	0.00025272599305026233	0.33956846594810486	0.0006158053292892873	0.5776254534721375	1.2582488125190139e-05	0.02701590396463871	3.5479938986782145e-08	3.132028496111161e-06	1.1837958169280682e-08	2.4583573576819617e-06
464	Since denying prisoners the right to choose death does not stop them from opting for suicide, they may not necessarily live with the consequences of their crimes.	Should individuals sentenced to life in prison be allowed to choose death instead?	3	465	supports	True	0.0006254398031160235	0.5511184930801392	0.00047210673801600933	0.33427026867866516	4.223049836582504e-05	0.04968484118580818	7.110652688879782e-08	3.897479928127723e-06	1.769981494703643e-08	2.55602981269476e-06
465	Access to legal abortion improves the health and safety of women.	Pro-Life vs Pro-Choice: Should abortion be legal?	2	466	supports	True	0.0003432855010032654	0.6403770446777344	0.00021482256124727428	0.2931859791278839	6.4870796450122725e-06	0.014826737344264984	1.356909962169084e-07	1.4392214325198438e-05	1.3175367463702514e-08	4.355219061835669e-06
466	When abortion is banned, many women who do not want a child seek out illegal abortions.	Pro-Life vs Pro-Choice: Should abortion be legal?	5	467	supports	True	0.0003425299655646086	0.4976285398006439	0.00029759519384242594	0.36980611085891724	1.4360539353219792e-05	0.030355535447597504	1.8219034814137558e-07	1.4816392649663612e-05	3.644036183914068e-08	9.566182598064188e-06
467	If abortions will happen anyway, it is preferable to make them as safe as possible so at least the women survive the procedure.	Pro-Life vs Pro-Choice: Should abortion be legal?	2	468	supports	True	0.00031541817588731647	0.4764946401119232	0.0003178920305799693	0.4012486934661865	2.096725074807182e-05	0.04944354295730591	6.442880362556025e-08	5.058584974904079e-06	2.9382654531673325e-08	6.807069894421147e-06
468	When abortion is banned, in practice this means that only women who can afford it can access safe abortion, since it is more expensive when illegal.	Pro-Life vs Pro-Choice: Should abortion be legal?	5	469	supports	False	0.0002909618488047272	0.4065164625644684	0.00035928995930589736	0.4464710056781769	2.140912511094939e-05	0.04218224808573723	1.9411436369409785e-07	1.5786099538672715e-05	4.574740231078067e-08	1.173123291664524e-05
469	Any act will still happen regardless of whether it is legal or illegal. This is not a sufficient reason to legalize an activity which is wrong.	Pro-Life vs Pro-Choice: Should abortion be legal?	1	470	refutes	"False.
The argument provided is that ""Any act"	0.00022036729205865413	0.27815133333206177	0.00045216429862193763	0.5797171592712402	2.7798529117717408e-05	0.04909662902355194	8.847662513744581e-08	7.028568688838277e-06	2.1513397285843894e-08	5.102193426864687e-06
470	It wouldn't be reasonable to argue that we shouldn't regulate guns because people would buy guns illegally and from dangerous people anyway.	Pro-Life vs Pro-Choice: Should abortion be legal?	7	471	insufficient-neutral	None	2.548249722167384e-05	0.07080461084842682	0.00022890437685418874	0.37683188915252686	0.0001687835028860718	0.5231792330741882	9.536458733805375e-09	8.001583751138241e-07	9.352007168672571e-09	2.503473979231785e-06
471	The argument isn't just that illegal abortions will still happen, but that illegal abortions are dangerous for women, as opposed to guns which are still dangerous when legal.	Pro-Life vs Pro-Choice: Should abortion be legal?	5	472	supports	False	0.00024455951643176377	0.3608918786048889	0.000390805013012141	0.5333636403083801	1.13491887532291e-05	0.025338588282465935	1.0370901293299539e-07	8.634006917418446e-06	2.2604556448868607e-08	4.843238912144443e-06
472	The government knows people will seek out illegal and potentially harmful drugs, but that is not a reason to lift the ban on them, making them easier to access.	Pro-Life vs Pro-Choice: Should abortion be legal?	7	473	refutes	None	9.829613190959208e-06	0.055172063410282135	0.00014671978715341538	0.49948710203170776	7.206633745227009e-05	0.42061030864715576	4.9307868899006735e-09	7.820391942914284e-07	4.152138632917968e-09	2.0603988559741993e-06
473	"The war on drugs is an good example of why prohibition does not work. Criminalizing behavior may not deter that behavior as long as incentives exist
 and may only compound the problem without addressing the underlying cause."	Pro-Life vs Pro-Choice: Should abortion be legal?	0	474	supports	False	8.892393816495314e-05	0.13225258886814117	0.0007160277455113828	0.7492619156837463	5.4784450185252354e-05	0.09378112107515335	1.106015723451037e-08	7.059886684146477e-07	6.476582381509388e-09	1.0765040769911138e-06
474	Putting the child up for adoption is an alternative to abortion.	Pro-Life vs Pro-Choice: Should abortion be legal?	6	475	refutes	False	0.00015939334116410464	0.40641289949417114	0.00028862402541562915	0.4902275502681732	1.802369843062479e-05	0.05166960135102272	4.213374538153403e-08	4.3484196794452146e-06	7.64321050894523e-09	2.6999950932804495e-06
475	The question here is whether women should or should not have the right to choose abortion. The fact that adoption is a viable option does not automatically negate a right to abortion.	Pro-Life vs Pro-Choice: Should abortion be legal?	1	476	supports	True	0.00030337629141286016	0.749734103679657	9.25245403777808e-05	0.16469472646713257	1.724955473036971e-05	0.04363975673913956	1.8973469906313767e-08	1.7759738284439663e-06	7.878483643253276e-09	1.6814582295410219e-06
476	If it is true that adoption is a viable option, then abortion is not the only option. If there is another ethical option besides abortion, with the benefit of saving lives, it should be valued over abortion.	Pro-Life vs Pro-Choice: Should abortion be legal?	6	477	refutes	"False.
The question is whether abortion should be legal"	0.000295309437206015	0.3584650158882141	0.0005647941725328565	0.5552014708518982	2.6006237021647394e-05	0.04085201025009155	4.227587524496812e-08	2.6775410333357286e-06	1.2399475224356138e-08	1.7152971167888609e-06
477	"Believing one option to be ""better"" is not an argument against people having multiple options."	Pro-Life vs Pro-Choice: Should abortion be legal?	1	478	supports	False	0.0002620136074256152	0.21186594665050507	0.0006484899786300957	0.5495384335517883	4.697645272244699e-05	0.05441167578101158	3.1900736985335243e-07	1.8540527889854275e-05	7.636517551645738e-08	1.2254540706635453e-05
478	Adoption is not a reasonable alternative given it requires women to go through pregnancy and childbirth, and bring a genetically related child into the world.	Pro-Life vs Pro-Choice: Should abortion be legal?	1	479	supports	False	0.0002754002343863249	0.43942639231681824	0.00038235538522712886	0.48261547088623047	1.590546889929101e-05	0.03133843466639519	1.0387292093128053e-07	7.997771717782598e-06	1.8696278303309555e-08	3.897802798746852e-06
479	Statistics regarding the number of abortions due to endangerment of mother's life back this up. Florida, 2015: 0.065%. UK,1968-2011: 0.006%. U.S. estimate: 1%. (links)	Pro-Life vs Pro-Choice: Should abortion be legal?	4	480	refutes	True	0.00033942170557565987	0.6233530044555664	0.00023881297965999693	0.3183775544166565	6.935258170415182e-06	0.01465985830873251	1.280199342090782e-07	8.631068340037018e-06	2.073604576935395e-08	3.3536716728121974e-06
480	The number of times something happens doesn't always make it less important. If you, or someone else you care about, were in that 1%, you would likely want them to be able to access to abortion.	Pro-Life vs Pro-Choice: Should abortion be legal?	0	481	supports	False	0.00022584835824090987	0.47000038623809814	0.0002703050849959254	0.4147738814353943	1.6618039808236063e-05	0.04237182438373566	7.576368687978174e-08	8.757091563893482e-06	1.9841492004957217e-08	4.950810762238689e-06
481	Even if in these cases abortion has a chance of saving the woman's life, abortion is always guaranteed to kill the fetus. We should not kill one person just to try to save another.	Pro-Life vs Pro-Choice: Should abortion be legal?	1	482	refutes	True	0.0002647340588737279	0.4567314088344574	0.0003119329921901226	0.4639239013195038	1.2576761946547776e-05	0.027428854256868362	2.827420431117389e-08	2.290398469995125e-06	1.449757114357908e-08	3.660046104414505e-06
482	In situations where pregnancy endangers a mother, the fetus is also likely in jeopardy. There for it is not as simple as exchanging one life for another, but rather opting to save one person versus allowing two to die.	Pro-Life vs Pro-Choice: Should abortion be legal?	3	483	supports	True	0.00018543953774496913	0.4840368926525116	0.0002514933003112674	0.4205385446548462	2.146618498954922e-05	0.06058431789278984	9.577249215908523e-09	8.654907333038864e-07	6.979548050622952e-09	1.5429041013703682e-06
483	In most of the cases where pregnancy endangers a mother, there is a reasonable non-abortion option that could preserve the life of both mother and child.	Pro-Life vs Pro-Choice: Should abortion be legal?	6	484	refutes	"False.
Wait, the user is asking if I"	8.953730866778642e-05	0.2931399345397949	0.00026316478033550084	0.5921589732170105	1.6955511455307715e-05	0.06049284711480141	2.385376163260844e-08	3.1610536552761914e-06	1.2088498202444953e-08	5.0513494898041245e-06
484	If childbirth poses a threat to the woman, the baby can be delivered via C-section.	Pro-Life vs Pro-Choice: Should abortion be legal?	6	485	refutes	True	0.0001906537072500214	0.5818082690238953	0.00013732271327171475	0.2705659568309784	3.112336344202049e-05	0.10762371122837067	1.0319086030108338e-08	9.180726010526996e-07	6.019069687113188e-09	1.7835108110375586e-06
485	There are a large number of financial requirements of being pregnant and having a child, even if you plan to give it up for adoption. These costs may mean adoption is not a viable alternative for many women.	Pro-Life vs Pro-Choice: Should abortion be legal?	3	486	supports	False	9.186250099446625e-05	0.31518590450286865	0.0002919384278357029	0.5797156095504761	2.304572808498051e-05	0.0835159569978714	6.434292654233786e-09	6.238192895580141e-07	2.57945842463414e-09	6.486694132945559e-07
486	Government services should be available to intended adoptees to support them in this. The lack of this service is not grounds for termination.	Pro-Life vs Pro-Choice: Should abortion be legal?	6	487	insufficient-refutes	"None.
Okay, let's see. The user"	3.178730185027234e-05	0.1048860028386116	0.00025998640921898186	0.4926254153251648	0.00012280888040550053	0.37185317277908325	1.813914174420006e-08	1.607518697710475e-06	6.293254806166715e-09	2.1130435925442725e-06
487	It is possible for women to research contraception and the likelihood of pregnancy before they have sex, such that they are aware of the risks.	Pro-Life vs Pro-Choice: Should abortion be legal?	3	488	refutes	False	9.244165266864002e-05	0.34834641218185425	0.00019723385048564523	0.49124714732170105	2.6692699975683354e-05	0.10791267454624176	2.025803702565554e-08	2.0907336875097826e-06	8.850081556488476e-09	3.0658586638310226e-06
488	No form of contraception is 100% effective.	Pro-Life vs Pro-Choice: Should abortion be legal?	3	489	insufficient-neutral	True	6.203793600434437e-05	0.3145807385444641	0.0001334025146206841	0.4299808740615845	3.67562570318114e-05	0.21620796620845795	1.0881496592674011e-08	1.5171119684964651e-06	4.9046748884507e-09	2.3497489110013703e-06
489	Planned Parenthood states that the pill is only about 91% effective because it is difficult to maintain perfect use.	Pro-Life vs Pro-Choice: Should abortion be legal?	4	490	insufficient-neutral	True	8.764312951825559e-05	0.25322234630584717	0.0002516302338335663	0.4880988299846649	6.023617970640771e-05	0.21659255027770996	2.3996392428671243e-08	2.0936274722771486e-06	8.423525876821714e-09	2.6259972401021514e-06
490	Contraceptives advertise that they are not 100% effective. Even though these devices or drugs decrease the likelihood of pregnancy they don't negate the responsibility for the risk of the action chosen.	Pro-Life vs Pro-Choice: Should abortion be legal?	4	491	refutes	False	0.00014693874982185662	0.3547179698944092	0.0003086485667154193	0.4924771189689636	4.3775671656476334e-05	0.11516005545854568	1.5329856495327476e-08	1.3116235777488328e-06	6.991156986657643e-09	1.3427279554889537e-06
491	Abstinence is always effective.	Pro-Life vs Pro-Choice: Should abortion be legal?	6	492	insufficient-neutral	True	5.4394055041484535e-05	0.22336609661579132	0.0002134584792656824	0.6463311910629272	2.001045322685968e-05	0.0975814163684845	1.4777009837985133e-08	2.2983520011621295e-06	4.949678444887695e-09	2.5841063688858412e-06
492	An abstinent woman can still be raped and become pregnant.	Pro-Life vs Pro-Choice: Should abortion be legal?	3	493	supports	True	0.0001036587855196558	0.3698275685310364	0.0001331005187239498	0.27483251690864563	8.072955097304657e-05	0.3018444776535034	1.681543793097262e-08	1.728673964862537e-06	9.214099705445733e-09	3.5748280424741097e-06
493	The primary role of sexual relations is reproduction. This is true in all species that reproduce by mating. The pleasure and bonding effect of a sexual relation is subservient to its purpose as a reproduction mechanism.	Pro-Life vs Pro-Choice: Should abortion be legal?	1	494	insufficient-neutral	None	0.0001276461553061381	0.37169334292411804	0.0002538546686992049	0.4278164207935333	5.533050716621801e-05	0.16493792831897736	8.43185876675534e-09	6.965083230170421e-07	5.380592416059926e-09	1.3851722542312928e-06
494	It is unreasonable to expect people to remain abstinent forever. There are people who may want to have sex lives but do not ever want to have children. For them there is no fail proof form of contraception.	Pro-Life vs Pro-Choice: Should abortion be legal?	0	495	supports	False	0.0001246608153451234	0.2676596939563751	0.00036071802605874836	0.500054121017456	8.175455877790228e-05	0.1927880346775055	1.4679866211508852e-08	9.153343398793368e-07	8.26688761890182e-09	1.764353100952576e-06
495	Male vasectomies are both reversible and do not stop your body from producing sperm. It is one of the most highly-effective birth control measures while still maintaining the possibility of having children in the future.	Pro-Life vs Pro-Choice: Should abortion be legal?	6	496	insufficient-neutral	None	2.5426686988794245e-05	0.13512076437473297	0.00013961998047307134	0.3559958040714264	9.521255560684949e-05	0.47904473543167114	2.970906187726996e-09	2.9834248493898485e-07	3.0532629757829e-09	1.3475649893734953e-06
496	According to WHO, only 43% of women of reproductive age in less developed countries use modern contraceptive methods, and a wide gap in use is seen between the highest and lowest wealth quintiles (52% versus 35%, respectively).	Pro-Life vs Pro-Choice: Should abortion be legal?	4	497	insufficient-neutral	False	7.211883348645642e-05	0.29156047105789185	0.00016637641238048673	0.36856698989868164	7.85906522651203e-05	0.28704026341438293	5.859719820477949e-09	4.7839921535342e-07	5.814118964053705e-09	1.8627711142471526e-06
497	Contraception is not cheap or widely available in many developing countries around the world, even in some parts of the US and Europe.	Pro-Life vs Pro-Choice: Should abortion be legal?	4	498	insufficient-neutral	True	0.00012916217383462936	0.37027686834335327	0.00021971226669847965	0.46081700921058655	3.4763528674375266e-05	0.11117728054523468	3.0845175302829375e-08	2.967237151096924e-06	9.44406508551765e-09	2.680675606825389e-06
498	"A small pack of condoms will cost you around 5€. Less developed countries may find contraception somewhat more expensive, however abortion procedures in those parts of the world are far more dangerous and costly, so prevention
 and abstinence are still the better options. To increase effectiveness and safety, one should compliment usage of contraception with proper sexual responsibility."	Pro-Life vs Pro-Choice: Should abortion be legal?	6	499	insufficient-neutral	False	0.00013639082317240536	0.3644517660140991	0.00030259627965278924	0.5915635824203491	7.116381766536506e-06	0.02088475041091442	5.749201559268613e-09	5.114972623232461e-07	2.1150130535829703e-09	4.585031945225637e-07
499	A lack of sex education in many conservative regions means that couples are often ill equipped to properly use contraceptives such as condoms.	Pro-Life vs Pro-Choice: Should abortion be legal?	3	500	insufficient-neutral	False	6.27286426606588e-05	0.2382332980632782	0.00022766624169889838	0.5804916620254517	3.602202923502773e-05	0.14677128195762634	1.4921804236678327e-08	1.8503609453546233e-06	5.641597411454313e-09	2.0642269191739615e-06
500	The solution for ignorance is to improve sex education, not implement a policy of allowing abortion.	Pro-Life vs Pro-Choice: Should abortion be legal?	6	501	refutes	False	0.00023193482775241137	0.27287495136260986	0.0006255579646676779	0.6246169805526733	2.1238836779957637e-05	0.02744375541806221	7.630057297092208e-08	6.477479473687708e-06	3.131369297193487e-08	5.497364782058867e-06
501	People tend to not seek information when they are unaware that the information exists or is important.	Pro-Life vs Pro-Choice: Should abortion be legal?	3	502	not_applicable	"False.
Okay, let me try to work through"	0.00021037936676293612	0.19276458024978638	0.0006330028409138322	0.5845513939857483	4.307638664613478e-05	0.06356701254844666	1.5842186940062675e-07	1.5723595424788073e-05	7.029927928670077e-08	1.4094539437792264e-05
502	Religious women are often taught that use of contraception is deeply immoral.	Pro-Life vs Pro-Choice: Should abortion be legal?	0	503	insufficient-neutral	True	7.492773875128478e-05	0.2935965061187744	0.00019283533038105816	0.5072892308235168	3.767603266169317e-05	0.14534080028533936	2.4842616852538413e-08	3.0209960186766693e-06	1.4154895922047217e-08	4.499760052567581e-06
503	By this logic people are consenting to the risk of dying every time they cross the street. People aren't consenting to consequences.	Pro-Life vs Pro-Choice: Should abortion be legal?	7	504	supports	"False.
Okay, let's tackle this. The"	0.0001728945499053225	0.2632361650466919	0.00043465683120302856	0.6414149403572083	2.1304789697751403e-05	0.04503439739346504	4.808340747786133e-08	4.261225967638893e-06	2.0280419121831983e-08	4.904640718450537e-06
504	Abortion has harmful mental and physical consequences for the woman involved.	Pro-Life vs Pro-Choice: Should abortion be legal?	5	505	refutes	"False.

The given argument is that abortion has harmful"	0.00020104619034100324	0.4631110727787018	0.0002463269338477403	0.44886264204978943	5.484753728524083e-06	0.015359234064817429	7.612553076796758e-08	8.298167813336477e-06	1.3972222490110653e-08	6.07106903771637e-06
505	Abortion increases the risk of placenta previa in later pregnancies (a life threatening condition for both the mother and her wanted pregnancy) by seven to fifteen fold.	Pro-Life vs Pro-Choice: Should abortion be legal?	0	506	refutes	True	0.00030252497526817024	0.5512679815292358	0.0002932172501459718	0.3504072427749634	2.3146678358898498e-05	0.05048095062375069	3.4663951709035246e-08	2.3461807359126396e-06	1.0448741427637742e-08	1.81298798906937e-06
506	Studies have shown that abortion has adverse psychological impacts on women.	Pro-Life vs Pro-Choice: Should abortion be legal?	4	507	refutes	"False.
Okay, let's tackle this. The"	0.0002544491726439446	0.559284508228302	0.00021594819554593414	0.3555028438568115	7.804699635016732e-06	0.022027315571904182	8.535818807331452e-08	8.115603122860193e-06	1.700615115396431e-08	6.780840521969367e-06
507	Humans can collaborate, meet, and communicate with unparalleled efficiency.	Has social media been good for humanity?	2	508	supports	True	0.0004209298931527883	0.602047324180603	0.00028039977769367397	0.28886544704437256	1.8785614884109236e-05	0.037890903651714325	1.037130346048798e-07	7.074726909195306e-06	1.3083022665227872e-08	2.314841822226299e-06
508	It is easy to maintain non day-to-day relationships.	Has social media been good for humanity?	2	509	supports	"False.
None.
True.
False.
None."	0.00017321955238003284	0.23093056678771973	0.0006486364873126149	0.6787427067756653	1.5494690160267055e-05	0.03125305473804474	5.229216171187545e-08	4.652349616662832e-06	1.0791096904938513e-08	2.2497292775369715e-06
509	"Social media algorithms designed to enhance the user's experience have inadvertently created deeply personalized Filter Bubbles. 
Information dissemination is calculated by user desire rather than objective necessity."	Has social media been good for humanity?	3	510	refutes	False	0.0001466437679482624	0.3768373131752014	0.0003253434260841459	0.5150755047798157	2.3021850211080164e-05	0.05514347553253174	1.0933760563602846e-08	7.877644065956702e-07	7.0318444400641056e-09	1.2490475000959123e-06
510	Confirmation bias is a major issue in today's society as it is pushed by the business models of Social media platforms.	Has social media been good for humanity?	5	511	refutes	True	0.00010471277346368879	0.27762696146965027	0.00033018679823726416	0.645501971244812	1.3628437045554165e-05	0.04324593394994736	4.772558792609516e-09	5.494821948559547e-07	3.834858652851381e-09	9.202094588545151e-07
511	The same systems that create echo chambers can be (ab)used to intentionally enter other peoples echo chambers. TED talk	Has social media been good for humanity?	4	512	insufficient-neutral	False	9.601535566616803e-05	0.33462244272232056	0.0001752249663695693	0.5102382898330688	2.3346465241047554e-05	0.08729147911071777	2.162447820808211e-08	2.0883683191641467e-06	1.3426944001082575e-08	2.3116133434086805e-06
512	Social media has negative health effects.	Has social media been good for humanity?	5	513	refutes	"False.
True"	0.00014472042676061392	0.19906094670295715	0.0008796211332082748	0.7396011352539062	1.3888398825656623e-05	0.02268572896718979	1.4633894096505173e-08	1.0878234206757043e-06	7.076489172419542e-09	1.429916892448091e-06
513	Exposure to online harassment - stressor to contend with for some resulting in some youths committing suicide (remember Ask.fm?)	Has social media been good for humanity?	0	514	refutes	True	0.00014296153676696122	0.3293127417564392	0.00037960760528221726	0.5963082909584045	1.1553061995073222e-05	0.03364141285419464	7.184266070936474e-09	6.992570433794754e-07	4.602413561372032e-09	9.12003088160418e-07
514	Creates a reward system and withdrawals if you don't post on it or keep checking the platform for likes or new friends. People experience addictive effects when they are disconnected even for a few hours. Study: Social media addiction: Its impact, mediation, and intervention	Has social media been good for humanity?	4	515	refutes	False	0.00013501133071258664	0.338907927274704	0.0003139107720926404	0.5331770181655884	2.3278875232790597e-05	0.06367891281843185	1.0508416359300554e-08	8.4793293808616e-07	8.918377147892897e-09	1.4998404367361218e-06
515	Social media use during driving or walking across the road or operating dangerous equipment shows increase in injuries and deaths.	Has social media been good for humanity?	0	516	refutes	False	7.561039092252031e-05	0.11333391070365906	0.0008653150871396065	0.8374306559562683	9.390102604811545e-06	0.016327297315001488	7.766000287290353e-09	6.592886734324566e-07	5.703964855996446e-09	1.1214879123144783e-06
516	People have been shown to experience depression as a repercussion of social media.	Has social media been good for humanity?	3	517	refutes	"False.
The given question is ""Has social media"	0.00011830457515316084	0.21058349311351776	0.0005219842423684895	0.7013500928878784	1.613635686226189e-05	0.037755537778139114	1.2934833648614585e-08	1.1966337751800893e-06	6.038799682528406e-09	1.388119471812388e-06
517	Instagram has been linked to teenagers' issues with mental health, exacerbating problems such as body image and FOMO.	Has social media been good for humanity?	0	518	refutes	False	7.96120657469146e-05	0.2976662218570709	0.0002800528018269688	0.6301594376564026	9.81013090495253e-06	0.034999992698431015	4.047915780347466e-09	4.4124857367933146e-07	2.973109758386272e-09	8.639228212814487e-07
518	Not necessarily. By joining groups related to sports you can actually be more active when sharing results.	Has social media been good for humanity?	0	519	insufficient-neutral	False	0.0002892430638894439	0.42021316289901733	0.0004376107535790652	0.44037961959838867	2.2130458091851324e-05	0.04360348731279373	5.954554538334378e-08	4.290185188438045e-06	1.110120795289049e-08	1.7606884057386196e-06
519	"FOMO (Fear Of Missing Out) - stressor to contend with for some when they use social media. ""Everyone else is doing it and I'm not"" fear."	Has social media been good for humanity?	5	520	refutes	False	0.00018207868561148643	0.3116860091686249	0.0005227621295489371	0.5914760828018188	2.3697664801147766e-05	0.04855131357908249	1.4282989901914789e-08	8.975728746918321e-07	8.138202112206727e-09	9.480258995608892e-07
520	Social media can be beneficial when being a leisure-time activity.	Has social media been good for humanity?	0	521	insufficient-supports	"True.
True.
Okay, let's see."	0.0005100835696794093	0.6338543891906738	0.0002646278589963913	0.26422980427742004	2.0247109205229208e-05	0.03632275015115738	8.570606269131531e-08	5.5786649681977e-06	1.299032437174219e-08	1.9891344891220797e-06
521	Social media, as a leisure-time activity displaces more healthy, social and productive activities like reading, spending time with friend and sport.	Has social media been good for humanity?	5	522	refutes	False	0.00016480684280395508	0.130176842212677	0.001276208902709186	0.7609128952026367	3.8840429624542594e-05	0.03970169648528099	2.1991466425674844e-08	9.79977357928874e-07	2.551054656407814e-08	3.090125346716377e-06
522	Many platforms e.g. facebook use a security opt-in model with new users being oblivious to the fact that a lot of personal information is publically exposed.	Has social media been good for humanity?	0	523	refutes	"False.
None.
The question is whether social media"	0.00011677815928123891	0.24492652714252472	0.0004407161322887987	0.5875481963157654	4.262596121407114e-05	0.08733124285936356	2.609598048763928e-08	1.6919827885431005e-06	2.4229297679312367e-08	3.610020939959213e-06
523	Users make the decision to put information out in such an insecure environment and should bear responsibility for the consequences of that decision.	Has social media been good for humanity?	3	524	insufficient-neutral	False	0.00011026331776520237	0.21388286352157593	0.0005732424324378371	0.7012948989868164	1.6135087207658216e-05	0.03775256872177124	1.186873710423697e-08	1.0075873433379456e-06	7.999480189369024e-09	1.6612307263130788e-06
524	Risk is inherent in innovation. Driving a car puts you at risk of crashing. Using a credit card puts you at risk of having your identity stolen. As companies become better at reducing disaster, the efficiency, productivity, and quality of life gains are worth the risk of accidents.	Has social media been good for humanity?	7	525	supports	True	0.0003196607867721468	0.5779602527618408	0.00026294580311514437	0.32420632243156433	2.1753188775619492e-05	0.0405791811645031	3.563944872553293e-08	2.137095862053684e-06	9.406696754865607e-09	1.401541680934315e-06
525	Social media can be educational and informative.	Has social media been good for humanity?	2	526	supports	"True.
But the question is not whether social media"	0.0007349488441832364	0.7338433265686035	0.0002789551217574626	0.19751125574111938	2.0207438865327276e-05	0.027151180431246758	4.912041973170744e-08	2.413434458503616e-06	7.59194129784646e-09	8.740880161894893e-07
526	Social media is a great way for families separated by distance to keep informed of the well being or otherwise of members of the family	Has social media been good for humanity?	2	527	supports	True	0.0006229603895917535	0.7503033876419067	0.0002152893430320546	0.17821267247200012	1.9714569134521298e-05	0.030015911906957626	3.8960592974035535e-08	2.194700073232525e-06	7.29193860848909e-09	9.738922699398245e-07
527	Social media makes it easier for people to access information and news.	Has social media been good for humanity?	2	528	supports	"True.
The question is asking whether social media has"	0.0004930070135742426	0.7866379618644714	0.0001017377435346134	0.12253456562757492	1.5847685062908567e-05	0.03456246107816696	7.454505634996167e-08	5.606692411674885e-06	7.73517871976992e-09	1.4856254892947618e-06
528	"Social media has potential as a collective learning experience. It is, in a sense, a giant classroom where people can learn from one another at their own pace and without the pressure of being graded.
"	Has social media been good for humanity?	3	529	supports	True	0.00029135780641809106	0.8287526965141296	4.068266207468696e-05	0.08334985375404358	1.428095765731996e-05	0.037568721920251846	1.2870831511690994e-08	9.56764552029199e-07	2.4564410505689693e-09	6.081565970816882e-07
529	Humans spend too long on social media, at the expense of other more valuable activities.	Has social media been good for humanity?	5	530	refutes	"False.
None.
Okay, let's break this"	0.00014074488717596978	0.27088481187820435	0.0003737217339221388	0.5472023487091064	4.1930416045943275e-05	0.10122226178646088	2.0386247356896092e-08	1.6643737126287306e-06	1.9681994700704308e-08	3.809789404840558e-06
530	It’s a valuable aid for crime-solving.	Has social media been good for humanity?	2	531	supports	True	0.0003519892052281648	0.6168311238288879	0.0002344753738725558	0.3053535521030426	1.4191781701811124e-05	0.03425971791148186	4.226722793987392e-08	2.7945277452090522e-06	5.048100604199135e-09	1.120304546020634e-06
531	In states like Oregon, authorities have arrested people for drinking and driving after they bragged about it publicly on Facebook.	Has social media been good for humanity?	0	532	insufficient-neutral	True	0.00018245734099764377	0.3979240357875824	0.00035445409594103694	0.4875467121601105	2.128662345057819e-05	0.05556264519691467	1.9259831063322963e-08	1.5540919093837147e-06	7.367542131930804e-09	1.3822379969496978e-06
532	Social media allows for better discourse to take place.	Has social media been good for humanity?	2	533	supports	True	0.00034728151513263583	0.5455287098884583	0.00030647485982626677	0.3360905051231384	3.2810898119350895e-05	0.06025770306587219	4.387428731433829e-08	2.7787764338427223e-06	9.827992641930905e-09	1.6592831570960698e-06
533	You can discover new perspectives from people you ordinarily wouldn't talk with.	Has social media been good for humanity?	0	534	supports	"True.
True. The argument suggests that social media"	0.0006780237308703363	0.7552524209022522	0.0002235884894616902	0.17660701274871826	1.0959232895402238e-05	0.018041541799902916	1.0744054179667728e-07	5.958431302133249e-06	7.602674045870117e-09	1.0851109664145042e-06
534	"Social media commentary systems have been designed for popularity, resulting in everybody writing in a more pointed, provocative way.
 This has harmed online discourse and increased polarization."	Has social media been good for humanity?	3	535	refutes	"False.
True"	0.00011353984154993668	0.21852459013462067	0.0005588626954704523	0.7054060101509094	1.7548461983096786e-05	0.030993377789855003	8.976378751412994e-09	4.86279759570607e-07	7.29774418672946e-09	1.2225071941429633e-06
535	Social media distorts reality.	Has social media been good for humanity?	5	536	refutes	"False.
I think the answer is False because the"	0.00017204141477122903	0.24606725573539734	0.0007020363700576127	0.658510148525238	3.108724922640249e-05	0.05239074304699898	1.3708149282365412e-08	8.957649129115453e-07	8.153597796933809e-09	1.3982692053104984e-06
536	Social Media acts as a filter of what you let others see of your life. It perpetuates the illusion that everyone leads happy and succesful lives.	Has social media been good for humanity?	3	537	refutes	False	0.0004519738722592592	0.3301737606525421	0.0011013031471520662	0.5529370307922363	5.526069435290992e-05	0.04907594993710518	3.215598098904593e-08	1.3097999271849403e-06	3.383107483045933e-08	2.7945941383222817e-06
537	If people do not take responsibility to do their own research independently of social media, social media can become an issue, but it is not a problem on its own.	Has social media been good for humanity?	6	538	insufficient-supports	False	0.00011227402137592435	0.3453081548213959	0.0002530133933760226	0.5348237156867981	1.8044076568912715e-05	0.0659032091498375	9.710706905252664e-09	1.0100551435243688e-06	7.16022574565045e-09	1.6140636489581084e-06
538	Social media can be manipulated and unreasonable positions can be made seem more popular, more broadly supported and legitimate than they really are.	Has social media been good for humanity?	5	539	refutes	False	8.228702790802345e-05	0.1511213630437851	0.0006998307653702796	0.7438454031944275	2.56912644545082e-05	0.05061931535601616	8.618458835485399e-09	7.119222686924331e-07	1.0725845100978404e-08	2.0761724499607226e-06
539	Social media is a vital tool for grassroots political organizing. (protest, advocacy groups, etc). This is beneficial to democracy.	Has social media been good for humanity?	2	540	supports	"True.
Answer: True.
Answer: True."	0.000351362134097144	0.881995677947998	3.425020258873701e-05	0.06192581728100777	7.0129258347151335e-06	0.020104369148612022	1.6848476391828626e-08	1.3280243820190663e-06	2.50430232107135e-09	5.00138582992804e-07
540	Social media is a tool for radicalization.	Has social media been good for humanity?	5	541	refutes	"False.
Wait, the user is asking if I"	0.00013656745431944728	0.18065033853054047	0.0008236070862039924	0.6925035119056702	4.263843584340066e-05	0.06542721390724182	1.5648188522732198e-08	1.0674323220882798e-06	1.122702641964679e-08	1.9787069049925776e-06
541	Individuals should have the autonomy to make their own decisions, as genetic engineering can bring them significant benefits.	Is cloning humans ethical?	2	542	supports	"True.
The question is about the ethics of cloning"	0.00024539759033359587	0.5187252759933472	0.00018815284420270473	0.3565143346786499	1.7638203644310124e-05	0.052169572561979294	3.610445276081009e-08	2.642246954565053e-06	8.575558929635463e-09	2.139756816177396e-06
542	The right to reproductive freedom already includes assisted reproductive technologies such as in-vitro fertilization. Cloning humans could be seen as another assisted reproductive technology.	Is cloning humans ethical?	7	543	supports	"False.
None.

The question is whether cloning humans"	0.00021027146431151778	0.5361393690109253	0.00013470496924128383	0.25724247097969055	4.339197403169237e-05	0.12934964895248413	1.7421710296616766e-08	1.1837790907520684e-06	7.945144098187029e-09	1.921463081089314e-06
543	Vitro gametogenesis (IVG) is a new technology that could revolutionize reproductive medicine. If IVG is ethical, reproductive cloning should also be ethical.	Is cloning humans ethical?	7	544	insufficient-supports	True	0.00031430923263542354	0.40613457560539246	0.000439797731814906	0.48989182710647583	2.540008063078858e-05	0.05163421854376793	2.9624489528146114e-08	1.4555405414284905e-06	8.8256646435525e-09	1.0161310228795628e-06
544	Not all means of reproduction are legal. Surrogacy as a means of reproduction is illegal in many countries.	Is cloning humans ethical?	0	545	insufficient-neutral	False	0.0001191251358250156	0.2809127867221832	0.00023323571076616645	0.5086673498153687	4.053028897033073e-05	0.12272170931100845	2.0331034633613854e-08	1.6728847640479216e-06	6.4728551407711166e-09	1.7395249187757145e-06
545	"Any use of cloning beyond family-planning purposes would most likely be cruel towards the clones. As nobody would have an emotional stake in the clone's life, nobody would defend their interests. 
The clones would, therefore, be taken advantage of or discriminated against."	Is cloning humans ethical?	5	546	refutes	True	0.00035283222678117454	0.5808470249176025	0.0002225284988526255	0.24594609439373016	5.989273267914541e-05	0.0933506116271019	1.540489869000794e-08	6.550329203491856e-07	6.862636681148615e-09	1.2430340348146274e-06
546	It is presumable that the person who has been cloned would have an emotional stake in the life of the clone, as they share the same DNA. Humans are predisposed to care for people who share their genes.	Is cloning humans ethical?	4	547	supports	False	0.00027386622969061136	0.42023828625679016	0.00034891461837105453	0.4404059648513794	3.914713306585327e-05	0.07417646795511246	1.3235399443090046e-08	7.936519068607595e-07	5.7821178955919095e-09	1.0933017620118335e-06
547	Human cloning is not safe. It may have unintended harmful consequences.	Is cloning humans ethical?	5	548	refutes	"False.
Wait, the user is asking if I"	0.000255807040957734	0.38644155859947205	0.00036930060014128685	0.43110671639442444	4.658592297346331e-05	0.10239681601524353	1.991037912318916e-08	1.384963070449885e-06	8.664289730120345e-09	1.953110995600582e-06
548	Genetic defects have been observed in otherwise healthy cloned animals.	Is cloning humans ethical?	0	549	refutes	False	0.00023301328474190086	0.39269280433654785	0.00033117865677922964	0.4180193245410919	4.378189623821527e-05	0.1056918352842331	2.292637901746275e-08	1.463429839532182e-06	9.40896693890636e-09	1.7930318563230685e-06
549	Genetic defects have also been observed often enough in naturally reproduced animals.	Is cloning humans ethical?	0	550	insufficient-supports	"False.
None.
The question is about the ethics"	0.00022572072339244187	0.298581600189209	0.00047785075730644166	0.5406613945960999	3.5714201658265665e-05	0.06981983780860901	4.6106777062959736e-08	2.507530780349043e-06	1.3313419700011764e-08	2.247736119898036e-06
550	Human cloning can be used to prevent harm by protecting newborns from genetic diseases.	Is cloning humans ethical?	6	551	supports	True	0.0005273625138215721	0.665645956993103	0.0002033163618762046	0.21950674057006836	2.6878473363467492e-05	0.04673568531870842	3.363231115827148e-08	1.857907136582071e-06	8.209819490900827e-09	1.3806793504045345e-06
551	Cloning techniques, together with genetic engineering, could be used to cure hereditary diseases.	Is cloning humans ethical?	2	552	supports	True	0.00029965987778268754	0.4781348407268524	0.00029044030816294253	0.3609151244163513	3.233290772186592e-05	0.07218756526708603	2.1825075080528222e-08	1.3450054439090309e-06	8.513501903451015e-09	1.5360444649559213e-06
552	A potentially fatal blood disorder can be cured by fixing diseased genes in human embryos.	Is cloning humans ethical?	0	553	insufficient-neutral	False	0.0002455901412758976	0.40430065989494324	0.00033047766191884875	0.3681199252605438	7.373953121714294e-05	0.14873389899730682	2.1830199870009892e-08	1.3718553191210958e-06	8.71744010311204e-09	1.949799525391427e-06
553	People born with genetic disorders can still live rich and fulfilling lives, with their disorder becoming a part of their unique identity as a human being.	Is cloning humans ethical?	1	554	supports	None	0.00021960734738968313	0.4096634089946747	0.00021960734738968313	0.2904948592185974	9.669180144555867e-05	0.219277024269104	3.452845831475315e-08	1.9756621441047173e-06	1.0654716220415139e-08	2.4017945179366507e-06
554	Safety is important, but it's not relevant to the fundamental question of whether or not cloning is ethical.	Is cloning humans ethical?	1	555	insufficient-neutral	True	0.0002983513113576919	0.42010992765426636	0.00033283495577052236	0.3323343098163605	4.720603101304732e-05	0.08535051345825195	6.563781340673813e-08	4.494971108215395e-06	3.8737503871288936e-08	8.732237802178133e-06
555	Human cloning cannot be looked at in abstraction from the process of developing it because the former is contingent on the latter.	Is cloning humans ethical?	3	556	insufficient-neutral	True	0.0004778566362801939	0.3279317319393158	0.0005414824699983001	0.3383414149284363	0.0002120475983247161	0.2184496372938156	5.760610477523187e-08	1.8489597550797043e-06	3.156554129191136e-08	3.2961274882836733e-06
556	"In it's history and development, medicine used a lot of unorthodox practices to develop and gain higher understanding, practices such as using organs from animals to experiment and a lot of failed
 experiments on humans. The result was modern medicine which saves millions of lives annually. We now look at medicine in abstraction of all that."	Is cloning humans ethical?	0	557	supports	False	0.0005093640647828579	0.4815308451652527	0.0003936060529667884	0.3157956302165985	9.061326272785664e-05	0.09631222486495972	6.985258949043782e-08	2.250805209769169e-06	2.7569210914180076e-08	2.7793737444881117e-06
557	By cloning humans, we can improve the genetic quality of humankind.	Is cloning humans ethical?	2	558	supports	"True.
False.
None.
None.
None."	0.00024241481150966138	0.5328327417373657	0.00019176588102709502	0.33868908882141113	1.928640267578885e-05	0.05794287472963333	2.2759168771813165e-08	1.8221650179839344e-06	7.475917662702614e-09	2.00125668925466e-06
558	Cloning humans opens up the possibility of producing replacement body parts from adult cells. This could increase the success rate of many treatments. (p.743)	Is cloning humans ethical?	2	559	supports	True	0.00019495129527058452	0.47431397438049316	0.00014041815302334726	0.2538819909095764	5.9923109802184626e-05	0.18866907060146332	1.470691124438872e-08	8.750272968427453e-07	6.9742429609220835e-09	1.476888087381667e-06
559	"It is dangerous for society to embrace the idea of a ""perfect human being"". This idea led to the advocacy of eugenics in Nazi Germany, as the perfect human was thought to be of Aryan race."	Is cloning humans ethical?	0	560	refutes	True	0.00015435522072948515	0.3697219789028168	0.0002505432639736682	0.3935669958591461	7.701067079324275e-05	0.1773945540189743	9.503873243943417e-09	5.743631845689379e-07	5.7195315150693204e-09	1.115797203965485e-06
560	Given the variety of modifications individuals could choose, cloning may lead to wider acceptance of individuals with greater differences.	Is cloning humans ethical?	2	561	supports	True	0.0003975961299147457	0.4533860683441162	0.00029088754672557116	0.27499255537986755	0.00011040846584364772	0.17479589581489563	4.415575816096862e-08	2.309426690771943e-06	1.7840537935853717e-08	2.699993274291046e-06
561	As with all things, it is likely that certain modifications will be more popular than others, which will create imbalances between individuals.	Is cloning humans ethical?	3	562	refutes	False	0.00015587391681037843	0.19984501600265503	0.00033257322502322495	0.324380487203598	0.0002530083293095231	0.39127758145332336	2.7021869186683034e-08	1.4243777286537807e-06	1.871750221482671e-08	2.7029939246858703e-06
562	Racism has been and continues to be justified through racist pseudo-science that claims that non-White people have lower IQs, limited capacities for reason, or smaller skulls than White people.	Is cloning humans ethical?	7	563	not_applicable	"None.
The question about the ethics of human cloning"	2.828843571478501e-05	0.07101015001535416	0.00020578420662786812	0.2597443163394928	0.0002704982180148363	0.6230942606925964	7.477713559467247e-09	4.68083101168304e-07	7.625198250593712e-09	2.0492075236688834e-06
563	It is not the place for human beings to meddle with nature and evolution.	Is cloning humans ethical?	1	564	refutes	False	0.0002928766771219671	0.40919172763824463	0.00035052746534347534	0.43558230996131897	3.8118094380479306e-05	0.07451934367418289	2.9156067782309947e-08	1.6747920881243772e-06	9.539829370908137e-09	1.973387497855583e-06
564	By using therapeutic cloning, the life expectancy of the population could be drastically extended. This could have terrible consequences on climate change.	Is cloning humans ethical?	5	565	refutes	True	0.00045882773702032864	0.5356171131134033	0.00027612742269411683	0.2693251967430115	9.03485415619798e-05	0.12524785101413727	1.3714606339476632e-08	7.400684012281999e-07	9.100279640961162e-09	1.1642910067166667e-06
565	There are many multi-faith ethical limitations to research on human cloning.	Is cloning humans ethical?	1	566	refutes	False	0.00030459242407232523	0.4710524082183838	0.00029292370891198516	0.3785012364387512	2.9230848667793907e-05	0.06276166439056396	2.882102023704647e-08	1.7692170786176575e-06	1.0276450801427472e-08	1.8980928189193946e-06
566	The Catholic Church is strongly against any form of human cloning, as they see cloning contrary to human dignity.	Is cloning humans ethical?	4	567	refutes	True	0.0002605787885840982	0.5338687300682068	0.00022288486070465297	0.3556332290172577	1.4360303794092033e-05	0.038073744624853134	3.2664392080050675e-08	1.9586987036745995e-06	7.0918186878543565e-09	1.356750885861402e-06
567	The Catholic Church has always had a turbulent history with scientific progress. This does not mean that advancements in science should stop for the church's sake.	Is cloning humans ethical?	0	568	insufficient-neutral	False	0.00017556957027409226	0.2673089802265167	0.00030813421471975744	0.4140162169933319	0.000124497470096685	0.24722036719322205	2.59320120932216e-08	1.530887971057382e-06	8.033362419723744e-09	1.4048216598894214e-06
568	Sometimes human intervention in nature and evolution is necessary and has very positive outcomes.	Is cloning humans ethical?	2	569	supports	None	0.00028595098410733044	0.4252820312976837	0.0002881936961784959	0.3753100633621216	5.457469524117187e-05	0.11268851906061172	3.5985170399044364e-08	2.116090399795212e-06	1.2436141005878198e-08	2.3606696686329087e-06
569	Science is being used to regenerate coral reefs that are dying because of climate change. These corals are extremely valuable for life on Earth.	Is cloning humans ethical?	2	570	not_applicable	"False.
Okay, let's break this down."	9.056567068910226e-05	0.20861853659152985	0.0002923495485447347	0.4084552824497223	0.00014472352631855756	0.3386213183403015	9.33847488227002e-09	5.556177029575338e-07	5.362635224770429e-09	1.312193603553169e-06
570	The regeneration of coral reefs is only necessary because humans interfered with nature in the first place.	Is cloning humans ethical?	3	571	not_applicable	"False.
The argument about coral reef regeneration is not"	4.238071051076986e-05	0.12054981291294098	0.0003058992442674935	0.5075336694717407	0.00010571595339570194	0.3276883661746979	7.148829528347278e-09	5.951560524408706e-07	6.5345591160337335e-09	2.0291779492254136e-06
571	An artificial general intelligence (AGI) should be created, because it could help to remedy problems of humanity.	Should an artificial general intelligence be created?	2	572	supports	"True.
But the question is, do you agree"	0.0005396910128183663	0.8346325755119324	4.0971299313241616e-05	0.05335627496242523	1.567292019899469e-05	0.03610266000032425	6.89863313141359e-08	4.893324330623727e-06	1.5757965599050294e-08	4.218309186398983e-06
572	AGI should be created and studied for the sake of developing science.	Should an artificial general intelligence be created?	2	573	supports	True	0.0006898901774547994	0.5710787177085876	0.0004119522054679692	0.2827044725418091	5.531780334422365e-05	0.06610716134309769	1.1637149555099313e-07	5.785081157227978e-06	3.480483812268176e-08	5.267375854600687e-06
573	The process of creating an AI would teach us many things about consciousness, computer science, and many other fields.	Should an artificial general intelligence be created?	2	574	supports	"True.

Wait, the user wants me to answer"	0.00030167403747327626	0.4053361713886261	0.00043212808668613434	0.4053361713886261	4.3801126594189554e-05	0.08766009658575058	5.291383331496036e-08	3.6520350477076136e-06	2.7558778370462278e-08	6.068412403692491e-06
574	The development of AGI could create an economic boom that could lead into a golden age for humanity.	Should an artificial general intelligence be created?	2	575	supports	True	0.0007382815238088369	0.6207602620124817	0.0003712312609422952	0.2393244057893753	3.071151513722725e-05	0.04030880704522133	1.6757910259457276e-07	8.798997441772372e-06	3.581929419738117e-08	5.770522875536699e-06
575	AGI will be the best tool we could possibly make.	Should an artificial general intelligence be created?	2	576	supports	True	0.00035689218202605844	0.5476388335227966	0.00025907595409080386	0.27970653772354126	4.0991766582010314e-05	0.08139924705028534	5.677495806821753e-08	4.38853840023512e-06	2.7996067686331116e-08	6.286291409196565e-06
576	It would be exciting and in being so would enrich our lives.	Should an artificial general intelligence be created?	2	577	supports	"False.
The given question is ""Should an artificial"	0.00024548068176954985	0.38561439514160156	0.00038619531551375985	0.465139776468277	3.072550680371933e-05	0.07475476711988449	1.0248572834825609e-07	7.297948741324944e-06	1.488026679652421e-08	4.786111276189331e-06
577	Creation of AGI has the potential of enabling an astronomical number of non-biological beings which would otherwise not exist.	Should an artificial general intelligence be created?	2	578	supports	False	0.00045454123755916953	0.47563859820365906	0.00037389539647847414	0.32183316349983215	4.430792614584789e-05	0.07409020513296127	9.069594142374626e-08	5.721829438698478e-06	5.331739671987634e-08	1.0606596333673224e-05
578	Bigger amount of rational thinking beings is not necessarily good.	Should an artificial general intelligence be created?	2	579	refutes	"False.
None.
The question is whether the argument"	0.00033904705196619034	0.291837215423584	0.0009144532959908247	0.5625309348106384	3.0092136512394063e-05	0.040117841213941574	9.577667725579886e-08	5.437537765828893e-06	4.7784759260594e-08	7.0918868004810065e-06
579	Future Humans and other sentient beings may suffer so much that it would be better if they did not come into existence.	Should an artificial general intelligence be created?	5	580	refutes	False	0.0004494055174291134	0.5084772109985352	0.0003874117974191904	0.3960024416446686	1.2848642654716969e-05	0.020987359806895256	5.6776269019565007e-08	3.888119863404427e-06	2.3946860494561406e-08	4.043004992126953e-06
580	Transhumanism is the next step in evolution of wealthy humans. Poor humans will unlikely benefit from it.	Should an artificial general intelligence be created?	4	581	refutes	"False.
The question is about whether an artificial general"	0.0004268870106898248	0.339832067489624	0.0008827851852402091	0.5181820392608643	4.64218101114966e-05	0.06092853471636772	1.4264634273786214e-07	7.063614702929044e-06	5.8771064459506306e-08	7.008644843153888e-06
581	"The capacity for AGIs to colonize both in and out the solar system far exceeds that of humans. 
Any other impact which humans may have could be astronomically dwarfed by the prospect of populous future lives descending from AGIs."	Should an artificial general intelligence be created?	2	582	supports	"True.
None.
False.
The question is whether"	0.0004618600651156157	0.5739295482635498	0.0002652239054441452	0.2507312595844269	5.4732048738515005e-05	0.07528316974639893	6.716012990182207e-08	3.471674062893726e-06	3.470637821578748e-08	5.33518959855428e-06
582	The consequences of developing AGI are unpredictable.	Should an artificial general intelligence be created?	5	583	insufficient-neutral	"False.
None.

Okay, let's tackle this"	0.00019331609655637294	0.2743442952632904	0.0005726439412683249	0.562917947769165	3.776996527449228e-05	0.07156699150800705	2.1807156969089192e-08	1.7256032833756763e-06	1.704990282291874e-08	3.2746195302024717e-06
583	"The AGI Safety problem is mathematically identical to that of the Halting Problem  in computer science. 
It is fundamentally impossible to discern the outcome, intentions and wisdom of creating an AGI ahead of doing so. "	Should an artificial general intelligence be created?	7	584	refutes	False	0.0002544800518080592	0.29018816351890564	0.0006152538117021322	0.49362674355506897	0.00013621336256619543	0.14591579139232635	1.8105149379721297e-08	7.608815622006659e-07	2.158454748268923e-08	2.916757239290746e-06
584	"We routinely make decisions despite uncertainty, and even granting the claim of unpredictability doesn't imply we should not pursue a risky alternative 
- especially if the alternative is human self-destruction."	Should an artificial general intelligence be created?	7	585	supports	False	0.0005645495839416981	0.47098931670188904	0.0003760710824280977	0.2642010450363159	0.00015554975834675133	0.15776166319847107	8.209244839463281e-08	2.676381427590968e-06	5.5982180668934234e-08	7.051326065266039e-06
585	AGI's creation raises serious ethical and philosophical concerns we are not currently prepared to deal with.	Should an artificial general intelligence be created?	5	586	refutes	True	0.0003832706715911627	0.3948421776294708	0.0006622322835028172	0.4762705862522125	3.649513382697478e-05	0.04570629820227623	3.890738753398182e-08	2.042891992459772e-06	3.114108082513667e-08	5.865301773155807e-06
586	Αn agent that is behaviorally indistinguishable from humans should also be morally indistinguishable from humans.	Should an artificial general intelligence be created?	7	587	insufficient-neutral	True	0.00022458289458882064	0.34193292260169983	0.0002998575218953192	0.4322437345981598	5.546806278289296e-05	0.12191994488239288	3.686108485112527e-08	2.362114855714026e-06	2.1839470676354722e-08	6.420894351322204e-06
587	"We cannot and should not suppress progress due to the fear of ""power to influence politics or economy""."	Should an artificial general intelligence be created?	1	588	supports	False	0.0008542457362636924	0.509326159954071	0.0008279633475467563	0.35556694865226746	6.743447738699615e-05	0.05122428014874458	1.4808966852797312e-07	4.6612394726253115e-06	3.84808878095555e-08	4.553261987894075e-06
588	"Open Source AGI avoids this problem. For example, OpenAI is a non-profit research company that receives funding for this exact purpose.
 Instead of holding back AGI we should fund initiatives like this."	Should an artificial general intelligence be created?	6	589	supports	True	0.0003029729996342212	0.5831173062324524	0.00019714828522410244	0.27117472887039185	6.203546217875555e-05	0.10133059322834015	2.7462053964200095e-08	1.267544007532706e-06	1.0063338606869365e-08	1.746115572132112e-06
589	There are better ways to achieve the same goal we would need AGI for.	Should an artificial general intelligence be created?	6	590	refutes	False	0.00023269941448234022	0.33543553948402405	0.0004887910326942801	0.5444656014442444	1.464534489059588e-05	0.027534224092960358	5.344198328316452e-08	3.7319655348255765e-06	3.4102743740049846e-08	8.27972780825803e-06
590	"History tells us that to improve our tools, we need to refine and specialize them, not make them more general. 
Why waste power and processing making a stock market optimizing machine able to appreciate Bach or cynically resent its makers?"	Should an artificial general intelligence be created?	5	591	refutes	False	0.00012392470671329647	0.19928410649299622	0.000614762946497649	0.7176496386528015	2.421232420601882e-05	0.04243003576993942	1.7879942859622133e-08	1.1592801456572488e-06	7.469155605122069e-08	1.9153525499859825e-05
591	"The most significant development in tools of the last 50 years is the computer. This is an incredibly generalised tool which is now a vital component of just about every aspect of global civilisation,
 including our culture, the economy and the sciences."	Should an artificial general intelligence be created?	7	592	insufficient-neutral	False	0.00022276383242569864	0.41555163264274597	0.0002408651344012469	0.26830029487609863	0.00012593924475368112	0.22242876887321472	3.641997636805172e-08	1.9729889118025312e-06	2.157812240000112e-08	4.176817583356751e-06
592	Being surrounded by AGI could negatively impact mental health and well-being.	Should an artificial general intelligence be created?	5	593	refutes	True	0.0005430540186353028	0.4566095173358917	0.0007082759984768927	0.4566095173358917	1.4931288205843884e-05	0.017704671248793602	7.927579304123356e-08	4.483185875869822e-06	1.6043063766346677e-08	2.6980287657352164e-06
593	If the group [21] had a quantum computer and no AI they could also crack all modern encryption, the AI has little to do with it.	Should an artificial general intelligence be created?	6	594	insufficient-supports	"False.
The question is about whether an AGI"	0.00015923574392218143	0.28566446900367737	0.0004791186365764588	0.5953758955001831	2.240867615910247e-05	0.04811374843120575	2.836989487775554e-08	2.1171551907173125e-06	1.8033002646689056e-08	3.924585598724661e-06
594	There are existing areas where we place limits on technological progress for ethical reasons - eugenics and nuclear weapons research, for example.	Should an artificial general intelligence be created?	0	595	refutes	True	0.0004274396051187068	0.4912399649620056	0.0003984175273217261	0.35939884185791016	3.536156509653665e-05	0.04641198739409447	9.114423704659202e-08	3.936582743335748e-06	3.7846444200795304e-08	6.439819117076695e-06
595	Creating something in a controlled environment limits the potential for misuse.	Should an artificial general intelligence be created?	3	596	supports	"False.

The question is whether an artificial general intelligence"	0.00031784374732524157	0.2570105493068695	0.0010340592125430703	0.6461244225502014	1.4074609680392314e-05	0.017765210941433907	7.679888369693799e-08	4.360110324341804e-06	3.757527977654718e-08	7.188606559793698e-06
596	"AI is a natural part of the development of informatics and computing science. It cannot be avoided. One thing we must avoid is the controlling of AI by politicians and large corporations. 
Politics and capitalism are the problem not AI itself."	Should an artificial general intelligence be created?	4	597	supports	"False.
Okay, let's break this down."	0.0004330875526648015	0.6194362044334412	0.00027962238527834415	0.27487313747406006	3.582881618058309e-05	0.05497808754444122	1.839886465404561e-08	9.774481668500812e-07	1.1649436970628813e-08	2.0692577891168185e-06
597	Creating AGI would make creation of sentience more probable.	Should an artificial general intelligence be created?	2	598	insufficient-neutral	"True.
The question is whether creating AGI would"	0.00045383491669781506	0.38760170340538025	0.0006059491424821317	0.4461268186569214	4.059605998918414e-05	0.057611849159002304	8.880352453388696e-08	6.423229478969006e-06	3.8795384682543954e-08	7.869905857660342e-06
598	"Humankind is earth's apex species by virtue of its superior thinking powers. Creating an entity able to accomplish intellectual feats humankind can't, and able to improve itself,
 is essentially to replace ourselves as the apex species on earth."	Should an artificial general intelligence be created?	5	599	refutes	True	0.0005007500294595957	0.41451194882392883	0.000812797574326396	0.4697035849094391	4.4792675907956436e-05	0.04040594398975372	3.168658935237545e-08	1.2607819144250243e-06	2.7209056341348514e-08	2.7323708309268113e-06
599	Being exciting doesn't necessarily mean it's good. It is also subjective - for some killing is exciting.	Should an artificial general intelligence be created?	7	600	refutes	"False.
None.
The question is about whether an"	0.00016217103984672576	0.15330949425697327	0.0005749462288804352	0.42996713519096375	0.0002115109091391787	0.2819793224334717	7.823273051599244e-08	4.156149316258961e-06	6.335478985874943e-08	9.970084647648036e-06
600	AGI could be a good therapeutic tool.	Should an artificial general intelligence be created?	2	601	supports	"True.
The question is whether the creation of an"	0.0007484994712285697	0.5820551514625549	0.0005476139485836029	0.29728466272354126	5.422112008091062e-05	0.05763126537203789	6.627379178780757e-08	2.5960939638025593e-06	1.9211581658851173e-08	2.2032763808965683e-06
601	AGI can be a good listener and someone to have a conversation with for depressed or traumatized people.	Should an artificial general intelligence be created?	2	602	supports	True	0.0006504003540612757	0.582138180732727	0.0004540526424534619	0.29732707142829895	3.420170833123848e-05	0.04559658467769623	8.15297838130391e-08	3.9591350287082605e-06	2.2202105043334086e-08	3.3079811601055553e-06
602	"You don't need AGI to effectively pass the Turing test and appear to have consciousness when listening or conversing with those in need. Social AI can be narrowly focused,
 and as such won't bring any of the potential baggage of true AGI."	Should an artificial general intelligence be created?	6	603	refutes	True	0.00021107657812535763	0.43584132194519043	0.0002862623077817261	0.36701518297195435	6.641819345531985e-05	0.13930325210094452	2.3533237580863897e-08	1.3892771448809071e-06	1.2498407642169695e-08	2.1019091036578175e-06
603	Acting out of empathy to help others is in human nature.	Do we have a moral duty to intervene in nature to limit animal suffering?	1	604	insufficient-supports	True	0.0003839038254227489	0.3330397605895996	0.0007634839275851846	0.5845029354095459	3.0069671993260272e-05	0.040402304381132126	3.91241954389443e-08	1.7366440943078487e-06	7.097268106548427e-09	1.0783069228637032e-06
604	With the duty to rescue there is a legal precedent that could be applied to the human responsibility to act to rescue animals.	Do we have a moral duty to intervene in nature to limit animal suffering?	7	605	supports	False	0.0004499671049416065	0.5171299576759338	0.0003215770120732486	0.36670005321502686	1.9312197764520533e-05	0.0351911336183548	3.937691417377209e-08	2.0196505374769913e-06	1.0352647628053546e-08	2.2355493456416298e-06
605	There is no such thing as unnecessary suffering in nature.	Do we have a moral duty to intervene in nature to limit animal suffering?	1	606	refutes	"True.

Wait, the user is asking if I"	0.0004521918890532106	0.561915397644043	0.0003521673788782209	0.3408189117908478	1.0717941222537775e-05	0.02111748233437538	5.3041816272525466e-08	2.7741837129724445e-06	1.617684119992191e-08	3.5621226288640173e-06
606	Saving a prey from being eaten induces suffering from hunger for its predator.	Do we have a moral duty to intervene in nature to limit animal suffering?	5	607	refutes	"True.
But wait, the question is whether the"	0.0005681079928763211	0.6038381457328796	0.00032879566424526274	0.29428720474243164	2.0532294001895934e-05	0.03353806957602501	4.3025178086963933e-08	2.232783344879863e-06	2.0887048535200847e-08	3.5126615784975e-06
607	Basic animal rights stand against and outweigh the moral benefit of limiting suffering of sentient beings.	Do we have a moral duty to intervene in nature to limit animal suffering?	6	608	refutes	"True.
The question is whether the moral duty to"	0.00043596772593446076	0.44216713309288025	0.0006244949181564152	0.4706844687461853	2.0074357962585054e-05	0.026972368359565735	6.072875180507253e-08	3.1026472697703866e-06	1.535463312052343e-08	3.0307746783364564e-06
608	The technology to implement such changes beyond the small scale can only be obtained by carrying out immoral research.	Do we have a moral duty to intervene in nature to limit animal suffering?	5	609	refutes	"False.
None.
The question is about whether we"	0.0009135495056398213	0.48825228214263916	0.0007814002456143498	0.36855214834213257	5.359201168175787e-05	0.040078189224004745	1.1186360637793769e-07	4.399100362206809e-06	4.830024025181956e-08	5.023930043535074e-06
609	Sustainably reducing suffering in ecosystems will require dangerous and immoral experiments to study the effects of different interventions. This will in itself cause suffering and other moral harm. The end does not justify all means.	Do we have a moral duty to intervene in nature to limit animal suffering?	3	610	refutes	True	0.0007579614757560194	0.6274269223213196	0.0004185860452707857	0.25350338220596313	5.405529373092577e-05	0.046166397631168365	1.9303044496155053e-08	6.965922807466995e-07	1.8275754243290976e-08	1.7788106561056338e-06
610	"There are ""low-hanging fruits"" that don't require research and can be enacted immediately. For example in Sika deer, overpopulation can lead to mal-development and eventual mass die-off caused by social stress (cf. this paper).
 A lot of animal suffering could be avoided by euthanising an adequate number of Sika deer whenever overpopulation becomes apparent."	Do we have a moral duty to intervene in nature to limit animal suffering?	0	611	supports	True	0.0007507604896090925	0.8233088254928589	7.912957516964525e-05	0.06653355062007904	1.924062962643802e-05	0.020291587337851524	1.7005374886025493e-08	5.67557435715571e-07	7.0888952485859136e-09	6.953858928682166e-07
611	Genetic editing is happening usually with the intention of being beneficial for humankind.	Do we have a moral duty to intervene in nature to limit animal suffering?	2	612	insufficient-neutral	True	0.00032939776428975165	0.46021708846092224	0.00029527023434638977	0.3936445415019989	3.1365343602374196e-05	0.06948238611221313	3.4499983314617566e-08	1.8836352637663367e-06	1.3563266065830248e-08	2.254416131108883e-06
612	Selective breeding and hybridization has long been done for the benefit of humans.	Do we have a moral duty to intervene in nature to limit animal suffering?	2	613	insufficient-neutral	"False.
The given answer is False. The argument"	0.0004181043477728963	0.5195565819740295	0.0003747862938325852	0.3801157474517822	2.570456126704812e-05	0.052253179252147675	3.141836302233969e-08	1.7492175174993463e-06	7.94380650148696e-09	1.0946322390736896e-06
613	The victims of selective breeding and hybridization suffer, as a result of these practices, from genetic disorders and shortened lifespans.	Do we have a moral duty to intervene in nature to limit animal suffering?	5	614	insufficient-supports	True	0.0005115809035487473	0.6662236452102661	0.00021661697246599942	0.23754934966564178	1.4176252989273053e-05	0.0254318006336689	4.07624369813675e-08	2.12363806895155e-06	1.0550765594530276e-08	1.6538909903829335e-06
614	This may destabilize the ecosystem.	Do we have a moral duty to intervene in nature to limit animal suffering?	5	615	refutes	True	0.00019762624287977815	0.3715505301952362	0.00035507004940882325	0.5158467888832092	1.896561479952652e-05	0.05107574909925461	3.439402718186102e-08	2.689896064111963e-06	7.380344779761572e-09	2.1613923308905214e-06
615	"In Estonia, rabid foxes started ending up in people's backyards and so a general vaccination program was launched. Rabies killed most of the fox population and by removing it, we only managed to disrupt a working
 ecosystem and even made the initial problem worse. (p. 597)"	Do we have a moral duty to intervene in nature to limit animal suffering?	0	616	refutes	True	0.00042350098374299705	0.7421494126319885	0.00011309672117931768	0.12115256488323212	2.4079681679722853e-05	0.03933247923851013	1.4627065780814519e-08	5.662998319166945e-07	3.6983014428670913e-09	5.531815077119973e-07
616	Humans are not capable of fairly and consistently applying such morals, which would make the attempt at it corrupt and immoral.	Do we have a moral duty to intervene in nature to limit animal suffering?	3	617	refutes	False	0.0001481637154938653	0.14006759226322174	0.0008459881646558642	0.7454589605331421	2.2544820240000263e-05	0.032245390117168427	2.899173168202651e-08	1.1763075917770038e-06	2.171380231175135e-08	3.24788925354369e-06
617	We coexist regardless of our actions, so all we can do is control the impact we have and how we focus them.	Do we have a moral duty to intervene in nature to limit animal suffering?	3	618	insufficient-supports	True	0.00035953769111074507	0.3023056983947754	0.000947255699429661	0.6012066602706909	2.9977407393744215e-05	0.034994423389434814	2.5579543816434125e-08	1.0834295380846015e-06	1.551477879502272e-08	1.871998279057152e-06
618	Nature is more efficient when dealing with problems on its own.	Do we have a moral duty to intervene in nature to limit animal suffering?	6	619	refutes	False	0.00025136361364275217	0.2866344451904297	0.0006886360934004188	0.6260672211647034	1.820871875679586e-05	0.02882758527994156	2.165596235670364e-08	1.2586322100105463e-06	9.761106589678548e-09	1.7474376363679767e-06
619	Humans don't have the capacity to manage nature to the macro- and micro-levels regions (like forests) need as well as nature can.	Do we have a moral duty to intervene in nature to limit animal suffering?	6	620	refutes	False	0.000739225244615227	0.5748432278633118	0.0005080615519545972	0.32245782017707825	3.0511469958582893e-05	0.03294114023447037	7.35903711301944e-08	2.5241770345019177e-06	2.3798151005394175e-08	2.2450496999226743e-06
620	Wild animals lose fear and become imprinted with humans, so humans carry responsibility for the animals they made used to humans.	Do we have a moral duty to intervene in nature to limit animal suffering?	0	621	supports	True	0.0006547571392729878	0.7763737440109253	0.00014049920719116926	0.1528770625591278	1.0749823559308425e-05	0.019134806469082832	4.0949192481321006e-08	2.2532854018209036e-06	9.390286770383227e-09	1.5246491784637328e-06
621	Nature cannot effectively be left alone because humans have destabilised it so much already.	Do we have a moral duty to intervene in nature to limit animal suffering?	3	622	supports	"True.
The question is whether the argument implies that"	0.0011888332664966583	0.815843403339386	0.00021314607874955982	0.12126429378986359	2.606035559438169e-05	0.02463633567094803	2.1218834689307187e-08	6.626821686950279e-07	8.473303836353807e-09	6.837179853391717e-07
622	Certain interventions can be helpful and not impact negatively on ecosystems (e.g. fixing a lion's wound in a safari).	Do we have a moral duty to intervene in nature to limit animal suffering?	0	623	supports	True	0.0007001235499046743	0.7326195240020752	0.00017427452257834375	0.14202477037906647	2.9582835850305855e-05	0.03647497668862343	3.532111136905769e-08	1.3621568086819025e-06	1.573499197604633e-08	1.891167357825907e-06
623	Nature is the survival of the fittest.	Do we have a moral duty to intervene in nature to limit animal suffering?	1	624	insufficient-neutral	"False.
None.

Okay, let's break this"	0.000199910209630616	0.30675533413887024	0.0004909320850856602	0.6005977988243103	1.381829224555986e-05	0.03133703023195267	2.806518395459534e-08	1.8267816130901338e-06	1.0947635686875401e-08	2.9884151899750577e-06
624	Animal suffering shouldn't be analysed from the point of view of human morality.	Do we have a moral duty to intervene in nature to limit animal suffering?	1	625	refutes	"False.
Okay, let's break this down."	0.0004519771027844399	0.26948192715644836	0.0011362703517079353	0.6265642046928406	3.458150604274124e-05	0.03269186615943909	3.317695629334594e-08	1.0121422064912622e-06	2.1843137076871244e-08	2.012885033764178e-06
625	Fairness is not and has never been a natural state. It is an entirely human construct, and forcing our ideas onto the rest of the planet is deeply unethical.	Do we have a moral duty to intervene in nature to limit animal suffering?	1	626	refutes	False	0.00021426533930934966	0.3112853169441223	0.0006297608488239348	0.5815575122833252	3.1109946576179937e-05	0.053254637867212296	1.0355009294471529e-08	5.188074965190026e-07	1.2106233349129525e-08	1.5012193443908473e-06
626	Natural doesn't mean good. Morality historically goes against nature and intuition.	Do we have a moral duty to intervene in nature to limit animal suffering?	0	627	supports	"False.
None.
Okay, let's try to"	0.00047459854977205396	0.34670141339302063	0.0008593868697062135	0.5627519488334656	1.825897561502643e-05	0.02114892192184925	4.4732185955354e-08	1.7250944210900343e-06	2.1800724780973724e-08	2.321368128832546e-06
627	Humanity is already forcing its view onto/against nature and/or other living creatures (eg. artificial selection, breeding, curing disease and more broadly all our activities have an impact on the planet).	Do we have a moral duty to intervene in nature to limit animal suffering?	0	628	insufficient-neutral	True	0.000912679941393435	0.7555001378059387	0.00019280855485703796	0.10224582254886627	5.567383050220087e-05	0.044667892158031464	3.670990977866495e-08	9.430700629309285e-07	1.9344764012885207e-08	1.4721115348947933e-06
628	"""Forcing"" our ideas onto the rest of the planet isn't more unethical than doing nothing while we are aware of the suffering of sentient beings and we could find solutions to fix that."	Do we have a moral duty to intervene in nature to limit animal suffering?	6	629	supports	True	0.0006074135308153927	0.8034818172454834	8.888424054021016e-05	0.09596221894025803	2.818802749970928e-05	0.0412728376686573	1.6857194751196403e-08	8.059043921093689e-07	7.870005980237238e-09	9.348653975393972e-07
629	Plenty of porn is made in an ethical and safe way. It is perfectly possible to make choices about what porn you watch so that it is ethical.	Is it ethically wrong to watch pornography?	1	630	refutes	"None.
Okay, let's see. The user"	0.00029560914845205843	0.429461807012558	0.00037368497578427196	0.36164310574531555	8.403434185311198e-05	0.13097845017910004	1.805943661281617e-08	9.482383234171721e-07	1.275613215057092e-08	1.7994401559917605e-06
630	So long as the participants are well informed of the repercussions and happy with the arrangements/compensation, it is good.	Is it ethically wrong to watch pornography?	1	631	supports	"False.
True"	0.00010578542423900217	0.29855969548225403	0.00023469522420782596	0.42103666067123413	5.445366332423873e-05	0.19580022990703583	9.007649737213796e-09	8.733120466786204e-07	1.0907825753747602e-08	3.4540162232588045e-06
631	We should base our morality on informed consent.	Is it ethically wrong to watch pornography?	1	632	insufficient-neutral	True	0.0002873277699109167	0.5276817083358765	0.00021352384646888822	0.3006639778614044	2.867242983484175e-05	0.0610835924744606	5.492007204566107e-08	2.62560411101731e-06	1.1602161009705014e-08	2.5448227916058386e-06
632	"This heavily depends on the way of defining good and wrong, if the actions of the participants have bad consequences then it could be seen as wrong, 
even if they're well informed of the repercussions and happy with the arrangements."	Is it ethically wrong to watch pornography?	1	633	insufficient-neutral	False	0.00013523119559977204	0.3394598364830017	0.00015323703701142222	0.24450376629829407	0.00013523119559977204	0.3042898178100586	2.3535058346624282e-08	1.389384578942554e-06	1.769593538369918e-08	3.7473480460903374e-06
633	Given the cost-benefit analysis of sexual gratification versus the hardship experienced by victims of non-consensual uploads, it is clearly not worth the risk.	Is it ethically wrong to watch pornography?	5	634	supports	True	0.0004676847893279046	0.7010219693183899	0.00016546041297260672	0.15888239443302155	3.691920937853865e-05	0.05665125697851181	2.0339829376325724e-08	1.031080159918929e-06	8.646133586864835e-09	1.10618759663339e-06
634	Pornhub requires users who upload content to undergo verification, reducing the prospect of non-consensual uploads.	Is it ethically wrong to watch pornography?	3	635	supports	None	0.00012041357695125043	0.3070243000984192	0.0002064368745777756	0.2929646372795105	0.00010219366959063336	0.3167703151702881	1.2710615671096548e-08	1.001871510197816e-06	8.566902742757065e-09	2.154362164219492e-06
635	The same is true of eating halal meat; we cannot know it is halal, but there comes a point when one has to trust that something is what it purports to be.	Is it ethically wrong to watch pornography?	7	636	insufficient-supports	"None.
Alright, let's tackle this. The"	2.028993549174629e-05	0.08331946283578873	0.00018084222392644733	0.4037545621395111	0.00011054663627874106	0.4720369279384613	5.038452766115142e-09	4.624924372365058e-07	4.641639961278088e-09	1.492943965786253e-06
636	If there was ethical certifications one could easily choose what type of porn industry they would want to contribute to.	Is it ethically wrong to watch pornography?	3	637	insufficient-refutes	"False.
None.
The question is whether it is"	0.00022433651611208916	0.3993215262889862	0.00022433651611208916	0.30142369866371155	7.692528743064031e-05	0.18282271921634674	6.987330891661259e-08	3.890196694555925e-06	2.5011607007741077e-08	4.9562390813662205e-06
637	Ethical porn focuses on treating performers fairly, showing a diverse range of bodies and representing more realistic human interactions.	Is it ethically wrong to watch pornography?	0	638	refutes	"False.
True"	0.00020237483840901405	0.4518290162086487	0.0002831733145285398	0.3925558626651764	3.685519550344907e-05	0.08489615470170975	7.411502078724652e-09	4.290729123113124e-07	8.80137651648738e-09	1.683810069152969e-06
638	Having pornography that is more representing of real human sexual interactions could constitute a great source of sex education.	Is it ethically wrong to watch pornography?	2	639	refutes	"True.
The question is whether it is ethically"	0.0005931599298492074	0.433312326669693	0.0007043948280625045	0.3536592125892639	0.00012433307711035013	0.1280868798494339	4.6348461069101177e-08	1.5651224885004922e-06	2.423385403460543e-08	2.0096570096939104e-06
639	Treating performers fairly is the only requirement for ethical porn. Porn is a fantasy, it doesn't have to accurately reflect reality.	Is it ethically wrong to watch pornography?	1	640	refutes	True	0.0003180513740517199	0.44784969091415405	0.00037769536720588803	0.3830661177635193	5.70234697079286e-05	0.08957557380199432	2.4371287210556147e-08	1.2796516557500581e-06	2.5841957906891366e-08	3.5609432416094933e-06
640	It may be something more elemental in the structure of the media which engenders and cultivates a subliminally misogynistic or reductive or otherwise violent way of seeing, particularly of men seeing women.	Is it ethically wrong to watch pornography?	5	641	insufficient-supports	"None.
Okay, let me try to work through"	7.07093786331825e-05	0.30668553709983826	0.00015934604743961245	0.34752026200294495	7.238620310090482e-05	0.2426082342863083	7.434841631237532e-09	6.069952860343619e-07	8.933167094937744e-09	2.5555457341397414e-06
641	To say pornography is misogynistic is exaggerated since not all porn involves opportunities where women can get mistreated, as is the example with gay male porn.	Is it ethically wrong to watch pornography?	0	642	refutes	True	0.00011900105891982093	0.2762695848941803	0.00033114946563728154	0.4554915130138397	6.0779791965615004e-05	0.1702047437429428	2.301408308369446e-08	1.6452336240035947e-06	1.3113029773137441e-08	3.3495293791929726e-06
642	"From a consequentialist point of view, supporting this kind of media will cause that more of this will be produced and shared in culture. Helping to spread media that cause 
people to be violent or mysogynistic is morally wrong."	Is it ethically wrong to watch pornography?	3	643	supports	True	0.00031576986657455564	0.5077914595603943	0.00025772381923161447	0.23986369371414185	0.00014012202154845	0.17276734113693237	5.082528176103551e-08	1.9072045915891067e-06	8.073201662739393e-09	1.2704722394119017e-06
643	Depicting unethical acts is not necessarily unethical, otherwise movie murders would make such movies unethical and documentaries of real executions would also be unethical.	Is it ethically wrong to watch pornography?	7	644	refutes	"None.
Wait, but the question is about whether"	8.560094283893704e-05	0.1781393438577652	0.00040204793913289905	0.4693346619606018	0.00012166347733000293	0.27163007855415344	1.8540390556154307e-08	1.0945259418804199e-06	1.7691364817551403e-08	3.5888124330085702e-06
644	Any porn watched furthers the demand, giving more power to those who traffic people and force them into this kind of work.	Is it ethically wrong to watch pornography?	5	645	supports	"True.

True. The argument suggests that watching pornography"	0.00042453300557099283	0.7675737142562866	8.359550702152774e-05	0.09167361259460449	3.512110561132431e-05	0.06603002548217773	2.2357962592423064e-08	1.2693308235611767e-06	8.28954416220995e-09	1.50736764226167e-06
645	By the same reasoning we should ban entire industries because of the misdeeds of a few.	Is it ethically wrong to watch pornography?	7	646	refutes	"True.
None.

The question is about whether it"	0.0001298566785408184	0.2660478353500366	0.0003448101051617414	0.48175039887428284	5.899005554965697e-05	0.1539766788482666	4.565265143696706e-08	3.077889004998724e-06	2.114768449246185e-08	5.6170483730966225e-06
646	Watching pornography contributes to human rights abuses, including gender inequality.	Is it ethically wrong to watch pornography?	1	647	supports	True	0.0005648534861393273	0.7019141316413879	0.0002110703062498942	0.1667192131280899	3.904408367816359e-05	0.052460528910160065	3.1420064772191836e-08	1.357054316031281e-06	8.725036693135735e-09	1.1790291409852216e-06
647	Feminist pornography seeks to use pornography to empower women, so porn isn't inherently misogynistic.	Is it ethically wrong to watch pornography?	0	648	refutes	"True.
The question is about whether it is eth"	0.0002030176983680576	0.36137381196022034	0.00035630716593004763	0.37871649861335754	9.894293179968372e-05	0.1964755356311798	1.1881169825755933e-08	6.512287882287637e-07	7.319775452430122e-09	1.2071874380126246e-06
648	Porn is made to promote arousal, entertainment and even escapism. As long as the one watching is mature enough to know what happens on screen may differ from reality, there is nothing morally wrong with it.	Is it ethically wrong to watch pornography?	2	649	refutes	True	0.00030758336652070284	0.47567787766456604	0.00037101635825820267	0.3373061418533325	7.192479824880138e-05	0.09663982689380646	1.1003574940104954e-08	5.000091505280579e-07	1.0458750310249343e-08	1.2375346614135196e-06
649	Personal psychological detrimental effects do not nearly exhaust the potential suffering which is caused by the production and dissemination of pornography. Actresses and actors are affected by the industry.	Is it ethically wrong to watch pornography?	1	650	supports	"True.
True. The argument suggests that the production"	0.00033369893208146095	0.5324472784996033	0.00023848387354519218	0.27194744348526	6.172809662530199e-05	0.1133645698428154	3.194731590383526e-08	1.6578998156546731e-06	1.1480508099737108e-08	1.968804781427025e-06
650	Watching porn can be harmful for the individual.	Is it ethically wrong to watch pornography?	5	651	supports	True	0.00019066927779931575	0.5423492193222046	0.0001384110510116443	0.20585255324840546	6.798522372264415e-05	0.18743088841438293	1.120217785199884e-08	8.761025469539163e-07	5.880118614243202e-09	1.4444489124798565e-06
651	People can become addicted to pornography which is problematic.	Is it ethically wrong to watch pornography?	5	652	supports	"True.
The question is whether it is ethically"	0.00020641175797209144	0.48295825719833374	0.00021463427401613444	0.28391650319099426	6.701208621961996e-05	0.17491589486598969	1.207979849482399e-08	7.561602046735061e-07	6.41553299374209e-09	1.348001319456671e-06
652	Pornography addiction shows similar side effects to alcohol and drug addiction.	Is it ethically wrong to watch pornography?	7	653	supports	"True.
True.
The original question is whether it"	0.00025204289704561234	0.48889926075935364	0.00024238725018221885	0.3156570792198181	4.6623244998045266e-05	0.11432341486215591	2.3296241380421634e-08	1.3329729426914128e-06	9.339284012810367e-09	1.7521598465464194e-06
653	"
There have been numerous studies about behavioural addiction with pornography (Pornography Addiction: A Neuroscience Perspective, Neuroscience of Internet Pornography Addiction: A Review and Update)"	Is it ethically wrong to watch pornography?	4	654	insufficient-supports	True	8.725289080757648e-05	0.3088730573654175	0.0001020089621306397	0.24818648397922516	7.882641511969268e-05	0.2901593744754791	2.4551788158078125e-08	1.6879218946996843e-06	9.17433240488208e-09	3.4905544907815056e-06
654	Porn can often be the closest thing to physical contact/stimulation for long-term single individuals, and can offer an alternative to other, more unethical methods of satisfying natural sexual urges (i.e. prostitution).	Is it ethically wrong to watch pornography?	6	655	supports	"False.
Okay, let's break this down."	0.0002794251777231693	0.4287683665752411	0.00029513181652873755	0.2600611746311188	0.00015674333553761244	0.1993958055973053	1.8748520957956316e-08	7.430789992213249e-07	1.4601363673705237e-08	1.7412610304745613e-06
655	Porn is damaging to relationships.	Is it ethically wrong to watch pornography?	5	656	supports	"True.
True.
The argument that ""porn is"	0.0002236456930404529	0.5976066589355469	0.0001854087895480916	0.2651863396167755	3.3241965866182e-05	0.09022510796785355	1.0153498486431545e-08	7.756922286716872e-07	4.102384210113996e-09	8.789744470050209e-07
656	A utilitarian would argue that time and resources dedicated to porn could be better applied in maximizing well-being.	Is it ethically wrong to watch pornography?	6	657	supports	True	0.0005299989716149867	0.701078474521637	0.000169397855643183	0.1492682248353958	4.023551446152851e-05	0.0716196745634079	2.57140264636746e-08	1.2245367315699696e-06	1.2829204365516489e-08	1.7404177015123423e-06
657	Masturbation is natural and beneficial, and porn is a useful masturbation aid.	Is it ethically wrong to watch pornography?	2	658	supports	True	0.00023803533986210823	0.43715542554855347	0.00029164698207750916	0.3299822211265564	6.406634201994166e-05	0.14415855705738068	2.416395084026135e-08	1.39346593641676e-06	1.1281262146667359e-08	1.889820055112068e-06
658	Porn gives access to fetishes and habits that would not be accessible otherwise and allows people to explore in a safe way.	Is it ethically wrong to watch pornography?	2	659	refutes	True	0.000306713831378147	0.47433313727378845	0.00030195870203897357	0.26195165514945984	0.00010517258488107473	0.18003655970096588	1.746559519233415e-08	8.682528118697519e-07	1.4593051211875263e-08	2.269739752591704e-06
659	The survivors of Uruguayan Air Force Flight 571 stayed alive for 72 days by eating the dead and preserved bodies of their fellow passengers.	Is cannibalism ethically permissible?	0	660	insufficient-neutral	False	0.0001480694772908464	0.4554000794887543	0.00014923079288564622	0.34375402331352234	2.5530378479743376e-05	0.11514317244291306	1.4010568705202786e-08	1.121726540986856e-06	6.854930401090087e-09	1.8065728681904147e-06
660	If the to-be-cannabalized person is still alive and not giving consent this isn't permissable.	Is cannibalism ethically permissible?	0	661	insufficient-refutes	"False.

True"	0.00028367346385493875	0.2660857141017914	0.0007711043581366539	0.5633034706115723	6.685400876449421e-05	0.09195676445960999	1.547418015945823e-08	7.254768092934682e-07	1.9108062687678284e-08	2.7166140625922708e-06
661	"If the to-be-cannibalised person is still alive and not consenting this is murder which is largely already agreed to be unethical and illegal. 
However the ethicacy of the act itself changes if the person consents or is already dead. In one instance they are arguably make a choice 
about their body and in the other they could be said to be a resource, just meat."	Is cannibalism ethically permissible?	1	662	insufficient-supports	True	0.0005375691107474267	0.4663456082344055	0.00045980719733051956	0.3255617022514343	8.639521547593176e-05	0.08361116051673889	2.3747299238152664e-08	6.343653353724221e-07	2.3016673011966304e-08	2.0477564248722047e-06
662	"Eating another human being after they are dead in order to save ones own life, provided it is absolutely necessary and the last resort, 
is ethically no different than accepting an organ transplant from a dead person. It achieves the same result."	Is cannibalism ethically permissible?	7	663	supports	"False.
True"	0.0005302524077706039	0.6093987822532654	0.00022452299890574068	0.1947755515575409	9.000954014481977e-05	0.09793929755687714	2.5526118108132323e-08	8.963185678112495e-07	1.4487640420668413e-08	2.235809006378986e-06
663	"Any benefit derived from eating human flesh (outside survival) is extremely small compared to the value of that human life. 
Therefore, even if cannibalism only very slightly devalues human life, it is still unethical."	Is cannibalism ethically permissible?	1	664	refutes	"False.
True"	0.00014677095168735832	0.23974013328552246	0.0005410765879787505	0.6829560399055481	8.67762810230488e-06	0.013954549096524715	4.252086682754452e-09	2.1894402379984967e-07	2.734650061952948e-09	5.09060100739589e-07
664	Cannibalism permits humans to view other humans as prey. It is ethically wrong to view other persons as such.	Is cannibalism ethically permissible?	1	665	refutes	True	0.0001786367647582665	0.3306421637535095	0.000363686413038522	0.5537214279174805	1.432372118870262e-05	0.032738007605075836	1.0702244424010132e-08	7.131361030587868e-07	5.035673655839901e-09	1.569849132465606e-06
665	Cannibalism is a violation of the dignity possessed by mankind, which is degraded by using human flesh as food.	Is cannibalism ethically permissible?	1	666	refutes	False	0.00017995758389588445	0.2783045470714569	0.0005993503145873547	0.6271689534187317	1.2833977962145582e-05	0.025485021993517876	1.0823574925211688e-08	6.33993749943329e-07	7.153945880133961e-09	1.6703509118087823e-06
666	We have relationships and a closeness with others of our own species that cannibalism debases.	Is cannibalism ethically permissible?	1	667	refutes	True	0.00022164454276207834	0.307260125875473	0.00056598917581141	0.49873238801956177	6.251771264942363e-05	0.11128224432468414	2.2765277662983863e-08	1.1272994697719696e-06	1.1996458049168268e-08	2.4430869416391943e-06
667	If the person in question wants to be eaten after death then not doing so would be disrespecting that person's last wish.	Is cannibalism ethically permissible?	1	668	supports	False	0.0002258368767797947	0.4115251898765564	0.00031354345264844596	0.44496482610702515	3.490483868517913e-05	0.07612450420856476	1.63203370817655e-08	1.1308143257338088e-06	8.769837300803829e-09	2.031705207627965e-06
668	Respecting someone in death respects that they once were a human life, which still merits dignity.	Is cannibalism ethically permissible?	1	669	refutes	False	0.0002936535165645182	0.3677699863910675	0.0005034392233937979	0.44361528754234314	7.600794924655929e-05	0.10871259868144989	3.471552645351039e-08	1.5530379187111976e-06	2.024938616784766e-08	3.934959295293083e-06
669	"It is unclear why it is more ethically wrong to view humans as prey instead of other organisms. Moral philosophers such as Peter Singer 
have argued that any causing of suffering is wrong, regardless of the species of the victim."	Is cannibalism ethically permissible?	4	670	insufficient-supports	False	0.0004796341818291694	0.5058326721191406	0.0003706325660459697	0.336957186460495	6.749721069354564e-05	0.07879353314638138	1.8552837488527985e-08	5.794208277620783e-07	1.1978611880181234e-08	1.5873821439527092e-06
670	"Legal or ethical status for cannibalism may allow for easier concealment of a crime, as a victim's remains may be swapped or 
added to otherwise common food."	Is cannibalism ethically permissible?	5	671	refutes	False	0.00023293113918043673	0.3081194758415222	0.00046687209396623075	0.4483111798763275	0.00012179087207186967	0.1675216406583786	2.1783533199482008e-08	8.600028422733885e-07	8.332945000688596e-09	1.5817871599210775e-06
671	Humans have evolved past needing to eat each other.	Is cannibalism ethically permissible?	1	672	insufficient-refutes	"False.
The question is about the ethics of cann"	7.577212090836838e-05	0.2500191628932953	0.00022798796999268234	0.5130060315132141	4.2837669752771035e-05	0.17454150319099426	9.838142744911238e-09	1.0724201047196402e-06	6.1565521569662e-09	2.132762119799736e-06
672	For example, most humans in Europe have evolved past needing to wash their clothes manually, but that doesn't make it ethically wrong.	Is cannibalism ethically permissible?	0	673	insufficient-neutral	False	0.00013318384299054742	0.2927407920360565	0.00027757894713431597	0.4193318486213684	9.370652696816251e-05	0.2244521677494049	9.662337596694215e-09	6.668803962384118e-07	9.700155345626627e-09	2.1359635411499767e-06
673	Cannibalism is still considered acceptable practice for some tribes.	Is cannibalism ethically permissible?	0	674	insufficient-supports	"True.
None.

The question asks whether cannibal"	0.00019510791753418744	0.5053102374076843	0.0001642973511479795	0.29705655574798584	3.443859168328345e-05	0.11274995654821396	1.0275327255726552e-08	7.317000267903495e-07	5.027394500700666e-09	1.3669956615558476e-06
674	The Korowai believe the people they eat are not humans, but male witches called khakhua. They do not consider the practice cannibalism.	Is cannibalism ethically permissible?	0	675	insufficient-neutral	"False.
None.

The question is whether cannibal"	0.00020758627215400338	0.47445499897003174	0.00019963378144893795	0.32103231549263	4.351244569988921e-05	0.12376898527145386	1.4426741579143254e-08	7.664272629881452e-07	8.124342087967307e-09	1.5973716926964698e-06
675	Some humans in non-developed areas rely on food in nature to survive, including meat from local animals.	Is cannibalism ethically permissible?	0	676	insufficient-neutral	False	0.00012370652984827757	0.24184130132198334	0.0002787769481074065	0.3864612877368927	9.70983601291664e-05	0.24951817095279694	2.5969358219413152e-08	1.5330925862144795e-06	2.022495593223539e-08	4.299664396967273e-06
676	"""Meat donors"" could be treated similar to organ donors and checked for any health hazards beforehand."	Is cannibalism ethically permissible?	7	677	supports	"None.
Answer: None.
Answer: None."	0.0002773220185190439	0.43563252687454224	0.00023720609897281975	0.24057914316654205	0.00012597920431289822	0.2224993109703064	1.934863824715194e-08	1.0400219707662473e-06	1.3881970239992825e-08	2.676618805708131e-06
677	"Whether it is healthy or not doesn't affect the ethics of it. It only affects the health of the individual who eats that meat, but doesn't affect
 the others in the society."	Is cannibalism ethically permissible?	3	678	insufficient-supports	"False.
The given question is ""Is cannibal"	0.0004973631585016847	0.4149373769760132	0.0005012640031054616	0.3282424807548523	0.00011272434494458139	0.10994745790958405	6.186088796766853e-08	1.6332476207026048e-06	3.1105610531767525e-08	4.04232650907943e-06
678	If enough people's health is adversely affected, this might have a negative effect on society at large.	Is cannibalism ethically permissible?	5	679	insufficient-refutes	False	0.00016840123862493783	0.24465380609035492	0.0005268808454275131	0.517932116985321	8.07997930678539e-05	0.16297456622123718	2.8517302297359493e-08	1.6509476381543209e-06	1.479458155984048e-08	3.0843764307064703e-06
679	Just because something is done doesn't mean it should be.	Is cannibalism ethically permissible?	1	680	insufficient-neutral	"False.
None.

The question is whether cannibal"	0.0001505324471509084	0.20068487524986267	0.000600036873947829	0.6789081692695618	2.7200658223591745e-05	0.059322331100702286	2.2939756760820273e-08	1.4303634543466615e-06	1.3328474324225681e-08	3.29981412505731e-06
680	All meat is not the same in form or value.	Is cannibalism ethically permissible?	1	681	insufficient-neutral	"False.
True"	0.00017560174455866218	0.3250245749950409	0.00035196475801058114	0.45125192403793335	4.8383364628534764e-05	0.11956985294818878	2.8485960257285114e-08	2.0126826711930335e-06	1.076989875059553e-08	3.0930450520827435e-06
681	No society can prosper if ethics are subjective. Subjectivism has serious philosophical fallacies.	Is cannibalism ethically permissible?	3	682	insufficient-neutral	True	0.00024900768767111003	0.27954575419425964	0.0006211336003616452	0.5917983651161194	2.6245217668474652e-05	0.04354482889175415	3.3882386674122245e-08	1.1712935474861297e-06	1.2760223100372059e-08	2.2932815681997454e-06
682	"As the human population increases, dealing with an increasing number of dead bodies is taking a toll on the environment.
 Recycling bodies might be an ethical alternative."	Is cannibalism ethically permissible?	2	683	supports	False	0.0002428515872452408	0.418978750705719	0.00024861065321601927	0.34196048974990845	0.00010776473936857656	0.16665823757648468	1.3721388469889462e-08	5.523977506527444e-07	7.577670046998719e-09	1.6882634099602e-06
683	"Globally, there is a shortage of burial spaces; in this regard, ethical cannibalism can help mitigate this crisis by reducing the
 number of bodies that need to be buried."	Is cannibalism ethically permissible?	2	684	supports	True	0.00038444032543338835	0.5807647705078125	0.00021904749155510217	0.22043344378471375	9.421115828445181e-05	0.1295861452817917	1.1224933871289977e-08	4.791644414581242e-07	5.323036234017309e-09	8.02449449111009e-07
684	If a person consents to or asks to be eaten, it should be permissible to act on this.	Is cannibalism ethically permissible?	1	685	supports	"True.

None.

The question is whether cannibal"	0.00038896020851098	0.4540565609931946	0.0003405849274713546	0.33742618560791016	5.603503086604178e-05	0.09974298626184464	2.4325977676653565e-08	1.1271891935393796e-06	2.2585906478411744e-08	3.5821994970319793e-06
685	"There is also a theoretical case of self-cannibalism (eating one's own body parts). Following the idea of self-ownership of the body, 
this should be considered completely ethical (if done voluntarily)."	Is cannibalism ethically permissible?	1	686	supports	True	0.00041760149179026484	0.5438357591629028	0.0002474206849001348	0.2650443911552429	5.785645771538839e-05	0.0874023586511612	1.7880113389878716e-08	6.427271728171036e-07	1.2482330724594703e-08	1.6801826632217853e-06
